2026-01-20 15:49:03 - #----------Config info----------#
2026-01-20 15:49:03 - network: vmunet,
2026-01-20 15:49:03 - model_config: {'num_classes': 4, 'input_channels': 1, 'depths': [2, 2, 2, 2], 'depths_decoder': [2, 2, 2, 1], 'drop_path_rate': 0.2, 'load_ckpt_path': './pre_trained_weights/vmamba_small_e238_ema.pth'},
2026-01-20 15:49:03 - datasets_name: acdc,
2026-01-20 15:49:03 - input_size_h: 256,
2026-01-20 15:49:03 - input_size_w: 256,
2026-01-20 15:49:03 - data_path: ../Synapse/train_npz/,
2026-01-20 15:49:03 - datasets: <class 'datasets.dataset.Synapse_dataset'>,
2026-01-20 15:49:03 - list_dir: ../Synapse/lists/lists_Synapse/,
2026-01-20 15:49:03 - volume_path: ../Synapse/test_vol_h5/,
2026-01-20 15:49:03 - pretrained_path: ,
2026-01-20 15:49:03 - num_classes: 4,
2026-01-20 15:49:03 - loss_weight: [1, 1],
2026-01-20 15:49:03 - criterion: CeDiceLoss(
  (celoss): CrossEntropyLoss()
  (diceloss): nDiceLoss()
),
2026-01-20 15:49:03 - z_spacing: 1,
2026-01-20 15:49:03 - input_channels: 1,
2026-01-20 15:49:03 - distributed: False,
2026-01-20 15:49:03 - local_rank: -1,
2026-01-20 15:49:03 - num_workers: 0,
2026-01-20 15:49:03 - seed: 42,
2026-01-20 15:49:03 - world_size: None,
2026-01-20 15:49:03 - rank: None,
2026-01-20 15:49:03 - amp: False,
2026-01-20 15:49:03 - batch_size: 16,
2026-01-20 15:49:03 - epochs: 100,
2026-01-20 15:49:03 - work_dir: results/vmunet_acdc_Tuesday_20_January_2026_15h_49m_03s/,
2026-01-20 15:49:03 - print_interval: 10,
2026-01-20 15:49:03 - val_interval: 1,
2026-01-20 15:49:03 - threshold: 0.5,
2026-01-20 15:49:03 - only_test_and_save_figs: False,
2026-01-20 15:49:03 - best_ckpt_path: results/acdc1-diffspm/checkpoints/best.pth,
2026-01-20 15:49:03 - img_save_path: imagesacdc,
2026-01-20 15:49:03 - opt: AdamW,
2026-01-20 15:49:03 - lr: 0.001,
2026-01-20 15:49:03 - betas: (0.9, 0.999),
2026-01-20 15:49:03 - eps: 1e-08,
2026-01-20 15:49:03 - weight_decay: 0.01,
2026-01-20 15:49:03 - amsgrad: False,
2026-01-20 15:49:03 - sch: CosineAnnealingLR,
2026-01-20 15:49:03 - T_max: 100,
2026-01-20 15:49:03 - eta_min: 1e-05,
2026-01-20 15:49:03 - last_epoch: -1,
2026-01-20 15:49:05 - train: epoch 1, iter:0, loss: 4.7812, lr: 0.001
2026-01-20 15:49:09 - train: epoch 1, iter:10, loss: 2.5832, lr: 0.001
2026-01-20 15:49:12 - train: epoch 1, iter:20, loss: 2.0054, lr: 0.001
2026-01-20 15:49:15 - train: epoch 1, iter:30, loss: 1.7719, lr: 0.001
2026-01-20 15:49:18 - train: epoch 1, iter:40, loss: 1.6254, lr: 0.001
2026-01-20 15:49:21 - train: epoch 1, iter:50, loss: 1.4938, lr: 0.001
2026-01-20 15:49:24 - train: epoch 1, iter:60, loss: 1.3369, lr: 0.001
2026-01-20 15:49:27 - train: epoch 1, iter:70, loss: 1.0311, lr: 0.001
2026-01-20 15:49:30 - train: epoch 1, iter:80, loss: 1.1170, lr: 0.001
2026-01-20 15:49:30 - Finish one epoch train: epoch 1, loss: 1.8087, time(s): 26.41
2026-01-20 15:49:32 - idx 0 case patient050_frame01 mean_dice 0.550983 mean_hd95 13.007171
2026-01-20 15:49:33 - idx 1 case patient050_frame12 mean_dice 0.472485 mean_hd95 17.715308
2026-01-20 15:49:34 - idx 2 case patient037_frame01 mean_dice 0.301106 mean_hd95 17.098372
2026-01-20 15:49:35 - idx 3 case patient037_frame12 mean_dice 0.181251 mean_hd95 25.665007
2026-01-20 15:49:36 - idx 4 case patient095_frame01 mean_dice 0.674094 mean_hd95 8.275565
2026-01-20 15:49:38 - idx 5 case patient095_frame12 mean_dice 0.558178 mean_hd95 9.611210
2026-01-20 15:49:39 - idx 6 case patient047_frame01 mean_dice 0.498531 mean_hd95 30.008770
2026-01-20 15:49:40 - idx 7 case patient047_frame09 mean_dice 0.484462 mean_hd95 30.740553
2026-01-20 15:49:41 - idx 8 case patient044_frame01 mean_dice 0.398455 mean_hd95 31.147883
2026-01-20 15:49:42 - idx 9 case patient044_frame11 mean_dice 0.346633 mean_hd95 30.398724
2026-01-20 15:49:44 - idx 10 case patient064_frame01 mean_dice 0.648672 mean_hd95 10.155814
2026-01-20 15:49:45 - idx 11 case patient064_frame12 mean_dice 0.525924 mean_hd95 15.168829
2026-01-20 15:49:46 - idx 12 case patient017_frame01 mean_dice 0.551244 mean_hd95 14.490640
2026-01-20 15:49:47 - idx 13 case patient017_frame09 mean_dice 0.561905 mean_hd95 15.846266
2026-01-20 15:49:48 - idx 14 case patient039_frame01 mean_dice 0.432182 mean_hd95 30.571003
2026-01-20 15:49:49 - idx 15 case patient039_frame10 mean_dice 0.312927 mean_hd95 39.744030
2026-01-20 15:49:50 - idx 16 case patient041_frame01 mean_dice 0.711904 mean_hd95 23.228694
2026-01-20 15:49:51 - idx 17 case patient041_frame11 mean_dice 0.644213 mean_hd95 26.918743
2026-01-20 15:49:52 - idx 18 case patient067_frame01 mean_dice 0.584653 mean_hd95 15.429880
2026-01-20 15:49:53 - idx 19 case patient067_frame10 mean_dice 0.492967 mean_hd95 14.866419
2026-01-20 15:49:53 - Mean class 1 mean_dice 0.380861 mean_hd95 15.558954
2026-01-20 15:49:53 - Mean class 2 mean_dice 0.504552 mean_hd95 17.547365
2026-01-20 15:49:53 - Mean class 3 mean_dice 0.604503 mean_hd95 29.907013
2026-01-20 15:49:53 - val epoch: 1, mean_dice: 0.4966384202851863, mean_hd95: 21.004444074633923, time(s): 22.79
2026-01-20 15:49:54 - train: epoch 2, iter:0, loss: 1.0251, lr: 0.0009997557473810372
2026-01-20 15:49:57 - train: epoch 2, iter:10, loss: 1.0727, lr: 0.0009997557473810372
2026-01-20 15:50:01 - train: epoch 2, iter:20, loss: 0.7898, lr: 0.0009997557473810372
2026-01-20 15:50:04 - train: epoch 2, iter:30, loss: 0.7281, lr: 0.0009997557473810372
2026-01-20 15:50:07 - train: epoch 2, iter:40, loss: 0.6777, lr: 0.0009997557473810372
2026-01-20 15:50:10 - train: epoch 2, iter:50, loss: 0.6619, lr: 0.0009997557473810372
2026-01-20 15:50:13 - train: epoch 2, iter:60, loss: 0.7005, lr: 0.0009997557473810372
2026-01-20 15:50:16 - train: epoch 2, iter:70, loss: 0.6122, lr: 0.0009997557473810372
2026-01-20 15:50:19 - train: epoch 2, iter:80, loss: 0.6453, lr: 0.0009997557473810372
2026-01-20 15:50:19 - Finish one epoch train: epoch 2, loss: 0.7217, time(s): 25.52
2026-01-20 15:50:21 - idx 0 case patient050_frame01 mean_dice 0.402894 mean_hd95 15.702841
2026-01-20 15:50:22 - idx 1 case patient050_frame12 mean_dice 0.432283 mean_hd95 49.363171
2026-01-20 15:50:23 - idx 2 case patient037_frame01 mean_dice 0.661035 mean_hd95 12.807553
2026-01-20 15:50:24 - idx 3 case patient037_frame12 mean_dice 0.459693 mean_hd95 17.071069
2026-01-20 15:50:26 - idx 4 case patient095_frame01 mean_dice 0.809565 mean_hd95 2.715421
2026-01-20 15:50:27 - idx 5 case patient095_frame12 mean_dice 0.747267 mean_hd95 3.890538
2026-01-20 15:50:28 - idx 6 case patient047_frame01 mean_dice 0.647427 mean_hd95 13.696758
2026-01-20 15:50:29 - idx 7 case patient047_frame09 mean_dice 0.617437 mean_hd95 14.607252
2026-01-20 15:50:31 - idx 8 case patient044_frame01 mean_dice 0.771070 mean_hd95 4.190385
2026-01-20 15:50:32 - idx 9 case patient044_frame11 mean_dice 0.735383 mean_hd95 3.190385
2026-01-20 15:50:33 - idx 10 case patient064_frame01 mean_dice 0.831936 mean_hd95 3.239955
2026-01-20 15:50:34 - idx 11 case patient064_frame12 mean_dice 0.714054 mean_hd95 7.032518
2026-01-20 15:50:35 - idx 12 case patient017_frame01 mean_dice 0.761126 mean_hd95 4.194192
2026-01-20 15:50:36 - idx 13 case patient017_frame09 mean_dice 0.794726 mean_hd95 3.458979
2026-01-20 15:50:37 - idx 14 case patient039_frame01 mean_dice 0.686147 mean_hd95 6.960925
2026-01-20 15:50:38 - idx 15 case patient039_frame10 mean_dice 0.524951 mean_hd95 15.676212
2026-01-20 15:50:39 - idx 16 case patient041_frame01 mean_dice 0.821219 mean_hd95 1.333333
2026-01-20 15:50:40 - idx 17 case patient041_frame11 mean_dice 0.694746 mean_hd95 2.596254
2026-01-20 15:50:41 - idx 18 case patient067_frame01 mean_dice 0.784964 mean_hd95 5.452394
2026-01-20 15:50:42 - idx 19 case patient067_frame10 mean_dice 0.740982 mean_hd95 5.643118
2026-01-20 15:50:42 - Mean class 1 mean_dice 0.589732 mean_hd95 18.188927
2026-01-20 15:50:42 - Mean class 2 mean_dice 0.684353 mean_hd95 5.875902
2026-01-20 15:50:42 - Mean class 3 mean_dice 0.771750 mean_hd95 4.858659
2026-01-20 15:50:42 - val epoch: 2, mean_dice: 0.6819451507000345, mean_hd95: 9.64116262465302, time(s): 22.76
2026-01-20 15:50:43 - train: epoch 3, iter:0, loss: 0.5223, lr: 0.0009990232305719946
2026-01-20 15:50:46 - train: epoch 3, iter:10, loss: 0.5449, lr: 0.0009990232305719946
2026-01-20 15:50:49 - train: epoch 3, iter:20, loss: 0.5088, lr: 0.0009990232305719946
2026-01-20 15:50:52 - train: epoch 3, iter:30, loss: 0.5452, lr: 0.0009990232305719946
2026-01-20 15:50:55 - train: epoch 3, iter:40, loss: 0.4652, lr: 0.0009990232305719946
2026-01-20 15:50:58 - train: epoch 3, iter:50, loss: 0.4383, lr: 0.0009990232305719946
2026-01-20 15:51:01 - train: epoch 3, iter:60, loss: 0.4594, lr: 0.0009990232305719946
2026-01-20 15:51:05 - train: epoch 3, iter:70, loss: 0.3636, lr: 0.0009990232305719946
2026-01-20 15:51:08 - train: epoch 3, iter:80, loss: 0.2967, lr: 0.0009990232305719946
2026-01-20 15:51:08 - Finish one epoch train: epoch 3, loss: 0.4522, time(s): 25.00
2026-01-20 15:51:09 - idx 0 case patient050_frame01 mean_dice 0.786401 mean_hd95 4.134405
2026-01-20 15:51:10 - idx 1 case patient050_frame12 mean_dice 0.780182 mean_hd95 10.987658
2026-01-20 15:51:11 - idx 2 case patient037_frame01 mean_dice 0.678673 mean_hd95 5.544417
2026-01-20 15:51:12 - idx 3 case patient037_frame12 mean_dice 0.446122 mean_hd95 11.591515
2026-01-20 15:51:13 - idx 4 case patient095_frame01 mean_dice 0.782254 mean_hd95 3.553475
2026-01-20 15:51:15 - idx 5 case patient095_frame12 mean_dice 0.721427 mean_hd95 4.004054
2026-01-20 15:51:16 - idx 6 case patient047_frame01 mean_dice 0.649391 mean_hd95 5.881217
2026-01-20 15:51:17 - idx 7 case patient047_frame09 mean_dice 0.630039 mean_hd95 5.621969
2026-01-20 15:51:19 - idx 8 case patient044_frame01 mean_dice 0.787807 mean_hd95 4.441583
2026-01-20 15:51:20 - idx 9 case patient044_frame11 mean_dice 0.751307 mean_hd95 3.006588
2026-01-20 15:51:21 - idx 10 case patient064_frame01 mean_dice 0.875768 mean_hd95 2.112534
2026-01-20 15:51:22 - idx 11 case patient064_frame12 mean_dice 0.785901 mean_hd95 2.333333
2026-01-20 15:51:23 - idx 12 case patient017_frame01 mean_dice 0.817501 mean_hd95 2.138071
2026-01-20 15:51:24 - idx 13 case patient017_frame09 mean_dice 0.843323 mean_hd95 2.190028
2026-01-20 15:51:25 - idx 14 case patient039_frame01 mean_dice 0.833383 mean_hd95 4.077975
2026-01-20 15:51:26 - idx 15 case patient039_frame10 mean_dice 0.574593 mean_hd95 7.405844
2026-01-20 15:51:27 - idx 16 case patient041_frame01 mean_dice 0.853190 mean_hd95 1.000000
2026-01-20 15:51:27 - idx 17 case patient041_frame11 mean_dice 0.699908 mean_hd95 3.317178
2026-01-20 15:51:29 - idx 18 case patient067_frame01 mean_dice 0.714938 mean_hd95 4.254868
2026-01-20 15:51:30 - idx 19 case patient067_frame10 mean_dice 0.762492 mean_hd95 4.736794
2026-01-20 15:51:30 - Mean class 1 mean_dice 0.632165 mean_hd95 6.739806
2026-01-20 15:51:30 - Mean class 2 mean_dice 0.744182 mean_hd95 3.870376
2026-01-20 15:51:30 - Mean class 3 mean_dice 0.839843 mean_hd95 3.239844
2026-01-20 15:51:30 - val epoch: 3, mean_dice: 0.7387299960328196, mean_hd95: 4.616675197094165, time(s): 22.10
2026-01-20 15:51:31 - train: epoch 4, iter:0, loss: 0.4301, lr: 0.0009978031724785247
2026-01-20 15:51:34 - train: epoch 4, iter:10, loss: 0.3111, lr: 0.0009978031724785247
2026-01-20 15:51:37 - train: epoch 4, iter:20, loss: 0.3245, lr: 0.0009978031724785247
2026-01-20 15:51:41 - train: epoch 4, iter:30, loss: 0.2760, lr: 0.0009978031724785247
2026-01-20 15:51:44 - train: epoch 4, iter:40, loss: 0.3417, lr: 0.0009978031724785247
2026-01-20 15:51:47 - train: epoch 4, iter:50, loss: 0.2819, lr: 0.0009978031724785247
2026-01-20 15:51:50 - train: epoch 4, iter:60, loss: 0.3078, lr: 0.0009978031724785247
2026-01-20 15:51:53 - train: epoch 4, iter:70, loss: 0.2604, lr: 0.0009978031724785247
2026-01-20 15:51:56 - train: epoch 4, iter:80, loss: 0.2969, lr: 0.0009978031724785247
2026-01-20 15:51:56 - Finish one epoch train: epoch 4, loss: 0.3431, time(s): 25.60
2026-01-20 15:51:57 - idx 0 case patient050_frame01 mean_dice 0.818240 mean_hd95 2.650511
2026-01-20 15:51:59 - idx 1 case patient050_frame12 mean_dice 0.716867 mean_hd95 9.549279
2026-01-20 15:51:59 - idx 2 case patient037_frame01 mean_dice 0.788891 mean_hd95 2.138071
2026-01-20 15:52:00 - idx 3 case patient037_frame12 mean_dice 0.658366 mean_hd95 2.902735
2026-01-20 15:52:02 - idx 4 case patient095_frame01 mean_dice 0.879660 mean_hd95 1.868517
2026-01-20 15:52:03 - idx 5 case patient095_frame12 mean_dice 0.849034 mean_hd95 2.244017
2026-01-20 15:52:04 - idx 6 case patient047_frame01 mean_dice 0.634047 mean_hd95 10.247221
2026-01-20 15:52:06 - idx 7 case patient047_frame09 mean_dice 0.578172 mean_hd95 12.511582
2026-01-20 15:52:07 - idx 8 case patient044_frame01 mean_dice 0.806776 mean_hd95 3.924233
2026-01-20 15:52:08 - idx 9 case patient044_frame11 mean_dice 0.748878 mean_hd95 6.616597
2026-01-20 15:52:09 - idx 10 case patient064_frame01 mean_dice 0.894984 mean_hd95 1.382088
2026-01-20 15:52:10 - idx 11 case patient064_frame12 mean_dice 0.772218 mean_hd95 34.139503
2026-01-20 15:52:11 - idx 12 case patient017_frame01 mean_dice 0.857973 mean_hd95 1.550094
2026-01-20 15:52:12 - idx 13 case patient017_frame09 mean_dice 0.879786 mean_hd95 1.550094
2026-01-20 15:52:13 - idx 14 case patient039_frame01 mean_dice 0.818295 mean_hd95 4.119495
2026-01-20 15:52:14 - idx 15 case patient039_frame10 mean_dice 0.634342 mean_hd95 6.679468
2026-01-20 15:52:15 - idx 16 case patient041_frame01 mean_dice 0.863239 mean_hd95 1.000000
2026-01-20 15:52:16 - idx 17 case patient041_frame11 mean_dice 0.760569 mean_hd95 2.078689
2026-01-20 15:52:17 - idx 18 case patient067_frame01 mean_dice 0.850875 mean_hd95 2.138071
2026-01-20 15:52:18 - idx 19 case patient067_frame10 mean_dice 0.815094 mean_hd95 3.710187
2026-01-20 15:52:18 - Mean class 1 mean_dice 0.682541 mean_hd95 7.803897
2026-01-20 15:52:18 - Mean class 2 mean_dice 0.791933 mean_hd95 2.198448
2026-01-20 15:52:18 - Mean class 3 mean_dice 0.869471 mean_hd95 6.947724
2026-01-20 15:52:18 - val epoch: 4, mean_dice: 0.7813152650054613, mean_hd95: 5.650022690294019, time(s): 21.90
2026-01-20 15:52:19 - train: epoch 5, iter:0, loss: 0.2756, lr: 0.0009960967771506667
2026-01-20 15:52:22 - train: epoch 5, iter:10, loss: 0.3060, lr: 0.0009960967771506667
2026-01-20 15:52:25 - train: epoch 5, iter:20, loss: 0.2367, lr: 0.0009960967771506667
2026-01-20 15:52:28 - train: epoch 5, iter:30, loss: 0.3139, lr: 0.0009960967771506667
2026-01-20 15:52:31 - train: epoch 5, iter:40, loss: 0.2486, lr: 0.0009960967771506667
2026-01-20 15:52:34 - train: epoch 5, iter:50, loss: 0.2317, lr: 0.0009960967771506667
2026-01-20 15:52:37 - train: epoch 5, iter:60, loss: 0.3659, lr: 0.0009960967771506667
2026-01-20 15:52:41 - train: epoch 5, iter:70, loss: 0.2508, lr: 0.0009960967771506667
2026-01-20 15:52:44 - train: epoch 5, iter:80, loss: 0.1965, lr: 0.0009960967771506667
2026-01-20 15:52:44 - Finish one epoch train: epoch 5, loss: 0.2779, time(s): 25.35
2026-01-20 15:52:45 - idx 0 case patient050_frame01 mean_dice 0.847675 mean_hd95 1.471405
2026-01-20 15:52:47 - idx 1 case patient050_frame12 mean_dice 0.727222 mean_hd95 3.435712
2026-01-20 15:52:47 - idx 2 case patient037_frame01 mean_dice 0.768056 mean_hd95 6.249242
2026-01-20 15:52:48 - idx 3 case patient037_frame12 mean_dice 0.466128 mean_hd95 12.497325
2026-01-20 15:52:50 - idx 4 case patient095_frame01 mean_dice 0.892903 mean_hd95 1.471405
2026-01-20 15:52:51 - idx 5 case patient095_frame12 mean_dice 0.835838 mean_hd95 3.314893
2026-01-20 15:52:53 - idx 6 case patient047_frame01 mean_dice 0.597082 mean_hd95 5.630815
2026-01-20 15:52:54 - idx 7 case patient047_frame09 mean_dice 0.585465 mean_hd95 9.090768
2026-01-20 15:52:55 - idx 8 case patient044_frame01 mean_dice 0.842954 mean_hd95 2.157379
2026-01-20 15:52:56 - idx 9 case patient044_frame11 mean_dice 0.780886 mean_hd95 2.702115
2026-01-20 15:52:57 - idx 10 case patient064_frame01 mean_dice 0.936683 mean_hd95 1.000000
2026-01-20 15:52:58 - idx 11 case patient064_frame12 mean_dice 0.842580 mean_hd95 2.243613
2026-01-20 15:52:59 - idx 12 case patient017_frame01 mean_dice 0.880241 mean_hd95 1.276142
2026-01-20 15:53:00 - idx 13 case patient017_frame09 mean_dice 0.899190 mean_hd95 1.000000
2026-01-20 15:53:02 - idx 14 case patient039_frame01 mean_dice 0.898076 mean_hd95 1.276142
2026-01-20 15:53:03 - idx 15 case patient039_frame10 mean_dice 0.717525 mean_hd95 5.773038
2026-01-20 15:53:03 - idx 16 case patient041_frame01 mean_dice 0.854458 mean_hd95 1.000000
2026-01-20 15:53:04 - idx 17 case patient041_frame11 mean_dice 0.700456 mean_hd95 2.904990
2026-01-20 15:53:05 - idx 18 case patient067_frame01 mean_dice 0.864001 mean_hd95 4.033007
2026-01-20 15:53:06 - idx 19 case patient067_frame10 mean_dice 0.826144 mean_hd95 4.220635
2026-01-20 15:53:06 - Mean class 1 mean_dice 0.694303 mean_hd95 4.868249
2026-01-20 15:53:06 - Mean class 2 mean_dice 0.795354 mean_hd95 2.669118
2026-01-20 15:53:06 - Mean class 3 mean_dice 0.874878 mean_hd95 3.374926
2026-01-20 15:53:06 - val epoch: 5, mean_dice: 0.7881782313988458, mean_hd95: 3.6374312290030986, time(s): 22.28
2026-01-20 15:53:07 - train: epoch 6, iter:0, loss: 0.1990, lr: 0.0009939057285945933
2026-01-20 15:53:10 - train: epoch 6, iter:10, loss: 0.2556, lr: 0.0009939057285945933
2026-01-20 15:53:14 - train: epoch 6, iter:20, loss: 0.2462, lr: 0.0009939057285945933
2026-01-20 15:53:17 - train: epoch 6, iter:30, loss: 0.3844, lr: 0.0009939057285945933
2026-01-20 15:53:20 - train: epoch 6, iter:40, loss: 0.2465, lr: 0.0009939057285945933
2026-01-20 15:53:23 - train: epoch 6, iter:50, loss: 0.2735, lr: 0.0009939057285945933
2026-01-20 15:53:26 - train: epoch 6, iter:60, loss: 0.3806, lr: 0.0009939057285945933
2026-01-20 15:53:29 - train: epoch 6, iter:70, loss: 0.1744, lr: 0.0009939057285945933
2026-01-20 15:53:32 - train: epoch 6, iter:80, loss: 0.2818, lr: 0.0009939057285945933
2026-01-20 15:53:32 - Finish one epoch train: epoch 6, loss: 0.2560, time(s): 25.14
2026-01-20 15:53:34 - idx 0 case patient050_frame01 mean_dice 0.838759 mean_hd95 8.251546
2026-01-20 15:53:35 - idx 1 case patient050_frame12 mean_dice 0.746107 mean_hd95 10.485794
2026-01-20 15:53:36 - idx 2 case patient037_frame01 mean_dice 0.812702 mean_hd95 2.173945
2026-01-20 15:53:37 - idx 3 case patient037_frame12 mean_dice 0.511076 mean_hd95 5.739718
2026-01-20 15:53:38 - idx 4 case patient095_frame01 mean_dice 0.889716 mean_hd95 1.804738
2026-01-20 15:53:40 - idx 5 case patient095_frame12 mean_dice 0.853180 mean_hd95 2.138071
2026-01-20 15:53:41 - idx 6 case patient047_frame01 mean_dice 0.764531 mean_hd95 2.795055
2026-01-20 15:53:42 - idx 7 case patient047_frame09 mean_dice 0.744571 mean_hd95 10.681351
2026-01-20 15:53:43 - idx 8 case patient044_frame01 mean_dice 0.877261 mean_hd95 1.471405
2026-01-20 15:53:45 - idx 9 case patient044_frame11 mean_dice 0.802192 mean_hd95 2.552285
2026-01-20 15:53:46 - idx 10 case patient064_frame01 mean_dice 0.925824 mean_hd95 1.000000
2026-01-20 15:53:47 - idx 11 case patient064_frame12 mean_dice 0.838270 mean_hd95 1.715421
2026-01-20 15:53:48 - idx 12 case patient017_frame01 mean_dice 0.872128 mean_hd95 1.471405
2026-01-20 15:53:49 - idx 13 case patient017_frame09 mean_dice 0.885144 mean_hd95 1.471405
2026-01-20 15:53:50 - idx 14 case patient039_frame01 mean_dice 0.839718 mean_hd95 4.379038
2026-01-20 15:53:51 - idx 15 case patient039_frame10 mean_dice 0.498998 mean_hd95 8.924982
2026-01-20 15:53:52 - idx 16 case patient041_frame01 mean_dice 0.872466 mean_hd95 1.000000
2026-01-20 15:53:53 - idx 17 case patient041_frame11 mean_dice 0.778857 mean_hd95 1.820476
2026-01-20 15:53:54 - idx 18 case patient067_frame01 mean_dice 0.882586 mean_hd95 1.577350
2026-01-20 15:53:55 - idx 19 case patient067_frame10 mean_dice 0.849848 mean_hd95 2.569925
2026-01-20 15:53:55 - Mean class 1 mean_dice 0.755801 mean_hd95 7.603068
2026-01-20 15:53:55 - Mean class 2 mean_dice 0.796348 mean_hd95 1.806815
2026-01-20 15:53:55 - Mean class 3 mean_dice 0.860442 mean_hd95 1.693703
2026-01-20 15:53:55 - val epoch: 6, mean_dice: 0.8041967008034492, mean_hd95: 3.7011954693807447, time(s): 22.97
2026-01-20 15:53:56 - train: epoch 7, iter:0, loss: 0.1893, lr: 0.0009912321891107012
2026-01-20 15:54:00 - train: epoch 7, iter:10, loss: 0.2165, lr: 0.0009912321891107012
2026-01-20 15:54:03 - train: epoch 7, iter:20, loss: 0.1968, lr: 0.0009912321891107012
2026-01-20 15:54:06 - train: epoch 7, iter:30, loss: 0.1828, lr: 0.0009912321891107012
2026-01-20 15:54:09 - train: epoch 7, iter:40, loss: 0.2693, lr: 0.0009912321891107012
2026-01-20 15:54:12 - train: epoch 7, iter:50, loss: 0.2026, lr: 0.0009912321891107012
2026-01-20 15:54:15 - train: epoch 7, iter:60, loss: 0.2296, lr: 0.0009912321891107012
2026-01-20 15:54:18 - train: epoch 7, iter:70, loss: 0.2276, lr: 0.0009912321891107012
2026-01-20 15:54:21 - train: epoch 7, iter:80, loss: 0.1946, lr: 0.0009912321891107012
2026-01-20 15:54:21 - Finish one epoch train: epoch 7, loss: 0.2375, time(s): 25.23
2026-01-20 15:54:23 - idx 0 case patient050_frame01 mean_dice 0.817607 mean_hd95 7.182412
2026-01-20 15:54:24 - idx 1 case patient050_frame12 mean_dice 0.708966 mean_hd95 10.973743
2026-01-20 15:54:25 - idx 2 case patient037_frame01 mean_dice 0.815776 mean_hd95 1.868517
2026-01-20 15:54:25 - idx 3 case patient037_frame12 mean_dice 0.697482 mean_hd95 2.674860
2026-01-20 15:54:27 - idx 4 case patient095_frame01 mean_dice 0.919072 mean_hd95 1.138071
2026-01-20 15:54:28 - idx 5 case patient095_frame12 mean_dice 0.876990 mean_hd95 1.715421
2026-01-20 15:54:30 - idx 6 case patient047_frame01 mean_dice 0.864037 mean_hd95 1.910684
2026-01-20 15:54:31 - idx 7 case patient047_frame09 mean_dice 0.779391 mean_hd95 6.033223
2026-01-20 15:54:32 - idx 8 case patient044_frame01 mean_dice 0.867300 mean_hd95 1.471405
2026-01-20 15:54:33 - idx 9 case patient044_frame11 mean_dice 0.782870 mean_hd95 3.116156
2026-01-20 15:54:34 - idx 10 case patient064_frame01 mean_dice 0.917292 mean_hd95 1.000000
2026-01-20 15:54:35 - idx 11 case patient064_frame12 mean_dice 0.826150 mean_hd95 1.609476
2026-01-20 15:54:36 - idx 12 case patient017_frame01 mean_dice 0.858150 mean_hd95 1.609476
2026-01-20 15:54:37 - idx 13 case patient017_frame09 mean_dice 0.884457 mean_hd95 1.471405
2026-01-20 15:54:38 - idx 14 case patient039_frame01 mean_dice 0.910838 mean_hd95 1.138071
2026-01-20 15:54:39 - idx 15 case patient039_frame10 mean_dice 0.741993 mean_hd95 6.137838
2026-01-20 15:54:40 - idx 16 case patient041_frame01 mean_dice 0.885906 mean_hd95 1.000000
2026-01-20 15:54:41 - idx 17 case patient041_frame11 mean_dice 0.755483 mean_hd95 2.085803
2026-01-20 15:54:42 - idx 18 case patient067_frame01 mean_dice 0.887000 mean_hd95 3.112534
2026-01-20 15:54:43 - idx 19 case patient067_frame10 mean_dice 0.819249 mean_hd95 4.465208
2026-01-20 15:54:43 - Mean class 1 mean_dice 0.784213 mean_hd95 5.607650
2026-01-20 15:54:43 - Mean class 2 mean_dice 0.816078 mean_hd95 1.958344
2026-01-20 15:54:43 - Mean class 3 mean_dice 0.892110 mean_hd95 1.691151
2026-01-20 15:54:43 - val epoch: 7, mean_dice: 0.8308004315092017, mean_hd95: 3.0857151471588247, time(s): 21.84
2026-01-20 15:54:44 - train: epoch 8, iter:0, loss: 0.2404, lr: 0.0009880787971596802
2026-01-20 15:54:48 - train: epoch 8, iter:10, loss: 0.2402, lr: 0.0009880787971596802
2026-01-20 15:54:51 - train: epoch 8, iter:20, loss: 0.2601, lr: 0.0009880787971596802
2026-01-20 15:54:54 - train: epoch 8, iter:30, loss: 0.2375, lr: 0.0009880787971596802
2026-01-20 15:54:57 - train: epoch 8, iter:40, loss: 0.1638, lr: 0.0009880787971596802
2026-01-20 15:55:00 - train: epoch 8, iter:50, loss: 0.2308, lr: 0.0009880787971596802
2026-01-20 15:55:03 - train: epoch 8, iter:60, loss: 0.1671, lr: 0.0009880787971596802
2026-01-20 15:55:06 - train: epoch 8, iter:70, loss: 0.2218, lr: 0.0009880787971596802
2026-01-20 15:55:10 - train: epoch 8, iter:80, loss: 0.2153, lr: 0.0009880787971596802
2026-01-20 15:55:10 - Finish one epoch train: epoch 8, loss: 0.2208, time(s): 25.81
2026-01-20 15:55:11 - idx 0 case patient050_frame01 mean_dice 0.843598 mean_hd95 1.745356
2026-01-20 15:55:13 - idx 1 case patient050_frame12 mean_dice 0.727674 mean_hd95 9.602270
2026-01-20 15:55:13 - idx 2 case patient037_frame01 mean_dice 0.821435 mean_hd95 1.666667
2026-01-20 15:55:14 - idx 3 case patient037_frame12 mean_dice 0.549150 mean_hd95 11.077216
2026-01-20 15:55:16 - idx 4 case patient095_frame01 mean_dice 0.891967 mean_hd95 1.471405
2026-01-20 15:55:17 - idx 5 case patient095_frame12 mean_dice 0.876432 mean_hd95 1.804738
2026-01-20 15:55:19 - idx 6 case patient047_frame01 mean_dice 0.838979 mean_hd95 8.122718
2026-01-20 15:55:20 - idx 7 case patient047_frame09 mean_dice 0.778324 mean_hd95 9.595865
2026-01-20 15:55:21 - idx 8 case patient044_frame01 mean_dice 0.878913 mean_hd95 1.745356
2026-01-20 15:55:22 - idx 9 case patient044_frame11 mean_dice 0.790710 mean_hd95 2.966400
2026-01-20 15:55:23 - idx 10 case patient064_frame01 mean_dice 0.928251 mean_hd95 1.000000
2026-01-20 15:55:24 - idx 11 case patient064_frame12 mean_dice 0.876211 mean_hd95 1.414214
2026-01-20 15:55:25 - idx 12 case patient017_frame01 mean_dice 0.881349 mean_hd95 1.276142
2026-01-20 15:55:26 - idx 13 case patient017_frame09 mean_dice 0.892293 mean_hd95 1.276142
2026-01-20 15:55:27 - idx 14 case patient039_frame01 mean_dice 0.909084 mean_hd95 1.000000
2026-01-20 15:55:28 - idx 15 case patient039_frame10 mean_dice 0.742711 mean_hd95 9.527428
2026-01-20 15:55:29 - idx 16 case patient041_frame01 mean_dice 0.874846 mean_hd95 1.000000
2026-01-20 15:55:30 - idx 17 case patient041_frame11 mean_dice 0.782833 mean_hd95 2.244017
2026-01-20 15:55:31 - idx 18 case patient067_frame01 mean_dice 0.872014 mean_hd95 3.837744
2026-01-20 15:55:32 - idx 19 case patient067_frame10 mean_dice 0.854129 mean_hd95 3.923443
2026-01-20 15:55:32 - Mean class 1 mean_dice 0.763564 mean_hd95 6.194683
2026-01-20 15:55:32 - Mean class 2 mean_dice 0.824399 mean_hd95 2.141868
2026-01-20 15:55:32 - Mean class 3 mean_dice 0.903673 mean_hd95 3.108017
2026-01-20 15:55:32 - val epoch: 8, mean_dice: 0.8305451917163644, mean_hd95: 3.8148560609964477, time(s): 22.44
2026-01-20 15:55:33 - train: epoch 9, iter:0, loss: 0.1887, lr: 0.0009844486647586726
2026-01-20 15:55:36 - train: epoch 9, iter:10, loss: 0.2255, lr: 0.0009844486647586726
2026-01-20 15:55:39 - train: epoch 9, iter:20, loss: 0.1970, lr: 0.0009844486647586726
2026-01-20 15:55:42 - train: epoch 9, iter:30, loss: 0.2637, lr: 0.0009844486647586726
2026-01-20 15:55:46 - train: epoch 9, iter:40, loss: 0.2148, lr: 0.0009844486647586726
2026-01-20 15:55:49 - train: epoch 9, iter:50, loss: 0.2940, lr: 0.0009844486647586726
2026-01-20 15:55:52 - train: epoch 9, iter:60, loss: 0.1938, lr: 0.0009844486647586726
2026-01-20 15:55:55 - train: epoch 9, iter:70, loss: 0.1862, lr: 0.0009844486647586726
2026-01-20 15:55:58 - train: epoch 9, iter:80, loss: 0.1635, lr: 0.0009844486647586726
2026-01-20 15:55:58 - Finish one epoch train: epoch 9, loss: 0.2099, time(s): 25.23
2026-01-20 15:55:59 - idx 0 case patient050_frame01 mean_dice 0.854982 mean_hd95 1.550094
2026-01-20 15:56:01 - idx 1 case patient050_frame12 mean_dice 0.736810 mean_hd95 12.109690
2026-01-20 15:56:01 - idx 2 case patient037_frame01 mean_dice 0.815937 mean_hd95 2.041035
2026-01-20 15:56:02 - idx 3 case patient037_frame12 mean_dice 0.595058 mean_hd95 4.099442
2026-01-20 15:56:04 - idx 4 case patient095_frame01 mean_dice 0.909123 mean_hd95 1.138071
2026-01-20 15:56:05 - idx 5 case patient095_frame12 mean_dice 0.875856 mean_hd95 1.804738
2026-01-20 15:56:06 - idx 6 case patient047_frame01 mean_dice 0.868733 mean_hd95 1.910684
2026-01-20 15:56:08 - idx 7 case patient047_frame09 mean_dice 0.788954 mean_hd95 5.495965
2026-01-20 15:56:09 - idx 8 case patient044_frame01 mean_dice 0.889857 mean_hd95 1.471405
2026-01-20 15:56:10 - idx 9 case patient044_frame11 mean_dice 0.789013 mean_hd95 3.443295
2026-01-20 15:56:11 - idx 10 case patient064_frame01 mean_dice 0.937172 mean_hd95 1.000000
2026-01-20 15:56:12 - idx 11 case patient064_frame12 mean_dice 0.884818 mean_hd95 1.471405
2026-01-20 15:56:13 - idx 12 case patient017_frame01 mean_dice 0.902114 mean_hd95 1.000000
2026-01-20 15:56:14 - idx 13 case patient017_frame09 mean_dice 0.919056 mean_hd95 1.000000
2026-01-20 15:56:15 - idx 14 case patient039_frame01 mean_dice 0.921715 mean_hd95 1.000000
2026-01-20 15:56:16 - idx 15 case patient039_frame10 mean_dice 0.789269 mean_hd95 37.012459
2026-01-20 15:56:17 - idx 16 case patient041_frame01 mean_dice 0.884849 mean_hd95 1.000000
2026-01-20 15:56:18 - idx 17 case patient041_frame11 mean_dice 0.751565 mean_hd95 2.354832
2026-01-20 15:56:19 - idx 18 case patient067_frame01 mean_dice 0.874740 mean_hd95 4.654583
2026-01-20 15:56:20 - idx 19 case patient067_frame10 mean_dice 0.843491 mean_hd95 7.278444
2026-01-20 15:56:20 - Mean class 1 mean_dice 0.781456 mean_hd95 4.300821
2026-01-20 15:56:20 - Mean class 2 mean_dice 0.832789 mean_hd95 2.250700
2026-01-20 15:56:20 - Mean class 3 mean_dice 0.910722 mean_hd95 7.373900
2026-01-20 15:56:20 - val epoch: 9, mean_dice: 0.841655551230994, mean_hd95: 4.641807000223971, time(s): 22.37
2026-01-20 15:56:21 - train: epoch 10, iter:0, loss: 0.2511, lr: 0.000980345374410087
2026-01-20 15:56:25 - train: epoch 10, iter:10, loss: 0.1855, lr: 0.000980345374410087
2026-01-20 15:56:28 - train: epoch 10, iter:20, loss: 0.2308, lr: 0.000980345374410087
2026-01-20 15:56:31 - train: epoch 10, iter:30, loss: 0.1956, lr: 0.000980345374410087
2026-01-20 15:56:34 - train: epoch 10, iter:40, loss: 0.1343, lr: 0.000980345374410087
2026-01-20 15:56:38 - train: epoch 10, iter:50, loss: 0.1671, lr: 0.000980345374410087
2026-01-20 15:56:41 - train: epoch 10, iter:60, loss: 0.1931, lr: 0.000980345374410087
2026-01-20 15:56:44 - train: epoch 10, iter:70, loss: 0.1971, lr: 0.000980345374410087
2026-01-20 15:56:47 - train: epoch 10, iter:80, loss: 0.1686, lr: 0.000980345374410087
2026-01-20 15:56:48 - Finish one epoch train: epoch 10, loss: 0.1866, time(s): 26.39
2026-01-20 15:56:49 - idx 0 case patient050_frame01 mean_dice 0.819704 mean_hd95 9.486495
2026-01-20 15:56:50 - idx 1 case patient050_frame12 mean_dice 0.712504 mean_hd95 12.384696
2026-01-20 15:56:51 - idx 2 case patient037_frame01 mean_dice 0.823450 mean_hd95 1.720759
2026-01-20 15:56:52 - idx 3 case patient037_frame12 mean_dice 0.768708 mean_hd95 2.512440
2026-01-20 15:56:53 - idx 4 case patient095_frame01 mean_dice 0.928482 mean_hd95 1.000000
2026-01-20 15:56:55 - idx 5 case patient095_frame12 mean_dice 0.875354 mean_hd95 1.609476
2026-01-20 15:56:56 - idx 6 case patient047_frame01 mean_dice 0.884607 mean_hd95 1.471405
2026-01-20 15:56:57 - idx 7 case patient047_frame09 mean_dice 0.813872 mean_hd95 6.896627
2026-01-20 15:56:58 - idx 8 case patient044_frame01 mean_dice 0.885021 mean_hd95 1.333333
2026-01-20 15:56:59 - idx 9 case patient044_frame11 mean_dice 0.801663 mean_hd95 2.332263
2026-01-20 15:57:00 - idx 10 case patient064_frame01 mean_dice 0.939552 mean_hd95 1.000000
2026-01-20 15:57:02 - idx 11 case patient064_frame12 mean_dice 0.869745 mean_hd95 1.414214
2026-01-20 15:57:03 - idx 12 case patient017_frame01 mean_dice 0.891249 mean_hd95 1.138071
2026-01-20 15:57:04 - idx 13 case patient017_frame09 mean_dice 0.919707 mean_hd95 1.000000
2026-01-20 15:57:05 - idx 14 case patient039_frame01 mean_dice 0.920227 mean_hd95 1.000000
2026-01-20 15:57:06 - idx 15 case patient039_frame10 mean_dice 0.769696 mean_hd95 4.910800
2026-01-20 15:57:06 - idx 16 case patient041_frame01 mean_dice 0.884061 mean_hd95 1.000000
2026-01-20 15:57:07 - idx 17 case patient041_frame11 mean_dice 0.782535 mean_hd95 1.666667
2026-01-20 15:57:08 - idx 18 case patient067_frame01 mean_dice 0.907279 mean_hd95 1.138071
2026-01-20 15:57:10 - idx 19 case patient067_frame10 mean_dice 0.868688 mean_hd95 1.794111
2026-01-20 15:57:10 - Mean class 1 mean_dice 0.810832 mean_hd95 5.101614
2026-01-20 15:57:10 - Mean class 2 mean_dice 0.835689 mean_hd95 2.086298
2026-01-20 15:57:10 - Mean class 3 mean_dice 0.913394 mean_hd95 1.333502
2026-01-20 15:57:10 - val epoch: 10, mean_dice: 0.8533051292066632, mean_hd95: 2.8404713471820755, time(s): 22.10
2026-01-20 15:57:11 - train: epoch 11, iter:0, loss: 0.1724, lr: 0.0009757729755661012
2026-01-20 15:57:14 - train: epoch 11, iter:10, loss: 0.2017, lr: 0.0009757729755661012
2026-01-20 15:57:17 - train: epoch 11, iter:20, loss: 0.1602, lr: 0.0009757729755661012
2026-01-20 15:57:20 - train: epoch 11, iter:30, loss: 0.2600, lr: 0.0009757729755661012
2026-01-20 15:57:23 - train: epoch 11, iter:40, loss: 0.1552, lr: 0.0009757729755661012
2026-01-20 15:57:27 - train: epoch 11, iter:50, loss: 0.1795, lr: 0.0009757729755661012
2026-01-20 15:57:30 - train: epoch 11, iter:60, loss: 0.1719, lr: 0.0009757729755661012
2026-01-20 15:57:33 - train: epoch 11, iter:70, loss: 0.2345, lr: 0.0009757729755661012
2026-01-20 15:57:36 - train: epoch 11, iter:80, loss: 0.1491, lr: 0.0009757729755661012
2026-01-20 15:57:37 - Finish one epoch train: epoch 11, loss: 0.1807, time(s): 26.26
2026-01-20 15:57:38 - idx 0 case patient050_frame01 mean_dice 0.867457 mean_hd95 1.276142
2026-01-20 15:57:39 - idx 1 case patient050_frame12 mean_dice 0.747532 mean_hd95 10.651122
2026-01-20 15:57:40 - idx 2 case patient037_frame01 mean_dice 0.827640 mean_hd95 2.000000
2026-01-20 15:57:41 - idx 3 case patient037_frame12 mean_dice 0.635352 mean_hd95 4.236935
2026-01-20 15:57:42 - idx 4 case patient095_frame01 mean_dice 0.915289 mean_hd95 1.000000
2026-01-20 15:57:44 - idx 5 case patient095_frame12 mean_dice 0.882255 mean_hd95 1.471405
2026-01-20 15:57:45 - idx 6 case patient047_frame01 mean_dice 0.884632 mean_hd95 1.333333
2026-01-20 15:57:46 - idx 7 case patient047_frame09 mean_dice 0.810541 mean_hd95 2.832325
2026-01-20 15:57:47 - idx 8 case patient044_frame01 mean_dice 0.906250 mean_hd95 1.000000
2026-01-20 15:57:48 - idx 9 case patient044_frame11 mean_dice 0.826822 mean_hd95 2.051957
2026-01-20 15:57:50 - idx 10 case patient064_frame01 mean_dice 0.934446 mean_hd95 1.000000
2026-01-20 15:57:51 - idx 11 case patient064_frame12 mean_dice 0.887846 mean_hd95 1.471405
2026-01-20 15:57:52 - idx 12 case patient017_frame01 mean_dice 0.898824 mean_hd95 1.000000
2026-01-20 15:57:53 - idx 13 case patient017_frame09 mean_dice 0.920314 mean_hd95 1.000000
2026-01-20 15:57:55 - idx 14 case patient039_frame01 mean_dice 0.916083 mean_hd95 1.000000
2026-01-20 15:57:56 - idx 15 case patient039_frame10 mean_dice 0.594984 mean_hd95 8.500185
2026-01-20 15:57:56 - idx 16 case patient041_frame01 mean_dice 0.899080 mean_hd95 1.000000
2026-01-20 15:57:57 - idx 17 case patient041_frame11 mean_dice 0.784561 mean_hd95 1.794111
2026-01-20 15:57:58 - idx 18 case patient067_frame01 mean_dice 0.908286 mean_hd95 1.000000
2026-01-20 15:57:59 - idx 19 case patient067_frame10 mean_dice 0.859438 mean_hd95 3.092072
2026-01-20 15:57:59 - Mean class 1 mean_dice 0.794096 mean_hd95 4.331473
2026-01-20 15:57:59 - Mean class 2 mean_dice 0.840683 mean_hd95 1.460806
2026-01-20 15:57:59 - Mean class 3 mean_dice 0.901365 mean_hd95 1.514370
2026-01-20 15:57:59 - val epoch: 11, mean_dice: 0.8453815420322203, mean_hd95: 2.435549569805372, time(s): 22.92
2026-01-20 15:58:00 - train: epoch 12, iter:0, loss: 0.1729, lr: 0.0009707359806323418
2026-01-20 15:58:03 - train: epoch 12, iter:10, loss: 0.1334, lr: 0.0009707359806323418
2026-01-20 15:58:06 - train: epoch 12, iter:20, loss: 0.1177, lr: 0.0009707359806323418
2026-01-20 15:58:10 - train: epoch 12, iter:30, loss: 0.1580, lr: 0.0009707359806323418
2026-01-20 15:58:13 - train: epoch 12, iter:40, loss: 0.1785, lr: 0.0009707359806323418
2026-01-20 15:58:16 - train: epoch 12, iter:50, loss: 0.2018, lr: 0.0009707359806323418
2026-01-20 15:58:19 - train: epoch 12, iter:60, loss: 0.1549, lr: 0.0009707359806323418
2026-01-20 15:58:22 - train: epoch 12, iter:70, loss: 0.1527, lr: 0.0009707359806323418
2026-01-20 15:58:25 - train: epoch 12, iter:80, loss: 0.1673, lr: 0.0009707359806323418
2026-01-20 15:58:26 - Finish one epoch train: epoch 12, loss: 0.1689, time(s): 25.56
2026-01-20 15:58:27 - idx 0 case patient050_frame01 mean_dice 0.864933 mean_hd95 7.678353
2026-01-20 15:58:28 - idx 1 case patient050_frame12 mean_dice 0.765125 mean_hd95 10.290532
2026-01-20 15:58:29 - idx 2 case patient037_frame01 mean_dice 0.855957 mean_hd95 1.412023
2026-01-20 15:58:30 - idx 3 case patient037_frame12 mean_dice 0.762798 mean_hd95 3.526104
2026-01-20 15:58:32 - idx 4 case patient095_frame01 mean_dice 0.922569 mean_hd95 1.000000
2026-01-20 15:58:33 - idx 5 case patient095_frame12 mean_dice 0.883842 mean_hd95 1.577350
2026-01-20 15:58:34 - idx 6 case patient047_frame01 mean_dice 0.870525 mean_hd95 1.577350
2026-01-20 15:58:35 - idx 7 case patient047_frame09 mean_dice 0.805735 mean_hd95 2.105542
2026-01-20 15:58:37 - idx 8 case patient044_frame01 mean_dice 0.899603 mean_hd95 1.333333
2026-01-20 15:58:38 - idx 9 case patient044_frame11 mean_dice 0.816083 mean_hd95 2.295974
2026-01-20 15:58:39 - idx 10 case patient064_frame01 mean_dice 0.933334 mean_hd95 1.000000
2026-01-20 15:58:40 - idx 11 case patient064_frame12 mean_dice 0.848186 mean_hd95 1.609476
2026-01-20 15:58:41 - idx 12 case patient017_frame01 mean_dice 0.876609 mean_hd95 1.382088
2026-01-20 15:58:42 - idx 13 case patient017_frame09 mean_dice 0.912364 mean_hd95 1.138071
2026-01-20 15:58:43 - idx 14 case patient039_frame01 mean_dice 0.921925 mean_hd95 1.000000
2026-01-20 15:58:44 - idx 15 case patient039_frame10 mean_dice 0.571283 mean_hd95 6.496365
2026-01-20 15:58:45 - idx 16 case patient041_frame01 mean_dice 0.886512 mean_hd95 1.000000
2026-01-20 15:58:46 - idx 17 case patient041_frame11 mean_dice 0.824340 mean_hd95 1.471405
2026-01-20 15:58:47 - idx 18 case patient067_frame01 mean_dice 0.902231 mean_hd95 1.000000
2026-01-20 15:58:48 - idx 19 case patient067_frame10 mean_dice 0.892461 mean_hd95 1.138071
2026-01-20 15:58:48 - Mean class 1 mean_dice 0.810188 mean_hd95 4.555822
2026-01-20 15:58:48 - Mean class 2 mean_dice 0.841683 mean_hd95 1.614805
2026-01-20 15:58:48 - Mean class 3 mean_dice 0.900591 mean_hd95 1.334179
2026-01-20 15:58:48 - val epoch: 12, mean_dice: 0.8508208275003706, mean_hd95: 2.5016018355885934, time(s): 22.64
2026-01-20 15:58:49 - train: epoch 13, iter:0, loss: 0.1467, lr: 0.0009652393605146846
2026-01-20 15:58:52 - train: epoch 13, iter:10, loss: 0.1574, lr: 0.0009652393605146846
2026-01-20 15:58:55 - train: epoch 13, iter:20, loss: 0.1414, lr: 0.0009652393605146846
2026-01-20 15:58:59 - train: epoch 13, iter:30, loss: 0.2079, lr: 0.0009652393605146846
2026-01-20 15:59:02 - train: epoch 13, iter:40, loss: 0.1738, lr: 0.0009652393605146846
2026-01-20 15:59:05 - train: epoch 13, iter:50, loss: 0.1721, lr: 0.0009652393605146846
2026-01-20 15:59:08 - train: epoch 13, iter:60, loss: 0.1310, lr: 0.0009652393605146846
2026-01-20 15:59:11 - train: epoch 13, iter:70, loss: 0.1921, lr: 0.0009652393605146846
2026-01-20 15:59:14 - train: epoch 13, iter:80, loss: 0.1588, lr: 0.0009652393605146846
2026-01-20 15:59:14 - Finish one epoch train: epoch 13, loss: 0.1636, time(s): 25.41
2026-01-20 15:59:15 - idx 0 case patient050_frame01 mean_dice 0.860409 mean_hd95 8.156065
2026-01-20 15:59:17 - idx 1 case patient050_frame12 mean_dice 0.736760 mean_hd95 11.095398
2026-01-20 15:59:18 - idx 2 case patient037_frame01 mean_dice 0.860936 mean_hd95 1.666667
2026-01-20 15:59:18 - idx 3 case patient037_frame12 mean_dice 0.576191 mean_hd95 3.209767
2026-01-20 15:59:20 - idx 4 case patient095_frame01 mean_dice 0.928633 mean_hd95 1.000000
2026-01-20 15:59:21 - idx 5 case patient095_frame12 mean_dice 0.876479 mean_hd95 1.688165
2026-01-20 15:59:23 - idx 6 case patient047_frame01 mean_dice 0.899236 mean_hd95 1.333333
2026-01-20 15:59:24 - idx 7 case patient047_frame09 mean_dice 0.856033 mean_hd95 1.666667
2026-01-20 15:59:25 - idx 8 case patient044_frame01 mean_dice 0.885621 mean_hd95 1.609476
2026-01-20 15:59:26 - idx 9 case patient044_frame11 mean_dice 0.848538 mean_hd95 1.962117
2026-01-20 15:59:27 - idx 10 case patient064_frame01 mean_dice 0.939775 mean_hd95 1.000000
2026-01-20 15:59:28 - idx 11 case patient064_frame12 mean_dice 0.866264 mean_hd95 1.414214
2026-01-20 15:59:29 - idx 12 case patient017_frame01 mean_dice 0.894953 mean_hd95 1.138071
2026-01-20 15:59:30 - idx 13 case patient017_frame09 mean_dice 0.925243 mean_hd95 1.000000
2026-01-20 15:59:31 - idx 14 case patient039_frame01 mean_dice 0.918068 mean_hd95 1.000000
2026-01-20 15:59:32 - idx 15 case patient039_frame10 mean_dice 0.701786 mean_hd95 2.763703
2026-01-20 15:59:33 - idx 16 case patient041_frame01 mean_dice 0.892476 mean_hd95 1.000000
2026-01-20 15:59:34 - idx 17 case patient041_frame11 mean_dice 0.777732 mean_hd95 1.989373
2026-01-20 15:59:35 - idx 18 case patient067_frame01 mean_dice 0.881535 mean_hd95 1.550094
2026-01-20 15:59:36 - idx 19 case patient067_frame10 mean_dice 0.897167 mean_hd95 1.138071
2026-01-20 15:59:36 - Mean class 1 mean_dice 0.819120 mean_hd95 4.239532
2026-01-20 15:59:36 - Mean class 2 mean_dice 0.841304 mean_hd95 1.515026
2026-01-20 15:59:36 - Mean class 3 mean_dice 0.893151 mean_hd95 1.352619
2026-01-20 15:59:36 - val epoch: 13, mean_dice: 0.8511915862272893, mean_hd95: 2.3690589661146175, time(s): 22.06
2026-01-20 15:59:37 - train: epoch 14, iter:0, loss: 0.1259, lr: 0.0009592885397135708
2026-01-20 15:59:40 - train: epoch 14, iter:10, loss: 0.3288, lr: 0.0009592885397135708
2026-01-20 15:59:44 - train: epoch 14, iter:20, loss: 0.1572, lr: 0.0009592885397135708
2026-01-20 15:59:47 - train: epoch 14, iter:30, loss: 0.1756, lr: 0.0009592885397135708
2026-01-20 15:59:50 - train: epoch 14, iter:40, loss: 0.1472, lr: 0.0009592885397135708
2026-01-20 15:59:53 - train: epoch 14, iter:50, loss: 0.1299, lr: 0.0009592885397135708
2026-01-20 15:59:56 - train: epoch 14, iter:60, loss: 0.1879, lr: 0.0009592885397135708
2026-01-20 15:59:59 - train: epoch 14, iter:70, loss: 0.1298, lr: 0.0009592885397135708
2026-01-20 16:00:02 - train: epoch 14, iter:80, loss: 0.1325, lr: 0.0009592885397135708
2026-01-20 16:00:02 - Finish one epoch train: epoch 14, loss: 0.1681, time(s): 25.40
2026-01-20 16:00:03 - idx 0 case patient050_frame01 mean_dice 0.873144 mean_hd95 2.543677
2026-01-20 16:00:05 - idx 1 case patient050_frame12 mean_dice 0.766171 mean_hd95 10.290532
2026-01-20 16:00:06 - idx 2 case patient037_frame01 mean_dice 0.767075 mean_hd95 2.666667
2026-01-20 16:00:06 - idx 3 case patient037_frame12 mean_dice 0.390784 mean_hd95 1.666667
2026-01-20 16:00:08 - idx 4 case patient095_frame01 mean_dice 0.912874 mean_hd95 1.138071
2026-01-20 16:00:09 - idx 5 case patient095_frame12 mean_dice 0.844179 mean_hd95 1.804738
2026-01-20 16:00:11 - idx 6 case patient047_frame01 mean_dice 0.873930 mean_hd95 1.747547
2026-01-20 16:00:12 - idx 7 case patient047_frame09 mean_dice 0.837337 mean_hd95 2.138071
2026-01-20 16:00:13 - idx 8 case patient044_frame01 mean_dice 0.875518 mean_hd95 1.666667
2026-01-20 16:00:14 - idx 9 case patient044_frame11 mean_dice 0.836660 mean_hd95 2.121889
2026-01-20 16:00:15 - idx 10 case patient064_frame01 mean_dice 0.929885 mean_hd95 1.000000
2026-01-20 16:00:16 - idx 11 case patient064_frame12 mean_dice 0.816905 mean_hd95 2.157379
2026-01-20 16:00:18 - idx 12 case patient017_frame01 mean_dice 0.889107 mean_hd95 1.138071
2026-01-20 16:00:19 - idx 13 case patient017_frame09 mean_dice 0.903409 mean_hd95 1.244017
2026-01-20 16:00:20 - idx 14 case patient039_frame01 mean_dice 0.900669 mean_hd95 1.138071
2026-01-20 16:00:21 - idx 15 case patient039_frame10 mean_dice 0.689454 mean_hd95 2.228519
2026-01-20 16:00:22 - idx 16 case patient041_frame01 mean_dice 0.900492 mean_hd95 1.000000
2026-01-20 16:00:22 - idx 17 case patient041_frame11 mean_dice 0.780769 mean_hd95 2.490712
2026-01-20 16:00:24 - idx 18 case patient067_frame01 mean_dice 0.884211 mean_hd95 1.333333
2026-01-20 16:00:25 - idx 19 case patient067_frame10 mean_dice 0.893956 mean_hd95 1.276142
2026-01-20 16:00:25 - Mean class 1 mean_dice 0.768262 mean_hd95 3.629154
2026-01-20 16:00:25 - Mean class 2 mean_dice 0.830059 mean_hd95 1.393052
2026-01-20 16:00:25 - Mean class 3 mean_dice 0.886659 mean_hd95 1.396410
2026-01-20 16:00:25 - val epoch: 14, mean_dice: 0.8283264669489534, mean_hd95: 2.139538509212224, time(s): 22.73
2026-01-20 16:00:26 - train: epoch 15, iter:0, loss: 0.1516, lr: 0.0009528893909706799
2026-01-20 16:00:29 - train: epoch 15, iter:10, loss: 0.1649, lr: 0.0009528893909706799
2026-01-20 16:00:32 - train: epoch 15, iter:20, loss: 0.1250, lr: 0.0009528893909706799
2026-01-20 16:00:35 - train: epoch 15, iter:30, loss: 0.1448, lr: 0.0009528893909706799
2026-01-20 16:00:38 - train: epoch 15, iter:40, loss: 0.1721, lr: 0.0009528893909706799
2026-01-20 16:00:41 - train: epoch 15, iter:50, loss: 0.1334, lr: 0.0009528893909706799
2026-01-20 16:00:44 - train: epoch 15, iter:60, loss: 0.1377, lr: 0.0009528893909706799
2026-01-20 16:00:48 - train: epoch 15, iter:70, loss: 0.1494, lr: 0.0009528893909706799
2026-01-20 16:00:51 - train: epoch 15, iter:80, loss: 0.1430, lr: 0.0009528893909706799
2026-01-20 16:00:51 - Finish one epoch train: epoch 15, loss: 0.1615, time(s): 25.06
2026-01-20 16:00:52 - idx 0 case patient050_frame01 mean_dice 0.892466 mean_hd95 1.386554
2026-01-20 16:00:53 - idx 1 case patient050_frame12 mean_dice 0.766673 mean_hd95 10.152461
2026-01-20 16:00:54 - idx 2 case patient037_frame01 mean_dice 0.855004 mean_hd95 1.412023
2026-01-20 16:00:55 - idx 3 case patient037_frame12 mean_dice 0.729013 mean_hd95 2.745356
2026-01-20 16:00:56 - idx 4 case patient095_frame01 mean_dice 0.925674 mean_hd95 1.000000
2026-01-20 16:00:58 - idx 5 case patient095_frame12 mean_dice 0.893177 mean_hd95 1.382088
2026-01-20 16:00:59 - idx 6 case patient047_frame01 mean_dice 0.893016 mean_hd95 1.000000
2026-01-20 16:01:00 - idx 7 case patient047_frame09 mean_dice 0.834915 mean_hd95 2.333333
2026-01-20 16:01:01 - idx 8 case patient044_frame01 mean_dice 0.901110 mean_hd95 1.138071
2026-01-20 16:01:02 - idx 9 case patient044_frame11 mean_dice 0.817722 mean_hd95 2.051957
2026-01-20 16:01:04 - idx 10 case patient064_frame01 mean_dice 0.946039 mean_hd95 1.000000
2026-01-20 16:01:05 - idx 11 case patient064_frame12 mean_dice 0.911050 mean_hd95 1.382088
2026-01-20 16:01:06 - idx 12 case patient017_frame01 mean_dice 0.867997 mean_hd95 1.577350
2026-01-20 16:01:07 - idx 13 case patient017_frame09 mean_dice 0.909936 mean_hd95 1.131168
2026-01-20 16:01:08 - idx 14 case patient039_frame01 mean_dice 0.911818 mean_hd95 1.000000
2026-01-20 16:01:09 - idx 15 case patient039_frame10 mean_dice 0.654253 mean_hd95 3.089360
2026-01-20 16:01:10 - idx 16 case patient041_frame01 mean_dice 0.889775 mean_hd95 1.000000
2026-01-20 16:01:10 - idx 17 case patient041_frame11 mean_dice 0.783418 mean_hd95 2.105172
2026-01-20 16:01:12 - idx 18 case patient067_frame01 mean_dice 0.902800 mean_hd95 1.138071
2026-01-20 16:01:13 - idx 19 case patient067_frame10 mean_dice 0.887861 mean_hd95 1.000000
2026-01-20 16:01:13 - Mean class 1 mean_dice 0.828293 mean_hd95 3.154001
2026-01-20 16:01:13 - Mean class 2 mean_dice 0.842502 mean_hd95 1.387339
2026-01-20 16:01:13 - Mean class 3 mean_dice 0.905262 mean_hd95 1.312418
2026-01-20 16:01:13 - val epoch: 15, mean_dice: 0.8586858710873869, mean_hd95: 1.9512526305692495, time(s): 22.06
2026-01-20 16:01:14 - train: epoch 16, iter:0, loss: 0.1475, lr: 0.0009460482294732424
2026-01-20 16:01:17 - train: epoch 16, iter:10, loss: 0.1301, lr: 0.0009460482294732424
2026-01-20 16:01:20 - train: epoch 16, iter:20, loss: 0.1215, lr: 0.0009460482294732424
2026-01-20 16:01:23 - train: epoch 16, iter:30, loss: 0.1615, lr: 0.0009460482294732424
2026-01-20 16:01:26 - train: epoch 16, iter:40, loss: 0.1482, lr: 0.0009460482294732424
2026-01-20 16:01:29 - train: epoch 16, iter:50, loss: 0.1759, lr: 0.0009460482294732424
2026-01-20 16:01:32 - train: epoch 16, iter:60, loss: 0.1193, lr: 0.0009460482294732424
2026-01-20 16:01:35 - train: epoch 16, iter:70, loss: 0.1270, lr: 0.0009460482294732424
2026-01-20 16:01:38 - train: epoch 16, iter:80, loss: 0.2046, lr: 0.0009460482294732424
2026-01-20 16:01:39 - Finish one epoch train: epoch 16, loss: 0.1513, time(s): 24.93
2026-01-20 16:01:40 - idx 0 case patient050_frame01 mean_dice 0.877586 mean_hd95 2.851265
2026-01-20 16:01:41 - idx 1 case patient050_frame12 mean_dice 0.774606 mean_hd95 10.679717
2026-01-20 16:01:42 - idx 2 case patient037_frame01 mean_dice 0.876907 mean_hd95 1.244017
2026-01-20 16:01:43 - idx 3 case patient037_frame12 mean_dice 0.649873 mean_hd95 2.745356
2026-01-20 16:01:44 - idx 4 case patient095_frame01 mean_dice 0.930849 mean_hd95 1.000000
2026-01-20 16:01:46 - idx 5 case patient095_frame12 mean_dice 0.889326 mean_hd95 1.715421
2026-01-20 16:01:47 - idx 6 case patient047_frame01 mean_dice 0.870106 mean_hd95 1.804738
2026-01-20 16:01:48 - idx 7 case patient047_frame09 mean_dice 0.835695 mean_hd95 7.608916
2026-01-20 16:01:49 - idx 8 case patient044_frame01 mean_dice 0.904021 mean_hd95 1.333333
2026-01-20 16:01:50 - idx 9 case patient044_frame11 mean_dice 0.800878 mean_hd95 3.687164
2026-01-20 16:01:51 - idx 10 case patient064_frame01 mean_dice 0.946844 mean_hd95 1.000000
2026-01-20 16:01:53 - idx 11 case patient064_frame12 mean_dice 0.909174 mean_hd95 1.000000
2026-01-20 16:01:54 - idx 12 case patient017_frame01 mean_dice 0.902139 mean_hd95 1.138071
2026-01-20 16:01:55 - idx 13 case patient017_frame09 mean_dice 0.918857 mean_hd95 1.000000
2026-01-20 16:01:56 - idx 14 case patient039_frame01 mean_dice 0.901077 mean_hd95 1.244017
2026-01-20 16:01:57 - idx 15 case patient039_frame10 mean_dice 0.623905 mean_hd95 2.354832
2026-01-20 16:01:57 - idx 16 case patient041_frame01 mean_dice 0.911938 mean_hd95 1.000000
2026-01-20 16:01:58 - idx 17 case patient041_frame11 mean_dice 0.793040 mean_hd95 2.000000
2026-01-20 16:01:59 - idx 18 case patient067_frame01 mean_dice 0.910988 mean_hd95 1.138071
2026-01-20 16:02:01 - idx 19 case patient067_frame10 mean_dice 0.869897 mean_hd95 3.020419
2026-01-20 16:02:01 - Mean class 1 mean_dice 0.813246 mean_hd95 4.183454
2026-01-20 16:02:01 - Mean class 2 mean_dice 0.844145 mean_hd95 1.612080
2026-01-20 16:02:01 - Mean class 3 mean_dice 0.907264 mean_hd95 1.639266
2026-01-20 16:02:01 - val epoch: 16, mean_dice: 0.8548852698289577, mean_hd95: 2.4782669144688056, time(s): 21.98
2026-01-20 16:02:01 - train: epoch 17, iter:0, loss: 0.1654, lr: 0.0009387718066217127
2026-01-20 16:02:04 - train: epoch 17, iter:10, loss: 0.1883, lr: 0.0009387718066217127
2026-01-20 16:02:08 - train: epoch 17, iter:20, loss: 0.1514, lr: 0.0009387718066217127
2026-01-20 16:02:11 - train: epoch 17, iter:30, loss: 0.1665, lr: 0.0009387718066217127
2026-01-20 16:02:14 - train: epoch 17, iter:40, loss: 0.1662, lr: 0.0009387718066217127
2026-01-20 16:02:17 - train: epoch 17, iter:50, loss: 0.1358, lr: 0.0009387718066217127
2026-01-20 16:02:20 - train: epoch 17, iter:60, loss: 0.1233, lr: 0.0009387718066217127
2026-01-20 16:02:23 - train: epoch 17, iter:70, loss: 0.1303, lr: 0.0009387718066217127
2026-01-20 16:02:26 - train: epoch 17, iter:80, loss: 0.1374, lr: 0.0009387718066217127
2026-01-20 16:02:26 - Finish one epoch train: epoch 17, loss: 0.1468, time(s): 24.88
2026-01-20 16:02:27 - idx 0 case patient050_frame01 mean_dice 0.827470 mean_hd95 3.197340
2026-01-20 16:02:28 - idx 1 case patient050_frame12 mean_dice 0.758395 mean_hd95 10.720907
2026-01-20 16:02:29 - idx 2 case patient037_frame01 mean_dice 0.773011 mean_hd95 4.788027
2026-01-20 16:02:30 - idx 3 case patient037_frame12 mean_dice 0.599518 mean_hd95 2.525497
2026-01-20 16:02:32 - idx 4 case patient095_frame01 mean_dice 0.919133 mean_hd95 1.000000
2026-01-20 16:02:34 - idx 5 case patient095_frame12 mean_dice 0.871113 mean_hd95 1.954568
2026-01-20 16:02:35 - idx 6 case patient047_frame01 mean_dice 0.841139 mean_hd95 2.078689
2026-01-20 16:02:36 - idx 7 case patient047_frame09 mean_dice 0.781264 mean_hd95 9.971117
2026-01-20 16:02:37 - idx 8 case patient044_frame01 mean_dice 0.850936 mean_hd95 3.404374
2026-01-20 16:02:38 - idx 9 case patient044_frame11 mean_dice 0.800451 mean_hd95 4.282732
2026-01-20 16:02:39 - idx 10 case patient064_frame01 mean_dice 0.911205 mean_hd95 3.236068
2026-01-20 16:02:40 - idx 11 case patient064_frame12 mean_dice 0.830334 mean_hd95 1.688165
2026-01-20 16:02:41 - idx 12 case patient017_frame01 mean_dice 0.884066 mean_hd95 1.382088
2026-01-20 16:02:42 - idx 13 case patient017_frame09 mean_dice 0.917872 mean_hd95 1.138071
2026-01-20 16:02:43 - idx 14 case patient039_frame01 mean_dice 0.903715 mean_hd95 4.243882
2026-01-20 16:02:44 - idx 15 case patient039_frame10 mean_dice 0.763688 mean_hd95 5.770487
2026-01-20 16:02:45 - idx 16 case patient041_frame01 mean_dice 0.893906 mean_hd95 1.000000
2026-01-20 16:02:46 - idx 17 case patient041_frame11 mean_dice 0.818448 mean_hd95 1.412023
2026-01-20 16:02:47 - idx 18 case patient067_frame01 mean_dice 0.849282 mean_hd95 3.054184
2026-01-20 16:02:48 - idx 19 case patient067_frame10 mean_dice 0.865543 mean_hd95 1.464112
2026-01-20 16:02:48 - Mean class 1 mean_dice 0.819939 mean_hd95 7.022480
2026-01-20 16:02:48 - Mean class 2 mean_dice 0.823730 mean_hd95 1.593263
2026-01-20 16:02:48 - Mean class 3 mean_dice 0.855404 mean_hd95 1.631106
2026-01-20 16:02:48 - val epoch: 17, mean_dice: 0.8330244302743286, mean_hd95: 3.4156165569083137, time(s): 22.37
2026-01-20 16:02:49 - train: epoch 18, iter:0, loss: 0.2055, lr: 0.0009310673033669524
2026-01-20 16:02:53 - train: epoch 18, iter:10, loss: 0.1528, lr: 0.0009310673033669524
2026-01-20 16:02:56 - train: epoch 18, iter:20, loss: 0.1274, lr: 0.0009310673033669524
2026-01-20 16:02:59 - train: epoch 18, iter:30, loss: 0.1162, lr: 0.0009310673033669524
2026-01-20 16:03:02 - train: epoch 18, iter:40, loss: 0.1032, lr: 0.0009310673033669524
2026-01-20 16:03:05 - train: epoch 18, iter:50, loss: 0.1361, lr: 0.0009310673033669524
2026-01-20 16:03:08 - train: epoch 18, iter:60, loss: 0.1579, lr: 0.0009310673033669524
2026-01-20 16:03:11 - train: epoch 18, iter:70, loss: 0.1251, lr: 0.0009310673033669524
2026-01-20 16:03:14 - train: epoch 18, iter:80, loss: 0.1423, lr: 0.0009310673033669524
2026-01-20 16:03:14 - Finish one epoch train: epoch 18, loss: 0.1478, time(s): 25.21
2026-01-20 16:03:15 - idx 0 case patient050_frame01 mean_dice 0.857257 mean_hd95 1.895186
2026-01-20 16:03:17 - idx 1 case patient050_frame12 mean_dice 0.818411 mean_hd95 2.157903
2026-01-20 16:03:18 - idx 2 case patient037_frame01 mean_dice 0.852519 mean_hd95 6.137757
2026-01-20 16:03:18 - idx 3 case patient037_frame12 mean_dice 0.605214 mean_hd95 7.906349
2026-01-20 16:03:20 - idx 4 case patient095_frame01 mean_dice 0.914963 mean_hd95 1.000000
2026-01-20 16:03:22 - idx 5 case patient095_frame12 mean_dice 0.885917 mean_hd95 1.609476
2026-01-20 16:03:23 - idx 6 case patient047_frame01 mean_dice 0.645194 mean_hd95 5.679742
2026-01-20 16:03:24 - idx 7 case patient047_frame09 mean_dice 0.622115 mean_hd95 9.102114
2026-01-20 16:03:25 - idx 8 case patient044_frame01 mean_dice 0.862180 mean_hd95 2.157379
2026-01-20 16:03:26 - idx 9 case patient044_frame11 mean_dice 0.790458 mean_hd95 7.827805
2026-01-20 16:03:27 - idx 10 case patient064_frame01 mean_dice 0.943466 mean_hd95 1.000000
2026-01-20 16:03:28 - idx 11 case patient064_frame12 mean_dice 0.909709 mean_hd95 1.000000
2026-01-20 16:03:30 - idx 12 case patient017_frame01 mean_dice 0.905001 mean_hd95 1.138071
2026-01-20 16:03:31 - idx 13 case patient017_frame09 mean_dice 0.916287 mean_hd95 1.000000
2026-01-20 16:03:32 - idx 14 case patient039_frame01 mean_dice 0.922504 mean_hd95 1.138071
2026-01-20 16:03:33 - idx 15 case patient039_frame10 mean_dice 0.851210 mean_hd95 20.999320
2026-01-20 16:03:33 - idx 16 case patient041_frame01 mean_dice 0.890507 mean_hd95 1.000000
2026-01-20 16:03:34 - idx 17 case patient041_frame11 mean_dice 0.697827 mean_hd95 4.635254
2026-01-20 16:03:35 - idx 18 case patient067_frame01 mean_dice 0.851342 mean_hd95 3.850400
2026-01-20 16:03:36 - idx 19 case patient067_frame10 mean_dice 0.863992 mean_hd95 5.451717
2026-01-20 16:03:36 - Mean class 1 mean_dice 0.737424 mean_hd95 3.976793
2026-01-20 16:03:36 - Mean class 2 mean_dice 0.845934 mean_hd95 2.969240
2026-01-20 16:03:36 - Mean class 3 mean_dice 0.907554 mean_hd95 6.056949
2026-01-20 16:03:36 - val epoch: 18, mean_dice: 0.8303037465808383, mean_hd95: 4.334327220826835, time(s): 22.23
2026-01-20 16:03:37 - train: epoch 19, iter:0, loss: 0.1710, lr: 0.0009229423231234977
2026-01-20 16:03:40 - train: epoch 19, iter:10, loss: 0.1523, lr: 0.0009229423231234977
2026-01-20 16:03:44 - train: epoch 19, iter:20, loss: 0.1994, lr: 0.0009229423231234977
2026-01-20 16:03:47 - train: epoch 19, iter:30, loss: 0.1357, lr: 0.0009229423231234977
2026-01-20 16:03:50 - train: epoch 19, iter:40, loss: 0.1259, lr: 0.0009229423231234977
2026-01-20 16:03:53 - train: epoch 19, iter:50, loss: 0.1440, lr: 0.0009229423231234977
2026-01-20 16:03:56 - train: epoch 19, iter:60, loss: 0.1069, lr: 0.0009229423231234977
2026-01-20 16:03:59 - train: epoch 19, iter:70, loss: 0.1614, lr: 0.0009229423231234977
2026-01-20 16:04:02 - train: epoch 19, iter:80, loss: 0.1255, lr: 0.0009229423231234977
2026-01-20 16:04:02 - Finish one epoch train: epoch 19, loss: 0.1467, time(s): 25.30
2026-01-20 16:04:04 - idx 0 case patient050_frame01 mean_dice 0.893647 mean_hd95 1.276142
2026-01-20 16:04:05 - idx 1 case patient050_frame12 mean_dice 0.792611 mean_hd95 9.680422
2026-01-20 16:04:06 - idx 2 case patient037_frame01 mean_dice 0.819023 mean_hd95 3.873044
2026-01-20 16:04:06 - idx 3 case patient037_frame12 mean_dice 0.615452 mean_hd95 12.146373
2026-01-20 16:04:08 - idx 4 case patient095_frame01 mean_dice 0.922746 mean_hd95 1.000000
2026-01-20 16:04:09 - idx 5 case patient095_frame12 mean_dice 0.849871 mean_hd95 1.991564
2026-01-20 16:04:11 - idx 6 case patient047_frame01 mean_dice 0.824860 mean_hd95 1.656040
2026-01-20 16:04:12 - idx 7 case patient047_frame09 mean_dice 0.755172 mean_hd95 3.303730
2026-01-20 16:04:13 - idx 8 case patient044_frame01 mean_dice 0.918440 mean_hd95 1.000000
2026-01-20 16:04:14 - idx 9 case patient044_frame11 mean_dice 0.851195 mean_hd95 2.414214
2026-01-20 16:04:15 - idx 10 case patient064_frame01 mean_dice 0.950943 mean_hd95 1.000000
2026-01-20 16:04:16 - idx 11 case patient064_frame12 mean_dice 0.918794 mean_hd95 1.138071
2026-01-20 16:04:17 - idx 12 case patient017_frame01 mean_dice 0.917337 mean_hd95 1.000000
2026-01-20 16:04:18 - idx 13 case patient017_frame09 mean_dice 0.927688 mean_hd95 1.000000
2026-01-20 16:04:19 - idx 14 case patient039_frame01 mean_dice 0.928671 mean_hd95 1.000000
2026-01-20 16:04:20 - idx 15 case patient039_frame10 mean_dice 0.811653 mean_hd95 10.855136
2026-01-20 16:04:21 - idx 16 case patient041_frame01 mean_dice 0.888379 mean_hd95 1.000000
2026-01-20 16:04:22 - idx 17 case patient041_frame11 mean_dice 0.813364 mean_hd95 1.954568
2026-01-20 16:04:23 - idx 18 case patient067_frame01 mean_dice 0.899056 mean_hd95 1.471405
2026-01-20 16:04:24 - idx 19 case patient067_frame10 mean_dice 0.910216 mean_hd95 1.772208
2026-01-20 16:04:24 - Mean class 1 mean_dice 0.816293 mean_hd95 3.321601
2026-01-20 16:04:24 - Mean class 2 mean_dice 0.853530 mean_hd95 2.432900
2026-01-20 16:04:24 - Mean class 3 mean_dice 0.911544 mean_hd95 3.325437
2026-01-20 16:04:24 - val epoch: 19, mean_dice: 0.8604558129121859, mean_hd95: 3.0266458434209844, time(s): 21.87
2026-01-20 16:04:25 - train: epoch 20, iter:0, loss: 0.1134, lr: 0.0009144048842659084
2026-01-20 16:04:28 - train: epoch 20, iter:10, loss: 0.1306, lr: 0.0009144048842659084
2026-01-20 16:04:32 - train: epoch 20, iter:20, loss: 0.1161, lr: 0.0009144048842659084
2026-01-20 16:04:35 - train: epoch 20, iter:30, loss: 0.1246, lr: 0.0009144048842659084
2026-01-20 16:04:38 - train: epoch 20, iter:40, loss: 0.1450, lr: 0.0009144048842659084
2026-01-20 16:04:42 - train: epoch 20, iter:50, loss: 0.1058, lr: 0.0009144048842659084
2026-01-20 16:04:45 - train: epoch 20, iter:60, loss: 0.1185, lr: 0.0009144048842659084
2026-01-20 16:04:48 - train: epoch 20, iter:70, loss: 0.1312, lr: 0.0009144048842659084
2026-01-20 16:04:51 - train: epoch 20, iter:80, loss: 0.1663, lr: 0.0009144048842659084
2026-01-20 16:04:51 - Finish one epoch train: epoch 20, loss: 0.1333, time(s): 26.00
2026-01-20 16:04:52 - idx 0 case patient050_frame01 mean_dice 0.870101 mean_hd95 3.116156
2026-01-20 16:04:53 - idx 1 case patient050_frame12 mean_dice 0.709021 mean_hd95 13.403235
2026-01-20 16:04:54 - idx 2 case patient037_frame01 mean_dice 0.838825 mean_hd95 1.666667
2026-01-20 16:04:55 - idx 3 case patient037_frame12 mean_dice 0.714739 mean_hd95 3.725904
2026-01-20 16:04:57 - idx 4 case patient095_frame01 mean_dice 0.920362 mean_hd95 1.000000
2026-01-20 16:04:58 - idx 5 case patient095_frame12 mean_dice 0.885247 mean_hd95 1.609476
2026-01-20 16:04:59 - idx 6 case patient047_frame01 mean_dice 0.867461 mean_hd95 7.085219
2026-01-20 16:05:00 - idx 7 case patient047_frame09 mean_dice 0.784149 mean_hd95 9.881003
2026-01-20 16:05:01 - idx 8 case patient044_frame01 mean_dice 0.918916 mean_hd95 1.000000
2026-01-20 16:05:03 - idx 9 case patient044_frame11 mean_dice 0.837638 mean_hd95 1.621234
2026-01-20 16:05:04 - idx 10 case patient064_frame01 mean_dice 0.945585 mean_hd95 1.000000
2026-01-20 16:05:05 - idx 11 case patient064_frame12 mean_dice 0.917795 mean_hd95 1.138071
2026-01-20 16:05:06 - idx 12 case patient017_frame01 mean_dice 0.917325 mean_hd95 1.000000
2026-01-20 16:05:07 - idx 13 case patient017_frame09 mean_dice 0.923816 mean_hd95 1.000000
2026-01-20 16:05:08 - idx 14 case patient039_frame01 mean_dice 0.931958 mean_hd95 1.000000
2026-01-20 16:05:09 - idx 15 case patient039_frame10 mean_dice 0.765367 mean_hd95 14.189714
2026-01-20 16:05:10 - idx 16 case patient041_frame01 mean_dice 0.892700 mean_hd95 1.000000
2026-01-20 16:05:10 - idx 17 case patient041_frame11 mean_dice 0.789104 mean_hd95 1.688165
2026-01-20 16:05:12 - idx 18 case patient067_frame01 mean_dice 0.922639 mean_hd95 1.000000
2026-01-20 16:05:13 - idx 19 case patient067_frame10 mean_dice 0.878985 mean_hd95 2.333333
2026-01-20 16:05:13 - Mean class 1 mean_dice 0.831677 mean_hd95 4.915250
2026-01-20 16:05:13 - Mean class 2 mean_dice 0.850412 mean_hd95 2.837424
2026-01-20 16:05:13 - Mean class 3 mean_dice 0.902671 mean_hd95 2.666052
2026-01-20 16:05:13 - val epoch: 20, mean_dice: 0.8615865404025557, mean_hd95: 3.472908849063287, time(s): 21.95
2026-01-20 16:05:14 - train: epoch 21, iter:0, loss: 0.1288, lr: 0.0009054634122155993
2026-01-20 16:05:17 - train: epoch 21, iter:10, loss: 0.1255, lr: 0.0009054634122155993
2026-01-20 16:05:20 - train: epoch 21, iter:20, loss: 0.1634, lr: 0.0009054634122155993
2026-01-20 16:05:23 - train: epoch 21, iter:30, loss: 0.1790, lr: 0.0009054634122155993
2026-01-20 16:05:27 - train: epoch 21, iter:40, loss: 0.1324, lr: 0.0009054634122155993
2026-01-20 16:05:30 - train: epoch 21, iter:50, loss: 0.1619, lr: 0.0009054634122155993
2026-01-20 16:05:33 - train: epoch 21, iter:60, loss: 0.1180, lr: 0.0009054634122155993
2026-01-20 16:05:36 - train: epoch 21, iter:70, loss: 0.1487, lr: 0.0009054634122155993
2026-01-20 16:05:39 - train: epoch 21, iter:80, loss: 0.2650, lr: 0.0009054634122155993
2026-01-20 16:05:39 - Finish one epoch train: epoch 21, loss: 0.1398, time(s): 25.29
2026-01-20 16:05:40 - idx 0 case patient050_frame01 mean_dice 0.873286 mean_hd95 7.708843
2026-01-20 16:05:42 - idx 1 case patient050_frame12 mean_dice 0.741544 mean_hd95 11.069686
2026-01-20 16:05:43 - idx 2 case patient037_frame01 mean_dice 0.856119 mean_hd95 1.483163
2026-01-20 16:05:43 - idx 3 case patient037_frame12 mean_dice 0.669429 mean_hd95 10.868690
2026-01-20 16:05:45 - idx 4 case patient095_frame01 mean_dice 0.921493 mean_hd95 1.000000
2026-01-20 16:05:47 - idx 5 case patient095_frame12 mean_dice 0.888105 mean_hd95 1.804738
2026-01-20 16:05:48 - idx 6 case patient047_frame01 mean_dice 0.892356 mean_hd95 2.138071
2026-01-20 16:05:49 - idx 7 case patient047_frame09 mean_dice 0.834634 mean_hd95 9.286739
2026-01-20 16:05:51 - idx 8 case patient044_frame01 mean_dice 0.915550 mean_hd95 1.000000
2026-01-20 16:05:52 - idx 9 case patient044_frame11 mean_dice 0.831917 mean_hd95 1.666667
2026-01-20 16:05:53 - idx 10 case patient064_frame01 mean_dice 0.942819 mean_hd95 1.000000
2026-01-20 16:05:54 - idx 11 case patient064_frame12 mean_dice 0.917531 mean_hd95 1.138071
2026-01-20 16:05:55 - idx 12 case patient017_frame01 mean_dice 0.919150 mean_hd95 1.000000
2026-01-20 16:05:56 - idx 13 case patient017_frame09 mean_dice 0.927502 mean_hd95 1.000000
2026-01-20 16:05:58 - idx 14 case patient039_frame01 mean_dice 0.932220 mean_hd95 1.000000
2026-01-20 16:05:59 - idx 15 case patient039_frame10 mean_dice 0.808185 mean_hd95 9.682856
2026-01-20 16:05:59 - idx 16 case patient041_frame01 mean_dice 0.896747 mean_hd95 1.000000
2026-01-20 16:06:00 - idx 17 case patient041_frame11 mean_dice 0.787253 mean_hd95 2.078689
2026-01-20 16:06:01 - idx 18 case patient067_frame01 mean_dice 0.904710 mean_hd95 1.000000
2026-01-20 16:06:03 - idx 19 case patient067_frame10 mean_dice 0.901414 mean_hd95 1.000000
2026-01-20 16:06:03 - Mean class 1 mean_dice 0.835044 mean_hd95 5.312794
2026-01-20 16:06:03 - Mean class 2 mean_dice 0.861365 mean_hd95 2.001017
2026-01-20 16:06:03 - Mean class 3 mean_dice 0.907886 mean_hd95 2.875121
2026-01-20 16:06:03 - val epoch: 21, mean_dice: 0.8680980904602489, mean_hd95: 3.3963106811523303, time(s): 23.65
2026-01-20 16:06:04 - train: epoch 22, iter:0, loss: 0.1097, lr: 0.000896126731125967
2026-01-20 16:06:07 - train: epoch 22, iter:10, loss: 0.1679, lr: 0.000896126731125967
2026-01-20 16:06:10 - train: epoch 22, iter:20, loss: 0.1265, lr: 0.000896126731125967
2026-01-20 16:06:14 - train: epoch 22, iter:30, loss: 0.2579, lr: 0.000896126731125967
2026-01-20 16:06:17 - train: epoch 22, iter:40, loss: 0.1178, lr: 0.000896126731125967
2026-01-20 16:06:20 - train: epoch 22, iter:50, loss: 0.0958, lr: 0.000896126731125967
2026-01-20 16:06:24 - train: epoch 22, iter:60, loss: 0.1387, lr: 0.000896126731125967
2026-01-20 16:06:27 - train: epoch 22, iter:70, loss: 0.1132, lr: 0.000896126731125967
2026-01-20 16:06:30 - train: epoch 22, iter:80, loss: 0.1260, lr: 0.000896126731125967
2026-01-20 16:06:30 - Finish one epoch train: epoch 22, loss: 0.1357, time(s): 26.35
2026-01-20 16:06:31 - idx 0 case patient050_frame01 mean_dice 0.888482 mean_hd95 2.433985
2026-01-20 16:06:33 - idx 1 case patient050_frame12 mean_dice 0.772067 mean_hd95 4.200775
2026-01-20 16:06:33 - idx 2 case patient037_frame01 mean_dice 0.880458 mean_hd95 1.138071
2026-01-20 16:06:34 - idx 3 case patient037_frame12 mean_dice 0.491459 mean_hd95 7.585528
2026-01-20 16:06:36 - idx 4 case patient095_frame01 mean_dice 0.930658 mean_hd95 1.000000
2026-01-20 16:06:37 - idx 5 case patient095_frame12 mean_dice 0.865765 mean_hd95 1.953670
2026-01-20 16:06:38 - idx 6 case patient047_frame01 mean_dice 0.851267 mean_hd95 1.412023
2026-01-20 16:06:39 - idx 7 case patient047_frame09 mean_dice 0.851897 mean_hd95 1.550094
2026-01-20 16:06:41 - idx 8 case patient044_frame01 mean_dice 0.910563 mean_hd95 1.000000
2026-01-20 16:06:42 - idx 9 case patient044_frame11 mean_dice 0.861817 mean_hd95 1.538290
2026-01-20 16:06:43 - idx 10 case patient064_frame01 mean_dice 0.948240 mean_hd95 1.000000
2026-01-20 16:06:44 - idx 11 case patient064_frame12 mean_dice 0.865448 mean_hd95 1.276142
2026-01-20 16:06:45 - idx 12 case patient017_frame01 mean_dice 0.905949 mean_hd95 1.000000
2026-01-20 16:06:46 - idx 13 case patient017_frame09 mean_dice 0.926926 mean_hd95 1.000000
2026-01-20 16:06:47 - idx 14 case patient039_frame01 mean_dice 0.920311 mean_hd95 1.000000
2026-01-20 16:06:48 - idx 15 case patient039_frame10 mean_dice 0.751125 mean_hd95 2.138071
2026-01-20 16:06:49 - idx 16 case patient041_frame01 mean_dice 0.897753 mean_hd95 1.000000
2026-01-20 16:06:50 - idx 17 case patient041_frame11 mean_dice 0.809624 mean_hd95 1.609476
2026-01-20 16:06:51 - idx 18 case patient067_frame01 mean_dice 0.904880 mean_hd95 1.138071
2026-01-20 16:06:52 - idx 19 case patient067_frame10 mean_dice 0.893366 mean_hd95 2.446663
2026-01-20 16:06:52 - Mean class 1 mean_dice 0.826627 mean_hd95 2.221991
2026-01-20 16:06:52 - Mean class 2 mean_dice 0.846015 mean_hd95 1.485274
2026-01-20 16:06:52 - Mean class 3 mean_dice 0.896567 mean_hd95 1.905864
2026-01-20 16:06:52 - val epoch: 22, mean_dice: 0.8564029059402213, mean_hd95: 1.8710430385220356, time(s): 22.08
2026-01-20 16:06:53 - train: epoch 23, iter:0, loss: 0.1122, lr: 0.000886404055174016
2026-01-20 16:06:56 - train: epoch 23, iter:10, loss: 0.1543, lr: 0.000886404055174016
2026-01-20 16:06:59 - train: epoch 23, iter:20, loss: 0.1281, lr: 0.000886404055174016
2026-01-20 16:07:02 - train: epoch 23, iter:30, loss: 0.1345, lr: 0.000886404055174016
2026-01-20 16:07:06 - train: epoch 23, iter:40, loss: 0.1301, lr: 0.000886404055174016
2026-01-20 16:07:09 - train: epoch 23, iter:50, loss: 0.1121, lr: 0.000886404055174016
2026-01-20 16:07:12 - train: epoch 23, iter:60, loss: 0.1695, lr: 0.000886404055174016
2026-01-20 16:07:15 - train: epoch 23, iter:70, loss: 0.0995, lr: 0.000886404055174016
2026-01-20 16:07:18 - train: epoch 23, iter:80, loss: 0.1408, lr: 0.000886404055174016
2026-01-20 16:07:18 - Finish one epoch train: epoch 23, loss: 0.1358, time(s): 25.38
2026-01-20 16:07:20 - idx 0 case patient050_frame01 mean_dice 0.837404 mean_hd95 8.054210
2026-01-20 16:07:21 - idx 1 case patient050_frame12 mean_dice 0.735137 mean_hd95 12.148463
2026-01-20 16:07:22 - idx 2 case patient037_frame01 mean_dice 0.828284 mean_hd95 2.119633
2026-01-20 16:07:22 - idx 3 case patient037_frame12 mean_dice 0.504789 mean_hd95 10.415957
2026-01-20 16:07:24 - idx 4 case patient095_frame01 mean_dice 0.927524 mean_hd95 1.000000
2026-01-20 16:07:26 - idx 5 case patient095_frame12 mean_dice 0.818416 mean_hd95 1.804738
2026-01-20 16:07:27 - idx 6 case patient047_frame01 mean_dice 0.869690 mean_hd95 1.333333
2026-01-20 16:07:28 - idx 7 case patient047_frame09 mean_dice 0.819097 mean_hd95 1.922569
2026-01-20 16:07:29 - idx 8 case patient044_frame01 mean_dice 0.898803 mean_hd95 1.333333
2026-01-20 16:07:30 - idx 9 case patient044_frame11 mean_dice 0.860618 mean_hd95 1.550094
2026-01-20 16:07:31 - idx 10 case patient064_frame01 mean_dice 0.925023 mean_hd95 1.333333
2026-01-20 16:07:33 - idx 11 case patient064_frame12 mean_dice 0.803436 mean_hd95 2.216761
2026-01-20 16:07:34 - idx 12 case patient017_frame01 mean_dice 0.902513 mean_hd95 1.138071
2026-01-20 16:07:35 - idx 13 case patient017_frame09 mean_dice 0.925581 mean_hd95 1.000000
2026-01-20 16:07:36 - idx 14 case patient039_frame01 mean_dice 0.921013 mean_hd95 1.000000
2026-01-20 16:07:37 - idx 15 case patient039_frame10 mean_dice 0.736578 mean_hd95 2.078689
2026-01-20 16:07:37 - idx 16 case patient041_frame01 mean_dice 0.896378 mean_hd95 1.000000
2026-01-20 16:07:38 - idx 17 case patient041_frame11 mean_dice 0.856891 mean_hd95 1.138071
2026-01-20 16:07:39 - idx 18 case patient067_frame01 mean_dice 0.889848 mean_hd95 1.333333
2026-01-20 16:07:40 - idx 19 case patient067_frame10 mean_dice 0.918760 mean_hd95 1.000000
2026-01-20 16:07:40 - Mean class 1 mean_dice 0.769938 mean_hd95 5.594507
2026-01-20 16:07:40 - Mean class 2 mean_dice 0.860584 mean_hd95 1.328553
2026-01-20 16:07:40 - Mean class 3 mean_dice 0.900845 mean_hd95 1.315028
2026-01-20 16:07:40 - val epoch: 23, mean_dice: 0.843789162932416, mean_hd95: 2.7460295077768513, time(s): 22.18
2026-01-20 16:07:41 - train: epoch 24, iter:0, loss: 0.1158, lr: 0.0008763049794670778
2026-01-20 16:07:44 - train: epoch 24, iter:10, loss: 0.1231, lr: 0.0008763049794670778
2026-01-20 16:07:47 - train: epoch 24, iter:20, loss: 0.1792, lr: 0.0008763049794670778
2026-01-20 16:07:51 - train: epoch 24, iter:30, loss: 0.1273, lr: 0.0008763049794670778
2026-01-20 16:07:54 - train: epoch 24, iter:40, loss: 0.1419, lr: 0.0008763049794670778
2026-01-20 16:07:57 - train: epoch 24, iter:50, loss: 0.1129, lr: 0.0008763049794670778
2026-01-20 16:08:00 - train: epoch 24, iter:60, loss: 0.1036, lr: 0.0008763049794670778
2026-01-20 16:08:03 - train: epoch 24, iter:70, loss: 0.1278, lr: 0.0008763049794670778
2026-01-20 16:08:06 - train: epoch 24, iter:80, loss: 0.1440, lr: 0.0008763049794670778
2026-01-20 16:08:06 - Finish one epoch train: epoch 24, loss: 0.1265, time(s): 25.47
2026-01-20 16:08:08 - idx 0 case patient050_frame01 mean_dice 0.857662 mean_hd95 7.411795
2026-01-20 16:08:09 - idx 1 case patient050_frame12 mean_dice 0.781610 mean_hd95 10.039910
2026-01-20 16:08:10 - idx 2 case patient037_frame01 mean_dice 0.882304 mean_hd95 1.483163
2026-01-20 16:08:11 - idx 3 case patient037_frame12 mean_dice 0.559713 mean_hd95 3.524330
2026-01-20 16:08:12 - idx 4 case patient095_frame01 mean_dice 0.930470 mean_hd95 1.000000
2026-01-20 16:08:14 - idx 5 case patient095_frame12 mean_dice 0.861733 mean_hd95 2.216761
2026-01-20 16:08:15 - idx 6 case patient047_frame01 mean_dice 0.839114 mean_hd95 1.666667
2026-01-20 16:08:16 - idx 7 case patient047_frame09 mean_dice 0.803987 mean_hd95 2.276142
2026-01-20 16:08:17 - idx 8 case patient044_frame01 mean_dice 0.916947 mean_hd95 1.000000
2026-01-20 16:08:19 - idx 9 case patient044_frame11 mean_dice 0.854509 mean_hd95 1.794111
2026-01-20 16:08:20 - idx 10 case patient064_frame01 mean_dice 0.950138 mean_hd95 1.000000
2026-01-20 16:08:21 - idx 11 case patient064_frame12 mean_dice 0.918085 mean_hd95 1.000000
2026-01-20 16:08:22 - idx 12 case patient017_frame01 mean_dice 0.914026 mean_hd95 1.000000
2026-01-20 16:08:23 - idx 13 case patient017_frame09 mean_dice 0.920958 mean_hd95 1.138071
2026-01-20 16:08:24 - idx 14 case patient039_frame01 mean_dice 0.935170 mean_hd95 1.000000
2026-01-20 16:08:25 - idx 15 case patient039_frame10 mean_dice 0.843939 mean_hd95 6.459915
2026-01-20 16:08:26 - idx 16 case patient041_frame01 mean_dice 0.895576 mean_hd95 1.000000
2026-01-20 16:08:26 - idx 17 case patient041_frame11 mean_dice 0.832269 mean_hd95 1.471405
2026-01-20 16:08:28 - idx 18 case patient067_frame01 mean_dice 0.905181 mean_hd95 1.000000
2026-01-20 16:08:29 - idx 19 case patient067_frame10 mean_dice 0.880850 mean_hd95 1.720759
2026-01-20 16:08:29 - Mean class 1 mean_dice 0.819042 mean_hd95 3.959972
2026-01-20 16:08:29 - Mean class 2 mean_dice 0.858386 mean_hd95 1.482378
2026-01-20 16:08:29 - Mean class 3 mean_dice 0.915209 mean_hd95 1.938104
2026-01-20 16:08:29 - val epoch: 24, mean_dice: 0.8642120106058467, mean_hd95: 2.460151375270046, time(s): 22.44
2026-01-20 16:08:30 - train: epoch 25, iter:0, loss: 0.1149, lr: 0.000865839470573599
2026-01-20 16:08:33 - train: epoch 25, iter:10, loss: 0.0950, lr: 0.000865839470573599
2026-01-20 16:08:36 - train: epoch 25, iter:20, loss: 0.1077, lr: 0.000865839470573599
2026-01-20 16:08:40 - train: epoch 25, iter:30, loss: 0.1181, lr: 0.000865839470573599
2026-01-20 16:08:43 - train: epoch 25, iter:40, loss: 0.1076, lr: 0.000865839470573599
2026-01-20 16:08:46 - train: epoch 25, iter:50, loss: 0.1129, lr: 0.000865839470573599
2026-01-20 16:08:49 - train: epoch 25, iter:60, loss: 0.1122, lr: 0.000865839470573599
2026-01-20 16:08:52 - train: epoch 25, iter:70, loss: 0.1435, lr: 0.000865839470573599
2026-01-20 16:08:55 - train: epoch 25, iter:80, loss: 0.1715, lr: 0.000865839470573599
2026-01-20 16:08:55 - Finish one epoch train: epoch 25, loss: 0.1230, time(s): 25.73
2026-01-20 16:08:57 - idx 0 case patient050_frame01 mean_dice 0.868408 mean_hd95 7.057281
2026-01-20 16:08:58 - idx 1 case patient050_frame12 mean_dice 0.753449 mean_hd95 10.717750
2026-01-20 16:08:59 - idx 2 case patient037_frame01 mean_dice 0.888014 mean_hd95 1.138071
2026-01-20 16:09:00 - idx 3 case patient037_frame12 mean_dice 0.679937 mean_hd95 5.838524
2026-01-20 16:09:01 - idx 4 case patient095_frame01 mean_dice 0.928706 mean_hd95 1.000000
2026-01-20 16:09:03 - idx 5 case patient095_frame12 mean_dice 0.846134 mean_hd95 1.804738
2026-01-20 16:09:04 - idx 6 case patient047_frame01 mean_dice 0.887834 mean_hd95 8.056174
2026-01-20 16:09:05 - idx 7 case patient047_frame09 mean_dice 0.809890 mean_hd95 10.122582
2026-01-20 16:09:06 - idx 8 case patient044_frame01 mean_dice 0.908865 mean_hd95 1.000000
2026-01-20 16:09:07 - idx 9 case patient044_frame11 mean_dice 0.832997 mean_hd95 1.745356
2026-01-20 16:09:08 - idx 10 case patient064_frame01 mean_dice 0.940360 mean_hd95 1.000000
2026-01-20 16:09:09 - idx 11 case patient064_frame12 mean_dice 0.862284 mean_hd95 1.471405
2026-01-20 16:09:10 - idx 12 case patient017_frame01 mean_dice 0.906094 mean_hd95 1.138071
2026-01-20 16:09:12 - idx 13 case patient017_frame09 mean_dice 0.918998 mean_hd95 1.000000
2026-01-20 16:09:13 - idx 14 case patient039_frame01 mean_dice 0.927641 mean_hd95 1.000000
2026-01-20 16:09:14 - idx 15 case patient039_frame10 mean_dice 0.815632 mean_hd95 10.863702
2026-01-20 16:09:14 - idx 16 case patient041_frame01 mean_dice 0.895638 mean_hd95 1.000000
2026-01-20 16:09:15 - idx 17 case patient041_frame11 mean_dice 0.800085 mean_hd95 2.228519
2026-01-20 16:09:16 - idx 18 case patient067_frame01 mean_dice 0.908765 mean_hd95 1.000000
2026-01-20 16:09:17 - idx 19 case patient067_frame10 mean_dice 0.864259 mean_hd95 4.506416
2026-01-20 16:09:17 - Mean class 1 mean_dice 0.820051 mean_hd95 5.906035
2026-01-20 16:09:17 - Mean class 2 mean_dice 0.856062 mean_hd95 2.056565
2026-01-20 16:09:17 - Mean class 3 mean_dice 0.910485 mean_hd95 3.090689
2026-01-20 16:09:17 - val epoch: 25, mean_dice: 0.8621994516815784, mean_hd95: 3.6844293872344207, time(s): 21.85
2026-01-20 16:09:18 - train: epoch 26, iter:0, loss: 0.1207, lr: 0.0008550178566873413
2026-01-20 16:09:21 - train: epoch 26, iter:10, loss: 0.1112, lr: 0.0008550178566873413
2026-01-20 16:09:25 - train: epoch 26, iter:20, loss: 0.1303, lr: 0.0008550178566873413
2026-01-20 16:09:28 - train: epoch 26, iter:30, loss: 0.1053, lr: 0.0008550178566873413
2026-01-20 16:09:31 - train: epoch 26, iter:40, loss: 0.1437, lr: 0.0008550178566873413
2026-01-20 16:09:34 - train: epoch 26, iter:50, loss: 0.1123, lr: 0.0008550178566873413
2026-01-20 16:09:37 - train: epoch 26, iter:60, loss: 0.1100, lr: 0.0008550178566873413
2026-01-20 16:09:40 - train: epoch 26, iter:70, loss: 0.1484, lr: 0.0008550178566873413
2026-01-20 16:09:43 - train: epoch 26, iter:80, loss: 0.1255, lr: 0.0008550178566873413
2026-01-20 16:09:43 - Finish one epoch train: epoch 26, loss: 0.1253, time(s): 25.44
2026-01-20 16:09:45 - idx 0 case patient050_frame01 mean_dice 0.874392 mean_hd95 3.641726
2026-01-20 16:09:46 - idx 1 case patient050_frame12 mean_dice 0.780981 mean_hd95 10.364909
2026-01-20 16:09:47 - idx 2 case patient037_frame01 mean_dice 0.896209 mean_hd95 1.000000
2026-01-20 16:09:48 - idx 3 case patient037_frame12 mean_dice 0.626416 mean_hd95 7.448085
2026-01-20 16:09:49 - idx 4 case patient095_frame01 mean_dice 0.930223 mean_hd95 1.000000
2026-01-20 16:09:51 - idx 5 case patient095_frame12 mean_dice 0.885902 mean_hd95 1.747547
2026-01-20 16:09:52 - idx 6 case patient047_frame01 mean_dice 0.850753 mean_hd95 1.666667
2026-01-20 16:09:53 - idx 7 case patient047_frame09 mean_dice 0.743486 mean_hd95 2.437731
2026-01-20 16:09:54 - idx 8 case patient044_frame01 mean_dice 0.906133 mean_hd95 1.000000
2026-01-20 16:09:55 - idx 9 case patient044_frame11 mean_dice 0.844928 mean_hd95 1.621234
2026-01-20 16:09:57 - idx 10 case patient064_frame01 mean_dice 0.935886 mean_hd95 1.000000
2026-01-20 16:09:58 - idx 11 case patient064_frame12 mean_dice 0.855399 mean_hd95 1.244017
2026-01-20 16:09:59 - idx 12 case patient017_frame01 mean_dice 0.879668 mean_hd95 1.471405
2026-01-20 16:10:00 - idx 13 case patient017_frame09 mean_dice 0.902815 mean_hd95 1.244017
2026-01-20 16:10:01 - idx 14 case patient039_frame01 mean_dice 0.927904 mean_hd95 1.000000
2026-01-20 16:10:02 - idx 15 case patient039_frame10 mean_dice 0.802547 mean_hd95 1.520159
2026-01-20 16:10:03 - idx 16 case patient041_frame01 mean_dice 0.895399 mean_hd95 1.000000
2026-01-20 16:10:03 - idx 17 case patient041_frame11 mean_dice 0.796079 mean_hd95 2.787694
2026-01-20 16:10:04 - idx 18 case patient067_frame01 mean_dice 0.895931 mean_hd95 1.382088
2026-01-20 16:10:06 - idx 19 case patient067_frame10 mean_dice 0.898625 mean_hd95 1.138071
2026-01-20 16:10:06 - Mean class 1 mean_dice 0.805532 mean_hd95 3.449872
2026-01-20 16:10:06 - Mean class 2 mean_dice 0.854943 mean_hd95 1.461036
2026-01-20 16:10:06 - Mean class 3 mean_dice 0.908976 mean_hd95 1.946395
2026-01-20 16:10:06 - val epoch: 26, mean_dice: 0.8564837577293288, mean_hd95: 2.285767508224381, time(s): 22.36
2026-01-20 16:10:07 - train: epoch 27, iter:0, loss: 0.1009, lr: 0.0008438508174347012
2026-01-20 16:10:10 - train: epoch 27, iter:10, loss: 0.1052, lr: 0.0008438508174347012
2026-01-20 16:10:13 - train: epoch 27, iter:20, loss: 0.1179, lr: 0.0008438508174347012
2026-01-20 16:10:16 - train: epoch 27, iter:30, loss: 0.1178, lr: 0.0008438508174347012
2026-01-20 16:10:19 - train: epoch 27, iter:40, loss: 0.1335, lr: 0.0008438508174347012
2026-01-20 16:10:22 - train: epoch 27, iter:50, loss: 0.1541, lr: 0.0008438508174347012
2026-01-20 16:10:25 - train: epoch 27, iter:60, loss: 0.1284, lr: 0.0008438508174347012
2026-01-20 16:10:28 - train: epoch 27, iter:70, loss: 0.1256, lr: 0.0008438508174347012
2026-01-20 16:10:31 - train: epoch 27, iter:80, loss: 0.1004, lr: 0.0008438508174347012
2026-01-20 16:10:31 - Finish one epoch train: epoch 27, loss: 0.1221, time(s): 25.13
2026-01-20 16:10:33 - idx 0 case patient050_frame01 mean_dice 0.882375 mean_hd95 3.112799
2026-01-20 16:10:34 - idx 1 case patient050_frame12 mean_dice 0.757857 mean_hd95 10.112097
2026-01-20 16:10:35 - idx 2 case patient037_frame01 mean_dice 0.871987 mean_hd95 1.244017
2026-01-20 16:10:36 - idx 3 case patient037_frame12 mean_dice 0.803916 mean_hd95 1.609476
2026-01-20 16:10:37 - idx 4 case patient095_frame01 mean_dice 0.930885 mean_hd95 1.000000
2026-01-20 16:10:39 - idx 5 case patient095_frame12 mean_dice 0.886389 mean_hd95 1.550094
2026-01-20 16:10:40 - idx 6 case patient047_frame01 mean_dice 0.891425 mean_hd95 1.276142
2026-01-20 16:10:41 - idx 7 case patient047_frame09 mean_dice 0.836267 mean_hd95 1.964776
2026-01-20 16:10:42 - idx 8 case patient044_frame01 mean_dice 0.916248 mean_hd95 1.138071
2026-01-20 16:10:43 - idx 9 case patient044_frame11 mean_dice 0.841457 mean_hd95 1.688165
2026-01-20 16:10:45 - idx 10 case patient064_frame01 mean_dice 0.947161 mean_hd95 1.000000
2026-01-20 16:10:46 - idx 11 case patient064_frame12 mean_dice 0.872749 mean_hd95 1.244017
2026-01-20 16:10:47 - idx 12 case patient017_frame01 mean_dice 0.910232 mean_hd95 1.000000
2026-01-20 16:10:48 - idx 13 case patient017_frame09 mean_dice 0.925026 mean_hd95 1.000000
2026-01-20 16:10:49 - idx 14 case patient039_frame01 mean_dice 0.928776 mean_hd95 1.000000
2026-01-20 16:10:50 - idx 15 case patient039_frame10 mean_dice 0.803582 mean_hd95 1.883427
2026-01-20 16:10:51 - idx 16 case patient041_frame01 mean_dice 0.894132 mean_hd95 1.000000
2026-01-20 16:10:51 - idx 17 case patient041_frame11 mean_dice 0.786655 mean_hd95 2.236068
2026-01-20 16:10:53 - idx 18 case patient067_frame01 mean_dice 0.924287 mean_hd95 1.000000
2026-01-20 16:10:54 - idx 19 case patient067_frame10 mean_dice 0.899122 mean_hd95 1.138071
2026-01-20 16:10:54 - Mean class 1 mean_dice 0.856742 mean_hd95 2.971005
2026-01-20 16:10:54 - Mean class 2 mean_dice 0.858949 mean_hd95 1.336237
2026-01-20 16:10:54 - Mean class 3 mean_dice 0.910889 mean_hd95 1.272341
2026-01-20 16:10:54 - val epoch: 27, mean_dice: 0.875526484624876, mean_hd95: 1.8598610627459726, time(s): 22.66
2026-01-20 16:10:55 - train: epoch 28, iter:0, loss: 0.1160, lr: 0.000832349373335208
2026-01-20 16:10:58 - train: epoch 28, iter:10, loss: 0.1445, lr: 0.000832349373335208
2026-01-20 16:11:01 - train: epoch 28, iter:20, loss: 0.1780, lr: 0.000832349373335208
2026-01-20 16:11:04 - train: epoch 28, iter:30, loss: 0.1307, lr: 0.000832349373335208
2026-01-20 16:11:07 - train: epoch 28, iter:40, loss: 0.1130, lr: 0.000832349373335208
2026-01-20 16:11:11 - train: epoch 28, iter:50, loss: 0.1265, lr: 0.000832349373335208
2026-01-20 16:11:14 - train: epoch 28, iter:60, loss: 0.0902, lr: 0.000832349373335208
2026-01-20 16:11:17 - train: epoch 28, iter:70, loss: 0.1042, lr: 0.000832349373335208
2026-01-20 16:11:20 - train: epoch 28, iter:80, loss: 0.1041, lr: 0.000832349373335208
2026-01-20 16:11:20 - Finish one epoch train: epoch 28, loss: 0.1279, time(s): 25.65
2026-01-20 16:11:22 - idx 0 case patient050_frame01 mean_dice 0.885610 mean_hd95 6.620729
2026-01-20 16:11:23 - idx 1 case patient050_frame12 mean_dice 0.775583 mean_hd95 10.098229
2026-01-20 16:11:24 - idx 2 case patient037_frame01 mean_dice 0.881259 mean_hd95 1.412023
2026-01-20 16:11:25 - idx 3 case patient037_frame12 mean_dice 0.447582 mean_hd95 14.658252
2026-01-20 16:11:27 - idx 4 case patient095_frame01 mean_dice 0.932805 mean_hd95 1.000000
2026-01-20 16:11:28 - idx 5 case patient095_frame12 mean_dice 0.854277 mean_hd95 1.747547
2026-01-20 16:11:29 - idx 6 case patient047_frame01 mean_dice 0.862086 mean_hd95 1.483163
2026-01-20 16:11:30 - idx 7 case patient047_frame09 mean_dice 0.785213 mean_hd95 2.000000
2026-01-20 16:11:31 - idx 8 case patient044_frame01 mean_dice 0.921478 mean_hd95 1.000000
2026-01-20 16:11:33 - idx 9 case patient044_frame11 mean_dice 0.853351 mean_hd95 1.471405
2026-01-20 16:11:34 - idx 10 case patient064_frame01 mean_dice 0.949287 mean_hd95 1.000000
2026-01-20 16:11:35 - idx 11 case patient064_frame12 mean_dice 0.877200 mean_hd95 1.412023
2026-01-20 16:11:36 - idx 12 case patient017_frame01 mean_dice 0.913748 mean_hd95 1.000000
2026-01-20 16:11:37 - idx 13 case patient017_frame09 mean_dice 0.932385 mean_hd95 1.000000
2026-01-20 16:11:38 - idx 14 case patient039_frame01 mean_dice 0.934103 mean_hd95 1.000000
2026-01-20 16:11:39 - idx 15 case patient039_frame10 mean_dice 0.818146 mean_hd95 10.645914
2026-01-20 16:11:40 - idx 16 case patient041_frame01 mean_dice 0.893199 mean_hd95 1.000000
2026-01-20 16:11:40 - idx 17 case patient041_frame11 mean_dice 0.864707 mean_hd95 1.138071
2026-01-20 16:11:42 - idx 18 case patient067_frame01 mean_dice 0.916923 mean_hd95 1.000000
2026-01-20 16:11:43 - idx 19 case patient067_frame10 mean_dice 0.910465 mean_hd95 1.000000
2026-01-20 16:11:43 - Mean class 1 mean_dice 0.800963 mean_hd95 4.321747
2026-01-20 16:11:43 - Mean class 2 mean_dice 0.869101 mean_hd95 2.036792
2026-01-20 16:11:43 - Mean class 3 mean_dice 0.911347 mean_hd95 2.894563
2026-01-20 16:11:43 - val epoch: 28, mean_dice: 0.8604703680266347, mean_hd95: 3.0843677305243062, time(s): 22.49
2026-01-20 16:11:44 - train: epoch 29, iter:0, loss: 0.0878, lr: 0.0008205248749256018
2026-01-20 16:11:47 - train: epoch 29, iter:10, loss: 0.0952, lr: 0.0008205248749256018
2026-01-20 16:11:50 - train: epoch 29, iter:20, loss: 0.1165, lr: 0.0008205248749256018
2026-01-20 16:11:53 - train: epoch 29, iter:30, loss: 0.1210, lr: 0.0008205248749256018
2026-01-20 16:11:57 - train: epoch 29, iter:40, loss: 0.0949, lr: 0.0008205248749256018
2026-01-20 16:12:00 - train: epoch 29, iter:50, loss: 0.1152, lr: 0.0008205248749256018
2026-01-20 16:12:03 - train: epoch 29, iter:60, loss: 0.1266, lr: 0.0008205248749256018
2026-01-20 16:12:06 - train: epoch 29, iter:70, loss: 0.1216, lr: 0.0008205248749256018
2026-01-20 16:12:09 - train: epoch 29, iter:80, loss: 0.1093, lr: 0.0008205248749256018
2026-01-20 16:12:10 - Finish one epoch train: epoch 29, loss: 0.1241, time(s): 26.15
2026-01-20 16:12:11 - idx 0 case patient050_frame01 mean_dice 0.884122 mean_hd95 1.745356
2026-01-20 16:12:12 - idx 1 case patient050_frame12 mean_dice 0.755757 mean_hd95 10.601380
2026-01-20 16:12:13 - idx 2 case patient037_frame01 mean_dice 0.888096 mean_hd95 1.138071
2026-01-20 16:12:14 - idx 3 case patient037_frame12 mean_dice 0.475889 mean_hd95 8.943912
2026-01-20 16:12:15 - idx 4 case patient095_frame01 mean_dice 0.934136 mean_hd95 1.000000
2026-01-20 16:12:17 - idx 5 case patient095_frame12 mean_dice 0.893812 mean_hd95 1.382088
2026-01-20 16:12:18 - idx 6 case patient047_frame01 mean_dice 0.888724 mean_hd95 1.412023
2026-01-20 16:12:19 - idx 7 case patient047_frame09 mean_dice 0.865366 mean_hd95 1.550094
2026-01-20 16:12:20 - idx 8 case patient044_frame01 mean_dice 0.891623 mean_hd95 1.882128
2026-01-20 16:12:22 - idx 9 case patient044_frame11 mean_dice 0.850039 mean_hd95 2.461722
2026-01-20 16:12:23 - idx 10 case patient064_frame01 mean_dice 0.945783 mean_hd95 1.000000
2026-01-20 16:12:24 - idx 11 case patient064_frame12 mean_dice 0.838543 mean_hd95 1.550094
2026-01-20 16:12:25 - idx 12 case patient017_frame01 mean_dice 0.894421 mean_hd95 1.244017
2026-01-20 16:12:26 - idx 13 case patient017_frame09 mean_dice 0.928597 mean_hd95 1.000000
2026-01-20 16:12:27 - idx 14 case patient039_frame01 mean_dice 0.925942 mean_hd95 1.000000
2026-01-20 16:12:28 - idx 15 case patient039_frame10 mean_dice 0.755171 mean_hd95 2.270853
2026-01-20 16:12:29 - idx 16 case patient041_frame01 mean_dice 0.888069 mean_hd95 1.000000
2026-01-20 16:12:29 - idx 17 case patient041_frame11 mean_dice 0.842464 mean_hd95 1.138071
2026-01-20 16:12:31 - idx 18 case patient067_frame01 mean_dice 0.884449 mean_hd95 1.550094
2026-01-20 16:12:32 - idx 19 case patient067_frame10 mean_dice 0.902961 mean_hd95 1.000000
2026-01-20 16:12:32 - Mean class 1 mean_dice 0.817675 mean_hd95 4.158110
2026-01-20 16:12:32 - Mean class 2 mean_dice 0.854571 mean_hd95 1.288562
2026-01-20 16:12:32 - Mean class 3 mean_dice 0.897849 mean_hd95 1.283813
2026-01-20 16:12:32 - val epoch: 29, mean_dice: 0.8566981776998034, mean_hd95: 2.243495108333292, time(s): 22.27
2026-01-20 16:12:33 - train: epoch 30, iter:0, loss: 0.1253, lr: 0.0008083889915582238
2026-01-20 16:12:36 - train: epoch 30, iter:10, loss: 0.1376, lr: 0.0008083889915582238
2026-01-20 16:12:39 - train: epoch 30, iter:20, loss: 0.0919, lr: 0.0008083889915582238
2026-01-20 16:12:43 - train: epoch 30, iter:30, loss: 0.1266, lr: 0.0008083889915582238
2026-01-20 16:12:46 - train: epoch 30, iter:40, loss: 0.1221, lr: 0.0008083889915582238
2026-01-20 16:12:49 - train: epoch 30, iter:50, loss: 0.1267, lr: 0.0008083889915582238
2026-01-20 16:12:52 - train: epoch 30, iter:60, loss: 0.1133, lr: 0.0008083889915582238
2026-01-20 16:12:55 - train: epoch 30, iter:70, loss: 0.1064, lr: 0.0008083889915582238
2026-01-20 16:12:58 - train: epoch 30, iter:80, loss: 0.1074, lr: 0.0008083889915582238
2026-01-20 16:12:58 - Finish one epoch train: epoch 30, loss: 0.1214, time(s): 25.54
2026-01-20 16:12:59 - idx 0 case patient050_frame01 mean_dice 0.866059 mean_hd95 1.471405
2026-01-20 16:13:01 - idx 1 case patient050_frame12 mean_dice 0.730837 mean_hd95 10.103347
2026-01-20 16:13:01 - idx 2 case patient037_frame01 mean_dice 0.866578 mean_hd95 2.157379
2026-01-20 16:13:02 - idx 3 case patient037_frame12 mean_dice 0.672912 mean_hd95 7.418713
2026-01-20 16:13:04 - idx 4 case patient095_frame01 mean_dice 0.928804 mean_hd95 1.000000
2026-01-20 16:13:05 - idx 5 case patient095_frame12 mean_dice 0.901333 mean_hd95 1.276142
2026-01-20 16:13:07 - idx 6 case patient047_frame01 mean_dice 0.899697 mean_hd95 1.333333
2026-01-20 16:13:08 - idx 7 case patient047_frame09 mean_dice 0.867516 mean_hd95 1.471405
2026-01-20 16:13:09 - idx 8 case patient044_frame01 mean_dice 0.903051 mean_hd95 2.041035
2026-01-20 16:13:10 - idx 9 case patient044_frame11 mean_dice 0.866729 mean_hd95 1.483163
2026-01-20 16:13:11 - idx 10 case patient064_frame01 mean_dice 0.949480 mean_hd95 1.000000
2026-01-20 16:13:12 - idx 11 case patient064_frame12 mean_dice 0.868682 mean_hd95 1.419137
2026-01-20 16:13:13 - idx 12 case patient017_frame01 mean_dice 0.904050 mean_hd95 1.138071
2026-01-20 16:13:14 - idx 13 case patient017_frame09 mean_dice 0.934650 mean_hd95 1.000000
2026-01-20 16:13:15 - idx 14 case patient039_frame01 mean_dice 0.928446 mean_hd95 1.000000
2026-01-20 16:13:16 - idx 15 case patient039_frame10 mean_dice 0.809509 mean_hd95 8.185426
2026-01-20 16:13:17 - idx 16 case patient041_frame01 mean_dice 0.897983 mean_hd95 1.000000
2026-01-20 16:13:18 - idx 17 case patient041_frame11 mean_dice 0.822952 mean_hd95 1.333333
2026-01-20 16:13:19 - idx 18 case patient067_frame01 mean_dice 0.900386 mean_hd95 1.471405
2026-01-20 16:13:20 - idx 19 case patient067_frame10 mean_dice 0.917130 mean_hd95 1.000000
2026-01-20 16:13:20 - Mean class 1 mean_dice 0.857771 mean_hd95 3.083959
2026-01-20 16:13:20 - Mean class 2 mean_dice 0.860413 mean_hd95 1.403225
2026-01-20 16:13:20 - Mean class 3 mean_dice 0.897334 mean_hd95 2.758310
2026-01-20 16:13:20 - val epoch: 30, mean_dice: 0.8718392986579856, mean_hd95: 2.41516469457473, time(s): 22.12
2026-01-20 16:13:21 - train: epoch 31, iter:0, loss: 0.1021, lr: 0.0007959536998847747
2026-01-20 16:13:24 - train: epoch 31, iter:10, loss: 0.1249, lr: 0.0007959536998847747
2026-01-20 16:13:27 - train: epoch 31, iter:20, loss: 0.1127, lr: 0.0007959536998847747
2026-01-20 16:13:30 - train: epoch 31, iter:30, loss: 0.1127, lr: 0.0007959536998847747
2026-01-20 16:13:33 - train: epoch 31, iter:40, loss: 0.1264, lr: 0.0007959536998847747
2026-01-20 16:13:37 - train: epoch 31, iter:50, loss: 0.0931, lr: 0.0007959536998847747
2026-01-20 16:13:40 - train: epoch 31, iter:60, loss: 0.0940, lr: 0.0007959536998847747
2026-01-20 16:13:43 - train: epoch 31, iter:70, loss: 0.1423, lr: 0.0007959536998847747
2026-01-20 16:13:46 - train: epoch 31, iter:80, loss: 0.1048, lr: 0.0007959536998847747
2026-01-20 16:13:46 - Finish one epoch train: epoch 31, loss: 0.1239, time(s): 25.15
2026-01-20 16:13:47 - idx 0 case patient050_frame01 mean_dice 0.910333 mean_hd95 1.000000
2026-01-20 16:13:48 - idx 1 case patient050_frame12 mean_dice 0.770618 mean_hd95 9.711352
2026-01-20 16:13:49 - idx 2 case patient037_frame01 mean_dice 0.864061 mean_hd95 1.333333
2026-01-20 16:13:50 - idx 3 case patient037_frame12 mean_dice 0.718561 mean_hd95 10.565295
2026-01-20 16:13:52 - idx 4 case patient095_frame01 mean_dice 0.938776 mean_hd95 1.000000
2026-01-20 16:13:53 - idx 5 case patient095_frame12 mean_dice 0.887019 mean_hd95 1.715421
2026-01-20 16:13:54 - idx 6 case patient047_frame01 mean_dice 0.882821 mean_hd95 1.333333
2026-01-20 16:13:55 - idx 7 case patient047_frame09 mean_dice 0.862159 mean_hd95 2.138071
2026-01-20 16:13:57 - idx 8 case patient044_frame01 mean_dice 0.914552 mean_hd95 1.138071
2026-01-20 16:13:58 - idx 9 case patient044_frame11 mean_dice 0.849491 mean_hd95 1.609476
2026-01-20 16:13:59 - idx 10 case patient064_frame01 mean_dice 0.952105 mean_hd95 1.000000
2026-01-20 16:14:00 - idx 11 case patient064_frame12 mean_dice 0.929192 mean_hd95 1.000000
2026-01-20 16:14:01 - idx 12 case patient017_frame01 mean_dice 0.920996 mean_hd95 1.000000
2026-01-20 16:14:02 - idx 13 case patient017_frame09 mean_dice 0.934768 mean_hd95 1.000000
2026-01-20 16:14:03 - idx 14 case patient039_frame01 mean_dice 0.935316 mean_hd95 1.000000
2026-01-20 16:14:04 - idx 15 case patient039_frame10 mean_dice 0.860368 mean_hd95 1.688165
2026-01-20 16:14:05 - idx 16 case patient041_frame01 mean_dice 0.904476 mean_hd95 1.000000
2026-01-20 16:14:05 - idx 17 case patient041_frame11 mean_dice 0.860227 mean_hd95 1.244017
2026-01-20 16:14:07 - idx 18 case patient067_frame01 mean_dice 0.928321 mean_hd95 1.000000
2026-01-20 16:14:08 - idx 19 case patient067_frame10 mean_dice 0.912321 mean_hd95 1.000000
2026-01-20 16:14:08 - Mean class 1 mean_dice 0.859010 mean_hd95 2.821001
2026-01-20 16:14:08 - Mean class 2 mean_dice 0.875741 mean_hd95 1.626532
2026-01-20 16:14:08 - Mean class 3 mean_dice 0.925722 mean_hd95 1.923948
2026-01-20 16:14:08 - val epoch: 31, mean_dice: 0.8868240520690552, mean_hd95: 2.123826772839831, time(s): 22.02
2026-01-20 16:14:09 - train: epoch 32, iter:0, loss: 0.1273, lr: 0.0007832312720368051
2026-01-20 16:14:12 - train: epoch 32, iter:10, loss: 0.0969, lr: 0.0007832312720368051
2026-01-20 16:14:15 - train: epoch 32, iter:20, loss: 0.1061, lr: 0.0007832312720368051
2026-01-20 16:14:18 - train: epoch 32, iter:30, loss: 0.1375, lr: 0.0007832312720368051
2026-01-20 16:14:21 - train: epoch 32, iter:40, loss: 0.1024, lr: 0.0007832312720368051
2026-01-20 16:14:24 - train: epoch 32, iter:50, loss: 0.1384, lr: 0.0007832312720368051
2026-01-20 16:14:27 - train: epoch 32, iter:60, loss: 0.1057, lr: 0.0007832312720368051
2026-01-20 16:14:31 - train: epoch 32, iter:70, loss: 0.1016, lr: 0.0007832312720368051
2026-01-20 16:14:34 - train: epoch 32, iter:80, loss: 0.1174, lr: 0.0007832312720368051
2026-01-20 16:14:34 - Finish one epoch train: epoch 32, loss: 0.1144, time(s): 25.36
2026-01-20 16:14:36 - idx 0 case patient050_frame01 mean_dice 0.836208 mean_hd95 8.113870
2026-01-20 16:14:37 - idx 1 case patient050_frame12 mean_dice 0.739206 mean_hd95 10.654324
2026-01-20 16:14:38 - idx 2 case patient037_frame01 mean_dice 0.898326 mean_hd95 1.000000
2026-01-20 16:14:39 - idx 3 case patient037_frame12 mean_dice 0.780283 mean_hd95 1.742216
2026-01-20 16:14:40 - idx 4 case patient095_frame01 mean_dice 0.938650 mean_hd95 1.000000
2026-01-20 16:14:42 - idx 5 case patient095_frame12 mean_dice 0.885983 mean_hd95 1.609476
2026-01-20 16:14:43 - idx 6 case patient047_frame01 mean_dice 0.888789 mean_hd95 1.138071
2026-01-20 16:14:44 - idx 7 case patient047_frame09 mean_dice 0.803248 mean_hd95 1.333333
2026-01-20 16:14:45 - idx 8 case patient044_frame01 mean_dice 0.919874 mean_hd95 1.244017
2026-01-20 16:14:46 - idx 9 case patient044_frame11 mean_dice 0.819174 mean_hd95 2.461722
2026-01-20 16:14:47 - idx 10 case patient064_frame01 mean_dice 0.949810 mean_hd95 1.000000
2026-01-20 16:14:49 - idx 11 case patient064_frame12 mean_dice 0.868147 mean_hd95 5.161084
2026-01-20 16:14:50 - idx 12 case patient017_frame01 mean_dice 0.910455 mean_hd95 1.000000
2026-01-20 16:14:51 - idx 13 case patient017_frame09 mean_dice 0.934685 mean_hd95 1.000000
2026-01-20 16:14:52 - idx 14 case patient039_frame01 mean_dice 0.929358 mean_hd95 1.000000
2026-01-20 16:14:53 - idx 15 case patient039_frame10 mean_dice 0.790516 mean_hd95 4.099442
2026-01-20 16:14:53 - idx 16 case patient041_frame01 mean_dice 0.905764 mean_hd95 1.000000
2026-01-20 16:14:54 - idx 17 case patient041_frame11 mean_dice 0.831172 mean_hd95 1.412023
2026-01-20 16:14:55 - idx 18 case patient067_frame01 mean_dice 0.907482 mean_hd95 1.000000
2026-01-20 16:14:57 - idx 19 case patient067_frame10 mean_dice 0.888723 mean_hd95 2.157379
2026-01-20 16:14:57 - Mean class 1 mean_dice 0.839241 mean_hd95 4.851572
2026-01-20 16:14:57 - Mean class 2 mean_dice 0.858691 mean_hd95 1.344335
2026-01-20 16:14:57 - Mean class 3 mean_dice 0.915946 mean_hd95 1.173136
2026-01-20 16:14:57 - val epoch: 32, mean_dice: 0.8712926922101923, mean_hd95: 2.4563478137667656, time(s): 22.55
2026-01-20 16:14:57 - train: epoch 33, iter:0, loss: 0.1521, lr: 0.0007702342635146037
2026-01-20 16:15:01 - train: epoch 33, iter:10, loss: 0.1614, lr: 0.0007702342635146037
2026-01-20 16:15:04 - train: epoch 33, iter:20, loss: 0.1022, lr: 0.0007702342635146037
2026-01-20 16:15:07 - train: epoch 33, iter:30, loss: 0.1164, lr: 0.0007702342635146037
2026-01-20 16:15:10 - train: epoch 33, iter:40, loss: 0.1242, lr: 0.0007702342635146037
2026-01-20 16:15:13 - train: epoch 33, iter:50, loss: 0.0988, lr: 0.0007702342635146037
2026-01-20 16:15:16 - train: epoch 33, iter:60, loss: 0.0915, lr: 0.0007702342635146037
2026-01-20 16:15:19 - train: epoch 33, iter:70, loss: 0.1113, lr: 0.0007702342635146037
2026-01-20 16:15:22 - train: epoch 33, iter:80, loss: 0.1825, lr: 0.0007702342635146037
2026-01-20 16:15:22 - Finish one epoch train: epoch 33, loss: 0.1248, time(s): 25.12
2026-01-20 16:15:23 - idx 0 case patient050_frame01 mean_dice 0.866975 mean_hd95 1.550094
2026-01-20 16:15:25 - idx 1 case patient050_frame12 mean_dice 0.818274 mean_hd95 2.967770
2026-01-20 16:15:25 - idx 2 case patient037_frame01 mean_dice 0.864961 mean_hd95 1.138071
2026-01-20 16:15:26 - idx 3 case patient037_frame12 mean_dice 0.392817 mean_hd95 1.525497
2026-01-20 16:15:28 - idx 4 case patient095_frame01 mean_dice 0.922403 mean_hd95 1.000000
2026-01-20 16:15:29 - idx 5 case patient095_frame12 mean_dice 0.858711 mean_hd95 1.666667
2026-01-20 16:15:30 - idx 6 case patient047_frame01 mean_dice 0.590721 mean_hd95 0.804738
2026-01-20 16:15:31 - idx 7 case patient047_frame09 mean_dice 0.567501 mean_hd95 1.138071
2026-01-20 16:15:33 - idx 8 case patient044_frame01 mean_dice 0.906103 mean_hd95 1.138071
2026-01-20 16:15:34 - idx 9 case patient044_frame11 mean_dice 0.847407 mean_hd95 1.720759
2026-01-20 16:15:35 - idx 10 case patient064_frame01 mean_dice 0.934994 mean_hd95 1.000000
2026-01-20 16:15:36 - idx 11 case patient064_frame12 mean_dice 0.842573 mean_hd95 1.550094
2026-01-20 16:15:38 - idx 12 case patient017_frame01 mean_dice 0.876949 mean_hd95 1.666667
2026-01-20 16:15:39 - idx 13 case patient017_frame09 mean_dice 0.904555 mean_hd95 1.666667
2026-01-20 16:15:40 - idx 14 case patient039_frame01 mean_dice 0.898560 mean_hd95 1.333333
2026-01-20 16:15:41 - idx 15 case patient039_frame10 mean_dice 0.742715 mean_hd95 2.228519
2026-01-20 16:15:41 - idx 16 case patient041_frame01 mean_dice 0.882515 mean_hd95 1.000000
2026-01-20 16:15:42 - idx 17 case patient041_frame11 mean_dice 0.835962 mean_hd95 1.609476
2026-01-20 16:15:43 - idx 18 case patient067_frame01 mean_dice 0.895367 mean_hd95 1.000000
2026-01-20 16:15:44 - idx 19 case patient067_frame10 mean_dice 0.897466 mean_hd95 1.000000
2026-01-20 16:15:44 - Mean class 1 mean_dice 0.716418 mean_hd95 1.745833
2026-01-20 16:15:44 - Mean class 2 mean_dice 0.856117 mean_hd95 1.205317
2026-01-20 16:15:44 - Mean class 3 mean_dice 0.879595 mean_hd95 1.354524
2026-01-20 16:15:44 - val epoch: 33, mean_dice: 0.817376516412374, mean_hd95: 1.4352247027928424, time(s): 22.13
2026-01-20 16:15:45 - train: epoch 34, iter:0, loss: 0.1355, lr: 0.0007569755007964342
2026-01-20 16:15:48 - train: epoch 34, iter:10, loss: 0.1165, lr: 0.0007569755007964342
2026-01-20 16:15:51 - train: epoch 34, iter:20, loss: 0.2082, lr: 0.0007569755007964342
2026-01-20 16:15:54 - train: epoch 34, iter:30, loss: 0.1783, lr: 0.0007569755007964342
2026-01-20 16:15:58 - train: epoch 34, iter:40, loss: 0.1407, lr: 0.0007569755007964342
2026-01-20 16:16:01 - train: epoch 34, iter:50, loss: 0.1637, lr: 0.0007569755007964342
2026-01-20 16:16:04 - train: epoch 34, iter:60, loss: 0.1507, lr: 0.0007569755007964342
2026-01-20 16:16:07 - train: epoch 34, iter:70, loss: 0.0951, lr: 0.0007569755007964342
2026-01-20 16:16:10 - train: epoch 34, iter:80, loss: 0.1239, lr: 0.0007569755007964342
2026-01-20 16:16:10 - Finish one epoch train: epoch 34, loss: 0.1228, time(s): 25.33
2026-01-20 16:16:12 - idx 0 case patient050_frame01 mean_dice 0.902759 mean_hd95 1.276142
2026-01-20 16:16:13 - idx 1 case patient050_frame12 mean_dice 0.781356 mean_hd95 9.836779
2026-01-20 16:16:14 - idx 2 case patient037_frame01 mean_dice 0.856178 mean_hd95 1.333333
2026-01-20 16:16:14 - idx 3 case patient037_frame12 mean_dice 0.690288 mean_hd95 9.260148
2026-01-20 16:16:16 - idx 4 case patient095_frame01 mean_dice 0.937282 mean_hd95 1.000000
2026-01-20 16:16:18 - idx 5 case patient095_frame12 mean_dice 0.898866 mean_hd95 1.276142
2026-01-20 16:16:19 - idx 6 case patient047_frame01 mean_dice 0.904888 mean_hd95 1.000000
2026-01-20 16:16:20 - idx 7 case patient047_frame09 mean_dice 0.806175 mean_hd95 1.621234
2026-01-20 16:16:22 - idx 8 case patient044_frame01 mean_dice 0.916404 mean_hd95 1.000000
2026-01-20 16:16:23 - idx 9 case patient044_frame11 mean_dice 0.851847 mean_hd95 1.138071
2026-01-20 16:16:24 - idx 10 case patient064_frame01 mean_dice 0.952842 mean_hd95 1.000000
2026-01-20 16:16:25 - idx 11 case patient064_frame12 mean_dice 0.934454 mean_hd95 1.000000
2026-01-20 16:16:26 - idx 12 case patient017_frame01 mean_dice 0.920671 mean_hd95 1.000000
2026-01-20 16:16:27 - idx 13 case patient017_frame09 mean_dice 0.937886 mean_hd95 1.000000
2026-01-20 16:16:28 - idx 14 case patient039_frame01 mean_dice 0.937869 mean_hd95 1.000000
2026-01-20 16:16:29 - idx 15 case patient039_frame10 mean_dice 0.826009 mean_hd95 2.048755
2026-01-20 16:16:30 - idx 16 case patient041_frame01 mean_dice 0.898464 mean_hd95 1.000000
2026-01-20 16:16:31 - idx 17 case patient041_frame11 mean_dice 0.816521 mean_hd95 1.715421
2026-01-20 16:16:32 - idx 18 case patient067_frame01 mean_dice 0.930826 mean_hd95 1.000000
2026-01-20 16:16:33 - idx 19 case patient067_frame10 mean_dice 0.897571 mean_hd95 1.244017
2026-01-20 16:16:33 - Mean class 1 mean_dice 0.847595 mean_hd95 2.621927
2026-01-20 16:16:33 - Mean class 2 mean_dice 0.873725 mean_hd95 1.600643
2026-01-20 16:16:33 - Mean class 3 mean_dice 0.918553 mean_hd95 1.889937
2026-01-20 16:16:33 - val epoch: 34, mean_dice: 0.8799578431663114, mean_hd95: 2.037502172299079, time(s): 22.97
2026-01-20 16:16:34 - train: epoch 35, iter:0, loss: 0.0867, lr: 0.0007434680686803494
2026-01-20 16:16:37 - train: epoch 35, iter:10, loss: 0.1044, lr: 0.0007434680686803494
2026-01-20 16:16:40 - train: epoch 35, iter:20, loss: 0.1014, lr: 0.0007434680686803494
2026-01-20 16:16:43 - train: epoch 35, iter:30, loss: 0.1082, lr: 0.0007434680686803494
2026-01-20 16:16:46 - train: epoch 35, iter:40, loss: 0.1181, lr: 0.0007434680686803494
2026-01-20 16:16:50 - train: epoch 35, iter:50, loss: 0.1604, lr: 0.0007434680686803494
2026-01-20 16:16:53 - train: epoch 35, iter:60, loss: 0.0959, lr: 0.0007434680686803494
2026-01-20 16:16:56 - train: epoch 35, iter:70, loss: 0.1024, lr: 0.0007434680686803494
2026-01-20 16:16:59 - train: epoch 35, iter:80, loss: 0.1019, lr: 0.0007434680686803494
2026-01-20 16:16:59 - Finish one epoch train: epoch 35, loss: 0.1116, time(s): 25.58
2026-01-20 16:17:01 - idx 0 case patient050_frame01 mean_dice 0.879420 mean_hd95 5.575602
2026-01-20 16:17:02 - idx 1 case patient050_frame12 mean_dice 0.772622 mean_hd95 10.182845
2026-01-20 16:17:03 - idx 2 case patient037_frame01 mean_dice 0.904418 mean_hd95 1.000000
2026-01-20 16:17:04 - idx 3 case patient037_frame12 mean_dice 0.621841 mean_hd95 3.495966
2026-01-20 16:17:05 - idx 4 case patient095_frame01 mean_dice 0.930439 mean_hd95 1.000000
2026-01-20 16:17:07 - idx 5 case patient095_frame12 mean_dice 0.900580 mean_hd95 1.276142
2026-01-20 16:17:08 - idx 6 case patient047_frame01 mean_dice 0.895951 mean_hd95 1.276142
2026-01-20 16:17:09 - idx 7 case patient047_frame09 mean_dice 0.832911 mean_hd95 5.785969
2026-01-20 16:17:10 - idx 8 case patient044_frame01 mean_dice 0.917103 mean_hd95 1.000000
2026-01-20 16:17:11 - idx 9 case patient044_frame11 mean_dice 0.835268 mean_hd95 1.466939
2026-01-20 16:17:12 - idx 10 case patient064_frame01 mean_dice 0.950582 mean_hd95 1.000000
2026-01-20 16:17:14 - idx 11 case patient064_frame12 mean_dice 0.882316 mean_hd95 1.138071
2026-01-20 16:17:15 - idx 12 case patient017_frame01 mean_dice 0.899937 mean_hd95 1.333333
2026-01-20 16:17:16 - idx 13 case patient017_frame09 mean_dice 0.920483 mean_hd95 1.333333
2026-01-20 16:17:17 - idx 14 case patient039_frame01 mean_dice 0.923114 mean_hd95 20.595707
2026-01-20 16:17:18 - idx 15 case patient039_frame10 mean_dice 0.802375 mean_hd95 23.493962
2026-01-20 16:17:18 - idx 16 case patient041_frame01 mean_dice 0.895091 mean_hd95 1.000000
2026-01-20 16:17:19 - idx 17 case patient041_frame11 mean_dice 0.850721 mean_hd95 1.244017
2026-01-20 16:17:20 - idx 18 case patient067_frame01 mean_dice 0.911060 mean_hd95 1.000000
2026-01-20 16:17:22 - idx 19 case patient067_frame10 mean_dice 0.905638 mean_hd95 1.000000
2026-01-20 16:17:22 - Mean class 1 mean_dice 0.830735 mean_hd95 10.353809
2026-01-20 16:17:22 - Mean class 2 mean_dice 0.866649 mean_hd95 1.265357
2026-01-20 16:17:22 - Mean class 3 mean_dice 0.917397 mean_hd95 1.160538
2026-01-20 16:17:22 - val epoch: 35, mean_dice: 0.8715935104620037, mean_hd95: 4.259901415488447, time(s): 22.22
2026-01-20 16:17:23 - train: epoch 36, iter:0, loss: 0.1046, lr: 0.0007297252973710761
2026-01-20 16:17:26 - train: epoch 36, iter:10, loss: 0.1508, lr: 0.0007297252973710761
2026-01-20 16:17:29 - train: epoch 36, iter:20, loss: 0.0976, lr: 0.0007297252973710761
2026-01-20 16:17:32 - train: epoch 36, iter:30, loss: 0.0982, lr: 0.0007297252973710761
2026-01-20 16:17:35 - train: epoch 36, iter:40, loss: 0.0986, lr: 0.0007297252973710761
2026-01-20 16:17:38 - train: epoch 36, iter:50, loss: 0.1269, lr: 0.0007297252973710761
2026-01-20 16:17:42 - train: epoch 36, iter:60, loss: 0.1061, lr: 0.0007297252973710761
2026-01-20 16:17:45 - train: epoch 36, iter:70, loss: 0.1075, lr: 0.0007297252973710761
2026-01-20 16:17:48 - train: epoch 36, iter:80, loss: 0.1037, lr: 0.0007297252973710761
2026-01-20 16:17:48 - Finish one epoch train: epoch 36, loss: 0.1128, time(s): 25.91
2026-01-20 16:17:50 - idx 0 case patient050_frame01 mean_dice 0.886070 mean_hd95 3.081065
2026-01-20 16:17:51 - idx 1 case patient050_frame12 mean_dice 0.822232 mean_hd95 10.467807
2026-01-20 16:17:52 - idx 2 case patient037_frame01 mean_dice 0.845547 mean_hd95 1.138071
2026-01-20 16:17:52 - idx 3 case patient037_frame12 mean_dice 0.430813 mean_hd95 1.520159
2026-01-20 16:17:54 - idx 4 case patient095_frame01 mean_dice 0.934351 mean_hd95 1.000000
2026-01-20 16:17:56 - idx 5 case patient095_frame12 mean_dice 0.782428 mean_hd95 1.858830
2026-01-20 16:17:57 - idx 6 case patient047_frame01 mean_dice 0.826362 mean_hd95 1.666667
2026-01-20 16:17:58 - idx 7 case patient047_frame09 mean_dice 0.758275 mean_hd95 2.948168
2026-01-20 16:17:59 - idx 8 case patient044_frame01 mean_dice 0.923547 mean_hd95 1.000000
2026-01-20 16:18:00 - idx 9 case patient044_frame11 mean_dice 0.831481 mean_hd95 2.489752
2026-01-20 16:18:01 - idx 10 case patient064_frame01 mean_dice 0.951457 mean_hd95 1.000000
2026-01-20 16:18:02 - idx 11 case patient064_frame12 mean_dice 0.879695 mean_hd95 1.333333
2026-01-20 16:18:03 - idx 12 case patient017_frame01 mean_dice 0.904893 mean_hd95 1.138071
2026-01-20 16:18:04 - idx 13 case patient017_frame09 mean_dice 0.924273 mean_hd95 1.138071
2026-01-20 16:18:06 - idx 14 case patient039_frame01 mean_dice 0.940543 mean_hd95 1.000000
2026-01-20 16:18:07 - idx 15 case patient039_frame10 mean_dice 0.836289 mean_hd95 1.333333
2026-01-20 16:18:07 - idx 16 case patient041_frame01 mean_dice 0.907546 mean_hd95 1.000000
2026-01-20 16:18:08 - idx 17 case patient041_frame11 mean_dice 0.801077 mean_hd95 2.412023
2026-01-20 16:18:09 - idx 18 case patient067_frame01 mean_dice 0.917583 mean_hd95 1.000000
2026-01-20 16:18:11 - idx 19 case patient067_frame10 mean_dice 0.904429 mean_hd95 1.000000
2026-01-20 16:18:11 - Mean class 1 mean_dice 0.781937 mean_hd95 3.259963
2026-01-20 16:18:11 - Mean class 2 mean_dice 0.866821 mean_hd95 1.276430
2026-01-20 16:18:11 - Mean class 3 mean_dice 0.902575 mean_hd95 1.392410
2026-01-20 16:18:11 - val epoch: 36, mean_dice: 0.850444465879999, mean_hd95: 1.9762675212880438, time(s): 22.50
2026-01-20 16:18:11 - train: epoch 37, iter:0, loss: 0.1191, lr: 0.0007157607493247114
2026-01-20 16:18:15 - train: epoch 37, iter:10, loss: 0.0957, lr: 0.0007157607493247114
2026-01-20 16:18:18 - train: epoch 37, iter:20, loss: 0.1103, lr: 0.0007157607493247114
2026-01-20 16:18:21 - train: epoch 37, iter:30, loss: 0.1313, lr: 0.0007157607493247114
2026-01-20 16:18:24 - train: epoch 37, iter:40, loss: 0.1237, lr: 0.0007157607493247114
2026-01-20 16:18:27 - train: epoch 37, iter:50, loss: 0.0960, lr: 0.0007157607493247114
2026-01-20 16:18:30 - train: epoch 37, iter:60, loss: 0.0943, lr: 0.0007157607493247114
2026-01-20 16:18:33 - train: epoch 37, iter:70, loss: 0.1095, lr: 0.0007157607493247114
2026-01-20 16:18:37 - train: epoch 37, iter:80, loss: 0.1116, lr: 0.0007157607493247114
2026-01-20 16:18:37 - Finish one epoch train: epoch 37, loss: 0.1099, time(s): 25.64
2026-01-20 16:18:38 - idx 0 case patient050_frame01 mean_dice 0.887047 mean_hd95 7.123427
2026-01-20 16:18:40 - idx 1 case patient050_frame12 mean_dice 0.780769 mean_hd95 10.392823
2026-01-20 16:18:40 - idx 2 case patient037_frame01 mean_dice 0.880385 mean_hd95 1.000000
2026-01-20 16:18:41 - idx 3 case patient037_frame12 mean_dice 0.419693 mean_hd95 6.209630
2026-01-20 16:18:43 - idx 4 case patient095_frame01 mean_dice 0.935693 mean_hd95 1.000000
2026-01-20 16:18:44 - idx 5 case patient095_frame12 mean_dice 0.890123 mean_hd95 1.382088
2026-01-20 16:18:45 - idx 6 case patient047_frame01 mean_dice 0.891107 mean_hd95 1.138071
2026-01-20 16:18:47 - idx 7 case patient047_frame09 mean_dice 0.867440 mean_hd95 1.471405
2026-01-20 16:18:48 - idx 8 case patient044_frame01 mean_dice 0.917642 mean_hd95 1.138071
2026-01-20 16:18:49 - idx 9 case patient044_frame11 mean_dice 0.878155 mean_hd95 1.412023
2026-01-20 16:18:50 - idx 10 case patient064_frame01 mean_dice 0.946017 mean_hd95 1.000000
2026-01-20 16:18:51 - idx 11 case patient064_frame12 mean_dice 0.864399 mean_hd95 1.412023
2026-01-20 16:18:52 - idx 12 case patient017_frame01 mean_dice 0.905400 mean_hd95 1.333333
2026-01-20 16:18:53 - idx 13 case patient017_frame09 mean_dice 0.920106 mean_hd95 1.138071
2026-01-20 16:18:54 - idx 14 case patient039_frame01 mean_dice 0.926765 mean_hd95 1.000000
2026-01-20 16:18:55 - idx 15 case patient039_frame10 mean_dice 0.734665 mean_hd95 1.745356
2026-01-20 16:18:56 - idx 16 case patient041_frame01 mean_dice 0.889976 mean_hd95 1.000000
2026-01-20 16:18:57 - idx 17 case patient041_frame11 mean_dice 0.850858 mean_hd95 1.276142
2026-01-20 16:18:58 - idx 18 case patient067_frame01 mean_dice 0.918669 mean_hd95 1.000000
2026-01-20 16:18:59 - idx 19 case patient067_frame10 mean_dice 0.904034 mean_hd95 1.244017
2026-01-20 16:18:59 - Mean class 1 mean_dice 0.814118 mean_hd95 4.138832
2026-01-20 16:18:59 - Mean class 2 mean_dice 0.864747 mean_hd95 1.262302
2026-01-20 16:18:59 - Mean class 3 mean_dice 0.902476 mean_hd95 1.261339
2026-01-20 16:18:59 - val epoch: 37, mean_dice: 0.8604471958696575, mean_hd95: 2.220824012183609, time(s): 22.41
2026-01-20 16:19:00 - train: epoch 38, iter:0, loss: 0.0913, lr: 0.0007015882058642168
2026-01-20 16:19:03 - train: epoch 38, iter:10, loss: 0.1285, lr: 0.0007015882058642168
2026-01-20 16:19:06 - train: epoch 38, iter:20, loss: 0.0893, lr: 0.0007015882058642168
2026-01-20 16:19:10 - train: epoch 38, iter:30, loss: 0.1149, lr: 0.0007015882058642168
2026-01-20 16:19:13 - train: epoch 38, iter:40, loss: 0.0863, lr: 0.0007015882058642168
2026-01-20 16:19:16 - train: epoch 38, iter:50, loss: 0.1297, lr: 0.0007015882058642168
2026-01-20 16:19:19 - train: epoch 38, iter:60, loss: 0.1250, lr: 0.0007015882058642168
2026-01-20 16:19:22 - train: epoch 38, iter:70, loss: 0.1094, lr: 0.0007015882058642168
2026-01-20 16:19:25 - train: epoch 38, iter:80, loss: 0.0769, lr: 0.0007015882058642168
2026-01-20 16:19:25 - Finish one epoch train: epoch 38, loss: 0.1057, time(s): 25.30
2026-01-20 16:19:26 - idx 0 case patient050_frame01 mean_dice 0.897567 mean_hd95 1.244017
2026-01-20 16:19:28 - idx 1 case patient050_frame12 mean_dice 0.832376 mean_hd95 1.745356
2026-01-20 16:19:28 - idx 2 case patient037_frame01 mean_dice 0.895110 mean_hd95 1.000000
2026-01-20 16:19:29 - idx 3 case patient037_frame12 mean_dice 0.458465 mean_hd95 12.573091
2026-01-20 16:19:31 - idx 4 case patient095_frame01 mean_dice 0.930926 mean_hd95 1.000000
2026-01-20 16:19:32 - idx 5 case patient095_frame12 mean_dice 0.874505 mean_hd95 1.804738
2026-01-20 16:19:34 - idx 6 case patient047_frame01 mean_dice 0.908937 mean_hd95 1.000000
2026-01-20 16:19:35 - idx 7 case patient047_frame09 mean_dice 0.858629 mean_hd95 2.332263
2026-01-20 16:19:36 - idx 8 case patient044_frame01 mean_dice 0.921644 mean_hd95 1.000000
2026-01-20 16:19:37 - idx 9 case patient044_frame11 mean_dice 0.833924 mean_hd95 1.550094
2026-01-20 16:19:38 - idx 10 case patient064_frame01 mean_dice 0.949759 mean_hd95 1.000000
2026-01-20 16:19:39 - idx 11 case patient064_frame12 mean_dice 0.876314 mean_hd95 1.333333
2026-01-20 16:19:40 - idx 12 case patient017_frame01 mean_dice 0.908044 mean_hd95 1.000000
2026-01-20 16:19:41 - idx 13 case patient017_frame09 mean_dice 0.929729 mean_hd95 1.000000
2026-01-20 16:19:42 - idx 14 case patient039_frame01 mean_dice 0.940148 mean_hd95 1.000000
2026-01-20 16:19:43 - idx 15 case patient039_frame10 mean_dice 0.808513 mean_hd95 1.333333
2026-01-20 16:19:44 - idx 16 case patient041_frame01 mean_dice 0.908831 mean_hd95 1.000000
2026-01-20 16:19:45 - idx 17 case patient041_frame11 mean_dice 0.845201 mean_hd95 1.609476
2026-01-20 16:19:46 - idx 18 case patient067_frame01 mean_dice 0.923729 mean_hd95 1.000000
2026-01-20 16:19:47 - idx 19 case patient067_frame10 mean_dice 0.927794 mean_hd95 1.000000
2026-01-20 16:19:47 - Mean class 1 mean_dice 0.832749 mean_hd95 2.208961
2026-01-20 16:19:47 - Mean class 2 mean_dice 0.873152 mean_hd95 1.509518
2026-01-20 16:19:47 - Mean class 3 mean_dice 0.908621 mean_hd95 1.760376
2026-01-20 16:19:47 - val epoch: 38, mean_dice: 0.8715071750173665, mean_hd95: 1.8262850327638667, time(s): 22.11
2026-01-20 16:19:48 - train: epoch 39, iter:0, loss: 0.1002, lr: 0.0006872216535789162
2026-01-20 16:19:51 - train: epoch 39, iter:10, loss: 0.0977, lr: 0.0006872216535789162
2026-01-20 16:19:54 - train: epoch 39, iter:20, loss: 0.1286, lr: 0.0006872216535789162
2026-01-20 16:19:57 - train: epoch 39, iter:30, loss: 0.0996, lr: 0.0006872216535789162
2026-01-20 16:20:00 - train: epoch 39, iter:40, loss: 0.0975, lr: 0.0006872216535789162
2026-01-20 16:20:04 - train: epoch 39, iter:50, loss: 0.0836, lr: 0.0006872216535789162
2026-01-20 16:20:07 - train: epoch 39, iter:60, loss: 0.1076, lr: 0.0006872216535789162
2026-01-20 16:20:10 - train: epoch 39, iter:70, loss: 0.1534, lr: 0.0006872216535789162
2026-01-20 16:20:13 - train: epoch 39, iter:80, loss: 0.1134, lr: 0.0006872216535789162
2026-01-20 16:20:13 - Finish one epoch train: epoch 39, loss: 0.1047, time(s): 25.13
2026-01-20 16:20:14 - idx 0 case patient050_frame01 mean_dice 0.899961 mean_hd95 1.550094
2026-01-20 16:20:15 - idx 1 case patient050_frame12 mean_dice 0.850993 mean_hd95 10.444245
2026-01-20 16:20:16 - idx 2 case patient037_frame01 mean_dice 0.868553 mean_hd95 1.412023
2026-01-20 16:20:17 - idx 3 case patient037_frame12 mean_dice 0.778641 mean_hd95 2.159570
2026-01-20 16:20:19 - idx 4 case patient095_frame01 mean_dice 0.934071 mean_hd95 1.000000
2026-01-20 16:20:20 - idx 5 case patient095_frame12 mean_dice 0.897300 mean_hd95 1.276142
2026-01-20 16:20:21 - idx 6 case patient047_frame01 mean_dice 0.915494 mean_hd95 1.000000
2026-01-20 16:20:22 - idx 7 case patient047_frame09 mean_dice 0.853204 mean_hd95 7.097419
2026-01-20 16:20:23 - idx 8 case patient044_frame01 mean_dice 0.907912 mean_hd95 1.138071
2026-01-20 16:20:25 - idx 9 case patient044_frame11 mean_dice 0.827865 mean_hd95 2.041035
2026-01-20 16:20:26 - idx 10 case patient064_frame01 mean_dice 0.951368 mean_hd95 1.000000
2026-01-20 16:20:27 - idx 11 case patient064_frame12 mean_dice 0.884660 mean_hd95 1.244017
2026-01-20 16:20:28 - idx 12 case patient017_frame01 mean_dice 0.873580 mean_hd95 1.382088
2026-01-20 16:20:29 - idx 13 case patient017_frame09 mean_dice 0.924477 mean_hd95 1.000000
2026-01-20 16:20:30 - idx 14 case patient039_frame01 mean_dice 0.929662 mean_hd95 1.000000
2026-01-20 16:20:31 - idx 15 case patient039_frame10 mean_dice 0.827857 mean_hd95 1.333333
2026-01-20 16:20:32 - idx 16 case patient041_frame01 mean_dice 0.897285 mean_hd95 1.000000
2026-01-20 16:20:32 - idx 17 case patient041_frame11 mean_dice 0.858980 mean_hd95 1.333333
2026-01-20 16:20:34 - idx 18 case patient067_frame01 mean_dice 0.917160 mean_hd95 1.000000
2026-01-20 16:20:35 - idx 19 case patient067_frame10 mean_dice 0.903126 mean_hd95 1.000000
2026-01-20 16:20:35 - Mean class 1 mean_dice 0.871771 mean_hd95 3.736870
2026-01-20 16:20:35 - Mean class 2 mean_dice 0.867536 mean_hd95 1.155719
2026-01-20 16:20:35 - Mean class 3 mean_dice 0.916016 mean_hd95 1.169117
2026-01-20 16:20:35 - val epoch: 39, mean_dice: 0.8851075597787892, mean_hd95: 2.0205685347041626, time(s): 22.01
2026-01-20 16:20:36 - train: epoch 40, iter:0, loss: 0.1285, lr: 0.0006726752705214198
2026-01-20 16:20:39 - train: epoch 40, iter:10, loss: 0.1088, lr: 0.0006726752705214198
2026-01-20 16:20:42 - train: epoch 40, iter:20, loss: 0.1038, lr: 0.0006726752705214198
2026-01-20 16:20:46 - train: epoch 40, iter:30, loss: 0.1217, lr: 0.0006726752705214198
2026-01-20 16:20:49 - train: epoch 40, iter:40, loss: 0.1078, lr: 0.0006726752705214198
2026-01-20 16:20:52 - train: epoch 40, iter:50, loss: 0.1064, lr: 0.0006726752705214198
2026-01-20 16:20:55 - train: epoch 40, iter:60, loss: 0.0859, lr: 0.0006726752705214198
2026-01-20 16:20:58 - train: epoch 40, iter:70, loss: 0.0992, lr: 0.0006726752705214198
2026-01-20 16:21:01 - train: epoch 40, iter:80, loss: 0.0976, lr: 0.0006726752705214198
2026-01-20 16:21:01 - Finish one epoch train: epoch 40, loss: 0.1070, time(s): 25.69
2026-01-20 16:21:02 - idx 0 case patient050_frame01 mean_dice 0.875835 mean_hd95 7.223452
2026-01-20 16:21:04 - idx 1 case patient050_frame12 mean_dice 0.742568 mean_hd95 10.898367
2026-01-20 16:21:04 - idx 2 case patient037_frame01 mean_dice 0.846028 mean_hd95 1.138071
2026-01-20 16:21:05 - idx 3 case patient037_frame12 mean_dice 0.411627 mean_hd95 7.040988
2026-01-20 16:21:07 - idx 4 case patient095_frame01 mean_dice 0.936141 mean_hd95 1.000000
2026-01-20 16:21:08 - idx 5 case patient095_frame12 mean_dice 0.894725 mean_hd95 1.414214
2026-01-20 16:21:10 - idx 6 case patient047_frame01 mean_dice 0.919600 mean_hd95 6.488083
2026-01-20 16:21:11 - idx 7 case patient047_frame09 mean_dice 0.838134 mean_hd95 9.086221
2026-01-20 16:21:12 - idx 8 case patient044_frame01 mean_dice 0.922475 mean_hd95 1.000000
2026-01-20 16:21:13 - idx 9 case patient044_frame11 mean_dice 0.869839 mean_hd95 1.138071
2026-01-20 16:21:14 - idx 10 case patient064_frame01 mean_dice 0.949848 mean_hd95 1.000000
2026-01-20 16:21:16 - idx 11 case patient064_frame12 mean_dice 0.880497 mean_hd95 1.244017
2026-01-20 16:21:17 - idx 12 case patient017_frame01 mean_dice 0.917231 mean_hd95 1.244017
2026-01-20 16:21:18 - idx 13 case patient017_frame09 mean_dice 0.924430 mean_hd95 16.985878
2026-01-20 16:21:19 - idx 14 case patient039_frame01 mean_dice 0.929908 mean_hd95 1.000000
2026-01-20 16:21:20 - idx 15 case patient039_frame10 mean_dice 0.813631 mean_hd95 1.609476
2026-01-20 16:21:20 - idx 16 case patient041_frame01 mean_dice 0.901184 mean_hd95 1.000000
2026-01-20 16:21:21 - idx 17 case patient041_frame11 mean_dice 0.864165 mean_hd95 1.333333
2026-01-20 16:21:22 - idx 18 case patient067_frame01 mean_dice 0.908555 mean_hd95 1.000000
2026-01-20 16:21:24 - idx 19 case patient067_frame10 mean_dice 0.901995 mean_hd95 1.000000
2026-01-20 16:21:24 - Mean class 1 mean_dice 0.826290 mean_hd95 8.568877
2026-01-20 16:21:24 - Mean class 2 mean_dice 0.854428 mean_hd95 1.279727
2026-01-20 16:21:24 - Mean class 3 mean_dice 0.906545 mean_hd95 1.228024
2026-01-20 16:21:24 - val epoch: 40, mean_dice: 0.8624208411548628, mean_hd95: 3.69220939418086, time(s): 22.57
2026-01-20 16:21:25 - train: epoch 41, iter:0, loss: 0.1243, lr: 0.0006579634122155995
2026-01-20 16:21:28 - train: epoch 41, iter:10, loss: 0.0897, lr: 0.0006579634122155995
2026-01-20 16:21:31 - train: epoch 41, iter:20, loss: 0.1082, lr: 0.0006579634122155995
2026-01-20 16:21:34 - train: epoch 41, iter:30, loss: 0.0862, lr: 0.0006579634122155995
2026-01-20 16:21:37 - train: epoch 41, iter:40, loss: 0.0881, lr: 0.0006579634122155995
2026-01-20 16:21:40 - train: epoch 41, iter:50, loss: 0.0885, lr: 0.0006579634122155995
2026-01-20 16:21:43 - train: epoch 41, iter:60, loss: 0.0834, lr: 0.0006579634122155995
2026-01-20 16:21:46 - train: epoch 41, iter:70, loss: 0.1277, lr: 0.0006579634122155995
2026-01-20 16:21:49 - train: epoch 41, iter:80, loss: 0.1055, lr: 0.0006579634122155995
2026-01-20 16:21:50 - Finish one epoch train: epoch 41, loss: 0.1036, time(s): 25.30
2026-01-20 16:21:51 - idx 0 case patient050_frame01 mean_dice 0.911408 mean_hd95 1.138071
2026-01-20 16:21:52 - idx 1 case patient050_frame12 mean_dice 0.795021 mean_hd95 9.909084
2026-01-20 16:21:53 - idx 2 case patient037_frame01 mean_dice 0.854331 mean_hd95 1.483163
2026-01-20 16:21:54 - idx 3 case patient037_frame12 mean_dice 0.482024 mean_hd95 7.880978
2026-01-20 16:21:55 - idx 4 case patient095_frame01 mean_dice 0.939965 mean_hd95 1.000000
2026-01-20 16:21:57 - idx 5 case patient095_frame12 mean_dice 0.861568 mean_hd95 1.942809
2026-01-20 16:21:58 - idx 6 case patient047_frame01 mean_dice 0.897849 mean_hd95 8.624891
2026-01-20 16:21:59 - idx 7 case patient047_frame09 mean_dice 0.838959 mean_hd95 10.937741
2026-01-20 16:22:00 - idx 8 case patient044_frame01 mean_dice 0.918970 mean_hd95 1.000000
2026-01-20 16:22:01 - idx 9 case patient044_frame11 mean_dice 0.871907 mean_hd95 1.412023
2026-01-20 16:22:02 - idx 10 case patient064_frame01 mean_dice 0.951069 mean_hd95 1.000000
2026-01-20 16:22:04 - idx 11 case patient064_frame12 mean_dice 0.874318 mean_hd95 1.222828
2026-01-20 16:22:05 - idx 12 case patient017_frame01 mean_dice 0.929037 mean_hd95 1.000000
2026-01-20 16:22:06 - idx 13 case patient017_frame09 mean_dice 0.937496 mean_hd95 1.000000
2026-01-20 16:22:07 - idx 14 case patient039_frame01 mean_dice 0.939115 mean_hd95 1.000000
2026-01-20 16:22:08 - idx 15 case patient039_frame10 mean_dice 0.826901 mean_hd95 1.666667
2026-01-20 16:22:08 - idx 16 case patient041_frame01 mean_dice 0.910885 mean_hd95 1.000000
2026-01-20 16:22:09 - idx 17 case patient041_frame11 mean_dice 0.843656 mean_hd95 1.471405
2026-01-20 16:22:10 - idx 18 case patient067_frame01 mean_dice 0.927085 mean_hd95 1.000000
2026-01-20 16:22:12 - idx 19 case patient067_frame10 mean_dice 0.894499 mean_hd95 2.000000
2026-01-20 16:22:12 - Mean class 1 mean_dice 0.832608 mean_hd95 5.523596
2026-01-20 16:22:12 - Mean class 2 mean_dice 0.869160 mean_hd95 1.257253
2026-01-20 16:22:12 - Mean class 3 mean_dice 0.909142 mean_hd95 1.872601
2026-01-20 16:22:12 - val epoch: 41, mean_dice: 0.8703030901738534, mean_hd95: 2.884482944328507, time(s): 22.21
2026-01-20 16:22:13 - train: epoch 42, iter:0, loss: 0.1031, lr: 0.000643100597489419
2026-01-20 16:22:16 - train: epoch 42, iter:10, loss: 0.0979, lr: 0.000643100597489419
2026-01-20 16:22:19 - train: epoch 42, iter:20, loss: 0.0993, lr: 0.000643100597489419
2026-01-20 16:22:22 - train: epoch 42, iter:30, loss: 0.0917, lr: 0.000643100597489419
2026-01-20 16:22:25 - train: epoch 42, iter:40, loss: 0.1429, lr: 0.000643100597489419
2026-01-20 16:22:28 - train: epoch 42, iter:50, loss: 0.0900, lr: 0.000643100597489419
2026-01-20 16:22:31 - train: epoch 42, iter:60, loss: 0.1065, lr: 0.000643100597489419
2026-01-20 16:22:34 - train: epoch 42, iter:70, loss: 0.1061, lr: 0.000643100597489419
2026-01-20 16:22:37 - train: epoch 42, iter:80, loss: 0.1546, lr: 0.000643100597489419
2026-01-20 16:22:38 - Finish one epoch train: epoch 42, loss: 0.1051, time(s): 25.12
2026-01-20 16:22:39 - idx 0 case patient050_frame01 mean_dice 0.904876 mean_hd95 1.138071
2026-01-20 16:22:40 - idx 1 case patient050_frame12 mean_dice 0.834284 mean_hd95 10.670345
2026-01-20 16:22:41 - idx 2 case patient037_frame01 mean_dice 0.871137 mean_hd95 1.333333
2026-01-20 16:22:42 - idx 3 case patient037_frame12 mean_dice 0.636768 mean_hd95 3.546397
2026-01-20 16:22:43 - idx 4 case patient095_frame01 mean_dice 0.938466 mean_hd95 1.000000
2026-01-20 16:22:45 - idx 5 case patient095_frame12 mean_dice 0.901343 mean_hd95 1.276142
2026-01-20 16:22:46 - idx 6 case patient047_frame01 mean_dice 0.926168 mean_hd95 1.000000
2026-01-20 16:22:47 - idx 7 case patient047_frame09 mean_dice 0.844663 mean_hd95 1.720759
2026-01-20 16:22:48 - idx 8 case patient044_frame01 mean_dice 0.916012 mean_hd95 1.000000
2026-01-20 16:22:49 - idx 9 case patient044_frame11 mean_dice 0.869192 mean_hd95 1.414214
2026-01-20 16:22:50 - idx 10 case patient064_frame01 mean_dice 0.954438 mean_hd95 1.000000
2026-01-20 16:22:52 - idx 11 case patient064_frame12 mean_dice 0.888386 mean_hd95 1.138071
2026-01-20 16:22:53 - idx 12 case patient017_frame01 mean_dice 0.924753 mean_hd95 1.000000
2026-01-20 16:22:54 - idx 13 case patient017_frame09 mean_dice 0.939729 mean_hd95 1.000000
2026-01-20 16:22:55 - idx 14 case patient039_frame01 mean_dice 0.935303 mean_hd95 1.000000
2026-01-20 16:22:56 - idx 15 case patient039_frame10 mean_dice 0.837458 mean_hd95 1.333333
2026-01-20 16:22:56 - idx 16 case patient041_frame01 mean_dice 0.902385 mean_hd95 1.000000
2026-01-20 16:22:57 - idx 17 case patient041_frame11 mean_dice 0.856205 mean_hd95 1.333333
2026-01-20 16:22:58 - idx 18 case patient067_frame01 mean_dice 0.925023 mean_hd95 1.000000
2026-01-20 16:22:59 - idx 19 case patient067_frame10 mean_dice 0.898227 mean_hd95 1.000000
2026-01-20 16:22:59 - Mean class 1 mean_dice 0.861142 mean_hd95 2.908440
2026-01-20 16:22:59 - Mean class 2 mean_dice 0.875428 mean_hd95 1.153225
2026-01-20 16:22:59 - Mean class 3 mean_dice 0.919153 mean_hd95 1.173935
2026-01-20 16:22:59 - val epoch: 42, mean_dice: 0.8852408571658019, mean_hd95: 1.7452000157216716, time(s): 21.95
2026-01-20 16:23:00 - train: epoch 43, iter:0, loss: 0.0954, lr: 0.0006281014941466035
2026-01-20 16:23:04 - train: epoch 43, iter:10, loss: 0.1003, lr: 0.0006281014941466035
2026-01-20 16:23:07 - train: epoch 43, iter:20, loss: 0.0992, lr: 0.0006281014941466035
2026-01-20 16:23:10 - train: epoch 43, iter:30, loss: 0.1136, lr: 0.0006281014941466035
2026-01-20 16:23:14 - train: epoch 43, iter:40, loss: 0.1034, lr: 0.0006281014941466035
2026-01-20 16:23:17 - train: epoch 43, iter:50, loss: 0.0953, lr: 0.0006281014941466035
2026-01-20 16:23:20 - train: epoch 43, iter:60, loss: 0.0914, lr: 0.0006281014941466035
2026-01-20 16:23:23 - train: epoch 43, iter:70, loss: 0.0918, lr: 0.0006281014941466035
2026-01-20 16:23:26 - train: epoch 43, iter:80, loss: 0.0851, lr: 0.0006281014941466035
2026-01-20 16:23:26 - Finish one epoch train: epoch 43, loss: 0.1058, time(s): 26.32
2026-01-20 16:23:28 - idx 0 case patient050_frame01 mean_dice 0.884616 mean_hd95 6.272826
2026-01-20 16:23:29 - idx 1 case patient050_frame12 mean_dice 0.776978 mean_hd95 10.195409
2026-01-20 16:23:30 - idx 2 case patient037_frame01 mean_dice 0.766104 mean_hd95 1.621234
2026-01-20 16:23:31 - idx 3 case patient037_frame12 mean_dice 0.398372 mean_hd95 6.539703
2026-01-20 16:23:33 - idx 4 case patient095_frame01 mean_dice 0.928765 mean_hd95 1.138071
2026-01-20 16:23:34 - idx 5 case patient095_frame12 mean_dice 0.880667 mean_hd95 1.621234
2026-01-20 16:23:35 - idx 6 case patient047_frame01 mean_dice 0.921721 mean_hd95 1.000000
2026-01-20 16:23:37 - idx 7 case patient047_frame09 mean_dice 0.866821 mean_hd95 1.483163
2026-01-20 16:23:38 - idx 8 case patient044_frame01 mean_dice 0.896329 mean_hd95 1.333333
2026-01-20 16:23:39 - idx 9 case patient044_frame11 mean_dice 0.864266 mean_hd95 1.276142
2026-01-20 16:23:40 - idx 10 case patient064_frame01 mean_dice 0.950060 mean_hd95 1.000000
2026-01-20 16:23:41 - idx 11 case patient064_frame12 mean_dice 0.862438 mean_hd95 1.550094
2026-01-20 16:23:42 - idx 12 case patient017_frame01 mean_dice 0.905309 mean_hd95 1.000000
2026-01-20 16:23:43 - idx 13 case patient017_frame09 mean_dice 0.924883 mean_hd95 1.000000
2026-01-20 16:23:44 - idx 14 case patient039_frame01 mean_dice 0.926677 mean_hd95 1.000000
2026-01-20 16:23:45 - idx 15 case patient039_frame10 mean_dice 0.806942 mean_hd95 1.333333
2026-01-20 16:23:46 - idx 16 case patient041_frame01 mean_dice 0.896977 mean_hd95 1.000000
2026-01-20 16:23:47 - idx 17 case patient041_frame11 mean_dice 0.852104 mean_hd95 1.333333
2026-01-20 16:23:48 - idx 18 case patient067_frame01 mean_dice 0.897307 mean_hd95 1.227817
2026-01-20 16:23:49 - idx 19 case patient067_frame10 mean_dice 0.898549 mean_hd95 1.000000
2026-01-20 16:23:49 - Mean class 1 mean_dice 0.815945 mean_hd95 4.123962
2026-01-20 16:23:49 - Mean class 2 mean_dice 0.854606 mean_hd95 1.203553
2026-01-20 16:23:49 - Mean class 3 mean_dice 0.895332 mean_hd95 1.261339
2026-01-20 16:23:49 - val epoch: 43, mean_dice: 0.8552942626113055, mean_hd95: 2.1962848019383294, time(s): 22.73
2026-01-20 16:23:50 - train: epoch 44, iter:0, loss: 0.0906, lr: 0.000612980904491289
2026-01-20 16:23:53 - train: epoch 44, iter:10, loss: 0.0896, lr: 0.000612980904491289
2026-01-20 16:23:56 - train: epoch 44, iter:20, loss: 0.1144, lr: 0.000612980904491289
2026-01-20 16:23:59 - train: epoch 44, iter:30, loss: 0.0986, lr: 0.000612980904491289
2026-01-20 16:24:02 - train: epoch 44, iter:40, loss: 0.0940, lr: 0.000612980904491289
2026-01-20 16:24:05 - train: epoch 44, iter:50, loss: 0.1023, lr: 0.000612980904491289
2026-01-20 16:24:08 - train: epoch 44, iter:60, loss: 0.0967, lr: 0.000612980904491289
2026-01-20 16:24:12 - train: epoch 44, iter:70, loss: 0.0944, lr: 0.000612980904491289
2026-01-20 16:24:15 - train: epoch 44, iter:80, loss: 0.0810, lr: 0.000612980904491289
2026-01-20 16:24:15 - Finish one epoch train: epoch 44, loss: 0.0999, time(s): 25.08
2026-01-20 16:24:16 - idx 0 case patient050_frame01 mean_dice 0.893855 mean_hd95 1.276142
2026-01-20 16:24:17 - idx 1 case patient050_frame12 mean_dice 0.814761 mean_hd95 10.359222
2026-01-20 16:24:18 - idx 2 case patient037_frame01 mean_dice 0.898455 mean_hd95 1.000000
2026-01-20 16:24:19 - idx 3 case patient037_frame12 mean_dice 0.598623 mean_hd95 3.643464
2026-01-20 16:24:20 - idx 4 case patient095_frame01 mean_dice 0.938639 mean_hd95 1.000000
2026-01-20 16:24:22 - idx 5 case patient095_frame12 mean_dice 0.874752 mean_hd95 1.550094
2026-01-20 16:24:23 - idx 6 case patient047_frame01 mean_dice 0.883508 mean_hd95 1.000000
2026-01-20 16:24:24 - idx 7 case patient047_frame09 mean_dice 0.882266 mean_hd95 1.138071
2026-01-20 16:24:25 - idx 8 case patient044_frame01 mean_dice 0.922121 mean_hd95 1.000000
2026-01-20 16:24:27 - idx 9 case patient044_frame11 mean_dice 0.868211 mean_hd95 1.412023
2026-01-20 16:24:28 - idx 10 case patient064_frame01 mean_dice 0.950782 mean_hd95 1.000000
2026-01-20 16:24:29 - idx 11 case patient064_frame12 mean_dice 0.878550 mean_hd95 1.244017
2026-01-20 16:24:30 - idx 12 case patient017_frame01 mean_dice 0.906610 mean_hd95 1.244017
2026-01-20 16:24:32 - idx 13 case patient017_frame09 mean_dice 0.925055 mean_hd95 1.138071
2026-01-20 16:24:33 - idx 14 case patient039_frame01 mean_dice 0.938641 mean_hd95 1.000000
2026-01-20 16:24:34 - idx 15 case patient039_frame10 mean_dice 0.786783 mean_hd95 1.440144
2026-01-20 16:24:35 - idx 16 case patient041_frame01 mean_dice 0.910064 mean_hd95 1.000000
2026-01-20 16:24:35 - idx 17 case patient041_frame11 mean_dice 0.867327 mean_hd95 1.333333
2026-01-20 16:24:37 - idx 18 case patient067_frame01 mean_dice 0.918982 mean_hd95 1.000000
2026-01-20 16:24:38 - idx 19 case patient067_frame10 mean_dice 0.925453 mean_hd95 1.000000
2026-01-20 16:24:38 - Mean class 1 mean_dice 0.847233 mean_hd95 2.910941
2026-01-20 16:24:38 - Mean class 2 mean_dice 0.873045 mean_hd95 1.141421
2026-01-20 16:24:38 - Mean class 3 mean_dice 0.917238 mean_hd95 1.164428
2026-01-20 16:24:38 - val epoch: 44, mean_dice: 0.8791718650952339, mean_hd95: 1.7389298870487568, time(s): 23.07
2026-01-20 16:24:39 - train: epoch 45, iter:0, loss: 0.0769, lr: 0.0005977537507199342
2026-01-20 16:24:42 - train: epoch 45, iter:10, loss: 0.0891, lr: 0.0005977537507199342
2026-01-20 16:24:46 - train: epoch 45, iter:20, loss: 0.1009, lr: 0.0005977537507199342
2026-01-20 16:24:49 - train: epoch 45, iter:30, loss: 0.0936, lr: 0.0005977537507199342
2026-01-20 16:24:52 - train: epoch 45, iter:40, loss: 0.0812, lr: 0.0005977537507199342
2026-01-20 16:24:55 - train: epoch 45, iter:50, loss: 0.0915, lr: 0.0005977537507199342
2026-01-20 16:24:58 - train: epoch 45, iter:60, loss: 0.0996, lr: 0.0005977537507199342
2026-01-20 16:25:01 - train: epoch 45, iter:70, loss: 0.0882, lr: 0.0005977537507199342
2026-01-20 16:25:04 - train: epoch 45, iter:80, loss: 0.1103, lr: 0.0005977537507199342
2026-01-20 16:25:04 - Finish one epoch train: epoch 45, loss: 0.0964, time(s): 25.74
2026-01-20 16:25:06 - idx 0 case patient050_frame01 mean_dice 0.895682 mean_hd95 1.382088
2026-01-20 16:25:07 - idx 1 case patient050_frame12 mean_dice 0.860331 mean_hd95 8.863063
2026-01-20 16:25:08 - idx 2 case patient037_frame01 mean_dice 0.867937 mean_hd95 1.138071
2026-01-20 16:25:08 - idx 3 case patient037_frame12 mean_dice 0.446325 mean_hd95 7.903262
2026-01-20 16:25:10 - idx 4 case patient095_frame01 mean_dice 0.935314 mean_hd95 1.000000
2026-01-20 16:25:12 - idx 5 case patient095_frame12 mean_dice 0.846578 mean_hd95 1.666667
2026-01-20 16:25:13 - idx 6 case patient047_frame01 mean_dice 0.915180 mean_hd95 1.000000
2026-01-20 16:25:14 - idx 7 case patient047_frame09 mean_dice 0.864459 mean_hd95 1.815547
2026-01-20 16:25:15 - idx 8 case patient044_frame01 mean_dice 0.917721 mean_hd95 1.000000
2026-01-20 16:25:16 - idx 9 case patient044_frame11 mean_dice 0.857953 mean_hd95 1.412023
2026-01-20 16:25:17 - idx 10 case patient064_frame01 mean_dice 0.943219 mean_hd95 1.000000
2026-01-20 16:25:18 - idx 11 case patient064_frame12 mean_dice 0.851434 mean_hd95 1.412023
2026-01-20 16:25:19 - idx 12 case patient017_frame01 mean_dice 0.899170 mean_hd95 1.138071
2026-01-20 16:25:20 - idx 13 case patient017_frame09 mean_dice 0.924333 mean_hd95 1.000000
2026-01-20 16:25:21 - idx 14 case patient039_frame01 mean_dice 0.921209 mean_hd95 1.000000
2026-01-20 16:25:22 - idx 15 case patient039_frame10 mean_dice 0.629462 mean_hd95 2.463980
2026-01-20 16:25:23 - idx 16 case patient041_frame01 mean_dice 0.896994 mean_hd95 1.000000
2026-01-20 16:25:24 - idx 17 case patient041_frame11 mean_dice 0.881336 mean_hd95 1.138071
2026-01-20 16:25:25 - idx 18 case patient067_frame01 mean_dice 0.912384 mean_hd95 1.000000
2026-01-20 16:25:26 - idx 19 case patient067_frame10 mean_dice 0.914106 mean_hd95 1.000000
2026-01-20 16:25:26 - Mean class 1 mean_dice 0.813640 mean_hd95 3.041914
2026-01-20 16:25:26 - Mean class 2 mean_dice 0.862891 mean_hd95 1.157313
2026-01-20 16:25:26 - Mean class 3 mean_dice 0.900638 mean_hd95 1.700703
2026-01-20 16:25:26 - val epoch: 45, mean_dice: 0.8590563607997016, mean_hd95: 1.9666433193637805, time(s): 21.94
2026-01-20 16:25:27 - train: epoch 46, iter:0, loss: 0.0958, lr: 0.0005824350601949147
2026-01-20 16:25:31 - train: epoch 46, iter:10, loss: 0.1301, lr: 0.0005824350601949147
2026-01-20 16:25:34 - train: epoch 46, iter:20, loss: 0.0776, lr: 0.0005824350601949147
2026-01-20 16:25:37 - train: epoch 46, iter:30, loss: 0.0871, lr: 0.0005824350601949147
2026-01-20 16:25:40 - train: epoch 46, iter:40, loss: 0.0830, lr: 0.0005824350601949147
2026-01-20 16:25:44 - train: epoch 46, iter:50, loss: 0.0974, lr: 0.0005824350601949147
2026-01-20 16:25:47 - train: epoch 46, iter:60, loss: 0.0911, lr: 0.0005824350601949147
2026-01-20 16:25:50 - train: epoch 46, iter:70, loss: 0.0933, lr: 0.0005824350601949147
2026-01-20 16:25:53 - train: epoch 46, iter:80, loss: 0.0725, lr: 0.0005824350601949147
2026-01-20 16:25:53 - Finish one epoch train: epoch 46, loss: 0.0980, time(s): 26.07
2026-01-20 16:25:54 - idx 0 case patient050_frame01 mean_dice 0.878341 mean_hd95 7.753684
2026-01-20 16:25:56 - idx 1 case patient050_frame12 mean_dice 0.766991 mean_hd95 10.491573
2026-01-20 16:25:56 - idx 2 case patient037_frame01 mean_dice 0.875600 mean_hd95 1.333333
2026-01-20 16:25:57 - idx 3 case patient037_frame12 mean_dice 0.768110 mean_hd95 1.816541
2026-01-20 16:25:59 - idx 4 case patient095_frame01 mean_dice 0.941619 mean_hd95 1.000000
2026-01-20 16:26:01 - idx 5 case patient095_frame12 mean_dice 0.897082 mean_hd95 1.414214
2026-01-20 16:26:02 - idx 6 case patient047_frame01 mean_dice 0.925773 mean_hd95 1.000000
2026-01-20 16:26:03 - idx 7 case patient047_frame09 mean_dice 0.880642 mean_hd95 1.412023
2026-01-20 16:26:04 - idx 8 case patient044_frame01 mean_dice 0.907148 mean_hd95 1.333333
2026-01-20 16:26:05 - idx 9 case patient044_frame11 mean_dice 0.833585 mean_hd95 2.051957
2026-01-20 16:26:06 - idx 10 case patient064_frame01 mean_dice 0.936534 mean_hd95 1.000000
2026-01-20 16:26:08 - idx 11 case patient064_frame12 mean_dice 0.918487 mean_hd95 1.000000
2026-01-20 16:26:09 - idx 12 case patient017_frame01 mean_dice 0.927521 mean_hd95 1.000000
2026-01-20 16:26:10 - idx 13 case patient017_frame09 mean_dice 0.938481 mean_hd95 1.000000
2026-01-20 16:26:11 - idx 14 case patient039_frame01 mean_dice 0.924666 mean_hd95 1.000000
2026-01-20 16:26:12 - idx 15 case patient039_frame10 mean_dice 0.837152 mean_hd95 1.962117
2026-01-20 16:26:12 - idx 16 case patient041_frame01 mean_dice 0.901292 mean_hd95 1.000000
2026-01-20 16:26:13 - idx 17 case patient041_frame11 mean_dice 0.828610 mean_hd95 1.412023
2026-01-20 16:26:14 - idx 18 case patient067_frame01 mean_dice 0.906163 mean_hd95 1.000000
2026-01-20 16:26:16 - idx 19 case patient067_frame10 mean_dice 0.907144 mean_hd95 1.000000
2026-01-20 16:26:16 - Mean class 1 mean_dice 0.857922 mean_hd95 3.785675
2026-01-20 16:26:16 - Mean class 2 mean_dice 0.871641 mean_hd95 1.206450
2026-01-20 16:26:16 - Mean class 3 mean_dice 0.925579 mean_hd95 1.154995
2026-01-20 16:26:16 - val epoch: 46, mean_dice: 0.885047044117075, mean_hd95: 2.0490398655101134, time(s): 22.66
2026-01-20 16:26:17 - train: epoch 47, iter:0, loss: 0.0766, lr: 0.000567039950614331
2026-01-20 16:26:20 - train: epoch 47, iter:10, loss: 0.1489, lr: 0.000567039950614331
2026-01-20 16:26:23 - train: epoch 47, iter:20, loss: 0.0923, lr: 0.000567039950614331
2026-01-20 16:26:26 - train: epoch 47, iter:30, loss: 0.1041, lr: 0.000567039950614331
2026-01-20 16:26:29 - train: epoch 47, iter:40, loss: 0.1176, lr: 0.000567039950614331
2026-01-20 16:26:32 - train: epoch 47, iter:50, loss: 0.1059, lr: 0.000567039950614331
2026-01-20 16:26:35 - train: epoch 47, iter:60, loss: 0.1091, lr: 0.000567039950614331
2026-01-20 16:26:39 - train: epoch 47, iter:70, loss: 0.1120, lr: 0.000567039950614331
2026-01-20 16:26:42 - train: epoch 47, iter:80, loss: 0.0918, lr: 0.000567039950614331
2026-01-20 16:26:42 - Finish one epoch train: epoch 47, loss: 0.1031, time(s): 25.74
2026-01-20 16:26:43 - idx 0 case patient050_frame01 mean_dice 0.903444 mean_hd95 1.138071
2026-01-20 16:26:45 - idx 1 case patient050_frame12 mean_dice 0.847636 mean_hd95 2.033257
2026-01-20 16:26:45 - idx 2 case patient037_frame01 mean_dice 0.895431 mean_hd95 1.000000
2026-01-20 16:26:46 - idx 3 case patient037_frame12 mean_dice 0.639144 mean_hd95 3.111696
2026-01-20 16:26:48 - idx 4 case patient095_frame01 mean_dice 0.940257 mean_hd95 1.000000
2026-01-20 16:26:49 - idx 5 case patient095_frame12 mean_dice 0.863447 mean_hd95 1.688165
2026-01-20 16:26:50 - idx 6 case patient047_frame01 mean_dice 0.908129 mean_hd95 1.000000
2026-01-20 16:26:52 - idx 7 case patient047_frame09 mean_dice 0.856473 mean_hd95 8.280974
2026-01-20 16:26:53 - idx 8 case patient044_frame01 mean_dice 0.925175 mean_hd95 1.000000
2026-01-20 16:26:54 - idx 9 case patient044_frame11 mean_dice 0.869610 mean_hd95 1.412023
2026-01-20 16:26:55 - idx 10 case patient064_frame01 mean_dice 0.949384 mean_hd95 1.000000
2026-01-20 16:26:56 - idx 11 case patient064_frame12 mean_dice 0.907954 mean_hd95 1.138071
2026-01-20 16:26:57 - idx 12 case patient017_frame01 mean_dice 0.924197 mean_hd95 1.000000
2026-01-20 16:26:58 - idx 13 case patient017_frame09 mean_dice 0.940745 mean_hd95 1.000000
2026-01-20 16:26:59 - idx 14 case patient039_frame01 mean_dice 0.937893 mean_hd95 1.000000
2026-01-20 16:27:00 - idx 15 case patient039_frame10 mean_dice 0.859717 mean_hd95 1.276142
2026-01-20 16:27:01 - idx 16 case patient041_frame01 mean_dice 0.904791 mean_hd95 1.000000
2026-01-20 16:27:02 - idx 17 case patient041_frame11 mean_dice 0.855509 mean_hd95 1.333333
2026-01-20 16:27:03 - idx 18 case patient067_frame01 mean_dice 0.923294 mean_hd95 1.000000
2026-01-20 16:27:04 - idx 19 case patient067_frame10 mean_dice 0.904036 mean_hd95 1.000000
2026-01-20 16:27:04 - Mean class 1 mean_dice 0.858611 mean_hd95 2.532507
2026-01-20 16:27:04 - Mean class 2 mean_dice 0.878771 mean_hd95 1.184607
2026-01-20 16:27:04 - Mean class 3 mean_dice 0.926059 mean_hd95 1.144646
2026-01-20 16:27:04 - val epoch: 47, mean_dice: 0.8878132929453783, mean_hd95: 1.6205866157368372, time(s): 22.29
2026-01-20 16:27:05 - train: epoch 48, iter:0, loss: 0.0855, lr: 0.0005515836150926649
2026-01-20 16:27:09 - train: epoch 48, iter:10, loss: 0.0976, lr: 0.0005515836150926649
2026-01-20 16:27:12 - train: epoch 48, iter:20, loss: 0.1096, lr: 0.0005515836150926649
2026-01-20 16:27:15 - train: epoch 48, iter:30, loss: 0.0854, lr: 0.0005515836150926649
2026-01-20 16:27:18 - train: epoch 48, iter:40, loss: 0.0982, lr: 0.0005515836150926649
2026-01-20 16:27:21 - train: epoch 48, iter:50, loss: 0.0990, lr: 0.0005515836150926649
2026-01-20 16:27:24 - train: epoch 48, iter:60, loss: 0.1273, lr: 0.0005515836150926649
2026-01-20 16:27:27 - train: epoch 48, iter:70, loss: 0.1176, lr: 0.0005515836150926649
2026-01-20 16:27:30 - train: epoch 48, iter:80, loss: 0.0896, lr: 0.0005515836150926649
2026-01-20 16:27:30 - Finish one epoch train: epoch 48, loss: 0.0995, time(s): 25.27
2026-01-20 16:27:32 - idx 0 case patient050_frame01 mean_dice 0.904258 mean_hd95 1.138071
2026-01-20 16:27:33 - idx 1 case patient050_frame12 mean_dice 0.844369 mean_hd95 8.354762
2026-01-20 16:27:34 - idx 2 case patient037_frame01 mean_dice 0.881947 mean_hd95 1.000000
2026-01-20 16:27:35 - idx 3 case patient037_frame12 mean_dice 0.633427 mean_hd95 5.979069
2026-01-20 16:27:36 - idx 4 case patient095_frame01 mean_dice 0.934348 mean_hd95 1.000000
2026-01-20 16:27:38 - idx 5 case patient095_frame12 mean_dice 0.900118 mean_hd95 1.276142
2026-01-20 16:27:39 - idx 6 case patient047_frame01 mean_dice 0.909758 mean_hd95 1.000000
2026-01-20 16:27:40 - idx 7 case patient047_frame09 mean_dice 0.855189 mean_hd95 1.720759
2026-01-20 16:27:41 - idx 8 case patient044_frame01 mean_dice 0.920781 mean_hd95 1.000000
2026-01-20 16:27:42 - idx 9 case patient044_frame11 mean_dice 0.861726 mean_hd95 1.412023
2026-01-20 16:27:43 - idx 10 case patient064_frame01 mean_dice 0.946151 mean_hd95 1.000000
2026-01-20 16:27:45 - idx 11 case patient064_frame12 mean_dice 0.924275 mean_hd95 1.000000
2026-01-20 16:27:46 - idx 12 case patient017_frame01 mean_dice 0.901086 mean_hd95 1.138071
2026-01-20 16:27:47 - idx 13 case patient017_frame09 mean_dice 0.926138 mean_hd95 1.000000
2026-01-20 16:27:48 - idx 14 case patient039_frame01 mean_dice 0.933890 mean_hd95 1.000000
2026-01-20 16:27:49 - idx 15 case patient039_frame10 mean_dice 0.848691 mean_hd95 1.138071
2026-01-20 16:27:49 - idx 16 case patient041_frame01 mean_dice 0.897368 mean_hd95 1.000000
2026-01-20 16:27:50 - idx 17 case patient041_frame11 mean_dice 0.850261 mean_hd95 1.609476
2026-01-20 16:27:51 - idx 18 case patient067_frame01 mean_dice 0.913593 mean_hd95 1.000000
2026-01-20 16:27:52 - idx 19 case patient067_frame10 mean_dice 0.901663 mean_hd95 1.000000
2026-01-20 16:27:52 - Mean class 1 mean_dice 0.859171 mean_hd95 2.501557
2026-01-20 16:27:52 - Mean class 2 mean_dice 0.871105 mean_hd95 1.091421
2026-01-20 16:27:52 - Mean class 3 mean_dice 0.923079 mean_hd95 1.621988
2026-01-20 16:27:52 - val epoch: 48, mean_dice: 0.8844518300094238, mean_hd95: 1.7383222104290985, time(s): 22.13
2026-01-20 16:27:53 - train: epoch 49, iter:0, loss: 0.0940, lr: 0.0005360813071670105
2026-01-20 16:27:57 - train: epoch 49, iter:10, loss: 0.0902, lr: 0.0005360813071670105
2026-01-20 16:28:00 - train: epoch 49, iter:20, loss: 0.0955, lr: 0.0005360813071670105
2026-01-20 16:28:03 - train: epoch 49, iter:30, loss: 0.0883, lr: 0.0005360813071670105
2026-01-20 16:28:06 - train: epoch 49, iter:40, loss: 0.0918, lr: 0.0005360813071670105
2026-01-20 16:28:09 - train: epoch 49, iter:50, loss: 0.0889, lr: 0.0005360813071670105
2026-01-20 16:28:12 - train: epoch 49, iter:60, loss: 0.0985, lr: 0.0005360813071670105
2026-01-20 16:28:15 - train: epoch 49, iter:70, loss: 0.1039, lr: 0.0005360813071670105
2026-01-20 16:28:19 - train: epoch 49, iter:80, loss: 0.0974, lr: 0.0005360813071670105
2026-01-20 16:28:19 - Finish one epoch train: epoch 49, loss: 0.0935, time(s): 25.58
2026-01-20 16:28:20 - idx 0 case patient050_frame01 mean_dice 0.906173 mean_hd95 1.276142
2026-01-20 16:28:21 - idx 1 case patient050_frame12 mean_dice 0.828845 mean_hd95 2.256327
2026-01-20 16:28:22 - idx 2 case patient037_frame01 mean_dice 0.862096 mean_hd95 1.412023
2026-01-20 16:28:23 - idx 3 case patient037_frame12 mean_dice 0.591859 mean_hd95 3.978971
2026-01-20 16:28:24 - idx 4 case patient095_frame01 mean_dice 0.941443 mean_hd95 1.000000
2026-01-20 16:28:26 - idx 5 case patient095_frame12 mean_dice 0.862299 mean_hd95 1.883427
2026-01-20 16:28:27 - idx 6 case patient047_frame01 mean_dice 0.914764 mean_hd95 1.000000
2026-01-20 16:28:28 - idx 7 case patient047_frame09 mean_dice 0.862469 mean_hd95 1.138071
2026-01-20 16:28:29 - idx 8 case patient044_frame01 mean_dice 0.929969 mean_hd95 1.000000
2026-01-20 16:28:30 - idx 9 case patient044_frame11 mean_dice 0.871734 mean_hd95 1.333333
2026-01-20 16:28:32 - idx 10 case patient064_frame01 mean_dice 0.949219 mean_hd95 1.000000
2026-01-20 16:28:33 - idx 11 case patient064_frame12 mean_dice 0.920326 mean_hd95 1.138071
2026-01-20 16:28:34 - idx 12 case patient017_frame01 mean_dice 0.916773 mean_hd95 1.000000
2026-01-20 16:28:35 - idx 13 case patient017_frame09 mean_dice 0.933032 mean_hd95 1.000000
2026-01-20 16:28:36 - idx 14 case patient039_frame01 mean_dice 0.937649 mean_hd95 1.000000
2026-01-20 16:28:37 - idx 15 case patient039_frame10 mean_dice 0.852464 mean_hd95 1.276142
2026-01-20 16:28:38 - idx 16 case patient041_frame01 mean_dice 0.896886 mean_hd95 1.000000
2026-01-20 16:28:38 - idx 17 case patient041_frame11 mean_dice 0.863237 mean_hd95 1.333333
2026-01-20 16:28:40 - idx 18 case patient067_frame01 mean_dice 0.923365 mean_hd95 1.000000
2026-01-20 16:28:41 - idx 19 case patient067_frame10 mean_dice 0.911406 mean_hd95 1.000000
2026-01-20 16:28:41 - Mean class 1 mean_dice 0.847911 mean_hd95 1.703813
2026-01-20 16:28:41 - Mean class 2 mean_dice 0.878745 mean_hd95 1.128024
2026-01-20 16:28:41 - Mean class 3 mean_dice 0.924745 mean_hd95 1.222039
2026-01-20 16:28:41 - val epoch: 49, mean_dice: 0.883800449558513, mean_hd95: 1.3512920881371937, time(s): 22.20
2026-01-20 16:28:42 - train: epoch 50, iter:0, loss: 0.0840, lr: 0.0005205483257436738
2026-01-20 16:28:45 - train: epoch 50, iter:10, loss: 0.1090, lr: 0.0005205483257436738
2026-01-20 16:28:48 - train: epoch 50, iter:20, loss: 0.0939, lr: 0.0005205483257436738
2026-01-20 16:28:51 - train: epoch 50, iter:30, loss: 0.0951, lr: 0.0005205483257436738
2026-01-20 16:28:54 - train: epoch 50, iter:40, loss: 0.0822, lr: 0.0005205483257436738
2026-01-20 16:28:57 - train: epoch 50, iter:50, loss: 0.0849, lr: 0.0005205483257436738
2026-01-20 16:29:00 - train: epoch 50, iter:60, loss: 0.0836, lr: 0.0005205483257436738
2026-01-20 16:29:03 - train: epoch 50, iter:70, loss: 0.0988, lr: 0.0005205483257436738
2026-01-20 16:29:06 - train: epoch 50, iter:80, loss: 0.0820, lr: 0.0005205483257436738
2026-01-20 16:29:07 - Finish one epoch train: epoch 50, loss: 0.0951, time(s): 25.06
2026-01-20 16:29:08 - idx 0 case patient050_frame01 mean_dice 0.899364 mean_hd95 1.550094
2026-01-20 16:29:09 - idx 1 case patient050_frame12 mean_dice 0.856575 mean_hd95 10.161805
2026-01-20 16:29:10 - idx 2 case patient037_frame01 mean_dice 0.889490 mean_hd95 1.000000
2026-01-20 16:29:11 - idx 3 case patient037_frame12 mean_dice 0.666306 mean_hd95 2.833666
2026-01-20 16:29:12 - idx 4 case patient095_frame01 mean_dice 0.940121 mean_hd95 1.000000
2026-01-20 16:29:14 - idx 5 case patient095_frame12 mean_dice 0.874060 mean_hd95 1.550094
2026-01-20 16:29:15 - idx 6 case patient047_frame01 mean_dice 0.858983 mean_hd95 1.333333
2026-01-20 16:29:16 - idx 7 case patient047_frame09 mean_dice 0.799339 mean_hd95 1.666667
2026-01-20 16:29:17 - idx 8 case patient044_frame01 mean_dice 0.921831 mean_hd95 1.000000
2026-01-20 16:29:18 - idx 9 case patient044_frame11 mean_dice 0.873303 mean_hd95 1.138071
2026-01-20 16:29:20 - idx 10 case patient064_frame01 mean_dice 0.948597 mean_hd95 1.000000
2026-01-20 16:29:21 - idx 11 case patient064_frame12 mean_dice 0.913154 mean_hd95 1.138071
2026-01-20 16:29:22 - idx 12 case patient017_frame01 mean_dice 0.900924 mean_hd95 1.000000
2026-01-20 16:29:23 - idx 13 case patient017_frame09 mean_dice 0.932756 mean_hd95 1.000000
2026-01-20 16:29:24 - idx 14 case patient039_frame01 mean_dice 0.929151 mean_hd95 1.000000
2026-01-20 16:29:25 - idx 15 case patient039_frame10 mean_dice 0.854529 mean_hd95 1.382088
2026-01-20 16:29:26 - idx 16 case patient041_frame01 mean_dice 0.906602 mean_hd95 1.000000
2026-01-20 16:29:26 - idx 17 case patient041_frame11 mean_dice 0.876558 mean_hd95 1.244017
2026-01-20 16:29:28 - idx 18 case patient067_frame01 mean_dice 0.912446 mean_hd95 1.000000
2026-01-20 16:29:29 - idx 19 case patient067_frame10 mean_dice 0.935567 mean_hd95 1.000000
2026-01-20 16:29:29 - Mean class 1 mean_dice 0.850173 mean_hd95 2.811453
2026-01-20 16:29:29 - Mean class 2 mean_dice 0.875952 mean_hd95 1.148406
2026-01-20 16:29:29 - Mean class 3 mean_dice 0.927324 mean_hd95 1.139827
2026-01-20 16:29:29 - val epoch: 50, mean_dice: 0.8844827873664042, mean_hd95: 1.6998952974448478, time(s): 22.35
2026-01-20 16:29:30 - train: epoch 51, iter:0, loss: 0.0854, lr: 0.0005050000000000002
2026-01-20 16:29:33 - train: epoch 51, iter:10, loss: 0.0926, lr: 0.0005050000000000002
2026-01-20 16:29:36 - train: epoch 51, iter:20, loss: 0.0847, lr: 0.0005050000000000002
2026-01-20 16:29:39 - train: epoch 51, iter:30, loss: 0.0961, lr: 0.0005050000000000002
2026-01-20 16:29:42 - train: epoch 51, iter:40, loss: 0.0814, lr: 0.0005050000000000002
2026-01-20 16:29:46 - train: epoch 51, iter:50, loss: 0.0866, lr: 0.0005050000000000002
2026-01-20 16:29:49 - train: epoch 51, iter:60, loss: 0.0918, lr: 0.0005050000000000002
2026-01-20 16:29:52 - train: epoch 51, iter:70, loss: 0.0801, lr: 0.0005050000000000002
2026-01-20 16:29:55 - train: epoch 51, iter:80, loss: 0.1018, lr: 0.0005050000000000002
2026-01-20 16:29:55 - Finish one epoch train: epoch 51, loss: 0.0912, time(s): 25.96
2026-01-20 16:29:57 - idx 0 case patient050_frame01 mean_dice 0.915040 mean_hd95 1.000000
2026-01-20 16:29:58 - idx 1 case patient050_frame12 mean_dice 0.873528 mean_hd95 1.550094
2026-01-20 16:29:59 - idx 2 case patient037_frame01 mean_dice 0.897531 mean_hd95 1.000000
2026-01-20 16:30:00 - idx 3 case patient037_frame12 mean_dice 0.671977 mean_hd95 6.831661
2026-01-20 16:30:01 - idx 4 case patient095_frame01 mean_dice 0.937669 mean_hd95 1.000000
2026-01-20 16:30:03 - idx 5 case patient095_frame12 mean_dice 0.884261 mean_hd95 1.621234
2026-01-20 16:30:04 - idx 6 case patient047_frame01 mean_dice 0.914715 mean_hd95 1.000000
2026-01-20 16:30:05 - idx 7 case patient047_frame09 mean_dice 0.882570 mean_hd95 1.311004
2026-01-20 16:30:06 - idx 8 case patient044_frame01 mean_dice 0.923379 mean_hd95 1.000000
2026-01-20 16:30:07 - idx 9 case patient044_frame11 mean_dice 0.869698 mean_hd95 1.333333
2026-01-20 16:30:09 - idx 10 case patient064_frame01 mean_dice 0.951597 mean_hd95 1.000000
2026-01-20 16:30:10 - idx 11 case patient064_frame12 mean_dice 0.927524 mean_hd95 1.000000
2026-01-20 16:30:11 - idx 12 case patient017_frame01 mean_dice 0.909566 mean_hd95 1.000000
2026-01-20 16:30:12 - idx 13 case patient017_frame09 mean_dice 0.935315 mean_hd95 1.000000
2026-01-20 16:30:13 - idx 14 case patient039_frame01 mean_dice 0.939315 mean_hd95 1.000000
2026-01-20 16:30:14 - idx 15 case patient039_frame10 mean_dice 0.872171 mean_hd95 1.138071
2026-01-20 16:30:15 - idx 16 case patient041_frame01 mean_dice 0.903269 mean_hd95 1.000000
2026-01-20 16:30:15 - idx 17 case patient041_frame11 mean_dice 0.877486 mean_hd95 1.138071
2026-01-20 16:30:16 - idx 18 case patient067_frame01 mean_dice 0.922597 mean_hd95 1.000000
2026-01-20 16:30:18 - idx 19 case patient067_frame10 mean_dice 0.919460 mean_hd95 1.000000
2026-01-20 16:30:18 - Mean class 1 mean_dice 0.868710 mean_hd95 1.452877
2026-01-20 16:30:18 - Mean class 2 mean_dice 0.884978 mean_hd95 1.123738
2026-01-20 16:30:18 - Mean class 3 mean_dice 0.935611 mean_hd95 1.611905
2026-01-20 16:30:18 - val epoch: 51, mean_dice: 0.8964334184035283, mean_hd95: 1.3961734720600496, time(s): 22.36
2026-01-20 16:30:19 - train: epoch 52, iter:0, loss: 0.1131, lr: 0.0004894516742563267
2026-01-20 16:30:22 - train: epoch 52, iter:10, loss: 0.0859, lr: 0.0004894516742563267
2026-01-20 16:30:25 - train: epoch 52, iter:20, loss: 0.0744, lr: 0.0004894516742563267
2026-01-20 16:30:28 - train: epoch 52, iter:30, loss: 0.0832, lr: 0.0004894516742563267
2026-01-20 16:30:31 - train: epoch 52, iter:40, loss: 0.0778, lr: 0.0004894516742563267
2026-01-20 16:30:34 - train: epoch 52, iter:50, loss: 0.0853, lr: 0.0004894516742563267
2026-01-20 16:30:38 - train: epoch 52, iter:60, loss: 0.1217, lr: 0.0004894516742563267
2026-01-20 16:30:41 - train: epoch 52, iter:70, loss: 0.0882, lr: 0.0004894516742563267
2026-01-20 16:30:44 - train: epoch 52, iter:80, loss: 0.0914, lr: 0.0004894516742563267
2026-01-20 16:30:44 - Finish one epoch train: epoch 52, loss: 0.0924, time(s): 25.38
2026-01-20 16:30:45 - idx 0 case patient050_frame01 mean_dice 0.898018 mean_hd95 1.915195
2026-01-20 16:30:46 - idx 1 case patient050_frame12 mean_dice 0.786613 mean_hd95 10.000147
2026-01-20 16:30:47 - idx 2 case patient037_frame01 mean_dice 0.884853 mean_hd95 1.276142
2026-01-20 16:30:48 - idx 3 case patient037_frame12 mean_dice 0.670076 mean_hd95 9.286497
2026-01-20 16:30:50 - idx 4 case patient095_frame01 mean_dice 0.939423 mean_hd95 1.000000
2026-01-20 16:30:51 - idx 5 case patient095_frame12 mean_dice 0.900788 mean_hd95 1.471405
2026-01-20 16:30:52 - idx 6 case patient047_frame01 mean_dice 0.909280 mean_hd95 1.000000
2026-01-20 16:30:53 - idx 7 case patient047_frame09 mean_dice 0.885675 mean_hd95 1.244017
2026-01-20 16:30:54 - idx 8 case patient044_frame01 mean_dice 0.912373 mean_hd95 18.383576
2026-01-20 16:30:56 - idx 9 case patient044_frame11 mean_dice 0.864388 mean_hd95 1.688165
2026-01-20 16:30:57 - idx 10 case patient064_frame01 mean_dice 0.952639 mean_hd95 1.000000
2026-01-20 16:30:58 - idx 11 case patient064_frame12 mean_dice 0.937660 mean_hd95 1.000000
2026-01-20 16:30:59 - idx 12 case patient017_frame01 mean_dice 0.920417 mean_hd95 1.000000
2026-01-20 16:31:00 - idx 13 case patient017_frame09 mean_dice 0.939028 mean_hd95 1.000000
2026-01-20 16:31:01 - idx 14 case patient039_frame01 mean_dice 0.939999 mean_hd95 1.000000
2026-01-20 16:31:02 - idx 15 case patient039_frame10 mean_dice 0.898907 mean_hd95 1.000000
2026-01-20 16:31:03 - idx 16 case patient041_frame01 mean_dice 0.904626 mean_hd95 1.000000
2026-01-20 16:31:03 - idx 17 case patient041_frame11 mean_dice 0.851466 mean_hd95 1.333333
2026-01-20 16:31:05 - idx 18 case patient067_frame01 mean_dice 0.918563 mean_hd95 1.000000
2026-01-20 16:31:06 - idx 19 case patient067_frame10 mean_dice 0.909730 mean_hd95 1.000000
2026-01-20 16:31:06 - Mean class 1 mean_dice 0.865464 mean_hd95 2.732018
2026-01-20 16:31:06 - Mean class 2 mean_dice 0.879480 mean_hd95 4.153837
2026-01-20 16:31:06 - Mean class 3 mean_dice 0.928733 mean_hd95 1.753917
2026-01-20 16:31:06 - val epoch: 52, mean_dice: 0.8912259983838927, mean_hd95: 2.879923891555265, time(s): 22.19
2026-01-20 16:31:07 - train: epoch 53, iter:0, loss: 0.0874, lr: 0.0004739186928329901
2026-01-20 16:31:10 - train: epoch 53, iter:10, loss: 0.0918, lr: 0.0004739186928329901
2026-01-20 16:31:13 - train: epoch 53, iter:20, loss: 0.0998, lr: 0.0004739186928329901
2026-01-20 16:31:16 - train: epoch 53, iter:30, loss: 0.0909, lr: 0.0004739186928329901
2026-01-20 16:31:20 - train: epoch 53, iter:40, loss: 0.0991, lr: 0.0004739186928329901
2026-01-20 16:31:23 - train: epoch 53, iter:50, loss: 0.0769, lr: 0.0004739186928329901
2026-01-20 16:31:26 - train: epoch 53, iter:60, loss: 0.0888, lr: 0.0004739186928329901
2026-01-20 16:31:29 - train: epoch 53, iter:70, loss: 0.0988, lr: 0.0004739186928329901
2026-01-20 16:31:32 - train: epoch 53, iter:80, loss: 0.0899, lr: 0.0004739186928329901
2026-01-20 16:31:32 - Finish one epoch train: epoch 53, loss: 0.0908, time(s): 25.68
2026-01-20 16:31:34 - idx 0 case patient050_frame01 mean_dice 0.900956 mean_hd95 1.244017
2026-01-20 16:31:35 - idx 1 case patient050_frame12 mean_dice 0.835393 mean_hd95 4.409880
2026-01-20 16:31:36 - idx 2 case patient037_frame01 mean_dice 0.890627 mean_hd95 1.000000
2026-01-20 16:31:36 - idx 3 case patient037_frame12 mean_dice 0.629348 mean_hd95 2.916434
2026-01-20 16:31:38 - idx 4 case patient095_frame01 mean_dice 0.940371 mean_hd95 1.000000
2026-01-20 16:31:40 - idx 5 case patient095_frame12 mean_dice 0.856235 mean_hd95 1.804738
2026-01-20 16:31:41 - idx 6 case patient047_frame01 mean_dice 0.915435 mean_hd95 1.000000
2026-01-20 16:31:42 - idx 7 case patient047_frame09 mean_dice 0.890157 mean_hd95 1.138071
2026-01-20 16:31:43 - idx 8 case patient044_frame01 mean_dice 0.918427 mean_hd95 1.000000
2026-01-20 16:31:44 - idx 9 case patient044_frame11 mean_dice 0.869062 mean_hd95 1.333333
2026-01-20 16:31:45 - idx 10 case patient064_frame01 mean_dice 0.951276 mean_hd95 1.000000
2026-01-20 16:31:47 - idx 11 case patient064_frame12 mean_dice 0.910539 mean_hd95 1.000000
2026-01-20 16:31:48 - idx 12 case patient017_frame01 mean_dice 0.916674 mean_hd95 1.000000
2026-01-20 16:31:49 - idx 13 case patient017_frame09 mean_dice 0.940929 mean_hd95 1.000000
2026-01-20 16:31:50 - idx 14 case patient039_frame01 mean_dice 0.936133 mean_hd95 1.000000
2026-01-20 16:31:51 - idx 15 case patient039_frame10 mean_dice 0.849233 mean_hd95 1.212233
2026-01-20 16:31:51 - idx 16 case patient041_frame01 mean_dice 0.905234 mean_hd95 1.000000
2026-01-20 16:31:52 - idx 17 case patient041_frame11 mean_dice 0.878516 mean_hd95 1.138071
2026-01-20 16:31:53 - idx 18 case patient067_frame01 mean_dice 0.912296 mean_hd95 1.000000
2026-01-20 16:31:55 - idx 19 case patient067_frame10 mean_dice 0.922015 mean_hd95 1.000000
2026-01-20 16:31:55 - Mean class 1 mean_dice 0.863446 mean_hd95 1.846051
2026-01-20 16:31:55 - Mean class 2 mean_dice 0.875959 mean_hd95 1.119117
2026-01-20 16:31:55 - Mean class 3 mean_dice 0.925924 mean_hd95 1.114349
2026-01-20 16:31:55 - val epoch: 53, mean_dice: 0.8884428007224768, mean_hd95: 1.3598388586120513, time(s): 22.33
2026-01-20 16:31:56 - train: epoch 54, iter:0, loss: 0.0942, lr: 0.00045841638490733556
2026-01-20 16:31:59 - train: epoch 54, iter:10, loss: 0.0836, lr: 0.00045841638490733556
2026-01-20 16:32:02 - train: epoch 54, iter:20, loss: 0.0814, lr: 0.00045841638490733556
2026-01-20 16:32:05 - train: epoch 54, iter:30, loss: 0.0782, lr: 0.00045841638490733556
2026-01-20 16:32:08 - train: epoch 54, iter:40, loss: 0.0885, lr: 0.00045841638490733556
2026-01-20 16:32:11 - train: epoch 54, iter:50, loss: 0.1396, lr: 0.00045841638490733556
2026-01-20 16:32:14 - train: epoch 54, iter:60, loss: 0.0942, lr: 0.00045841638490733556
2026-01-20 16:32:17 - train: epoch 54, iter:70, loss: 0.1009, lr: 0.00045841638490733556
2026-01-20 16:32:20 - train: epoch 54, iter:80, loss: 0.0842, lr: 0.00045841638490733556
2026-01-20 16:32:21 - Finish one epoch train: epoch 54, loss: 0.0942, time(s): 25.24
2026-01-20 16:32:22 - idx 0 case patient050_frame01 mean_dice 0.913211 mean_hd95 1.138071
2026-01-20 16:32:23 - idx 1 case patient050_frame12 mean_dice 0.852996 mean_hd95 9.518015
2026-01-20 16:32:24 - idx 2 case patient037_frame01 mean_dice 0.869519 mean_hd95 1.333333
2026-01-20 16:32:25 - idx 3 case patient037_frame12 mean_dice 0.681514 mean_hd95 2.591129
2026-01-20 16:32:26 - idx 4 case patient095_frame01 mean_dice 0.937515 mean_hd95 1.000000
2026-01-20 16:32:28 - idx 5 case patient095_frame12 mean_dice 0.871916 mean_hd95 1.550094
2026-01-20 16:32:29 - idx 6 case patient047_frame01 mean_dice 0.877408 mean_hd95 1.333333
2026-01-20 16:32:30 - idx 7 case patient047_frame09 mean_dice 0.868648 mean_hd95 1.550094
2026-01-20 16:32:31 - idx 8 case patient044_frame01 mean_dice 0.909477 mean_hd95 1.000000
2026-01-20 16:32:32 - idx 9 case patient044_frame11 mean_dice 0.869096 mean_hd95 1.244017
2026-01-20 16:32:33 - idx 10 case patient064_frame01 mean_dice 0.946799 mean_hd95 1.000000
2026-01-20 16:32:35 - idx 11 case patient064_frame12 mean_dice 0.916180 mean_hd95 1.000000
2026-01-20 16:32:36 - idx 12 case patient017_frame01 mean_dice 0.876864 mean_hd95 1.471405
2026-01-20 16:32:37 - idx 13 case patient017_frame09 mean_dice 0.932164 mean_hd95 1.000000
2026-01-20 16:32:38 - idx 14 case patient039_frame01 mean_dice 0.933675 mean_hd95 1.000000
2026-01-20 16:32:39 - idx 15 case patient039_frame10 mean_dice 0.841066 mean_hd95 1.244017
2026-01-20 16:32:39 - idx 16 case patient041_frame01 mean_dice 0.896743 mean_hd95 1.000000
2026-01-20 16:32:40 - idx 17 case patient041_frame11 mean_dice 0.868282 mean_hd95 1.138071
2026-01-20 16:32:41 - idx 18 case patient067_frame01 mean_dice 0.923403 mean_hd95 1.000000
2026-01-20 16:32:42 - idx 19 case patient067_frame10 mean_dice 0.903002 mean_hd95 1.138071
2026-01-20 16:32:42 - Mean class 1 mean_dice 0.853019 mean_hd95 2.723685
2026-01-20 16:32:42 - Mean class 2 mean_dice 0.871968 mean_hd95 1.123935
2026-01-20 16:32:42 - Mean class 3 mean_dice 0.928434 mean_hd95 1.139827
2026-01-20 16:32:42 - val epoch: 54, mean_dice: 0.8844737716217782, mean_hd95: 1.6624825314951763, time(s): 21.98
2026-01-20 16:32:43 - train: epoch 55, iter:0, loss: 0.0848, lr: 0.0004429600493856696
2026-01-20 16:32:46 - train: epoch 55, iter:10, loss: 0.0928, lr: 0.0004429600493856696
2026-01-20 16:32:50 - train: epoch 55, iter:20, loss: 0.1039, lr: 0.0004429600493856696
2026-01-20 16:32:53 - train: epoch 55, iter:30, loss: 0.0757, lr: 0.0004429600493856696
2026-01-20 16:32:56 - train: epoch 55, iter:40, loss: 0.0909, lr: 0.0004429600493856696
2026-01-20 16:32:59 - train: epoch 55, iter:50, loss: 0.1116, lr: 0.0004429600493856696
2026-01-20 16:33:02 - train: epoch 55, iter:60, loss: 0.0835, lr: 0.0004429600493856696
2026-01-20 16:33:05 - train: epoch 55, iter:70, loss: 0.0853, lr: 0.0004429600493856696
2026-01-20 16:33:08 - train: epoch 55, iter:80, loss: 0.0812, lr: 0.0004429600493856696
2026-01-20 16:33:08 - Finish one epoch train: epoch 55, loss: 0.0946, time(s): 25.03
2026-01-20 16:33:10 - idx 0 case patient050_frame01 mean_dice 0.900968 mean_hd95 1.292034
2026-01-20 16:33:11 - idx 1 case patient050_frame12 mean_dice 0.820616 mean_hd95 10.158459
2026-01-20 16:33:12 - idx 2 case patient037_frame01 mean_dice 0.901623 mean_hd95 1.000000
2026-01-20 16:33:13 - idx 3 case patient037_frame12 mean_dice 0.713991 mean_hd95 2.324755
2026-01-20 16:33:14 - idx 4 case patient095_frame01 mean_dice 0.942239 mean_hd95 1.000000
2026-01-20 16:33:16 - idx 5 case patient095_frame12 mean_dice 0.896262 mean_hd95 1.471405
2026-01-20 16:33:17 - idx 6 case patient047_frame01 mean_dice 0.903570 mean_hd95 1.138071
2026-01-20 16:33:18 - idx 7 case patient047_frame09 mean_dice 0.844498 mean_hd95 4.040558
2026-01-20 16:33:19 - idx 8 case patient044_frame01 mean_dice 0.924503 mean_hd95 1.000000
2026-01-20 16:33:20 - idx 9 case patient044_frame11 mean_dice 0.880841 mean_hd95 1.333333
2026-01-20 16:33:22 - idx 10 case patient064_frame01 mean_dice 0.953206 mean_hd95 1.000000
2026-01-20 16:33:23 - idx 11 case patient064_frame12 mean_dice 0.895587 mean_hd95 1.138071
2026-01-20 16:33:24 - idx 12 case patient017_frame01 mean_dice 0.920045 mean_hd95 1.000000
2026-01-20 16:33:25 - idx 13 case patient017_frame09 mean_dice 0.938939 mean_hd95 1.000000
2026-01-20 16:33:26 - idx 14 case patient039_frame01 mean_dice 0.940099 mean_hd95 1.000000
2026-01-20 16:33:27 - idx 15 case patient039_frame10 mean_dice 0.888087 mean_hd95 1.138071
2026-01-20 16:33:28 - idx 16 case patient041_frame01 mean_dice 0.903843 mean_hd95 1.000000
2026-01-20 16:33:28 - idx 17 case patient041_frame11 mean_dice 0.864093 mean_hd95 1.138071
2026-01-20 16:33:29 - idx 18 case patient067_frame01 mean_dice 0.919881 mean_hd95 1.000000
2026-01-20 16:33:31 - idx 19 case patient067_frame10 mean_dice 0.920835 mean_hd95 1.000000
2026-01-20 16:33:31 - Mean class 1 mean_dice 0.877741 mean_hd95 2.990698
2026-01-20 16:33:31 - Mean class 2 mean_dice 0.876760 mean_hd95 1.143805
2026-01-20 16:33:31 - Mean class 3 mean_dice 0.926558 mean_hd95 1.141421
2026-01-20 16:33:31 - val epoch: 55, mean_dice: 0.8936862806804297, mean_hd95: 1.7586414376037365, time(s): 22.60
2026-01-20 16:33:32 - train: epoch 56, iter:0, loss: 0.0830, lr: 0.0004275649398050859
2026-01-20 16:33:35 - train: epoch 56, iter:10, loss: 0.0808, lr: 0.0004275649398050859
2026-01-20 16:33:38 - train: epoch 56, iter:20, loss: 0.0933, lr: 0.0004275649398050859
2026-01-20 16:33:41 - train: epoch 56, iter:30, loss: 0.0914, lr: 0.0004275649398050859
2026-01-20 16:33:44 - train: epoch 56, iter:40, loss: 0.0819, lr: 0.0004275649398050859
2026-01-20 16:33:47 - train: epoch 56, iter:50, loss: 0.0858, lr: 0.0004275649398050859
2026-01-20 16:33:50 - train: epoch 56, iter:60, loss: 0.0755, lr: 0.0004275649398050859
2026-01-20 16:33:53 - train: epoch 56, iter:70, loss: 0.0970, lr: 0.0004275649398050859
2026-01-20 16:33:56 - train: epoch 56, iter:80, loss: 0.0964, lr: 0.0004275649398050859
2026-01-20 16:33:57 - Finish one epoch train: epoch 56, loss: 0.0911, time(s): 25.23
2026-01-20 16:33:58 - idx 0 case patient050_frame01 mean_dice 0.892921 mean_hd95 1.745356
2026-01-20 16:33:59 - idx 1 case patient050_frame12 mean_dice 0.847389 mean_hd95 10.526246
2026-01-20 16:34:00 - idx 2 case patient037_frame01 mean_dice 0.893412 mean_hd95 1.000000
2026-01-20 16:34:01 - idx 3 case patient037_frame12 mean_dice 0.452250 mean_hd95 11.219391
2026-01-20 16:34:02 - idx 4 case patient095_frame01 mean_dice 0.937923 mean_hd95 1.000000
2026-01-20 16:34:04 - idx 5 case patient095_frame12 mean_dice 0.879940 mean_hd95 1.471405
2026-01-20 16:34:05 - idx 6 case patient047_frame01 mean_dice 0.917552 mean_hd95 1.000000
2026-01-20 16:34:06 - idx 7 case patient047_frame09 mean_dice 0.861390 mean_hd95 1.858830
2026-01-20 16:34:07 - idx 8 case patient044_frame01 mean_dice 0.922902 mean_hd95 1.000000
2026-01-20 16:34:08 - idx 9 case patient044_frame11 mean_dice 0.876683 mean_hd95 1.333333
2026-01-20 16:34:10 - idx 10 case patient064_frame01 mean_dice 0.951773 mean_hd95 1.000000
2026-01-20 16:34:11 - idx 11 case patient064_frame12 mean_dice 0.889556 mean_hd95 1.244017
2026-01-20 16:34:12 - idx 12 case patient017_frame01 mean_dice 0.913035 mean_hd95 1.000000
2026-01-20 16:34:13 - idx 13 case patient017_frame09 mean_dice 0.929456 mean_hd95 1.000000
2026-01-20 16:34:14 - idx 14 case patient039_frame01 mean_dice 0.943993 mean_hd95 1.000000
2026-01-20 16:34:15 - idx 15 case patient039_frame10 mean_dice 0.776463 mean_hd95 1.471405
2026-01-20 16:34:16 - idx 16 case patient041_frame01 mean_dice 0.909523 mean_hd95 1.000000
2026-01-20 16:34:16 - idx 17 case patient041_frame11 mean_dice 0.883221 mean_hd95 1.138071
2026-01-20 16:34:18 - idx 18 case patient067_frame01 mean_dice 0.915059 mean_hd95 1.000000
2026-01-20 16:34:19 - idx 19 case patient067_frame10 mean_dice 0.919328 mean_hd95 1.000000
2026-01-20 16:34:19 - Mean class 1 mean_dice 0.839331 mean_hd95 3.354246
2026-01-20 16:34:19 - Mean class 2 mean_dice 0.874592 mean_hd95 1.194317
2026-01-20 16:34:19 - Mean class 3 mean_dice 0.913142 mean_hd95 1.902645
2026-01-20 16:34:19 - val epoch: 56, mean_dice: 0.8756883942437478, mean_hd95: 2.1504027119336846, time(s): 22.33
2026-01-20 16:34:20 - train: epoch 57, iter:0, loss: 0.0857, lr: 0.0004122462492800665
2026-01-20 16:34:23 - train: epoch 57, iter:10, loss: 0.0958, lr: 0.0004122462492800665
2026-01-20 16:34:26 - train: epoch 57, iter:20, loss: 0.0831, lr: 0.0004122462492800665
2026-01-20 16:34:29 - train: epoch 57, iter:30, loss: 0.0793, lr: 0.0004122462492800665
2026-01-20 16:34:33 - train: epoch 57, iter:40, loss: 0.0832, lr: 0.0004122462492800665
2026-01-20 16:34:36 - train: epoch 57, iter:50, loss: 0.1006, lr: 0.0004122462492800665
2026-01-20 16:34:39 - train: epoch 57, iter:60, loss: 0.0882, lr: 0.0004122462492800665
2026-01-20 16:34:42 - train: epoch 57, iter:70, loss: 0.0825, lr: 0.0004122462492800665
2026-01-20 16:34:45 - train: epoch 57, iter:80, loss: 0.0879, lr: 0.0004122462492800665
2026-01-20 16:34:45 - Finish one epoch train: epoch 57, loss: 0.0910, time(s): 25.71
2026-01-20 16:34:47 - idx 0 case patient050_frame01 mean_dice 0.879003 mean_hd95 7.347976
2026-01-20 16:34:48 - idx 1 case patient050_frame12 mean_dice 0.772836 mean_hd95 10.587667
2026-01-20 16:34:49 - idx 2 case patient037_frame01 mean_dice 0.884694 mean_hd95 1.000000
2026-01-20 16:34:50 - idx 3 case patient037_frame12 mean_dice 0.526964 mean_hd95 4.209458
2026-01-20 16:34:51 - idx 4 case patient095_frame01 mean_dice 0.938128 mean_hd95 1.000000
2026-01-20 16:34:53 - idx 5 case patient095_frame12 mean_dice 0.893353 mean_hd95 1.471405
2026-01-20 16:34:54 - idx 6 case patient047_frame01 mean_dice 0.915338 mean_hd95 1.138071
2026-01-20 16:34:55 - idx 7 case patient047_frame09 mean_dice 0.891200 mean_hd95 1.138071
2026-01-20 16:34:56 - idx 8 case patient044_frame01 mean_dice 0.925146 mean_hd95 1.000000
2026-01-20 16:34:57 - idx 9 case patient044_frame11 mean_dice 0.849960 mean_hd95 1.333333
2026-01-20 16:34:59 - idx 10 case patient064_frame01 mean_dice 0.945453 mean_hd95 1.000000
2026-01-20 16:35:00 - idx 11 case patient064_frame12 mean_dice 0.876835 mean_hd95 1.333333
2026-01-20 16:35:01 - idx 12 case patient017_frame01 mean_dice 0.911505 mean_hd95 1.000000
2026-01-20 16:35:02 - idx 13 case patient017_frame09 mean_dice 0.937428 mean_hd95 1.000000
2026-01-20 16:35:03 - idx 14 case patient039_frame01 mean_dice 0.931997 mean_hd95 1.000000
2026-01-20 16:35:04 - idx 15 case patient039_frame10 mean_dice 0.867887 mean_hd95 1.138071
2026-01-20 16:35:05 - idx 16 case patient041_frame01 mean_dice 0.890674 mean_hd95 1.000000
2026-01-20 16:35:05 - idx 17 case patient041_frame11 mean_dice 0.859870 mean_hd95 1.138071
2026-01-20 16:35:06 - idx 18 case patient067_frame01 mean_dice 0.913132 mean_hd95 1.000000
2026-01-20 16:35:08 - idx 19 case patient067_frame10 mean_dice 0.910190 mean_hd95 1.000000
2026-01-20 16:35:08 - Mean class 1 mean_dice 0.837484 mean_hd95 3.790775
2026-01-20 16:35:08 - Mean class 2 mean_dice 0.868260 mean_hd95 1.181319
2026-01-20 16:35:08 - Mean class 3 mean_dice 0.922496 mean_hd95 1.153225
2026-01-20 16:35:08 - val epoch: 57, mean_dice: 0.8760795856376419, mean_hd95: 2.0417728437064357, time(s): 22.23
2026-01-20 16:35:09 - train: epoch 58, iter:0, loss: 0.1185, lr: 0.00039701909550871175
2026-01-20 16:35:12 - train: epoch 58, iter:10, loss: 0.0907, lr: 0.00039701909550871175
2026-01-20 16:35:15 - train: epoch 58, iter:20, loss: 0.0913, lr: 0.00039701909550871175
2026-01-20 16:35:18 - train: epoch 58, iter:30, loss: 0.0932, lr: 0.00039701909550871175
2026-01-20 16:35:21 - train: epoch 58, iter:40, loss: 0.1030, lr: 0.00039701909550871175
2026-01-20 16:35:24 - train: epoch 58, iter:50, loss: 0.0873, lr: 0.00039701909550871175
2026-01-20 16:35:27 - train: epoch 58, iter:60, loss: 0.0950, lr: 0.00039701909550871175
2026-01-20 16:35:30 - train: epoch 58, iter:70, loss: 0.0843, lr: 0.00039701909550871175
2026-01-20 16:35:34 - train: epoch 58, iter:80, loss: 0.0923, lr: 0.00039701909550871175
2026-01-20 16:35:34 - Finish one epoch train: epoch 58, loss: 0.0926, time(s): 25.75
2026-01-20 16:35:35 - idx 0 case patient050_frame01 mean_dice 0.898934 mean_hd95 1.333333
2026-01-20 16:35:37 - idx 1 case patient050_frame12 mean_dice 0.809491 mean_hd95 10.463664
2026-01-20 16:35:37 - idx 2 case patient037_frame01 mean_dice 0.900218 mean_hd95 1.000000
2026-01-20 16:35:38 - idx 3 case patient037_frame12 mean_dice 0.645168 mean_hd95 3.188787
2026-01-20 16:35:40 - idx 4 case patient095_frame01 mean_dice 0.940771 mean_hd95 1.000000
2026-01-20 16:35:41 - idx 5 case patient095_frame12 mean_dice 0.868575 mean_hd95 1.704365
2026-01-20 16:35:42 - idx 6 case patient047_frame01 mean_dice 0.922313 mean_hd95 1.000000
2026-01-20 16:35:44 - idx 7 case patient047_frame09 mean_dice 0.872273 mean_hd95 1.550094
2026-01-20 16:35:45 - idx 8 case patient044_frame01 mean_dice 0.925016 mean_hd95 1.000000
2026-01-20 16:35:46 - idx 9 case patient044_frame11 mean_dice 0.875005 mean_hd95 1.276142
2026-01-20 16:35:47 - idx 10 case patient064_frame01 mean_dice 0.952092 mean_hd95 1.000000
2026-01-20 16:35:48 - idx 11 case patient064_frame12 mean_dice 0.901853 mean_hd95 1.000000
2026-01-20 16:35:49 - idx 12 case patient017_frame01 mean_dice 0.917321 mean_hd95 1.000000
2026-01-20 16:35:50 - idx 13 case patient017_frame09 mean_dice 0.941680 mean_hd95 1.000000
2026-01-20 16:35:51 - idx 14 case patient039_frame01 mean_dice 0.937481 mean_hd95 1.000000
2026-01-20 16:35:52 - idx 15 case patient039_frame10 mean_dice 0.852386 mean_hd95 1.804738
2026-01-20 16:35:53 - idx 16 case patient041_frame01 mean_dice 0.902338 mean_hd95 1.000000
2026-01-20 16:35:54 - idx 17 case patient041_frame11 mean_dice 0.882675 mean_hd95 1.138071
2026-01-20 16:35:55 - idx 18 case patient067_frame01 mean_dice 0.924836 mean_hd95 1.000000
2026-01-20 16:35:57 - idx 19 case patient067_frame10 mean_dice 0.919684 mean_hd95 1.000000
2026-01-20 16:35:57 - Mean class 1 mean_dice 0.864919 mean_hd95 2.818578
2026-01-20 16:35:57 - Mean class 2 mean_dice 0.878057 mean_hd95 1.131184
2026-01-20 16:35:57 - Mean class 3 mean_dice 0.925539 mean_hd95 1.219117
2026-01-20 16:35:57 - val epoch: 58, mean_dice: 0.8895053502972425, mean_hd95: 1.7229597007928616, time(s): 22.67
2026-01-20 16:35:58 - train: epoch 59, iter:0, loss: 0.0890, lr: 0.000381898505853397
2026-01-20 16:36:01 - train: epoch 59, iter:10, loss: 0.1036, lr: 0.000381898505853397
2026-01-20 16:36:04 - train: epoch 59, iter:20, loss: 0.0815, lr: 0.000381898505853397
2026-01-20 16:36:07 - train: epoch 59, iter:30, loss: 0.0892, lr: 0.000381898505853397
2026-01-20 16:36:10 - train: epoch 59, iter:40, loss: 0.0984, lr: 0.000381898505853397
2026-01-20 16:36:13 - train: epoch 59, iter:50, loss: 0.0756, lr: 0.000381898505853397
2026-01-20 16:36:16 - train: epoch 59, iter:60, loss: 0.0772, lr: 0.000381898505853397
2026-01-20 16:36:19 - train: epoch 59, iter:70, loss: 0.1171, lr: 0.000381898505853397
2026-01-20 16:36:22 - train: epoch 59, iter:80, loss: 0.0816, lr: 0.000381898505853397
2026-01-20 16:36:22 - Finish one epoch train: epoch 59, loss: 0.0888, time(s): 25.03
2026-01-20 16:36:24 - idx 0 case patient050_frame01 mean_dice 0.897231 mean_hd95 1.138071
2026-01-20 16:36:25 - idx 1 case patient050_frame12 mean_dice 0.810992 mean_hd95 10.174695
2026-01-20 16:36:26 - idx 2 case patient037_frame01 mean_dice 0.905515 mean_hd95 1.000000
2026-01-20 16:36:26 - idx 3 case patient037_frame12 mean_dice 0.587006 mean_hd95 7.633072
2026-01-20 16:36:28 - idx 4 case patient095_frame01 mean_dice 0.937246 mean_hd95 1.000000
2026-01-20 16:36:30 - idx 5 case patient095_frame12 mean_dice 0.870187 mean_hd95 1.550094
2026-01-20 16:36:31 - idx 6 case patient047_frame01 mean_dice 0.891267 mean_hd95 7.280332
2026-01-20 16:36:32 - idx 7 case patient047_frame09 mean_dice 0.812012 mean_hd95 9.393119
2026-01-20 16:36:33 - idx 8 case patient044_frame01 mean_dice 0.927348 mean_hd95 1.000000
2026-01-20 16:36:34 - idx 9 case patient044_frame11 mean_dice 0.876839 mean_hd95 1.244017
2026-01-20 16:36:35 - idx 10 case patient064_frame01 mean_dice 0.952143 mean_hd95 1.000000
2026-01-20 16:36:36 - idx 11 case patient064_frame12 mean_dice 0.907576 mean_hd95 1.000000
2026-01-20 16:36:38 - idx 12 case patient017_frame01 mean_dice 0.930467 mean_hd95 1.000000
2026-01-20 16:36:39 - idx 13 case patient017_frame09 mean_dice 0.940064 mean_hd95 1.000000
2026-01-20 16:36:40 - idx 14 case patient039_frame01 mean_dice 0.946635 mean_hd95 1.000000
2026-01-20 16:36:41 - idx 15 case patient039_frame10 mean_dice 0.862369 mean_hd95 1.138071
2026-01-20 16:36:41 - idx 16 case patient041_frame01 mean_dice 0.902421 mean_hd95 1.000000
2026-01-20 16:36:42 - idx 17 case patient041_frame11 mean_dice 0.857416 mean_hd95 1.138071
2026-01-20 16:36:43 - idx 18 case patient067_frame01 mean_dice 0.933463 mean_hd95 1.000000
2026-01-20 16:36:45 - idx 19 case patient067_frame10 mean_dice 0.933272 mean_hd95 1.000000
2026-01-20 16:36:45 - Mean class 1 mean_dice 0.848622 mean_hd95 4.920291
2026-01-20 16:36:45 - Mean class 2 mean_dice 0.880052 mean_hd95 1.128024
2026-01-20 16:36:45 - Mean class 3 mean_dice 0.923546 mean_hd95 1.705116
2026-01-20 16:36:45 - val epoch: 59, mean_dice: 0.8840734665052615, mean_hd95: 2.5844771053173603, time(s): 22.16
2026-01-20 16:36:45 - train: epoch 60, iter:0, loss: 0.1050, lr: 0.00036689940251058173
2026-01-20 16:36:49 - train: epoch 60, iter:10, loss: 0.0800, lr: 0.00036689940251058173
2026-01-20 16:36:52 - train: epoch 60, iter:20, loss: 0.0832, lr: 0.00036689940251058173
2026-01-20 16:36:55 - train: epoch 60, iter:30, loss: 0.0752, lr: 0.00036689940251058173
2026-01-20 16:36:58 - train: epoch 60, iter:40, loss: 0.0908, lr: 0.00036689940251058173
2026-01-20 16:37:01 - train: epoch 60, iter:50, loss: 0.0875, lr: 0.00036689940251058173
2026-01-20 16:37:04 - train: epoch 60, iter:60, loss: 0.1315, lr: 0.00036689940251058173
2026-01-20 16:37:07 - train: epoch 60, iter:70, loss: 0.0887, lr: 0.00036689940251058173
2026-01-20 16:37:10 - train: epoch 60, iter:80, loss: 0.0871, lr: 0.00036689940251058173
2026-01-20 16:37:10 - Finish one epoch train: epoch 60, loss: 0.0889, time(s): 25.02
2026-01-20 16:37:11 - idx 0 case patient050_frame01 mean_dice 0.895975 mean_hd95 1.276142
2026-01-20 16:37:13 - idx 1 case patient050_frame12 mean_dice 0.829722 mean_hd95 10.350071
2026-01-20 16:37:13 - idx 2 case patient037_frame01 mean_dice 0.894526 mean_hd95 1.333333
2026-01-20 16:37:14 - idx 3 case patient037_frame12 mean_dice 0.754369 mean_hd95 1.962117
2026-01-20 16:37:16 - idx 4 case patient095_frame01 mean_dice 0.942925 mean_hd95 1.000000
2026-01-20 16:37:17 - idx 5 case patient095_frame12 mean_dice 0.865938 mean_hd95 1.804738
2026-01-20 16:37:19 - idx 6 case patient047_frame01 mean_dice 0.899188 mean_hd95 1.000000
2026-01-20 16:37:20 - idx 7 case patient047_frame09 mean_dice 0.870607 mean_hd95 1.471405
2026-01-20 16:37:21 - idx 8 case patient044_frame01 mean_dice 0.916542 mean_hd95 1.000000
2026-01-20 16:37:22 - idx 9 case patient044_frame11 mean_dice 0.882850 mean_hd95 1.138071
2026-01-20 16:37:23 - idx 10 case patient064_frame01 mean_dice 0.947680 mean_hd95 1.000000
2026-01-20 16:37:24 - idx 11 case patient064_frame12 mean_dice 0.893961 mean_hd95 1.244017
2026-01-20 16:37:26 - idx 12 case patient017_frame01 mean_dice 0.890129 mean_hd95 1.333333
2026-01-20 16:37:27 - idx 13 case patient017_frame09 mean_dice 0.936820 mean_hd95 1.000000
2026-01-20 16:37:28 - idx 14 case patient039_frame01 mean_dice 0.937442 mean_hd95 1.000000
2026-01-20 16:37:29 - idx 15 case patient039_frame10 mean_dice 0.856989 mean_hd95 1.244017
2026-01-20 16:37:29 - idx 16 case patient041_frame01 mean_dice 0.906534 mean_hd95 1.000000
2026-01-20 16:37:30 - idx 17 case patient041_frame11 mean_dice 0.857136 mean_hd95 1.333333
2026-01-20 16:37:31 - idx 18 case patient067_frame01 mean_dice 0.922558 mean_hd95 1.000000
2026-01-20 16:37:33 - idx 19 case patient067_frame10 mean_dice 0.933341 mean_hd95 1.000000
2026-01-20 16:37:33 - Mean class 1 mean_dice 0.879123 mean_hd95 2.683261
2026-01-20 16:37:33 - Mean class 2 mean_dice 0.879878 mean_hd95 1.134607
2026-01-20 16:37:33 - Mean class 3 mean_dice 0.916283 mean_hd95 1.205719
2026-01-20 16:37:33 - val epoch: 60, mean_dice: 0.8917614202623679, mean_hd95: 1.6745288727293364, time(s): 22.63
2026-01-20 16:37:34 - train: epoch 61, iter:0, loss: 0.0969, lr: 0.00035203658778440135
2026-01-20 16:37:37 - train: epoch 61, iter:10, loss: 0.0901, lr: 0.00035203658778440135
2026-01-20 16:37:40 - train: epoch 61, iter:20, loss: 0.1051, lr: 0.00035203658778440135
2026-01-20 16:37:43 - train: epoch 61, iter:30, loss: 0.0916, lr: 0.00035203658778440135
2026-01-20 16:37:46 - train: epoch 61, iter:40, loss: 0.0851, lr: 0.00035203658778440135
2026-01-20 16:37:49 - train: epoch 61, iter:50, loss: 0.0841, lr: 0.00035203658778440135
2026-01-20 16:37:52 - train: epoch 61, iter:60, loss: 0.0862, lr: 0.00035203658778440135
2026-01-20 16:37:56 - train: epoch 61, iter:70, loss: 0.0734, lr: 0.00035203658778440135
2026-01-20 16:37:59 - train: epoch 61, iter:80, loss: 0.1007, lr: 0.00035203658778440135
2026-01-20 16:37:59 - Finish one epoch train: epoch 61, loss: 0.0873, time(s): 25.48
2026-01-20 16:38:00 - idx 0 case patient050_frame01 mean_dice 0.896374 mean_hd95 5.667739
2026-01-20 16:38:01 - idx 1 case patient050_frame12 mean_dice 0.831237 mean_hd95 10.506780
2026-01-20 16:38:02 - idx 2 case patient037_frame01 mean_dice 0.899531 mean_hd95 1.000000
2026-01-20 16:38:03 - idx 3 case patient037_frame12 mean_dice 0.680158 mean_hd95 2.630974
2026-01-20 16:38:05 - idx 4 case patient095_frame01 mean_dice 0.939139 mean_hd95 1.000000
2026-01-20 16:38:06 - idx 5 case patient095_frame12 mean_dice 0.868742 mean_hd95 1.621234
2026-01-20 16:38:07 - idx 6 case patient047_frame01 mean_dice 0.915100 mean_hd95 1.000000
2026-01-20 16:38:08 - idx 7 case patient047_frame09 mean_dice 0.844767 mean_hd95 1.807442
2026-01-20 16:38:10 - idx 8 case patient044_frame01 mean_dice 0.923865 mean_hd95 1.000000
2026-01-20 16:38:11 - idx 9 case patient044_frame11 mean_dice 0.868119 mean_hd95 1.333333
2026-01-20 16:38:12 - idx 10 case patient064_frame01 mean_dice 0.953246 mean_hd95 1.000000
2026-01-20 16:38:13 - idx 11 case patient064_frame12 mean_dice 0.890330 mean_hd95 1.138071
2026-01-20 16:38:14 - idx 12 case patient017_frame01 mean_dice 0.913205 mean_hd95 1.138071
2026-01-20 16:38:15 - idx 13 case patient017_frame09 mean_dice 0.932235 mean_hd95 1.000000
2026-01-20 16:38:16 - idx 14 case patient039_frame01 mean_dice 0.934789 mean_hd95 1.000000
2026-01-20 16:38:17 - idx 15 case patient039_frame10 mean_dice 0.806253 mean_hd95 1.471405
2026-01-20 16:38:18 - idx 16 case patient041_frame01 mean_dice 0.903990 mean_hd95 1.000000
2026-01-20 16:38:19 - idx 17 case patient041_frame11 mean_dice 0.891121 mean_hd95 1.138071
2026-01-20 16:38:20 - idx 18 case patient067_frame01 mean_dice 0.928966 mean_hd95 1.000000
2026-01-20 16:38:21 - idx 19 case patient067_frame10 mean_dice 0.918537 mean_hd95 1.000000
2026-01-20 16:38:21 - Mean class 1 mean_dice 0.857182 mean_hd95 3.506341
2026-01-20 16:38:21 - Mean class 2 mean_dice 0.879270 mean_hd95 1.108402
2026-01-20 16:38:21 - Mean class 3 mean_dice 0.924505 mean_hd95 1.153225
2026-01-20 16:38:21 - val epoch: 61, mean_dice: 0.8869852382874436, mean_hd95: 1.9226560711388103, time(s): 22.48
2026-01-20 16:38:22 - train: epoch 62, iter:0, loss: 0.0836, lr: 0.00033732472947858096
2026-01-20 16:38:25 - train: epoch 62, iter:10, loss: 0.0730, lr: 0.00033732472947858096
2026-01-20 16:38:28 - train: epoch 62, iter:20, loss: 0.0705, lr: 0.00033732472947858096
2026-01-20 16:38:32 - train: epoch 62, iter:30, loss: 0.0745, lr: 0.00033732472947858096
2026-01-20 16:38:35 - train: epoch 62, iter:40, loss: 0.1058, lr: 0.00033732472947858096
2026-01-20 16:38:38 - train: epoch 62, iter:50, loss: 0.1136, lr: 0.00033732472947858096
2026-01-20 16:38:41 - train: epoch 62, iter:60, loss: 0.0849, lr: 0.00033732472947858096
2026-01-20 16:38:44 - train: epoch 62, iter:70, loss: 0.0814, lr: 0.00033732472947858096
2026-01-20 16:38:48 - train: epoch 62, iter:80, loss: 0.1334, lr: 0.00033732472947858096
2026-01-20 16:38:48 - Finish one epoch train: epoch 62, loss: 0.0870, time(s): 25.75
2026-01-20 16:38:49 - idx 0 case patient050_frame01 mean_dice 0.905863 mean_hd95 1.138071
2026-01-20 16:38:50 - idx 1 case patient050_frame12 mean_dice 0.821638 mean_hd95 10.171938
2026-01-20 16:38:51 - idx 2 case patient037_frame01 mean_dice 0.885815 mean_hd95 1.333333
2026-01-20 16:38:52 - idx 3 case patient037_frame12 mean_dice 0.711194 mean_hd95 6.905372
2026-01-20 16:38:53 - idx 4 case patient095_frame01 mean_dice 0.940951 mean_hd95 1.000000
2026-01-20 16:38:55 - idx 5 case patient095_frame12 mean_dice 0.890403 mean_hd95 1.609476
2026-01-20 16:38:56 - idx 6 case patient047_frame01 mean_dice 0.912546 mean_hd95 1.000000
2026-01-20 16:38:57 - idx 7 case patient047_frame09 mean_dice 0.834266 mean_hd95 2.927677
2026-01-20 16:38:59 - idx 8 case patient044_frame01 mean_dice 0.921459 mean_hd95 1.000000
2026-01-20 16:39:00 - idx 9 case patient044_frame11 mean_dice 0.873628 mean_hd95 1.244017
2026-01-20 16:39:01 - idx 10 case patient064_frame01 mean_dice 0.947578 mean_hd95 1.000000
2026-01-20 16:39:03 - idx 11 case patient064_frame12 mean_dice 0.927331 mean_hd95 1.000000
2026-01-20 16:39:04 - idx 12 case patient017_frame01 mean_dice 0.928337 mean_hd95 1.000000
2026-01-20 16:39:05 - idx 13 case patient017_frame09 mean_dice 0.939764 mean_hd95 1.000000
2026-01-20 16:39:06 - idx 14 case patient039_frame01 mean_dice 0.936545 mean_hd95 1.000000
2026-01-20 16:39:07 - idx 15 case patient039_frame10 mean_dice 0.889127 mean_hd95 1.333333
2026-01-20 16:39:07 - idx 16 case patient041_frame01 mean_dice 0.898907 mean_hd95 1.000000
2026-01-20 16:39:08 - idx 17 case patient041_frame11 mean_dice 0.848137 mean_hd95 1.333333
2026-01-20 16:39:09 - idx 18 case patient067_frame01 mean_dice 0.929547 mean_hd95 1.000000
2026-01-20 16:39:11 - idx 19 case patient067_frame10 mean_dice 0.919381 mean_hd95 1.000000
2026-01-20 16:39:11 - Mean class 1 mean_dice 0.867627 mean_hd95 2.877716
2026-01-20 16:39:11 - Mean class 2 mean_dice 0.882168 mean_hd95 1.097145
2026-01-20 16:39:11 - Mean class 3 mean_dice 0.929568 mean_hd95 1.874621
2026-01-20 16:39:11 - val epoch: 62, mean_dice: 0.8931208545704422, mean_hd95: 1.9498275197598438, time(s): 22.96
2026-01-20 16:39:12 - train: epoch 63, iter:0, loss: 0.0995, lr: 0.0003227783464210847
2026-01-20 16:39:15 - train: epoch 63, iter:10, loss: 0.0991, lr: 0.0003227783464210847
2026-01-20 16:39:18 - train: epoch 63, iter:20, loss: 0.0936, lr: 0.0003227783464210847
2026-01-20 16:39:21 - train: epoch 63, iter:30, loss: 0.0865, lr: 0.0003227783464210847
2026-01-20 16:39:24 - train: epoch 63, iter:40, loss: 0.0828, lr: 0.0003227783464210847
2026-01-20 16:39:27 - train: epoch 63, iter:50, loss: 0.0955, lr: 0.0003227783464210847
2026-01-20 16:39:31 - train: epoch 63, iter:60, loss: 0.1300, lr: 0.0003227783464210847
2026-01-20 16:39:34 - train: epoch 63, iter:70, loss: 0.0958, lr: 0.0003227783464210847
2026-01-20 16:39:37 - train: epoch 63, iter:80, loss: 0.0749, lr: 0.0003227783464210847
2026-01-20 16:39:37 - Finish one epoch train: epoch 63, loss: 0.0881, time(s): 25.84
2026-01-20 16:39:39 - idx 0 case patient050_frame01 mean_dice 0.894859 mean_hd95 1.138071
2026-01-20 16:39:40 - idx 1 case patient050_frame12 mean_dice 0.861169 mean_hd95 1.656040
2026-01-20 16:39:41 - idx 2 case patient037_frame01 mean_dice 0.889760 mean_hd95 1.138071
2026-01-20 16:39:41 - idx 3 case patient037_frame12 mean_dice 0.554543 mean_hd95 3.846636
2026-01-20 16:39:43 - idx 4 case patient095_frame01 mean_dice 0.937284 mean_hd95 1.000000
2026-01-20 16:39:45 - idx 5 case patient095_frame12 mean_dice 0.810072 mean_hd95 2.006588
2026-01-20 16:39:46 - idx 6 case patient047_frame01 mean_dice 0.912161 mean_hd95 1.000000
2026-01-20 16:39:47 - idx 7 case patient047_frame09 mean_dice 0.843003 mean_hd95 2.138071
2026-01-20 16:39:48 - idx 8 case patient044_frame01 mean_dice 0.917394 mean_hd95 1.000000
2026-01-20 16:39:49 - idx 9 case patient044_frame11 mean_dice 0.881681 mean_hd95 1.244017
2026-01-20 16:39:50 - idx 10 case patient064_frame01 mean_dice 0.950890 mean_hd95 1.000000
2026-01-20 16:39:52 - idx 11 case patient064_frame12 mean_dice 0.833736 mean_hd95 1.471405
2026-01-20 16:39:53 - idx 12 case patient017_frame01 mean_dice 0.903113 mean_hd95 1.333333
2026-01-20 16:39:54 - idx 13 case patient017_frame09 mean_dice 0.926134 mean_hd95 1.138071
2026-01-20 16:39:55 - idx 14 case patient039_frame01 mean_dice 0.931669 mean_hd95 1.000000
2026-01-20 16:39:56 - idx 15 case patient039_frame10 mean_dice 0.754347 mean_hd95 1.883427
2026-01-20 16:39:57 - idx 16 case patient041_frame01 mean_dice 0.892036 mean_hd95 1.000000
2026-01-20 16:39:57 - idx 17 case patient041_frame11 mean_dice 0.883139 mean_hd95 1.138071
2026-01-20 16:39:59 - idx 18 case patient067_frame01 mean_dice 0.927018 mean_hd95 1.000000
2026-01-20 16:40:00 - idx 19 case patient067_frame10 mean_dice 0.914734 mean_hd95 1.000000
2026-01-20 16:40:00 - Mean class 1 mean_dice 0.831314 mean_hd95 1.862134
2026-01-20 16:40:00 - Mean class 2 mean_dice 0.871990 mean_hd95 1.144646
2026-01-20 16:40:00 - Mean class 3 mean_dice 0.909507 mean_hd95 1.212990
2026-01-20 16:40:00 - val epoch: 63, mean_dice: 0.8709371305254131, mean_hd95: 1.4065900868085215, time(s): 22.77
2026-01-20 16:40:01 - train: epoch 64, iter:0, loss: 0.0852, lr: 0.0003084117941357837
2026-01-20 16:40:04 - train: epoch 64, iter:10, loss: 0.1062, lr: 0.0003084117941357837
2026-01-20 16:40:07 - train: epoch 64, iter:20, loss: 0.0730, lr: 0.0003084117941357837
2026-01-20 16:40:10 - train: epoch 64, iter:30, loss: 0.0667, lr: 0.0003084117941357837
2026-01-20 16:40:13 - train: epoch 64, iter:40, loss: 0.0799, lr: 0.0003084117941357837
2026-01-20 16:40:16 - train: epoch 64, iter:50, loss: 0.0763, lr: 0.0003084117941357837
2026-01-20 16:40:19 - train: epoch 64, iter:60, loss: 0.0769, lr: 0.0003084117941357837
2026-01-20 16:40:22 - train: epoch 64, iter:70, loss: 0.1066, lr: 0.0003084117941357837
2026-01-20 16:40:26 - train: epoch 64, iter:80, loss: 0.0927, lr: 0.0003084117941357837
2026-01-20 16:40:26 - Finish one epoch train: epoch 64, loss: 0.0843, time(s): 25.35
2026-01-20 16:40:27 - idx 0 case patient050_frame01 mean_dice 0.901834 mean_hd95 34.145404
2026-01-20 16:40:28 - idx 1 case patient050_frame12 mean_dice 0.845915 mean_hd95 45.288858
2026-01-20 16:40:29 - idx 2 case patient037_frame01 mean_dice 0.894186 mean_hd95 1.000000
2026-01-20 16:40:30 - idx 3 case patient037_frame12 mean_dice 0.626708 mean_hd95 7.302811
2026-01-20 16:40:32 - idx 4 case patient095_frame01 mean_dice 0.937059 mean_hd95 1.000000
2026-01-20 16:40:33 - idx 5 case patient095_frame12 mean_dice 0.860061 mean_hd95 1.804738
2026-01-20 16:40:34 - idx 6 case patient047_frame01 mean_dice 0.913034 mean_hd95 1.000000
2026-01-20 16:40:35 - idx 7 case patient047_frame09 mean_dice 0.811813 mean_hd95 1.858830
2026-01-20 16:40:37 - idx 8 case patient044_frame01 mean_dice 0.915864 mean_hd95 1.000000
2026-01-20 16:40:38 - idx 9 case patient044_frame11 mean_dice 0.881826 mean_hd95 1.138071
2026-01-20 16:40:39 - idx 10 case patient064_frame01 mean_dice 0.952211 mean_hd95 1.000000
2026-01-20 16:40:40 - idx 11 case patient064_frame12 mean_dice 0.926307 mean_hd95 1.000000
2026-01-20 16:40:41 - idx 12 case patient017_frame01 mean_dice 0.912178 mean_hd95 1.000000
2026-01-20 16:40:43 - idx 13 case patient017_frame09 mean_dice 0.940817 mean_hd95 1.000000
2026-01-20 16:40:44 - idx 14 case patient039_frame01 mean_dice 0.935036 mean_hd95 1.000000
2026-01-20 16:40:45 - idx 15 case patient039_frame10 mean_dice 0.757525 mean_hd95 7.484235
2026-01-20 16:40:45 - idx 16 case patient041_frame01 mean_dice 0.906445 mean_hd95 1.000000
2026-01-20 16:40:46 - idx 17 case patient041_frame11 mean_dice 0.880464 mean_hd95 1.138071
2026-01-20 16:40:47 - idx 18 case patient067_frame01 mean_dice 0.919738 mean_hd95 1.000000
2026-01-20 16:40:49 - idx 19 case patient067_frame10 mean_dice 0.906207 mean_hd95 1.000000
2026-01-20 16:40:49 - Mean class 1 mean_dice 0.848871 mean_hd95 2.880904
2026-01-20 16:40:49 - Mean class 2 mean_dice 0.873704 mean_hd95 1.135337
2026-01-20 16:40:49 - Mean class 3 mean_dice 0.921209 mean_hd95 12.807912
2026-01-20 16:40:49 - val epoch: 64, mean_dice: 0.8812614708418994, mean_hd95: 5.608050907892348, time(s): 22.69
2026-01-20 16:40:49 - train: epoch 65, iter:0, loss: 0.0748, lr: 0.0002942392506752892
2026-01-20 16:40:52 - train: epoch 65, iter:10, loss: 0.1326, lr: 0.0002942392506752892
2026-01-20 16:40:56 - train: epoch 65, iter:20, loss: 0.0733, lr: 0.0002942392506752892
2026-01-20 16:40:59 - train: epoch 65, iter:30, loss: 0.0762, lr: 0.0002942392506752892
2026-01-20 16:41:02 - train: epoch 65, iter:40, loss: 0.0716, lr: 0.0002942392506752892
2026-01-20 16:41:05 - train: epoch 65, iter:50, loss: 0.0982, lr: 0.0002942392506752892
2026-01-20 16:41:09 - train: epoch 65, iter:60, loss: 0.0845, lr: 0.0002942392506752892
2026-01-20 16:41:12 - train: epoch 65, iter:70, loss: 0.0849, lr: 0.0002942392506752892
2026-01-20 16:41:15 - train: epoch 65, iter:80, loss: 0.0845, lr: 0.0002942392506752892
2026-01-20 16:41:15 - Finish one epoch train: epoch 65, loss: 0.0854, time(s): 25.89
2026-01-20 16:41:16 - idx 0 case patient050_frame01 mean_dice 0.890312 mean_hd95 7.102511
2026-01-20 16:41:18 - idx 1 case patient050_frame12 mean_dice 0.838903 mean_hd95 10.527737
2026-01-20 16:41:19 - idx 2 case patient037_frame01 mean_dice 0.903127 mean_hd95 1.000000
2026-01-20 16:41:19 - idx 3 case patient037_frame12 mean_dice 0.748599 mean_hd95 1.816497
2026-01-20 16:41:21 - idx 4 case patient095_frame01 mean_dice 0.941852 mean_hd95 1.000000
2026-01-20 16:41:22 - idx 5 case patient095_frame12 mean_dice 0.885462 mean_hd95 1.550094
2026-01-20 16:41:24 - idx 6 case patient047_frame01 mean_dice 0.915499 mean_hd95 1.000000
2026-01-20 16:41:25 - idx 7 case patient047_frame09 mean_dice 0.845267 mean_hd95 2.138071
2026-01-20 16:41:26 - idx 8 case patient044_frame01 mean_dice 0.930139 mean_hd95 1.000000
2026-01-20 16:41:27 - idx 9 case patient044_frame11 mean_dice 0.884499 mean_hd95 1.244017
2026-01-20 16:41:28 - idx 10 case patient064_frame01 mean_dice 0.950038 mean_hd95 1.000000
2026-01-20 16:41:29 - idx 11 case patient064_frame12 mean_dice 0.928247 mean_hd95 1.000000
2026-01-20 16:41:30 - idx 12 case patient017_frame01 mean_dice 0.918393 mean_hd95 1.000000
2026-01-20 16:41:32 - idx 13 case patient017_frame09 mean_dice 0.939961 mean_hd95 1.000000
2026-01-20 16:41:33 - idx 14 case patient039_frame01 mean_dice 0.942954 mean_hd95 1.000000
2026-01-20 16:41:34 - idx 15 case patient039_frame10 mean_dice 0.822320 mean_hd95 1.333333
2026-01-20 16:41:35 - idx 16 case patient041_frame01 mean_dice 0.899810 mean_hd95 1.000000
2026-01-20 16:41:35 - idx 17 case patient041_frame11 mean_dice 0.866300 mean_hd95 1.138071
2026-01-20 16:41:36 - idx 18 case patient067_frame01 mean_dice 0.925482 mean_hd95 1.000000
2026-01-20 16:41:38 - idx 19 case patient067_frame10 mean_dice 0.921209 mean_hd95 1.000000
2026-01-20 16:41:38 - Mean class 1 mean_dice 0.873764 mean_hd95 3.599526
2026-01-20 16:41:38 - Mean class 2 mean_dice 0.885129 mean_hd95 1.107313
2026-01-20 16:41:38 - Mean class 3 mean_dice 0.925862 mean_hd95 1.120711
2026-01-20 16:41:38 - val epoch: 65, mean_dice: 0.8949186116989661, mean_hd95: 1.942516558769438, time(s): 22.76
2026-01-20 16:41:39 - train: epoch 66, iter:0, loss: 0.0889, lr: 0.0002802747026289245
2026-01-20 16:41:42 - train: epoch 66, iter:10, loss: 0.1254, lr: 0.0002802747026289245
2026-01-20 16:41:45 - train: epoch 66, iter:20, loss: 0.0796, lr: 0.0002802747026289245
2026-01-20 16:41:48 - train: epoch 66, iter:30, loss: 0.0827, lr: 0.0002802747026289245
2026-01-20 16:41:51 - train: epoch 66, iter:40, loss: 0.0854, lr: 0.0002802747026289245
2026-01-20 16:41:54 - train: epoch 66, iter:50, loss: 0.0775, lr: 0.0002802747026289245
2026-01-20 16:41:57 - train: epoch 66, iter:60, loss: 0.0783, lr: 0.0002802747026289245
2026-01-20 16:42:01 - train: epoch 66, iter:70, loss: 0.0809, lr: 0.0002802747026289245
2026-01-20 16:42:04 - train: epoch 66, iter:80, loss: 0.0802, lr: 0.0002802747026289245
2026-01-20 16:42:04 - Finish one epoch train: epoch 66, loss: 0.0850, time(s): 25.87
2026-01-20 16:42:05 - idx 0 case patient050_frame01 mean_dice 0.902421 mean_hd95 1.244017
2026-01-20 16:42:07 - idx 1 case patient050_frame12 mean_dice 0.829895 mean_hd95 2.778362
2026-01-20 16:42:08 - idx 2 case patient037_frame01 mean_dice 0.899271 mean_hd95 1.000000
2026-01-20 16:42:08 - idx 3 case patient037_frame12 mean_dice 0.654194 mean_hd95 2.525497
2026-01-20 16:42:10 - idx 4 case patient095_frame01 mean_dice 0.939953 mean_hd95 1.000000
2026-01-20 16:42:12 - idx 5 case patient095_frame12 mean_dice 0.892096 mean_hd95 1.471405
2026-01-20 16:42:13 - idx 6 case patient047_frame01 mean_dice 0.912798 mean_hd95 1.000000
2026-01-20 16:42:14 - idx 7 case patient047_frame09 mean_dice 0.847737 mean_hd95 1.550094
2026-01-20 16:42:15 - idx 8 case patient044_frame01 mean_dice 0.923427 mean_hd95 1.000000
2026-01-20 16:42:16 - idx 9 case patient044_frame11 mean_dice 0.879370 mean_hd95 1.138071
2026-01-20 16:42:18 - idx 10 case patient064_frame01 mean_dice 0.950572 mean_hd95 1.000000
2026-01-20 16:42:19 - idx 11 case patient064_frame12 mean_dice 0.924494 mean_hd95 1.000000
2026-01-20 16:42:20 - idx 12 case patient017_frame01 mean_dice 0.917896 mean_hd95 1.000000
2026-01-20 16:42:21 - idx 13 case patient017_frame09 mean_dice 0.940855 mean_hd95 1.000000
2026-01-20 16:42:22 - idx 14 case patient039_frame01 mean_dice 0.940687 mean_hd95 1.000000
2026-01-20 16:42:23 - idx 15 case patient039_frame10 mean_dice 0.855743 mean_hd95 1.276142
2026-01-20 16:42:24 - idx 16 case patient041_frame01 mean_dice 0.903356 mean_hd95 1.000000
2026-01-20 16:42:24 - idx 17 case patient041_frame11 mean_dice 0.865243 mean_hd95 1.333333
2026-01-20 16:42:26 - idx 18 case patient067_frame01 mean_dice 0.917464 mean_hd95 1.000000
2026-01-20 16:42:27 - idx 19 case patient067_frame10 mean_dice 0.912703 mean_hd95 1.000000
2026-01-20 16:42:27 - Mean class 1 mean_dice 0.872000 mean_hd95 1.495579
2026-01-20 16:42:27 - Mean class 2 mean_dice 0.874863 mean_hd95 1.160538
2026-01-20 16:42:27 - Mean class 3 mean_dice 0.924664 mean_hd95 1.141421
2026-01-20 16:42:27 - val epoch: 66, mean_dice: 0.8905087306689007, mean_hd95: 1.26584608850947, time(s): 22.69
2026-01-20 16:42:28 - train: epoch 67, iter:0, loss: 0.0779, lr: 0.000266531931319651
2026-01-20 16:42:31 - train: epoch 67, iter:10, loss: 0.0759, lr: 0.000266531931319651
2026-01-20 16:42:34 - train: epoch 67, iter:20, loss: 0.0830, lr: 0.000266531931319651
2026-01-20 16:42:37 - train: epoch 67, iter:30, loss: 0.0832, lr: 0.000266531931319651
2026-01-20 16:42:40 - train: epoch 67, iter:40, loss: 0.0783, lr: 0.000266531931319651
2026-01-20 16:42:43 - train: epoch 67, iter:50, loss: 0.0906, lr: 0.000266531931319651
2026-01-20 16:42:46 - train: epoch 67, iter:60, loss: 0.0705, lr: 0.000266531931319651
2026-01-20 16:42:50 - train: epoch 67, iter:70, loss: 0.0858, lr: 0.000266531931319651
2026-01-20 16:42:53 - train: epoch 67, iter:80, loss: 0.0785, lr: 0.000266531931319651
2026-01-20 16:42:53 - Finish one epoch train: epoch 67, loss: 0.0814, time(s): 25.62
2026-01-20 16:42:54 - idx 0 case patient050_frame01 mean_dice 0.919350 mean_hd95 1.000000
2026-01-20 16:42:56 - idx 1 case patient050_frame12 mean_dice 0.850941 mean_hd95 9.657387
2026-01-20 16:42:56 - idx 2 case patient037_frame01 mean_dice 0.902611 mean_hd95 1.000000
2026-01-20 16:42:57 - idx 3 case patient037_frame12 mean_dice 0.675021 mean_hd95 7.115529
2026-01-20 16:42:59 - idx 4 case patient095_frame01 mean_dice 0.940629 mean_hd95 1.000000
2026-01-20 16:43:00 - idx 5 case patient095_frame12 mean_dice 0.893868 mean_hd95 1.333333
2026-01-20 16:43:01 - idx 6 case patient047_frame01 mean_dice 0.915868 mean_hd95 1.000000
2026-01-20 16:43:03 - idx 7 case patient047_frame09 mean_dice 0.866347 mean_hd95 1.550094
2026-01-20 16:43:04 - idx 8 case patient044_frame01 mean_dice 0.928848 mean_hd95 1.000000
2026-01-20 16:43:05 - idx 9 case patient044_frame11 mean_dice 0.885141 mean_hd95 1.138071
2026-01-20 16:43:06 - idx 10 case patient064_frame01 mean_dice 0.950328 mean_hd95 1.000000
2026-01-20 16:43:07 - idx 11 case patient064_frame12 mean_dice 0.923064 mean_hd95 1.138071
2026-01-20 16:43:08 - idx 12 case patient017_frame01 mean_dice 0.919476 mean_hd95 1.000000
2026-01-20 16:43:10 - idx 13 case patient017_frame09 mean_dice 0.939704 mean_hd95 1.000000
2026-01-20 16:43:11 - idx 14 case patient039_frame01 mean_dice 0.937415 mean_hd95 1.000000
2026-01-20 16:43:12 - idx 15 case patient039_frame10 mean_dice 0.853625 mean_hd95 1.333333
2026-01-20 16:43:12 - idx 16 case patient041_frame01 mean_dice 0.899985 mean_hd95 1.000000
2026-01-20 16:43:13 - idx 17 case patient041_frame11 mean_dice 0.851617 mean_hd95 1.333333
2026-01-20 16:43:14 - idx 18 case patient067_frame01 mean_dice 0.921948 mean_hd95 1.000000
2026-01-20 16:43:16 - idx 19 case patient067_frame10 mean_dice 0.917005 mean_hd95 1.000000
2026-01-20 16:43:16 - Mean class 1 mean_dice 0.881799 mean_hd95 2.553120
2026-01-20 16:43:16 - Mean class 2 mean_dice 0.882859 mean_hd95 1.091421
2026-01-20 16:43:16 - Mean class 3 mean_dice 0.919261 mean_hd95 1.845332
2026-01-20 16:43:16 - val epoch: 67, mean_dice: 0.894639575241062, mean_hd95: 1.8299576010507195, time(s): 22.54
2026-01-20 16:43:17 - train: epoch 68, iter:0, loss: 0.0739, lr: 0.0002530244992035663
2026-01-20 16:43:20 - train: epoch 68, iter:10, loss: 0.0758, lr: 0.0002530244992035663
2026-01-20 16:43:23 - train: epoch 68, iter:20, loss: 0.0731, lr: 0.0002530244992035663
2026-01-20 16:43:26 - train: epoch 68, iter:30, loss: 0.0835, lr: 0.0002530244992035663
2026-01-20 16:43:30 - train: epoch 68, iter:40, loss: 0.0708, lr: 0.0002530244992035663
2026-01-20 16:43:33 - train: epoch 68, iter:50, loss: 0.0827, lr: 0.0002530244992035663
2026-01-20 16:43:36 - train: epoch 68, iter:60, loss: 0.0788, lr: 0.0002530244992035663
2026-01-20 16:43:39 - train: epoch 68, iter:70, loss: 0.0629, lr: 0.0002530244992035663
2026-01-20 16:43:42 - train: epoch 68, iter:80, loss: 0.1000, lr: 0.0002530244992035663
2026-01-20 16:43:42 - Finish one epoch train: epoch 68, loss: 0.0802, time(s): 25.98
2026-01-20 16:43:43 - idx 0 case patient050_frame01 mean_dice 0.886999 mean_hd95 7.251098
2026-01-20 16:43:45 - idx 1 case patient050_frame12 mean_dice 0.826916 mean_hd95 10.571947
2026-01-20 16:43:45 - idx 2 case patient037_frame01 mean_dice 0.903873 mean_hd95 1.000000
2026-01-20 16:43:46 - idx 3 case patient037_frame12 mean_dice 0.713546 mean_hd95 6.088418
2026-01-20 16:43:48 - idx 4 case patient095_frame01 mean_dice 0.941445 mean_hd95 1.000000
2026-01-20 16:43:49 - idx 5 case patient095_frame12 mean_dice 0.898509 mean_hd95 1.471405
2026-01-20 16:43:51 - idx 6 case patient047_frame01 mean_dice 0.912604 mean_hd95 1.000000
2026-01-20 16:43:52 - idx 7 case patient047_frame09 mean_dice 0.852043 mean_hd95 1.910279
2026-01-20 16:43:53 - idx 8 case patient044_frame01 mean_dice 0.925836 mean_hd95 1.000000
2026-01-20 16:43:54 - idx 9 case patient044_frame11 mean_dice 0.875687 mean_hd95 1.138071
2026-01-20 16:43:55 - idx 10 case patient064_frame01 mean_dice 0.951913 mean_hd95 1.000000
2026-01-20 16:43:56 - idx 11 case patient064_frame12 mean_dice 0.920734 mean_hd95 1.000000
2026-01-20 16:43:57 - idx 12 case patient017_frame01 mean_dice 0.912161 mean_hd95 1.000000
2026-01-20 16:43:58 - idx 13 case patient017_frame09 mean_dice 0.939479 mean_hd95 1.000000
2026-01-20 16:43:59 - idx 14 case patient039_frame01 mean_dice 0.939734 mean_hd95 1.000000
2026-01-20 16:44:00 - idx 15 case patient039_frame10 mean_dice 0.855734 mean_hd95 1.138071
2026-01-20 16:44:01 - idx 16 case patient041_frame01 mean_dice 0.903228 mean_hd95 1.000000
2026-01-20 16:44:02 - idx 17 case patient041_frame11 mean_dice 0.875108 mean_hd95 1.138071
2026-01-20 16:44:03 - idx 18 case patient067_frame01 mean_dice 0.928144 mean_hd95 1.000000
2026-01-20 16:44:04 - idx 19 case patient067_frame10 mean_dice 0.915152 mean_hd95 1.000000
2026-01-20 16:44:04 - Mean class 1 mean_dice 0.871265 mean_hd95 3.618113
2026-01-20 16:44:04 - Mean class 2 mean_dice 0.885148 mean_hd95 1.112132
2026-01-20 16:44:04 - Mean class 3 mean_dice 0.925414 mean_hd95 1.675859
2026-01-20 16:44:04 - val epoch: 68, mean_dice: 0.8939423360827994, mean_hd95: 2.135368020194982, time(s): 22.08
2026-01-20 16:44:05 - train: epoch 69, iter:0, loss: 0.0710, lr: 0.00023976573648539667
2026-01-20 16:44:08 - train: epoch 69, iter:10, loss: 0.0796, lr: 0.00023976573648539667
2026-01-20 16:44:11 - train: epoch 69, iter:20, loss: 0.0726, lr: 0.00023976573648539667
2026-01-20 16:44:15 - train: epoch 69, iter:30, loss: 0.0843, lr: 0.00023976573648539667
2026-01-20 16:44:18 - train: epoch 69, iter:40, loss: 0.0825, lr: 0.00023976573648539667
2026-01-20 16:44:21 - train: epoch 69, iter:50, loss: 0.0728, lr: 0.00023976573648539667
2026-01-20 16:44:24 - train: epoch 69, iter:60, loss: 0.0885, lr: 0.00023976573648539667
2026-01-20 16:44:27 - train: epoch 69, iter:70, loss: 0.0971, lr: 0.00023976573648539667
2026-01-20 16:44:30 - train: epoch 69, iter:80, loss: 0.1372, lr: 0.00023976573648539667
2026-01-20 16:44:30 - Finish one epoch train: epoch 69, loss: 0.0799, time(s): 25.52
2026-01-20 16:44:32 - idx 0 case patient050_frame01 mean_dice 0.915170 mean_hd95 1.000000
2026-01-20 16:44:33 - idx 1 case patient050_frame12 mean_dice 0.870355 mean_hd95 1.392350
2026-01-20 16:44:34 - idx 2 case patient037_frame01 mean_dice 0.898472 mean_hd95 1.000000
2026-01-20 16:44:35 - idx 3 case patient037_frame12 mean_dice 0.697370 mean_hd95 2.693052
2026-01-20 16:44:36 - idx 4 case patient095_frame01 mean_dice 0.942945 mean_hd95 1.000000
2026-01-20 16:44:38 - idx 5 case patient095_frame12 mean_dice 0.881567 mean_hd95 1.471405
2026-01-20 16:44:39 - idx 6 case patient047_frame01 mean_dice 0.916844 mean_hd95 1.000000
2026-01-20 16:44:40 - idx 7 case patient047_frame09 mean_dice 0.861003 mean_hd95 1.483163
2026-01-20 16:44:41 - idx 8 case patient044_frame01 mean_dice 0.928100 mean_hd95 1.000000
2026-01-20 16:44:42 - idx 9 case patient044_frame11 mean_dice 0.878826 mean_hd95 1.244017
2026-01-20 16:44:43 - idx 10 case patient064_frame01 mean_dice 0.953354 mean_hd95 1.000000
2026-01-20 16:44:45 - idx 11 case patient064_frame12 mean_dice 0.903455 mean_hd95 1.138071
2026-01-20 16:44:46 - idx 12 case patient017_frame01 mean_dice 0.904655 mean_hd95 1.138071
2026-01-20 16:44:47 - idx 13 case patient017_frame09 mean_dice 0.935810 mean_hd95 1.000000
2026-01-20 16:44:48 - idx 14 case patient039_frame01 mean_dice 0.935597 mean_hd95 1.000000
2026-01-20 16:44:49 - idx 15 case patient039_frame10 mean_dice 0.834656 mean_hd95 1.276142
2026-01-20 16:44:49 - idx 16 case patient041_frame01 mean_dice 0.907297 mean_hd95 1.000000
2026-01-20 16:44:50 - idx 17 case patient041_frame11 mean_dice 0.882158 mean_hd95 1.138071
2026-01-20 16:44:51 - idx 18 case patient067_frame01 mean_dice 0.916997 mean_hd95 1.000000
2026-01-20 16:44:52 - idx 19 case patient067_frame10 mean_dice 0.927461 mean_hd95 1.000000
2026-01-20 16:44:52 - Mean class 1 mean_dice 0.876831 mean_hd95 1.371209
2026-01-20 16:44:52 - Mean class 2 mean_dice 0.881406 mean_hd95 1.058853
2026-01-20 16:44:52 - Mean class 3 mean_dice 0.925577 mean_hd95 1.166090
2026-01-20 16:44:52 - val epoch: 69, mean_dice: 0.8946045198326064, mean_hd95: 1.198717151755072, time(s): 22.04
2026-01-20 16:44:53 - train: epoch 70, iter:0, loss: 0.0838, lr: 0.00022676872796319544
2026-01-20 16:44:56 - train: epoch 70, iter:10, loss: 0.0748, lr: 0.00022676872796319544
2026-01-20 16:44:59 - train: epoch 70, iter:20, loss: 0.0935, lr: 0.00022676872796319544
2026-01-20 16:45:03 - train: epoch 70, iter:30, loss: 0.0738, lr: 0.00022676872796319544
2026-01-20 16:45:06 - train: epoch 70, iter:40, loss: 0.0716, lr: 0.00022676872796319544
2026-01-20 16:45:09 - train: epoch 70, iter:50, loss: 0.0941, lr: 0.00022676872796319544
2026-01-20 16:45:12 - train: epoch 70, iter:60, loss: 0.0757, lr: 0.00022676872796319544
2026-01-20 16:45:15 - train: epoch 70, iter:70, loss: 0.0801, lr: 0.00022676872796319544
2026-01-20 16:45:18 - train: epoch 70, iter:80, loss: 0.0750, lr: 0.00022676872796319544
2026-01-20 16:45:18 - Finish one epoch train: epoch 70, loss: 0.0799, time(s): 25.14
2026-01-20 16:45:19 - idx 0 case patient050_frame01 mean_dice 0.904587 mean_hd95 1.276142
2026-01-20 16:45:21 - idx 1 case patient050_frame12 mean_dice 0.840858 mean_hd95 7.770359
2026-01-20 16:45:21 - idx 2 case patient037_frame01 mean_dice 0.904192 mean_hd95 1.000000
2026-01-20 16:45:22 - idx 3 case patient037_frame12 mean_dice 0.734513 mean_hd95 5.830282
2026-01-20 16:45:24 - idx 4 case patient095_frame01 mean_dice 0.943658 mean_hd95 1.000000
2026-01-20 16:45:25 - idx 5 case patient095_frame12 mean_dice 0.896121 mean_hd95 1.382088
2026-01-20 16:45:27 - idx 6 case patient047_frame01 mean_dice 0.916180 mean_hd95 1.000000
2026-01-20 16:45:28 - idx 7 case patient047_frame09 mean_dice 0.857894 mean_hd95 1.666667
2026-01-20 16:45:29 - idx 8 case patient044_frame01 mean_dice 0.927838 mean_hd95 1.000000
2026-01-20 16:45:30 - idx 9 case patient044_frame11 mean_dice 0.882368 mean_hd95 1.138071
2026-01-20 16:45:31 - idx 10 case patient064_frame01 mean_dice 0.953539 mean_hd95 1.000000
2026-01-20 16:45:32 - idx 11 case patient064_frame12 mean_dice 0.895439 mean_hd95 1.138071
2026-01-20 16:45:33 - idx 12 case patient017_frame01 mean_dice 0.912261 mean_hd95 1.138071
2026-01-20 16:45:34 - idx 13 case patient017_frame09 mean_dice 0.935780 mean_hd95 1.000000
2026-01-20 16:45:35 - idx 14 case patient039_frame01 mean_dice 0.937338 mean_hd95 1.000000
2026-01-20 16:45:36 - idx 15 case patient039_frame10 mean_dice 0.827129 mean_hd95 1.333333
2026-01-20 16:45:37 - idx 16 case patient041_frame01 mean_dice 0.903296 mean_hd95 1.000000
2026-01-20 16:45:38 - idx 17 case patient041_frame11 mean_dice 0.875176 mean_hd95 1.138071
2026-01-20 16:45:39 - idx 18 case patient067_frame01 mean_dice 0.924737 mean_hd95 1.000000
2026-01-20 16:45:40 - idx 19 case patient067_frame10 mean_dice 0.916598 mean_hd95 1.000000
2026-01-20 16:45:40 - Mean class 1 mean_dice 0.878475 mean_hd95 2.254979
2026-01-20 16:45:40 - Mean class 2 mean_dice 0.882567 mean_hd95 1.067669
2026-01-20 16:45:40 - Mean class 3 mean_dice 0.922383 mean_hd95 1.749026
2026-01-20 16:45:40 - val epoch: 70, mean_dice: 0.894475039557921, mean_hd95: 1.6905578058940467, time(s): 22.01
2026-01-20 16:45:41 - train: epoch 71, iter:0, loss: 0.0847, lr: 0.00021404630011522598
2026-01-20 16:45:44 - train: epoch 71, iter:10, loss: 0.0962, lr: 0.00021404630011522598
2026-01-20 16:45:47 - train: epoch 71, iter:20, loss: 0.0778, lr: 0.00021404630011522598
2026-01-20 16:45:50 - train: epoch 71, iter:30, loss: 0.1032, lr: 0.00021404630011522598
2026-01-20 16:45:53 - train: epoch 71, iter:40, loss: 0.0742, lr: 0.00021404630011522598
2026-01-20 16:45:57 - train: epoch 71, iter:50, loss: 0.0771, lr: 0.00021404630011522598
2026-01-20 16:46:00 - train: epoch 71, iter:60, loss: 0.0741, lr: 0.00021404630011522598
2026-01-20 16:46:03 - train: epoch 71, iter:70, loss: 0.0752, lr: 0.00021404630011522598
2026-01-20 16:46:06 - train: epoch 71, iter:80, loss: 0.0730, lr: 0.00021404630011522598
2026-01-20 16:46:06 - Finish one epoch train: epoch 71, loss: 0.0795, time(s): 25.42
2026-01-20 16:46:07 - idx 0 case patient050_frame01 mean_dice 0.913430 mean_hd95 1.000000
2026-01-20 16:46:09 - idx 1 case patient050_frame12 mean_dice 0.827355 mean_hd95 2.179106
2026-01-20 16:46:09 - idx 2 case patient037_frame01 mean_dice 0.902152 mean_hd95 1.000000
2026-01-20 16:46:10 - idx 3 case patient037_frame12 mean_dice 0.697888 mean_hd95 6.559517
2026-01-20 16:46:12 - idx 4 case patient095_frame01 mean_dice 0.944288 mean_hd95 1.000000
2026-01-20 16:46:13 - idx 5 case patient095_frame12 mean_dice 0.889494 mean_hd95 1.471405
2026-01-20 16:46:14 - idx 6 case patient047_frame01 mean_dice 0.910272 mean_hd95 1.000000
2026-01-20 16:46:16 - idx 7 case patient047_frame09 mean_dice 0.831666 mean_hd95 1.804738
2026-01-20 16:46:17 - idx 8 case patient044_frame01 mean_dice 0.928584 mean_hd95 1.000000
2026-01-20 16:46:18 - idx 9 case patient044_frame11 mean_dice 0.882270 mean_hd95 1.138071
2026-01-20 16:46:19 - idx 10 case patient064_frame01 mean_dice 0.952731 mean_hd95 1.000000
2026-01-20 16:46:20 - idx 11 case patient064_frame12 mean_dice 0.911997 mean_hd95 1.000000
2026-01-20 16:46:21 - idx 12 case patient017_frame01 mean_dice 0.921969 mean_hd95 1.000000
2026-01-20 16:46:22 - idx 13 case patient017_frame09 mean_dice 0.938913 mean_hd95 1.000000
2026-01-20 16:46:23 - idx 14 case patient039_frame01 mean_dice 0.936632 mean_hd95 1.000000
2026-01-20 16:46:24 - idx 15 case patient039_frame10 mean_dice 0.835384 mean_hd95 1.138071
2026-01-20 16:46:25 - idx 16 case patient041_frame01 mean_dice 0.901416 mean_hd95 1.000000
2026-01-20 16:46:25 - idx 17 case patient041_frame11 mean_dice 0.875834 mean_hd95 1.138071
2026-01-20 16:46:27 - idx 18 case patient067_frame01 mean_dice 0.925880 mean_hd95 1.000000
2026-01-20 16:46:28 - idx 19 case patient067_frame10 mean_dice 0.921880 mean_hd95 1.000000
2026-01-20 16:46:28 - Mean class 1 mean_dice 0.870148 mean_hd95 1.447577
2026-01-20 16:46:28 - Mean class 2 mean_dice 0.884154 mean_hd95 1.062132
2026-01-20 16:46:28 - Mean class 3 mean_dice 0.923203 mean_hd95 1.754638
2026-01-20 16:46:28 - val epoch: 71, mean_dice: 0.8925017551796284, mean_hd95: 1.4214489680783846, time(s): 21.81
2026-01-20 16:46:29 - train: epoch 72, iter:0, loss: 0.1005, lr: 0.00020161100844177672
2026-01-20 16:46:32 - train: epoch 72, iter:10, loss: 0.0798, lr: 0.00020161100844177672
2026-01-20 16:46:35 - train: epoch 72, iter:20, loss: 0.0883, lr: 0.00020161100844177672
2026-01-20 16:46:38 - train: epoch 72, iter:30, loss: 0.0833, lr: 0.00020161100844177672
2026-01-20 16:46:41 - train: epoch 72, iter:40, loss: 0.0720, lr: 0.00020161100844177672
2026-01-20 16:46:44 - train: epoch 72, iter:50, loss: 0.0735, lr: 0.00020161100844177672
2026-01-20 16:46:47 - train: epoch 72, iter:60, loss: 0.0829, lr: 0.00020161100844177672
2026-01-20 16:46:50 - train: epoch 72, iter:70, loss: 0.0765, lr: 0.00020161100844177672
2026-01-20 16:46:53 - train: epoch 72, iter:80, loss: 0.0753, lr: 0.00020161100844177672
2026-01-20 16:46:53 - Finish one epoch train: epoch 72, loss: 0.0786, time(s): 24.99
2026-01-20 16:46:55 - idx 0 case patient050_frame01 mean_dice 0.901229 mean_hd95 1.138071
2026-01-20 16:46:56 - idx 1 case patient050_frame12 mean_dice 0.862888 mean_hd95 1.412023
2026-01-20 16:46:57 - idx 2 case patient037_frame01 mean_dice 0.898794 mean_hd95 1.000000
2026-01-20 16:46:58 - idx 3 case patient037_frame12 mean_dice 0.669026 mean_hd95 2.933126
2026-01-20 16:46:59 - idx 4 case patient095_frame01 mean_dice 0.941060 mean_hd95 1.000000
2026-01-20 16:47:01 - idx 5 case patient095_frame12 mean_dice 0.878689 mean_hd95 1.747547
2026-01-20 16:47:02 - idx 6 case patient047_frame01 mean_dice 0.911322 mean_hd95 1.000000
2026-01-20 16:47:03 - idx 7 case patient047_frame09 mean_dice 0.849135 mean_hd95 1.412023
2026-01-20 16:47:04 - idx 8 case patient044_frame01 mean_dice 0.923467 mean_hd95 1.000000
2026-01-20 16:47:05 - idx 9 case patient044_frame11 mean_dice 0.880644 mean_hd95 1.244017
2026-01-20 16:47:06 - idx 10 case patient064_frame01 mean_dice 0.949325 mean_hd95 1.000000
2026-01-20 16:47:08 - idx 11 case patient064_frame12 mean_dice 0.883653 mean_hd95 1.244017
2026-01-20 16:47:09 - idx 12 case patient017_frame01 mean_dice 0.908878 mean_hd95 1.138071
2026-01-20 16:47:10 - idx 13 case patient017_frame09 mean_dice 0.940454 mean_hd95 1.000000
2026-01-20 16:47:11 - idx 14 case patient039_frame01 mean_dice 0.931615 mean_hd95 1.000000
2026-01-20 16:47:12 - idx 15 case patient039_frame10 mean_dice 0.756653 mean_hd95 1.666667
2026-01-20 16:47:13 - idx 16 case patient041_frame01 mean_dice 0.908500 mean_hd95 1.000000
2026-01-20 16:47:13 - idx 17 case patient041_frame11 mean_dice 0.896204 mean_hd95 1.000000
2026-01-20 16:47:15 - idx 18 case patient067_frame01 mean_dice 0.926319 mean_hd95 1.000000
2026-01-20 16:47:16 - idx 19 case patient067_frame10 mean_dice 0.925998 mean_hd95 1.000000
2026-01-20 16:47:16 - Mean class 1 mean_dice 0.857665 mean_hd95 1.479796
2026-01-20 16:47:16 - Mean class 2 mean_dice 0.881710 mean_hd95 1.103225
2026-01-20 16:47:16 - Mean class 3 mean_dice 0.922203 mean_hd95 1.157313
2026-01-20 16:47:16 - val epoch: 72, mean_dice: 0.887192589331978, mean_hd95: 1.2467780625251734, time(s): 22.54
2026-01-20 16:47:17 - train: epoch 73, iter:0, loss: 0.0743, lr: 0.0001894751250743987
2026-01-20 16:47:20 - train: epoch 73, iter:10, loss: 0.0685, lr: 0.0001894751250743987
2026-01-20 16:47:23 - train: epoch 73, iter:20, loss: 0.0722, lr: 0.0001894751250743987
2026-01-20 16:47:26 - train: epoch 73, iter:30, loss: 0.0720, lr: 0.0001894751250743987
2026-01-20 16:47:30 - train: epoch 73, iter:40, loss: 0.0832, lr: 0.0001894751250743987
2026-01-20 16:47:33 - train: epoch 73, iter:50, loss: 0.0907, lr: 0.0001894751250743987
2026-01-20 16:47:36 - train: epoch 73, iter:60, loss: 0.0765, lr: 0.0001894751250743987
2026-01-20 16:47:39 - train: epoch 73, iter:70, loss: 0.0804, lr: 0.0001894751250743987
2026-01-20 16:47:42 - train: epoch 73, iter:80, loss: 0.0718, lr: 0.0001894751250743987
2026-01-20 16:47:42 - Finish one epoch train: epoch 73, loss: 0.0788, time(s): 25.53
2026-01-20 16:47:43 - idx 0 case patient050_frame01 mean_dice 0.896356 mean_hd95 1.895186
2026-01-20 16:47:45 - idx 1 case patient050_frame12 mean_dice 0.852349 mean_hd95 8.654853
2026-01-20 16:47:45 - idx 2 case patient037_frame01 mean_dice 0.903371 mean_hd95 1.000000
2026-01-20 16:47:46 - idx 3 case patient037_frame12 mean_dice 0.723130 mean_hd95 5.858830
2026-01-20 16:47:48 - idx 4 case patient095_frame01 mean_dice 0.942290 mean_hd95 1.000000
2026-01-20 16:47:49 - idx 5 case patient095_frame12 mean_dice 0.901330 mean_hd95 1.550094
2026-01-20 16:47:51 - idx 6 case patient047_frame01 mean_dice 0.922756 mean_hd95 1.000000
2026-01-20 16:47:52 - idx 7 case patient047_frame09 mean_dice 0.866900 mean_hd95 1.412023
2026-01-20 16:47:53 - idx 8 case patient044_frame01 mean_dice 0.925439 mean_hd95 1.000000
2026-01-20 16:47:54 - idx 9 case patient044_frame11 mean_dice 0.880770 mean_hd95 1.138071
2026-01-20 16:47:55 - idx 10 case patient064_frame01 mean_dice 0.952974 mean_hd95 1.000000
2026-01-20 16:47:56 - idx 11 case patient064_frame12 mean_dice 0.929635 mean_hd95 1.000000
2026-01-20 16:47:57 - idx 12 case patient017_frame01 mean_dice 0.914228 mean_hd95 1.000000
2026-01-20 16:47:58 - idx 13 case patient017_frame09 mean_dice 0.943120 mean_hd95 1.000000
2026-01-20 16:47:59 - idx 14 case patient039_frame01 mean_dice 0.935530 mean_hd95 1.000000
2026-01-20 16:48:00 - idx 15 case patient039_frame10 mean_dice 0.833979 mean_hd95 1.333333
2026-01-20 16:48:01 - idx 16 case patient041_frame01 mean_dice 0.902782 mean_hd95 1.000000
2026-01-20 16:48:02 - idx 17 case patient041_frame11 mean_dice 0.887408 mean_hd95 1.138071
2026-01-20 16:48:03 - idx 18 case patient067_frame01 mean_dice 0.926714 mean_hd95 1.000000
2026-01-20 16:48:04 - idx 19 case patient067_frame10 mean_dice 0.921556 mean_hd95 1.000000
2026-01-20 16:48:04 - Mean class 1 mean_dice 0.884374 mean_hd95 2.443844
2026-01-20 16:48:04 - Mean class 2 mean_dice 0.881656 mean_hd95 1.132514
2026-01-20 16:48:04 - Mean class 3 mean_dice 0.928362 mean_hd95 1.670711
2026-01-20 16:48:04 - val epoch: 73, mean_dice: 0.8981309130616407, mean_hd95: 1.7490230736427417, time(s): 22.06
2026-01-20 16:48:05 - train: epoch 74, iter:0, loss: 0.0689, lr: 0.00017765062666479255
2026-01-20 16:48:08 - train: epoch 74, iter:10, loss: 0.0742, lr: 0.00017765062666479255
2026-01-20 16:48:11 - train: epoch 74, iter:20, loss: 0.0682, lr: 0.00017765062666479255
2026-01-20 16:48:14 - train: epoch 74, iter:30, loss: 0.0887, lr: 0.00017765062666479255
2026-01-20 16:48:18 - train: epoch 74, iter:40, loss: 0.0805, lr: 0.00017765062666479255
2026-01-20 16:48:21 - train: epoch 74, iter:50, loss: 0.0845, lr: 0.00017765062666479255
2026-01-20 16:48:24 - train: epoch 74, iter:60, loss: 0.0808, lr: 0.00017765062666479255
2026-01-20 16:48:27 - train: epoch 74, iter:70, loss: 0.0779, lr: 0.00017765062666479255
2026-01-20 16:48:30 - train: epoch 74, iter:80, loss: 0.0718, lr: 0.00017765062666479255
2026-01-20 16:48:30 - Finish one epoch train: epoch 74, loss: 0.0790, time(s): 25.31
2026-01-20 16:48:32 - idx 0 case patient050_frame01 mean_dice 0.905016 mean_hd95 1.333333
2026-01-20 16:48:33 - idx 1 case patient050_frame12 mean_dice 0.874483 mean_hd95 1.745356
2026-01-20 16:48:34 - idx 2 case patient037_frame01 mean_dice 0.896722 mean_hd95 1.000000
2026-01-20 16:48:35 - idx 3 case patient037_frame12 mean_dice 0.681920 mean_hd95 2.568023
2026-01-20 16:48:36 - idx 4 case patient095_frame01 mean_dice 0.942740 mean_hd95 1.000000
2026-01-20 16:48:38 - idx 5 case patient095_frame12 mean_dice 0.891053 mean_hd95 1.471405
2026-01-20 16:48:39 - idx 6 case patient047_frame01 mean_dice 0.916569 mean_hd95 1.000000
2026-01-20 16:48:40 - idx 7 case patient047_frame09 mean_dice 0.873310 mean_hd95 1.333333
2026-01-20 16:48:41 - idx 8 case patient044_frame01 mean_dice 0.924388 mean_hd95 1.000000
2026-01-20 16:48:43 - idx 9 case patient044_frame11 mean_dice 0.881254 mean_hd95 1.244017
2026-01-20 16:48:44 - idx 10 case patient064_frame01 mean_dice 0.952410 mean_hd95 1.000000
2026-01-20 16:48:45 - idx 11 case patient064_frame12 mean_dice 0.926135 mean_hd95 1.000000
2026-01-20 16:48:46 - idx 12 case patient017_frame01 mean_dice 0.905967 mean_hd95 1.138071
2026-01-20 16:48:47 - idx 13 case patient017_frame09 mean_dice 0.938675 mean_hd95 1.000000
2026-01-20 16:48:48 - idx 14 case patient039_frame01 mean_dice 0.934848 mean_hd95 1.000000
2026-01-20 16:48:49 - idx 15 case patient039_frame10 mean_dice 0.805070 mean_hd95 1.471405
2026-01-20 16:48:50 - idx 16 case patient041_frame01 mean_dice 0.903925 mean_hd95 1.000000
2026-01-20 16:48:50 - idx 17 case patient041_frame11 mean_dice 0.891475 mean_hd95 1.138071
2026-01-20 16:48:52 - idx 18 case patient067_frame01 mean_dice 0.927257 mean_hd95 1.000000
2026-01-20 16:48:53 - idx 19 case patient067_frame10 mean_dice 0.906756 mean_hd95 1.000000
2026-01-20 16:48:53 - Mean class 1 mean_dice 0.872040 mean_hd95 1.422670
2026-01-20 16:48:53 - Mean class 2 mean_dice 0.882758 mean_hd95 1.120711
2026-01-20 16:48:53 - Mean class 3 mean_dice 0.927198 mean_hd95 1.123071
2026-01-20 16:48:53 - val epoch: 74, mean_dice: 0.8939986382296504, mean_hd95: 1.2221506813258898, time(s): 22.73
2026-01-20 16:48:54 - train: epoch 75, iter:0, loss: 0.0826, lr: 0.0001661491825652992
2026-01-20 16:48:57 - train: epoch 75, iter:10, loss: 0.0933, lr: 0.0001661491825652992
2026-01-20 16:49:00 - train: epoch 75, iter:20, loss: 0.0723, lr: 0.0001661491825652992
2026-01-20 16:49:04 - train: epoch 75, iter:30, loss: 0.0755, lr: 0.0001661491825652992
2026-01-20 16:49:07 - train: epoch 75, iter:40, loss: 0.0703, lr: 0.0001661491825652992
2026-01-20 16:49:10 - train: epoch 75, iter:50, loss: 0.0745, lr: 0.0001661491825652992
2026-01-20 16:49:13 - train: epoch 75, iter:60, loss: 0.0745, lr: 0.0001661491825652992
2026-01-20 16:49:16 - train: epoch 75, iter:70, loss: 0.0772, lr: 0.0001661491825652992
2026-01-20 16:49:20 - train: epoch 75, iter:80, loss: 0.0735, lr: 0.0001661491825652992
2026-01-20 16:49:20 - Finish one epoch train: epoch 75, loss: 0.0784, time(s): 26.09
2026-01-20 16:49:21 - idx 0 case patient050_frame01 mean_dice 0.912053 mean_hd95 1.000000
2026-01-20 16:49:22 - idx 1 case patient050_frame12 mean_dice 0.870477 mean_hd95 2.006588
2026-01-20 16:49:23 - idx 2 case patient037_frame01 mean_dice 0.896159 mean_hd95 1.000000
2026-01-20 16:49:24 - idx 3 case patient037_frame12 mean_dice 0.615673 mean_hd95 3.216761
2026-01-20 16:49:26 - idx 4 case patient095_frame01 mean_dice 0.944407 mean_hd95 1.000000
2026-01-20 16:49:27 - idx 5 case patient095_frame12 mean_dice 0.867409 mean_hd95 1.804738
2026-01-20 16:49:28 - idx 6 case patient047_frame01 mean_dice 0.920199 mean_hd95 1.000000
2026-01-20 16:49:29 - idx 7 case patient047_frame09 mean_dice 0.877878 mean_hd95 1.244017
2026-01-20 16:49:31 - idx 8 case patient044_frame01 mean_dice 0.928531 mean_hd95 1.000000
2026-01-20 16:49:32 - idx 9 case patient044_frame11 mean_dice 0.883453 mean_hd95 1.138071
2026-01-20 16:49:33 - idx 10 case patient064_frame01 mean_dice 0.953164 mean_hd95 1.000000
2026-01-20 16:49:34 - idx 11 case patient064_frame12 mean_dice 0.930980 mean_hd95 1.000000
2026-01-20 16:49:35 - idx 12 case patient017_frame01 mean_dice 0.915813 mean_hd95 1.000000
2026-01-20 16:49:37 - idx 13 case patient017_frame09 mean_dice 0.939896 mean_hd95 1.000000
2026-01-20 16:49:38 - idx 14 case patient039_frame01 mean_dice 0.934837 mean_hd95 1.000000
2026-01-20 16:49:39 - idx 15 case patient039_frame10 mean_dice 0.772616 mean_hd95 1.471405
2026-01-20 16:49:39 - idx 16 case patient041_frame01 mean_dice 0.913511 mean_hd95 1.000000
2026-01-20 16:49:40 - idx 17 case patient041_frame11 mean_dice 0.877911 mean_hd95 1.159260
2026-01-20 16:49:41 - idx 18 case patient067_frame01 mean_dice 0.925206 mean_hd95 1.000000
2026-01-20 16:49:43 - idx 19 case patient067_frame10 mean_dice 0.923135 mean_hd95 1.000000
2026-01-20 16:49:43 - Mean class 1 mean_dice 0.859840 mean_hd95 1.582191
2026-01-20 16:49:43 - Mean class 2 mean_dice 0.883737 mean_hd95 1.041421
2026-01-20 16:49:43 - Mean class 3 mean_dice 0.926920 mean_hd95 1.132514
2026-01-20 16:49:43 - val epoch: 75, mean_dice: 0.8901654534291779, mean_hd95: 1.2520419813968389, time(s): 22.91
2026-01-20 16:49:44 - train: epoch 76, iter:0, loss: 0.0689, lr: 0.00015498214331265912
2026-01-20 16:49:47 - train: epoch 76, iter:10, loss: 0.0965, lr: 0.00015498214331265912
2026-01-20 16:49:50 - train: epoch 76, iter:20, loss: 0.0716, lr: 0.00015498214331265912
2026-01-20 16:49:53 - train: epoch 76, iter:30, loss: 0.0749, lr: 0.00015498214331265912
2026-01-20 16:49:56 - train: epoch 76, iter:40, loss: 0.0767, lr: 0.00015498214331265912
2026-01-20 16:49:59 - train: epoch 76, iter:50, loss: 0.0745, lr: 0.00015498214331265912
2026-01-20 16:50:02 - train: epoch 76, iter:60, loss: 0.0719, lr: 0.00015498214331265912
2026-01-20 16:50:05 - train: epoch 76, iter:70, loss: 0.0725, lr: 0.00015498214331265912
2026-01-20 16:50:08 - train: epoch 76, iter:80, loss: 0.0732, lr: 0.00015498214331265912
2026-01-20 16:50:09 - Finish one epoch train: epoch 76, loss: 0.0782, time(s): 25.29
2026-01-20 16:50:10 - idx 0 case patient050_frame01 mean_dice 0.899016 mean_hd95 1.483163
2026-01-20 16:50:11 - idx 1 case patient050_frame12 mean_dice 0.868115 mean_hd95 1.621234
2026-01-20 16:50:12 - idx 2 case patient037_frame01 mean_dice 0.899652 mean_hd95 1.000000
2026-01-20 16:50:13 - idx 3 case patient037_frame12 mean_dice 0.624794 mean_hd95 3.229175
2026-01-20 16:50:14 - idx 4 case patient095_frame01 mean_dice 0.944591 mean_hd95 1.000000
2026-01-20 16:50:16 - idx 5 case patient095_frame12 mean_dice 0.904498 mean_hd95 1.471405
2026-01-20 16:50:17 - idx 6 case patient047_frame01 mean_dice 0.922024 mean_hd95 1.000000
2026-01-20 16:50:18 - idx 7 case patient047_frame09 mean_dice 0.884768 mean_hd95 1.333333
2026-01-20 16:50:19 - idx 8 case patient044_frame01 mean_dice 0.920969 mean_hd95 1.000000
2026-01-20 16:50:20 - idx 9 case patient044_frame11 mean_dice 0.885385 mean_hd95 1.138071
2026-01-20 16:50:22 - idx 10 case patient064_frame01 mean_dice 0.952168 mean_hd95 1.000000
2026-01-20 16:50:23 - idx 11 case patient064_frame12 mean_dice 0.891208 mean_hd95 1.138071
2026-01-20 16:50:24 - idx 12 case patient017_frame01 mean_dice 0.913065 mean_hd95 1.000000
2026-01-20 16:50:25 - idx 13 case patient017_frame09 mean_dice 0.941186 mean_hd95 1.000000
2026-01-20 16:50:26 - idx 14 case patient039_frame01 mean_dice 0.938012 mean_hd95 1.000000
2026-01-20 16:50:27 - idx 15 case patient039_frame10 mean_dice 0.828149 mean_hd95 1.471405
2026-01-20 16:50:27 - idx 16 case patient041_frame01 mean_dice 0.914670 mean_hd95 1.000000
2026-01-20 16:50:28 - idx 17 case patient041_frame11 mean_dice 0.878615 mean_hd95 1.138071
2026-01-20 16:50:29 - idx 18 case patient067_frame01 mean_dice 0.921523 mean_hd95 1.000000
2026-01-20 16:50:31 - idx 19 case patient067_frame10 mean_dice 0.922575 mean_hd95 1.000000
2026-01-20 16:50:31 - Mean class 1 mean_dice 0.877774 mean_hd95 1.434705
2026-01-20 16:50:31 - Mean class 2 mean_dice 0.880059 mean_hd95 1.165660
2026-01-20 16:50:31 - Mean class 3 mean_dice 0.920414 mean_hd95 1.153225
2026-01-20 16:50:31 - val epoch: 76, mean_dice: 0.8927490729901315, mean_hd95: 1.2511964256385337, time(s): 22.14
2026-01-20 16:50:32 - train: epoch 77, iter:0, loss: 0.0771, lr: 0.00014416052942640148
2026-01-20 16:50:35 - train: epoch 77, iter:10, loss: 0.0753, lr: 0.00014416052942640148
2026-01-20 16:50:38 - train: epoch 77, iter:20, loss: 0.0725, lr: 0.00014416052942640148
2026-01-20 16:50:41 - train: epoch 77, iter:30, loss: 0.0712, lr: 0.00014416052942640148
2026-01-20 16:50:44 - train: epoch 77, iter:40, loss: 0.0752, lr: 0.00014416052942640148
2026-01-20 16:50:47 - train: epoch 77, iter:50, loss: 0.0679, lr: 0.00014416052942640148
2026-01-20 16:50:50 - train: epoch 77, iter:60, loss: 0.0773, lr: 0.00014416052942640148
2026-01-20 16:50:53 - train: epoch 77, iter:70, loss: 0.0803, lr: 0.00014416052942640148
2026-01-20 16:50:57 - train: epoch 77, iter:80, loss: 0.0729, lr: 0.00014416052942640148
2026-01-20 16:50:57 - Finish one epoch train: epoch 77, loss: 0.0774, time(s): 25.44
2026-01-20 16:50:58 - idx 0 case patient050_frame01 mean_dice 0.905027 mean_hd95 1.138071
2026-01-20 16:50:59 - idx 1 case patient050_frame12 mean_dice 0.839503 mean_hd95 9.660287
2026-01-20 16:51:00 - idx 2 case patient037_frame01 mean_dice 0.900988 mean_hd95 1.000000
2026-01-20 16:51:01 - idx 3 case patient037_frame12 mean_dice 0.700647 mean_hd95 2.418611
2026-01-20 16:51:02 - idx 4 case patient095_frame01 mean_dice 0.945812 mean_hd95 1.000000
2026-01-20 16:51:04 - idx 5 case patient095_frame12 mean_dice 0.902679 mean_hd95 1.471405
2026-01-20 16:51:05 - idx 6 case patient047_frame01 mean_dice 0.921333 mean_hd95 1.000000
2026-01-20 16:51:06 - idx 7 case patient047_frame09 mean_dice 0.868795 mean_hd95 1.412023
2026-01-20 16:51:07 - idx 8 case patient044_frame01 mean_dice 0.926323 mean_hd95 1.000000
2026-01-20 16:51:09 - idx 9 case patient044_frame11 mean_dice 0.884193 mean_hd95 1.138071
2026-01-20 16:51:10 - idx 10 case patient064_frame01 mean_dice 0.951905 mean_hd95 1.000000
2026-01-20 16:51:11 - idx 11 case patient064_frame12 mean_dice 0.921753 mean_hd95 1.000000
2026-01-20 16:51:12 - idx 12 case patient017_frame01 mean_dice 0.912646 mean_hd95 1.000000
2026-01-20 16:51:13 - idx 13 case patient017_frame09 mean_dice 0.939983 mean_hd95 1.000000
2026-01-20 16:51:14 - idx 14 case patient039_frame01 mean_dice 0.935090 mean_hd95 1.000000
2026-01-20 16:51:15 - idx 15 case patient039_frame10 mean_dice 0.833039 mean_hd95 1.333333
2026-01-20 16:51:16 - idx 16 case patient041_frame01 mean_dice 0.899676 mean_hd95 1.000000
2026-01-20 16:51:17 - idx 17 case patient041_frame11 mean_dice 0.873825 mean_hd95 1.138071
2026-01-20 16:51:18 - idx 18 case patient067_frame01 mean_dice 0.928040 mean_hd95 1.000000
2026-01-20 16:51:19 - idx 19 case patient067_frame10 mean_dice 0.923492 mean_hd95 1.000000
2026-01-20 16:51:19 - Mean class 1 mean_dice 0.878755 mean_hd95 2.545943
2026-01-20 16:51:19 - Mean class 2 mean_dice 0.882757 mean_hd95 1.078024
2026-01-20 16:51:19 - Mean class 3 mean_dice 0.925700 mean_hd95 1.132514
2026-01-20 16:51:19 - val epoch: 77, mean_dice: 0.8957372623542587, mean_hd95: 1.5854935891118547, time(s): 22.51
2026-01-20 16:51:20 - train: epoch 78, iter:0, loss: 0.0728, lr: 0.00013369502053292258
2026-01-20 16:51:23 - train: epoch 78, iter:10, loss: 0.0876, lr: 0.00013369502053292258
2026-01-20 16:51:26 - train: epoch 78, iter:20, loss: 0.0718, lr: 0.00013369502053292258
2026-01-20 16:51:30 - train: epoch 78, iter:30, loss: 0.0693, lr: 0.00013369502053292258
2026-01-20 16:51:33 - train: epoch 78, iter:40, loss: 0.0805, lr: 0.00013369502053292258
2026-01-20 16:51:36 - train: epoch 78, iter:50, loss: 0.0801, lr: 0.00013369502053292258
2026-01-20 16:51:39 - train: epoch 78, iter:60, loss: 0.0729, lr: 0.00013369502053292258
2026-01-20 16:51:42 - train: epoch 78, iter:70, loss: 0.0745, lr: 0.00013369502053292258
2026-01-20 16:51:46 - train: epoch 78, iter:80, loss: 0.0687, lr: 0.00013369502053292258
2026-01-20 16:51:46 - Finish one epoch train: epoch 78, loss: 0.0758, time(s): 25.94
2026-01-20 16:51:47 - idx 0 case patient050_frame01 mean_dice 0.899661 mean_hd95 1.550094
2026-01-20 16:51:48 - idx 1 case patient050_frame12 mean_dice 0.856528 mean_hd95 8.518491
2026-01-20 16:51:49 - idx 2 case patient037_frame01 mean_dice 0.899126 mean_hd95 1.000000
2026-01-20 16:51:50 - idx 3 case patient037_frame12 mean_dice 0.651520 mean_hd95 2.933126
2026-01-20 16:51:52 - idx 4 case patient095_frame01 mean_dice 0.944147 mean_hd95 1.000000
2026-01-20 16:51:53 - idx 5 case patient095_frame12 mean_dice 0.899607 mean_hd95 1.471405
2026-01-20 16:51:54 - idx 6 case patient047_frame01 mean_dice 0.919455 mean_hd95 1.000000
2026-01-20 16:51:55 - idx 7 case patient047_frame09 mean_dice 0.871163 mean_hd95 1.412023
2026-01-20 16:51:56 - idx 8 case patient044_frame01 mean_dice 0.927131 mean_hd95 1.000000
2026-01-20 16:51:58 - idx 9 case patient044_frame11 mean_dice 0.882702 mean_hd95 1.138071
2026-01-20 16:51:59 - idx 10 case patient064_frame01 mean_dice 0.951157 mean_hd95 1.000000
2026-01-20 16:52:00 - idx 11 case patient064_frame12 mean_dice 0.924489 mean_hd95 1.000000
2026-01-20 16:52:01 - idx 12 case patient017_frame01 mean_dice 0.916850 mean_hd95 1.000000
2026-01-20 16:52:02 - idx 13 case patient017_frame09 mean_dice 0.939972 mean_hd95 1.000000
2026-01-20 16:52:03 - idx 14 case patient039_frame01 mean_dice 0.937415 mean_hd95 1.000000
2026-01-20 16:52:04 - idx 15 case patient039_frame10 mean_dice 0.785356 mean_hd95 1.471405
2026-01-20 16:52:05 - idx 16 case patient041_frame01 mean_dice 0.906148 mean_hd95 1.000000
2026-01-20 16:52:06 - idx 17 case patient041_frame11 mean_dice 0.877393 mean_hd95 1.138071
2026-01-20 16:52:07 - idx 18 case patient067_frame01 mean_dice 0.925108 mean_hd95 1.000000
2026-01-20 16:52:08 - idx 19 case patient067_frame10 mean_dice 0.923677 mean_hd95 1.000000
2026-01-20 16:52:08 - Mean class 1 mean_dice 0.863096 mean_hd95 2.491678
2026-01-20 16:52:08 - Mean class 2 mean_dice 0.884512 mean_hd95 1.132514
2026-01-20 16:52:08 - Mean class 3 mean_dice 0.928182 mean_hd95 1.120711
2026-01-20 16:52:08 - val epoch: 78, mean_dice: 0.8919302335732375, mean_hd95: 1.5816342713415654, time(s): 22.40
2026-01-20 16:52:09 - train: epoch 79, iter:0, loss: 0.0693, lr: 0.00012359594482598446
2026-01-20 16:52:12 - train: epoch 79, iter:10, loss: 0.0835, lr: 0.00012359594482598446
2026-01-20 16:52:15 - train: epoch 79, iter:20, loss: 0.0720, lr: 0.00012359594482598446
2026-01-20 16:52:18 - train: epoch 79, iter:30, loss: 0.0847, lr: 0.00012359594482598446
2026-01-20 16:52:21 - train: epoch 79, iter:40, loss: 0.0805, lr: 0.00012359594482598446
2026-01-20 16:52:24 - train: epoch 79, iter:50, loss: 0.0802, lr: 0.00012359594482598446
2026-01-20 16:52:27 - train: epoch 79, iter:60, loss: 0.0724, lr: 0.00012359594482598446
2026-01-20 16:52:31 - train: epoch 79, iter:70, loss: 0.0699, lr: 0.00012359594482598446
2026-01-20 16:52:34 - train: epoch 79, iter:80, loss: 0.0855, lr: 0.00012359594482598446
2026-01-20 16:52:34 - Finish one epoch train: epoch 79, loss: 0.0755, time(s): 24.84
2026-01-20 16:52:35 - idx 0 case patient050_frame01 mean_dice 0.899567 mean_hd95 1.550094
2026-01-20 16:52:36 - idx 1 case patient050_frame12 mean_dice 0.851084 mean_hd95 6.382848
2026-01-20 16:52:37 - idx 2 case patient037_frame01 mean_dice 0.897854 mean_hd95 1.000000
2026-01-20 16:52:38 - idx 3 case patient037_frame12 mean_dice 0.669163 mean_hd95 2.707472
2026-01-20 16:52:39 - idx 4 case patient095_frame01 mean_dice 0.945346 mean_hd95 1.000000
2026-01-20 16:52:41 - idx 5 case patient095_frame12 mean_dice 0.897229 mean_hd95 1.471405
2026-01-20 16:52:42 - idx 6 case patient047_frame01 mean_dice 0.920452 mean_hd95 1.000000
2026-01-20 16:52:43 - idx 7 case patient047_frame09 mean_dice 0.865689 mean_hd95 1.666667
2026-01-20 16:52:44 - idx 8 case patient044_frame01 mean_dice 0.925309 mean_hd95 1.000000
2026-01-20 16:52:45 - idx 9 case patient044_frame11 mean_dice 0.884741 mean_hd95 1.138071
2026-01-20 16:52:47 - idx 10 case patient064_frame01 mean_dice 0.953725 mean_hd95 1.000000
2026-01-20 16:52:48 - idx 11 case patient064_frame12 mean_dice 0.918131 mean_hd95 1.000000
2026-01-20 16:52:49 - idx 12 case patient017_frame01 mean_dice 0.912766 mean_hd95 1.000000
2026-01-20 16:52:50 - idx 13 case patient017_frame09 mean_dice 0.940508 mean_hd95 1.000000
2026-01-20 16:52:51 - idx 14 case patient039_frame01 mean_dice 0.936598 mean_hd95 1.000000
2026-01-20 16:52:52 - idx 15 case patient039_frame10 mean_dice 0.824986 mean_hd95 1.333333
2026-01-20 16:52:53 - idx 16 case patient041_frame01 mean_dice 0.903849 mean_hd95 1.000000
2026-01-20 16:52:53 - idx 17 case patient041_frame11 mean_dice 0.872289 mean_hd95 1.138071
2026-01-20 16:52:55 - idx 18 case patient067_frame01 mean_dice 0.926863 mean_hd95 1.000000
2026-01-20 16:52:56 - idx 19 case patient067_frame10 mean_dice 0.922042 mean_hd95 1.000000
2026-01-20 16:52:56 - Mean class 1 mean_dice 0.873667 mean_hd95 2.143166
2026-01-20 16:52:56 - Mean class 2 mean_dice 0.882062 mean_hd95 1.132514
2026-01-20 16:52:56 - Mean class 3 mean_dice 0.924500 mean_hd95 1.132514
2026-01-20 16:52:56 - val epoch: 79, mean_dice: 0.8934095409579657, mean_hd95: 1.469398043855498, time(s): 22.25
2026-01-20 16:52:57 - train: epoch 80, iter:0, loss: 0.0702, lr: 0.00011387326887403332
2026-01-20 16:53:00 - train: epoch 80, iter:10, loss: 0.0698, lr: 0.00011387326887403332
2026-01-20 16:53:03 - train: epoch 80, iter:20, loss: 0.0746, lr: 0.00011387326887403332
2026-01-20 16:53:06 - train: epoch 80, iter:30, loss: 0.0695, lr: 0.00011387326887403332
2026-01-20 16:53:09 - train: epoch 80, iter:40, loss: 0.0734, lr: 0.00011387326887403332
2026-01-20 16:53:13 - train: epoch 80, iter:50, loss: 0.0692, lr: 0.00011387326887403332
2026-01-20 16:53:16 - train: epoch 80, iter:60, loss: 0.0716, lr: 0.00011387326887403332
2026-01-20 16:53:19 - train: epoch 80, iter:70, loss: 0.0713, lr: 0.00011387326887403332
2026-01-20 16:53:22 - train: epoch 80, iter:80, loss: 0.0897, lr: 0.00011387326887403332
2026-01-20 16:53:22 - Finish one epoch train: epoch 80, loss: 0.0757, time(s): 25.19
2026-01-20 16:53:23 - idx 0 case patient050_frame01 mean_dice 0.903008 mean_hd95 1.412023
2026-01-20 16:53:24 - idx 1 case patient050_frame12 mean_dice 0.874665 mean_hd95 1.333333
2026-01-20 16:53:25 - idx 2 case patient037_frame01 mean_dice 0.895068 mean_hd95 1.000000
2026-01-20 16:53:26 - idx 3 case patient037_frame12 mean_dice 0.630765 mean_hd95 3.183112
2026-01-20 16:53:28 - idx 4 case patient095_frame01 mean_dice 0.942941 mean_hd95 1.000000
2026-01-20 16:53:29 - idx 5 case patient095_frame12 mean_dice 0.898983 mean_hd95 1.333333
2026-01-20 16:53:30 - idx 6 case patient047_frame01 mean_dice 0.918719 mean_hd95 1.000000
2026-01-20 16:53:31 - idx 7 case patient047_frame09 mean_dice 0.872392 mean_hd95 1.333333
2026-01-20 16:53:33 - idx 8 case patient044_frame01 mean_dice 0.929337 mean_hd95 1.000000
2026-01-20 16:53:34 - idx 9 case patient044_frame11 mean_dice 0.884244 mean_hd95 1.138071
2026-01-20 16:53:35 - idx 10 case patient064_frame01 mean_dice 0.952031 mean_hd95 1.000000
2026-01-20 16:53:36 - idx 11 case patient064_frame12 mean_dice 0.925027 mean_hd95 1.000000
2026-01-20 16:53:37 - idx 12 case patient017_frame01 mean_dice 0.908004 mean_hd95 1.138071
2026-01-20 16:53:38 - idx 13 case patient017_frame09 mean_dice 0.938645 mean_hd95 1.000000
2026-01-20 16:53:39 - idx 14 case patient039_frame01 mean_dice 0.931238 mean_hd95 1.000000
2026-01-20 16:53:40 - idx 15 case patient039_frame10 mean_dice 0.767940 mean_hd95 1.577350
2026-01-20 16:53:41 - idx 16 case patient041_frame01 mean_dice 0.907799 mean_hd95 1.000000
2026-01-20 16:53:42 - idx 17 case patient041_frame11 mean_dice 0.881573 mean_hd95 1.138071
2026-01-20 16:53:43 - idx 18 case patient067_frame01 mean_dice 0.927190 mean_hd95 1.000000
2026-01-20 16:53:44 - idx 19 case patient067_frame10 mean_dice 0.921031 mean_hd95 1.000000
2026-01-20 16:53:44 - Mean class 1 mean_dice 0.864208 mean_hd95 1.443687
2026-01-20 16:53:44 - Mean class 2 mean_dice 0.882780 mean_hd95 1.132514
2026-01-20 16:53:44 - Mean class 3 mean_dice 0.924603 mean_hd95 1.111803
2026-01-20 16:53:44 - val epoch: 80, mean_dice: 0.8905299637010565, mean_hd95: 1.2293349202918267, time(s): 22.22
2026-01-20 16:53:45 - train: epoch 81, iter:0, loss: 0.0702, lr: 0.00010453658778440112
2026-01-20 16:53:49 - train: epoch 81, iter:10, loss: 0.0733, lr: 0.00010453658778440112
2026-01-20 16:53:52 - train: epoch 81, iter:20, loss: 0.0737, lr: 0.00010453658778440112
2026-01-20 16:53:55 - train: epoch 81, iter:30, loss: 0.0706, lr: 0.00010453658778440112
2026-01-20 16:53:58 - train: epoch 81, iter:40, loss: 0.0740, lr: 0.00010453658778440112
2026-01-20 16:54:01 - train: epoch 81, iter:50, loss: 0.0761, lr: 0.00010453658778440112
2026-01-20 16:54:04 - train: epoch 81, iter:60, loss: 0.0763, lr: 0.00010453658778440112
2026-01-20 16:54:07 - train: epoch 81, iter:70, loss: 0.0678, lr: 0.00010453658778440112
2026-01-20 16:54:10 - train: epoch 81, iter:80, loss: 0.0703, lr: 0.00010453658778440112
2026-01-20 16:54:11 - Finish one epoch train: epoch 81, loss: 0.0741, time(s): 25.50
2026-01-20 16:54:12 - idx 0 case patient050_frame01 mean_dice 0.901167 mean_hd95 1.412023
2026-01-20 16:54:13 - idx 1 case patient050_frame12 mean_dice 0.872451 mean_hd95 1.666667
2026-01-20 16:54:14 - idx 2 case patient037_frame01 mean_dice 0.899878 mean_hd95 1.000000
2026-01-20 16:54:15 - idx 3 case patient037_frame12 mean_dice 0.634075 mean_hd95 3.243587
2026-01-20 16:54:16 - idx 4 case patient095_frame01 mean_dice 0.943953 mean_hd95 1.000000
2026-01-20 16:54:18 - idx 5 case patient095_frame12 mean_dice 0.891026 mean_hd95 1.471405
2026-01-20 16:54:19 - idx 6 case patient047_frame01 mean_dice 0.920239 mean_hd95 1.000000
2026-01-20 16:54:20 - idx 7 case patient047_frame09 mean_dice 0.853846 mean_hd95 1.621234
2026-01-20 16:54:21 - idx 8 case patient044_frame01 mean_dice 0.927916 mean_hd95 1.000000
2026-01-20 16:54:23 - idx 9 case patient044_frame11 mean_dice 0.881115 mean_hd95 1.138071
2026-01-20 16:54:24 - idx 10 case patient064_frame01 mean_dice 0.953219 mean_hd95 1.000000
2026-01-20 16:54:25 - idx 11 case patient064_frame12 mean_dice 0.918040 mean_hd95 1.000000
2026-01-20 16:54:26 - idx 12 case patient017_frame01 mean_dice 0.918445 mean_hd95 1.000000
2026-01-20 16:54:27 - idx 13 case patient017_frame09 mean_dice 0.942798 mean_hd95 1.000000
2026-01-20 16:54:29 - idx 14 case patient039_frame01 mean_dice 0.937447 mean_hd95 1.000000
2026-01-20 16:54:30 - idx 15 case patient039_frame10 mean_dice 0.784752 mean_hd95 1.577350
2026-01-20 16:54:31 - idx 16 case patient041_frame01 mean_dice 0.912267 mean_hd95 1.000000
2026-01-20 16:54:31 - idx 17 case patient041_frame11 mean_dice 0.880200 mean_hd95 1.138071
2026-01-20 16:54:33 - idx 18 case patient067_frame01 mean_dice 0.927785 mean_hd95 1.000000
2026-01-20 16:54:34 - idx 19 case patient067_frame10 mean_dice 0.923577 mean_hd95 1.000000
2026-01-20 16:54:34 - Mean class 1 mean_dice 0.863829 mean_hd95 1.516326
2026-01-20 16:54:34 - Mean class 2 mean_dice 0.883464 mean_hd95 1.153225
2026-01-20 16:54:34 - Mean class 3 mean_dice 0.926336 mean_hd95 1.120711
2026-01-20 16:54:34 - val epoch: 81, mean_dice: 0.8912097023835823, mean_hd95: 1.263420409903095, time(s): 23.30
2026-01-20 16:54:35 - train: epoch 82, iter:0, loss: 0.0780, lr: 9.5595115734092e-05
2026-01-20 16:54:38 - train: epoch 82, iter:10, loss: 0.0741, lr: 9.5595115734092e-05
2026-01-20 16:54:42 - train: epoch 82, iter:20, loss: 0.0707, lr: 9.5595115734092e-05
2026-01-20 16:54:45 - train: epoch 82, iter:30, loss: 0.0744, lr: 9.5595115734092e-05
2026-01-20 16:54:48 - train: epoch 82, iter:40, loss: 0.0702, lr: 9.5595115734092e-05
2026-01-20 16:54:51 - train: epoch 82, iter:50, loss: 0.0852, lr: 9.5595115734092e-05
2026-01-20 16:54:54 - train: epoch 82, iter:60, loss: 0.0828, lr: 9.5595115734092e-05
2026-01-20 16:54:57 - train: epoch 82, iter:70, loss: 0.0721, lr: 9.5595115734092e-05
2026-01-20 16:55:00 - train: epoch 82, iter:80, loss: 0.0782, lr: 9.5595115734092e-05
2026-01-20 16:55:01 - Finish one epoch train: epoch 82, loss: 0.0751, time(s): 25.69
2026-01-20 16:55:02 - idx 0 case patient050_frame01 mean_dice 0.904334 mean_hd95 1.138071
2026-01-20 16:55:03 - idx 1 case patient050_frame12 mean_dice 0.862440 mean_hd95 1.550094
2026-01-20 16:55:04 - idx 2 case patient037_frame01 mean_dice 0.892474 mean_hd95 1.000000
2026-01-20 16:55:05 - idx 3 case patient037_frame12 mean_dice 0.643773 mean_hd95 2.916434
2026-01-20 16:55:06 - idx 4 case patient095_frame01 mean_dice 0.941123 mean_hd95 1.000000
2026-01-20 16:55:08 - idx 5 case patient095_frame12 mean_dice 0.889673 mean_hd95 1.471405
2026-01-20 16:55:09 - idx 6 case patient047_frame01 mean_dice 0.910856 mean_hd95 1.000000
2026-01-20 16:55:10 - idx 7 case patient047_frame09 mean_dice 0.853594 mean_hd95 1.609476
2026-01-20 16:55:11 - idx 8 case patient044_frame01 mean_dice 0.929477 mean_hd95 1.000000
2026-01-20 16:55:13 - idx 9 case patient044_frame11 mean_dice 0.883303 mean_hd95 1.138071
2026-01-20 16:55:14 - idx 10 case patient064_frame01 mean_dice 0.951733 mean_hd95 1.000000
2026-01-20 16:55:15 - idx 11 case patient064_frame12 mean_dice 0.885750 mean_hd95 1.252949
2026-01-20 16:55:16 - idx 12 case patient017_frame01 mean_dice 0.911775 mean_hd95 1.000000
2026-01-20 16:55:17 - idx 13 case patient017_frame09 mean_dice 0.940002 mean_hd95 1.000000
2026-01-20 16:55:18 - idx 14 case patient039_frame01 mean_dice 0.933086 mean_hd95 1.000000
2026-01-20 16:55:19 - idx 15 case patient039_frame10 mean_dice 0.762008 mean_hd95 1.577350
2026-01-20 16:55:20 - idx 16 case patient041_frame01 mean_dice 0.907050 mean_hd95 1.000000
2026-01-20 16:55:21 - idx 17 case patient041_frame11 mean_dice 0.881768 mean_hd95 1.138071
2026-01-20 16:55:22 - idx 18 case patient067_frame01 mean_dice 0.926445 mean_hd95 1.000000
2026-01-20 16:55:23 - idx 19 case patient067_frame10 mean_dice 0.922320 mean_hd95 1.000000
2026-01-20 16:55:23 - Mean class 1 mean_dice 0.859389 mean_hd95 1.445107
2026-01-20 16:55:23 - Mean class 2 mean_dice 0.882250 mean_hd95 1.103225
2026-01-20 16:55:23 - Mean class 3 mean_dice 0.918309 mean_hd95 1.170456
2026-01-20 16:55:23 - val epoch: 82, mean_dice: 0.8866491956114211, mean_hd95: 1.239596008365966, time(s): 22.53
2026-01-20 16:55:24 - train: epoch 83, iter:0, loss: 0.0761, lr: 8.705767687650269e-05
2026-01-20 16:55:27 - train: epoch 83, iter:10, loss: 0.0618, lr: 8.705767687650269e-05
2026-01-20 16:55:30 - train: epoch 83, iter:20, loss: 0.0803, lr: 8.705767687650269e-05
2026-01-20 16:55:33 - train: epoch 83, iter:30, loss: 0.0821, lr: 8.705767687650269e-05
2026-01-20 16:55:37 - train: epoch 83, iter:40, loss: 0.0677, lr: 8.705767687650269e-05
2026-01-20 16:55:40 - train: epoch 83, iter:50, loss: 0.0769, lr: 8.705767687650269e-05
2026-01-20 16:55:43 - train: epoch 83, iter:60, loss: 0.0781, lr: 8.705767687650269e-05
2026-01-20 16:55:46 - train: epoch 83, iter:70, loss: 0.0745, lr: 8.705767687650269e-05
2026-01-20 16:55:49 - train: epoch 83, iter:80, loss: 0.0711, lr: 8.705767687650269e-05
2026-01-20 16:55:49 - Finish one epoch train: epoch 83, loss: 0.0750, time(s): 25.34
2026-01-20 16:55:51 - idx 0 case patient050_frame01 mean_dice 0.903193 mean_hd95 1.244017
2026-01-20 16:55:52 - idx 1 case patient050_frame12 mean_dice 0.879826 mean_hd95 1.333333
2026-01-20 16:55:53 - idx 2 case patient037_frame01 mean_dice 0.896937 mean_hd95 1.000000
2026-01-20 16:55:53 - idx 3 case patient037_frame12 mean_dice 0.619334 mean_hd95 3.216761
2026-01-20 16:55:55 - idx 4 case patient095_frame01 mean_dice 0.943732 mean_hd95 1.000000
2026-01-20 16:55:57 - idx 5 case patient095_frame12 mean_dice 0.896612 mean_hd95 1.471405
2026-01-20 16:55:58 - idx 6 case patient047_frame01 mean_dice 0.910936 mean_hd95 1.000000
2026-01-20 16:55:59 - idx 7 case patient047_frame09 mean_dice 0.854852 mean_hd95 1.471405
2026-01-20 16:56:00 - idx 8 case patient044_frame01 mean_dice 0.926388 mean_hd95 1.000000
2026-01-20 16:56:01 - idx 9 case patient044_frame11 mean_dice 0.884656 mean_hd95 1.244017
2026-01-20 16:56:03 - idx 10 case patient064_frame01 mean_dice 0.951067 mean_hd95 1.000000
2026-01-20 16:56:04 - idx 11 case patient064_frame12 mean_dice 0.907675 mean_hd95 1.000000
2026-01-20 16:56:05 - idx 12 case patient017_frame01 mean_dice 0.909869 mean_hd95 1.000000
2026-01-20 16:56:06 - idx 13 case patient017_frame09 mean_dice 0.941237 mean_hd95 1.000000
2026-01-20 16:56:07 - idx 14 case patient039_frame01 mean_dice 0.937988 mean_hd95 1.000000
2026-01-20 16:56:08 - idx 15 case patient039_frame10 mean_dice 0.763599 mean_hd95 1.471405
2026-01-20 16:56:09 - idx 16 case patient041_frame01 mean_dice 0.907849 mean_hd95 1.000000
2026-01-20 16:56:10 - idx 17 case patient041_frame11 mean_dice 0.886386 mean_hd95 1.138071
2026-01-20 16:56:11 - idx 18 case patient067_frame01 mean_dice 0.925171 mean_hd95 1.000000
2026-01-20 16:56:12 - idx 19 case patient067_frame10 mean_dice 0.922452 mean_hd95 1.000000
2026-01-20 16:56:12 - Mean class 1 mean_dice 0.859800 mean_hd95 1.428024
2026-01-20 16:56:12 - Mean class 2 mean_dice 0.882818 mean_hd95 1.128024
2026-01-20 16:56:12 - Mean class 3 mean_dice 0.922846 mean_hd95 1.132514
2026-01-20 16:56:12 - val epoch: 83, mean_dice: 0.8884879805865212, mean_hd95: 1.2295206234083838, time(s): 22.97
2026-01-20 16:56:13 - train: epoch 84, iter:0, loss: 0.0751, lr: 7.893269663304787e-05
2026-01-20 16:56:16 - train: epoch 84, iter:10, loss: 0.0800, lr: 7.893269663304787e-05
2026-01-20 16:56:20 - train: epoch 84, iter:20, loss: 0.0754, lr: 7.893269663304787e-05
2026-01-20 16:56:23 - train: epoch 84, iter:30, loss: 0.0827, lr: 7.893269663304787e-05
2026-01-20 16:56:26 - train: epoch 84, iter:40, loss: 0.0686, lr: 7.893269663304787e-05
2026-01-20 16:56:29 - train: epoch 84, iter:50, loss: 0.0652, lr: 7.893269663304787e-05
2026-01-20 16:56:32 - train: epoch 84, iter:60, loss: 0.0792, lr: 7.893269663304787e-05
2026-01-20 16:56:35 - train: epoch 84, iter:70, loss: 0.0753, lr: 7.893269663304787e-05
2026-01-20 16:56:38 - train: epoch 84, iter:80, loss: 0.0750, lr: 7.893269663304787e-05
2026-01-20 16:56:38 - Finish one epoch train: epoch 84, loss: 0.0738, time(s): 25.58
2026-01-20 16:56:40 - idx 0 case patient050_frame01 mean_dice 0.905063 mean_hd95 1.138071
2026-01-20 16:56:41 - idx 1 case patient050_frame12 mean_dice 0.862518 mean_hd95 3.255611
2026-01-20 16:56:42 - idx 2 case patient037_frame01 mean_dice 0.900332 mean_hd95 1.000000
2026-01-20 16:56:43 - idx 3 case patient037_frame12 mean_dice 0.697685 mean_hd95 2.512440
2026-01-20 16:56:44 - idx 4 case patient095_frame01 mean_dice 0.943098 mean_hd95 1.000000
2026-01-20 16:56:46 - idx 5 case patient095_frame12 mean_dice 0.892870 mean_hd95 1.471405
2026-01-20 16:56:47 - idx 6 case patient047_frame01 mean_dice 0.919397 mean_hd95 1.000000
2026-01-20 16:56:49 - idx 7 case patient047_frame09 mean_dice 0.872210 mean_hd95 1.412023
2026-01-20 16:56:50 - idx 8 case patient044_frame01 mean_dice 0.928195 mean_hd95 1.000000
2026-01-20 16:56:51 - idx 9 case patient044_frame11 mean_dice 0.881112 mean_hd95 1.138071
2026-01-20 16:56:52 - idx 10 case patient064_frame01 mean_dice 0.952219 mean_hd95 1.000000
2026-01-20 16:56:53 - idx 11 case patient064_frame12 mean_dice 0.922791 mean_hd95 1.000000
2026-01-20 16:56:54 - idx 12 case patient017_frame01 mean_dice 0.918726 mean_hd95 1.000000
2026-01-20 16:56:56 - idx 13 case patient017_frame09 mean_dice 0.943023 mean_hd95 1.000000
2026-01-20 16:56:57 - idx 14 case patient039_frame01 mean_dice 0.938779 mean_hd95 1.000000
2026-01-20 16:56:58 - idx 15 case patient039_frame10 mean_dice 0.844324 mean_hd95 1.244017
2026-01-20 16:56:58 - idx 16 case patient041_frame01 mean_dice 0.901749 mean_hd95 1.000000
2026-01-20 16:56:59 - idx 17 case patient041_frame11 mean_dice 0.877743 mean_hd95 1.138071
2026-01-20 16:57:00 - idx 18 case patient067_frame01 mean_dice 0.926615 mean_hd95 1.000000
2026-01-20 16:57:02 - idx 19 case patient067_frame10 mean_dice 0.923352 mean_hd95 1.000000
2026-01-20 16:57:02 - Mean class 1 mean_dice 0.878757 mean_hd95 1.611119
2026-01-20 16:57:02 - Mean class 2 mean_dice 0.885314 mean_hd95 1.078024
2026-01-20 16:57:02 - Mean class 3 mean_dice 0.928698 mean_hd95 1.107313
2026-01-20 16:57:02 - val epoch: 84, mean_dice: 0.8975898685812282, mean_hd95: 1.265485407567493, time(s): 23.22
2026-01-20 16:57:03 - train: epoch 85, iter:0, loss: 0.0714, lr: 7.122819337828756e-05
2026-01-20 16:57:06 - train: epoch 85, iter:10, loss: 0.0696, lr: 7.122819337828756e-05
2026-01-20 16:57:09 - train: epoch 85, iter:20, loss: 0.0756, lr: 7.122819337828756e-05
2026-01-20 16:57:12 - train: epoch 85, iter:30, loss: 0.0669, lr: 7.122819337828756e-05
2026-01-20 16:57:16 - train: epoch 85, iter:40, loss: 0.0722, lr: 7.122819337828756e-05
2026-01-20 16:57:19 - train: epoch 85, iter:50, loss: 0.0831, lr: 7.122819337828756e-05
2026-01-20 16:57:22 - train: epoch 85, iter:60, loss: 0.0787, lr: 7.122819337828756e-05
2026-01-20 16:57:25 - train: epoch 85, iter:70, loss: 0.0612, lr: 7.122819337828756e-05
2026-01-20 16:57:28 - train: epoch 85, iter:80, loss: 0.0623, lr: 7.122819337828756e-05
2026-01-20 16:57:29 - Finish one epoch train: epoch 85, loss: 0.0742, time(s): 25.98
2026-01-20 16:57:30 - idx 0 case patient050_frame01 mean_dice 0.897895 mean_hd95 2.051957
2026-01-20 16:57:31 - idx 1 case patient050_frame12 mean_dice 0.818763 mean_hd95 10.391366
2026-01-20 16:57:32 - idx 2 case patient037_frame01 mean_dice 0.901898 mean_hd95 1.000000
2026-01-20 16:57:33 - idx 3 case patient037_frame12 mean_dice 0.718707 mean_hd95 2.385290
2026-01-20 16:57:34 - idx 4 case patient095_frame01 mean_dice 0.944102 mean_hd95 1.000000
2026-01-20 16:57:36 - idx 5 case patient095_frame12 mean_dice 0.891714 mean_hd95 1.471405
2026-01-20 16:57:37 - idx 6 case patient047_frame01 mean_dice 0.921416 mean_hd95 1.000000
2026-01-20 16:57:38 - idx 7 case patient047_frame09 mean_dice 0.877711 mean_hd95 1.412023
2026-01-20 16:57:40 - idx 8 case patient044_frame01 mean_dice 0.927533 mean_hd95 1.000000
2026-01-20 16:57:41 - idx 9 case patient044_frame11 mean_dice 0.884305 mean_hd95 1.138071
2026-01-20 16:57:42 - idx 10 case patient064_frame01 mean_dice 0.953473 mean_hd95 1.000000
2026-01-20 16:57:43 - idx 11 case patient064_frame12 mean_dice 0.933135 mean_hd95 1.000000
2026-01-20 16:57:44 - idx 12 case patient017_frame01 mean_dice 0.920739 mean_hd95 1.000000
2026-01-20 16:57:45 - idx 13 case patient017_frame09 mean_dice 0.943718 mean_hd95 1.000000
2026-01-20 16:57:46 - idx 14 case patient039_frame01 mean_dice 0.937082 mean_hd95 1.000000
2026-01-20 16:57:47 - idx 15 case patient039_frame10 mean_dice 0.850814 mean_hd95 1.244017
2026-01-20 16:57:48 - idx 16 case patient041_frame01 mean_dice 0.902022 mean_hd95 1.000000
2026-01-20 16:57:48 - idx 17 case patient041_frame11 mean_dice 0.875579 mean_hd95 1.138071
2026-01-20 16:57:50 - idx 18 case patient067_frame01 mean_dice 0.925525 mean_hd95 1.000000
2026-01-20 16:57:51 - idx 19 case patient067_frame10 mean_dice 0.920773 mean_hd95 1.000000
2026-01-20 16:57:51 - Mean class 1 mean_dice 0.875660 mean_hd95 2.799493
2026-01-20 16:57:51 - Mean class 2 mean_dice 0.884342 mean_hd95 1.078024
2026-01-20 16:57:51 - Mean class 3 mean_dice 0.932034 mean_hd95 1.107313
2026-01-20 16:57:51 - val epoch: 85, mean_dice: 0.8973452617469088, mean_hd95: 1.6616099709954846, time(s): 22.53
2026-01-20 16:57:52 - train: epoch 86, iter:0, loss: 0.1020, lr: 6.395177052675798e-05
2026-01-20 16:57:55 - train: epoch 86, iter:10, loss: 0.0719, lr: 6.395177052675798e-05
2026-01-20 16:57:58 - train: epoch 86, iter:20, loss: 0.0734, lr: 6.395177052675798e-05
2026-01-20 16:58:02 - train: epoch 86, iter:30, loss: 0.0874, lr: 6.395177052675798e-05
2026-01-20 16:58:05 - train: epoch 86, iter:40, loss: 0.0785, lr: 6.395177052675798e-05
2026-01-20 16:58:08 - train: epoch 86, iter:50, loss: 0.0945, lr: 6.395177052675798e-05
2026-01-20 16:58:11 - train: epoch 86, iter:60, loss: 0.0761, lr: 6.395177052675798e-05
2026-01-20 16:58:14 - train: epoch 86, iter:70, loss: 0.0657, lr: 6.395177052675798e-05
2026-01-20 16:58:17 - train: epoch 86, iter:80, loss: 0.0675, lr: 6.395177052675798e-05
2026-01-20 16:58:17 - Finish one epoch train: epoch 86, loss: 0.0754, time(s): 25.47
2026-01-20 16:58:19 - idx 0 case patient050_frame01 mean_dice 0.903614 mean_hd95 1.333333
2026-01-20 16:58:20 - idx 1 case patient050_frame12 mean_dice 0.855945 mean_hd95 2.854668
2026-01-20 16:58:21 - idx 2 case patient037_frame01 mean_dice 0.896232 mean_hd95 1.000000
2026-01-20 16:58:22 - idx 3 case patient037_frame12 mean_dice 0.647973 mean_hd95 2.916434
2026-01-20 16:58:24 - idx 4 case patient095_frame01 mean_dice 0.943174 mean_hd95 1.000000
2026-01-20 16:58:25 - idx 5 case patient095_frame12 mean_dice 0.901888 mean_hd95 1.436887
2026-01-20 16:58:26 - idx 6 case patient047_frame01 mean_dice 0.909952 mean_hd95 1.000000
2026-01-20 16:58:27 - idx 7 case patient047_frame09 mean_dice 0.862495 mean_hd95 1.412023
2026-01-20 16:58:29 - idx 8 case patient044_frame01 mean_dice 0.927742 mean_hd95 1.000000
2026-01-20 16:58:30 - idx 9 case patient044_frame11 mean_dice 0.884869 mean_hd95 1.244017
2026-01-20 16:58:31 - idx 10 case patient064_frame01 mean_dice 0.951844 mean_hd95 1.000000
2026-01-20 16:58:32 - idx 11 case patient064_frame12 mean_dice 0.885511 mean_hd95 1.333333
2026-01-20 16:58:33 - idx 12 case patient017_frame01 mean_dice 0.907913 mean_hd95 1.000000
2026-01-20 16:58:34 - idx 13 case patient017_frame09 mean_dice 0.941303 mean_hd95 1.000000
2026-01-20 16:58:35 - idx 14 case patient039_frame01 mean_dice 0.934128 mean_hd95 1.000000
2026-01-20 16:58:36 - idx 15 case patient039_frame10 mean_dice 0.832902 mean_hd95 1.333333
2026-01-20 16:58:37 - idx 16 case patient041_frame01 mean_dice 0.904264 mean_hd95 1.000000
2026-01-20 16:58:37 - idx 17 case patient041_frame11 mean_dice 0.881310 mean_hd95 1.138071
2026-01-20 16:58:39 - idx 18 case patient067_frame01 mean_dice 0.922914 mean_hd95 1.000000
2026-01-20 16:58:40 - idx 19 case patient067_frame10 mean_dice 0.921052 mean_hd95 1.000000
2026-01-20 16:58:40 - Mean class 1 mean_dice 0.872659 mean_hd95 1.590464
2026-01-20 16:58:40 - Mean class 2 mean_dice 0.879931 mean_hd95 1.132514
2026-01-20 16:58:40 - Mean class 3 mean_dice 0.919964 mean_hd95 1.177336
2026-01-20 16:58:40 - val epoch: 86, mean_dice: 0.8908513063463553, mean_hd95: 1.3001049549768853, time(s): 22.63
2026-01-20 16:58:41 - train: epoch 87, iter:0, loss: 0.0737, lr: 5.711060902932045e-05
2026-01-20 16:58:44 - train: epoch 87, iter:10, loss: 0.0748, lr: 5.711060902932045e-05
2026-01-20 16:58:47 - train: epoch 87, iter:20, loss: 0.0758, lr: 5.711060902932045e-05
2026-01-20 16:58:50 - train: epoch 87, iter:30, loss: 0.0710, lr: 5.711060902932045e-05
2026-01-20 16:58:53 - train: epoch 87, iter:40, loss: 0.0661, lr: 5.711060902932045e-05
2026-01-20 16:58:57 - train: epoch 87, iter:50, loss: 0.0699, lr: 5.711060902932045e-05
2026-01-20 16:59:00 - train: epoch 87, iter:60, loss: 0.0725, lr: 5.711060902932045e-05
2026-01-20 16:59:03 - train: epoch 87, iter:70, loss: 0.0716, lr: 5.711060902932045e-05
2026-01-20 16:59:06 - train: epoch 87, iter:80, loss: 0.0813, lr: 5.711060902932045e-05
2026-01-20 16:59:07 - Finish one epoch train: epoch 87, loss: 0.0732, time(s): 26.13
2026-01-20 16:59:08 - idx 0 case patient050_frame01 mean_dice 0.902395 mean_hd95 1.333333
2026-01-20 16:59:09 - idx 1 case patient050_frame12 mean_dice 0.851803 mean_hd95 8.726936
2026-01-20 16:59:10 - idx 2 case patient037_frame01 mean_dice 0.905365 mean_hd95 1.000000
2026-01-20 16:59:11 - idx 3 case patient037_frame12 mean_dice 0.700640 mean_hd95 2.512440
2026-01-20 16:59:13 - idx 4 case patient095_frame01 mean_dice 0.944354 mean_hd95 1.000000
2026-01-20 16:59:14 - idx 5 case patient095_frame12 mean_dice 0.897060 mean_hd95 1.471405
2026-01-20 16:59:15 - idx 6 case patient047_frame01 mean_dice 0.914804 mean_hd95 1.000000
2026-01-20 16:59:17 - idx 7 case patient047_frame09 mean_dice 0.862784 mean_hd95 1.412023
2026-01-20 16:59:18 - idx 8 case patient044_frame01 mean_dice 0.928949 mean_hd95 1.000000
2026-01-20 16:59:19 - idx 9 case patient044_frame11 mean_dice 0.882526 mean_hd95 1.196341
2026-01-20 16:59:20 - idx 10 case patient064_frame01 mean_dice 0.951884 mean_hd95 1.000000
2026-01-20 16:59:21 - idx 11 case patient064_frame12 mean_dice 0.906132 mean_hd95 1.138071
2026-01-20 16:59:23 - idx 12 case patient017_frame01 mean_dice 0.917583 mean_hd95 1.000000
2026-01-20 16:59:24 - idx 13 case patient017_frame09 mean_dice 0.942718 mean_hd95 1.000000
2026-01-20 16:59:25 - idx 14 case patient039_frame01 mean_dice 0.938109 mean_hd95 1.000000
2026-01-20 16:59:26 - idx 15 case patient039_frame10 mean_dice 0.842583 mean_hd95 1.333333
2026-01-20 16:59:27 - idx 16 case patient041_frame01 mean_dice 0.907475 mean_hd95 1.000000
2026-01-20 16:59:27 - idx 17 case patient041_frame11 mean_dice 0.879739 mean_hd95 1.138071
2026-01-20 16:59:29 - idx 18 case patient067_frame01 mean_dice 0.926557 mean_hd95 1.000000
2026-01-20 16:59:30 - idx 19 case patient067_frame10 mean_dice 0.922665 mean_hd95 1.000000
2026-01-20 16:59:30 - Mean class 1 mean_dice 0.879114 mean_hd95 2.427161
2026-01-20 16:59:30 - Mean class 2 mean_dice 0.883525 mean_hd95 1.120711
2026-01-20 16:59:30 - Mean class 3 mean_dice 0.926279 mean_hd95 1.141421
2026-01-20 16:59:30 - val epoch: 87, mean_dice: 0.8963062219977932, mean_hd95: 1.5630976774549028, time(s): 23.32
2026-01-20 16:59:31 - train: epoch 88, iter:0, loss: 0.0754, lr: 5.071146028642948e-05
2026-01-20 16:59:34 - train: epoch 88, iter:10, loss: 0.0656, lr: 5.071146028642948e-05
2026-01-20 16:59:37 - train: epoch 88, iter:20, loss: 0.0695, lr: 5.071146028642948e-05
2026-01-20 16:59:40 - train: epoch 88, iter:30, loss: 0.0694, lr: 5.071146028642948e-05
2026-01-20 16:59:44 - train: epoch 88, iter:40, loss: 0.0653, lr: 5.071146028642948e-05
2026-01-20 16:59:47 - train: epoch 88, iter:50, loss: 0.0712, lr: 5.071146028642948e-05
2026-01-20 16:59:50 - train: epoch 88, iter:60, loss: 0.0676, lr: 5.071146028642948e-05
2026-01-20 16:59:53 - train: epoch 88, iter:70, loss: 0.0670, lr: 5.071146028642948e-05
2026-01-20 16:59:56 - train: epoch 88, iter:80, loss: 0.0682, lr: 5.071146028642948e-05
2026-01-20 16:59:56 - Finish one epoch train: epoch 88, loss: 0.0722, time(s): 25.41
2026-01-20 16:59:57 - idx 0 case patient050_frame01 mean_dice 0.903654 mean_hd95 1.333333
2026-01-20 16:59:59 - idx 1 case patient050_frame12 mean_dice 0.867859 mean_hd95 1.550094
2026-01-20 16:59:59 - idx 2 case patient037_frame01 mean_dice 0.900801 mean_hd95 1.000000
2026-01-20 17:00:00 - idx 3 case patient037_frame12 mean_dice 0.679231 mean_hd95 2.804738
2026-01-20 17:00:02 - idx 4 case patient095_frame01 mean_dice 0.944221 mean_hd95 1.000000
2026-01-20 17:00:03 - idx 5 case patient095_frame12 mean_dice 0.891310 mean_hd95 1.471405
2026-01-20 17:00:04 - idx 6 case patient047_frame01 mean_dice 0.915909 mean_hd95 1.000000
2026-01-20 17:00:06 - idx 7 case patient047_frame09 mean_dice 0.866764 mean_hd95 1.412023
2026-01-20 17:00:07 - idx 8 case patient044_frame01 mean_dice 0.926442 mean_hd95 1.000000
2026-01-20 17:00:08 - idx 9 case patient044_frame11 mean_dice 0.883971 mean_hd95 1.138071
2026-01-20 17:00:09 - idx 10 case patient064_frame01 mean_dice 0.952269 mean_hd95 1.000000
2026-01-20 17:00:10 - idx 11 case patient064_frame12 mean_dice 0.902325 mean_hd95 1.138071
2026-01-20 17:00:11 - idx 12 case patient017_frame01 mean_dice 0.909507 mean_hd95 1.000000
2026-01-20 17:00:12 - idx 13 case patient017_frame09 mean_dice 0.942347 mean_hd95 1.000000
2026-01-20 17:00:13 - idx 14 case patient039_frame01 mean_dice 0.936989 mean_hd95 1.000000
2026-01-20 17:00:14 - idx 15 case patient039_frame10 mean_dice 0.829293 mean_hd95 1.471405
2026-01-20 17:00:15 - idx 16 case patient041_frame01 mean_dice 0.910212 mean_hd95 1.000000
2026-01-20 17:00:16 - idx 17 case patient041_frame11 mean_dice 0.889263 mean_hd95 1.138071
2026-01-20 17:00:17 - idx 18 case patient067_frame01 mean_dice 0.924259 mean_hd95 1.000000
2026-01-20 17:00:18 - idx 19 case patient067_frame10 mean_dice 0.921210 mean_hd95 1.000000
2026-01-20 17:00:18 - Mean class 1 mean_dice 0.877499 mean_hd95 1.394646
2026-01-20 17:00:18 - Mean class 2 mean_dice 0.881634 mean_hd95 1.132514
2026-01-20 17:00:18 - Mean class 3 mean_dice 0.925543 mean_hd95 1.141421
2026-01-20 17:00:18 - val epoch: 88, mean_dice: 0.8948918092793946, mean_hd95: 1.2228605148601877, time(s): 22.18
2026-01-20 17:00:19 - train: epoch 89, iter:0, loss: 0.0759, lr: 4.476063948531561e-05
2026-01-20 17:00:22 - train: epoch 89, iter:10, loss: 0.0619, lr: 4.476063948531561e-05
2026-01-20 17:00:26 - train: epoch 89, iter:20, loss: 0.0679, lr: 4.476063948531561e-05
2026-01-20 17:00:29 - train: epoch 89, iter:30, loss: 0.0787, lr: 4.476063948531561e-05
2026-01-20 17:00:32 - train: epoch 89, iter:40, loss: 0.0718, lr: 4.476063948531561e-05
2026-01-20 17:00:36 - train: epoch 89, iter:50, loss: 0.0675, lr: 4.476063948531561e-05
2026-01-20 17:00:39 - train: epoch 89, iter:60, loss: 0.0736, lr: 4.476063948531561e-05
2026-01-20 17:00:42 - train: epoch 89, iter:70, loss: 0.0737, lr: 4.476063948531561e-05
2026-01-20 17:00:45 - train: epoch 89, iter:80, loss: 0.0745, lr: 4.476063948531561e-05
2026-01-20 17:00:45 - Finish one epoch train: epoch 89, loss: 0.0724, time(s): 26.56
2026-01-20 17:00:47 - idx 0 case patient050_frame01 mean_dice 0.905967 mean_hd95 1.333333
2026-01-20 17:00:48 - idx 1 case patient050_frame12 mean_dice 0.870465 mean_hd95 1.471405
2026-01-20 17:00:49 - idx 2 case patient037_frame01 mean_dice 0.902683 mean_hd95 1.000000
2026-01-20 17:00:50 - idx 3 case patient037_frame12 mean_dice 0.669037 mean_hd95 2.837744
2026-01-20 17:00:51 - idx 4 case patient095_frame01 mean_dice 0.944444 mean_hd95 1.000000
2026-01-20 17:00:53 - idx 5 case patient095_frame12 mean_dice 0.891224 mean_hd95 1.471405
2026-01-20 17:00:54 - idx 6 case patient047_frame01 mean_dice 0.918244 mean_hd95 1.000000
2026-01-20 17:00:55 - idx 7 case patient047_frame09 mean_dice 0.866425 mean_hd95 1.412023
2026-01-20 17:00:56 - idx 8 case patient044_frame01 mean_dice 0.929357 mean_hd95 1.000000
2026-01-20 17:00:57 - idx 9 case patient044_frame11 mean_dice 0.884624 mean_hd95 1.138071
2026-01-20 17:00:58 - idx 10 case patient064_frame01 mean_dice 0.952644 mean_hd95 1.000000
2026-01-20 17:01:00 - idx 11 case patient064_frame12 mean_dice 0.921379 mean_hd95 1.000000
2026-01-20 17:01:01 - idx 12 case patient017_frame01 mean_dice 0.915189 mean_hd95 1.000000
2026-01-20 17:01:02 - idx 13 case patient017_frame09 mean_dice 0.942011 mean_hd95 1.000000
2026-01-20 17:01:03 - idx 14 case patient039_frame01 mean_dice 0.939995 mean_hd95 1.000000
2026-01-20 17:01:04 - idx 15 case patient039_frame10 mean_dice 0.837000 mean_hd95 1.333333
2026-01-20 17:01:04 - idx 16 case patient041_frame01 mean_dice 0.907952 mean_hd95 1.000000
2026-01-20 17:01:05 - idx 17 case patient041_frame11 mean_dice 0.881187 mean_hd95 1.138071
2026-01-20 17:01:06 - idx 18 case patient067_frame01 mean_dice 0.926062 mean_hd95 1.000000
2026-01-20 17:01:08 - idx 19 case patient067_frame10 mean_dice 0.923760 mean_hd95 1.000000
2026-01-20 17:01:08 - Mean class 1 mean_dice 0.877496 mean_hd95 1.378886
2026-01-20 17:01:08 - Mean class 2 mean_dice 0.884170 mean_hd95 1.120711
2026-01-20 17:01:08 - Mean class 3 mean_dice 0.927781 mean_hd95 1.120711
2026-01-20 17:01:08 - val epoch: 89, mean_dice: 0.8964823752397124, mean_hd95: 1.206769255049301, time(s): 22.14
2026-01-20 17:01:09 - train: epoch 90, iter:0, loss: 0.0772, lr: 3.9264019367658426e-05
2026-01-20 17:01:12 - train: epoch 90, iter:10, loss: 0.0690, lr: 3.9264019367658426e-05
2026-01-20 17:01:15 - train: epoch 90, iter:20, loss: 0.0702, lr: 3.9264019367658426e-05
2026-01-20 17:01:18 - train: epoch 90, iter:30, loss: 0.0718, lr: 3.9264019367658426e-05
2026-01-20 17:01:21 - train: epoch 90, iter:40, loss: 0.0787, lr: 3.9264019367658426e-05
2026-01-20 17:01:25 - train: epoch 90, iter:50, loss: 0.0668, lr: 3.9264019367658426e-05
2026-01-20 17:01:28 - train: epoch 90, iter:60, loss: 0.0718, lr: 3.9264019367658426e-05
2026-01-20 17:01:31 - train: epoch 90, iter:70, loss: 0.0751, lr: 3.9264019367658426e-05
2026-01-20 17:01:34 - train: epoch 90, iter:80, loss: 0.0755, lr: 3.9264019367658426e-05
2026-01-20 17:01:34 - Finish one epoch train: epoch 90, loss: 0.0732, time(s): 25.66
2026-01-20 17:01:35 - idx 0 case patient050_frame01 mean_dice 0.905378 mean_hd95 1.244017
2026-01-20 17:01:36 - idx 1 case patient050_frame12 mean_dice 0.857079 mean_hd95 8.548145
2026-01-20 17:01:37 - idx 2 case patient037_frame01 mean_dice 0.903589 mean_hd95 1.000000
2026-01-20 17:01:38 - idx 3 case patient037_frame12 mean_dice 0.689766 mean_hd95 2.512440
2026-01-20 17:01:40 - idx 4 case patient095_frame01 mean_dice 0.944152 mean_hd95 1.000000
2026-01-20 17:01:41 - idx 5 case patient095_frame12 mean_dice 0.892917 mean_hd95 1.471405
2026-01-20 17:01:42 - idx 6 case patient047_frame01 mean_dice 0.918198 mean_hd95 1.000000
2026-01-20 17:01:43 - idx 7 case patient047_frame09 mean_dice 0.867301 mean_hd95 1.412023
2026-01-20 17:01:45 - idx 8 case patient044_frame01 mean_dice 0.929940 mean_hd95 1.000000
2026-01-20 17:01:46 - idx 9 case patient044_frame11 mean_dice 0.884313 mean_hd95 1.138071
2026-01-20 17:01:47 - idx 10 case patient064_frame01 mean_dice 0.951602 mean_hd95 1.000000
2026-01-20 17:01:48 - idx 11 case patient064_frame12 mean_dice 0.930676 mean_hd95 1.000000
2026-01-20 17:01:49 - idx 12 case patient017_frame01 mean_dice 0.913836 mean_hd95 1.000000
2026-01-20 17:01:50 - idx 13 case patient017_frame09 mean_dice 0.942504 mean_hd95 1.000000
2026-01-20 17:01:51 - idx 14 case patient039_frame01 mean_dice 0.937181 mean_hd95 1.000000
2026-01-20 17:01:52 - idx 15 case patient039_frame10 mean_dice 0.841595 mean_hd95 1.333333
2026-01-20 17:01:53 - idx 16 case patient041_frame01 mean_dice 0.911066 mean_hd95 1.000000
2026-01-20 17:01:54 - idx 17 case patient041_frame11 mean_dice 0.879299 mean_hd95 1.138071
2026-01-20 17:01:55 - idx 18 case patient067_frame01 mean_dice 0.926903 mean_hd95 1.000000
2026-01-20 17:01:56 - idx 19 case patient067_frame10 mean_dice 0.923756 mean_hd95 1.000000
2026-01-20 17:01:56 - Mean class 1 mean_dice 0.879237 mean_hd95 2.404999
2026-01-20 17:01:56 - Mean class 2 mean_dice 0.884944 mean_hd95 1.093916
2026-01-20 17:01:56 - Mean class 3 mean_dice 0.928477 mean_hd95 1.120711
2026-01-20 17:01:56 - val epoch: 90, mean_dice: 0.8975526026071051, mean_hd95: 1.5398752149440966, time(s): 22.14
2026-01-20 17:01:57 - train: epoch 91, iter:0, loss: 0.0741, lr: 3.4227024433899026e-05
2026-01-20 17:02:00 - train: epoch 91, iter:10, loss: 0.1011, lr: 3.4227024433899026e-05
2026-01-20 17:02:03 - train: epoch 91, iter:20, loss: 0.0698, lr: 3.4227024433899026e-05
2026-01-20 17:02:06 - train: epoch 91, iter:30, loss: 0.0742, lr: 3.4227024433899026e-05
2026-01-20 17:02:09 - train: epoch 91, iter:40, loss: 0.0758, lr: 3.4227024433899026e-05
2026-01-20 17:02:13 - train: epoch 91, iter:50, loss: 0.0780, lr: 3.4227024433899026e-05
2026-01-20 17:02:16 - train: epoch 91, iter:60, loss: 0.0700, lr: 3.4227024433899026e-05
2026-01-20 17:02:19 - train: epoch 91, iter:70, loss: 0.0720, lr: 3.4227024433899026e-05
2026-01-20 17:02:22 - train: epoch 91, iter:80, loss: 0.0710, lr: 3.4227024433899026e-05
2026-01-20 17:02:22 - Finish one epoch train: epoch 91, loss: 0.0728, time(s): 25.38
2026-01-20 17:02:24 - idx 0 case patient050_frame01 mean_dice 0.905963 mean_hd95 1.333333
2026-01-20 17:02:25 - idx 1 case patient050_frame12 mean_dice 0.865560 mean_hd95 2.000000
2026-01-20 17:02:26 - idx 2 case patient037_frame01 mean_dice 0.901336 mean_hd95 1.000000
2026-01-20 17:02:27 - idx 3 case patient037_frame12 mean_dice 0.680607 mean_hd95 2.583660
2026-01-20 17:02:28 - idx 4 case patient095_frame01 mean_dice 0.944113 mean_hd95 1.000000
2026-01-20 17:02:30 - idx 5 case patient095_frame12 mean_dice 0.897426 mean_hd95 1.471405
2026-01-20 17:02:31 - idx 6 case patient047_frame01 mean_dice 0.921026 mean_hd95 1.000000
2026-01-20 17:02:32 - idx 7 case patient047_frame09 mean_dice 0.865804 mean_hd95 1.412023
2026-01-20 17:02:33 - idx 8 case patient044_frame01 mean_dice 0.929797 mean_hd95 1.000000
2026-01-20 17:02:34 - idx 9 case patient044_frame11 mean_dice 0.886433 mean_hd95 1.138071
2026-01-20 17:02:35 - idx 10 case patient064_frame01 mean_dice 0.951370 mean_hd95 1.000000
2026-01-20 17:02:37 - idx 11 case patient064_frame12 mean_dice 0.929093 mean_hd95 1.000000
2026-01-20 17:02:38 - idx 12 case patient017_frame01 mean_dice 0.912330 mean_hd95 1.000000
2026-01-20 17:02:39 - idx 13 case patient017_frame09 mean_dice 0.942053 mean_hd95 1.000000
2026-01-20 17:02:40 - idx 14 case patient039_frame01 mean_dice 0.938250 mean_hd95 1.000000
2026-01-20 17:02:41 - idx 15 case patient039_frame10 mean_dice 0.841779 mean_hd95 1.333333
2026-01-20 17:02:41 - idx 16 case patient041_frame01 mean_dice 0.908603 mean_hd95 1.000000
2026-01-20 17:02:42 - idx 17 case patient041_frame11 mean_dice 0.875599 mean_hd95 1.138071
2026-01-20 17:02:43 - idx 18 case patient067_frame01 mean_dice 0.925064 mean_hd95 1.000000
2026-01-20 17:02:45 - idx 19 case patient067_frame10 mean_dice 0.922500 mean_hd95 1.000000
2026-01-20 17:02:45 - Mean class 1 mean_dice 0.879325 mean_hd95 1.414161
2026-01-20 17:02:45 - Mean class 2 mean_dice 0.884910 mean_hd95 1.120711
2026-01-20 17:02:45 - Mean class 3 mean_dice 0.927471 mean_hd95 1.126612
2026-01-20 17:02:45 - val epoch: 91, mean_dice: 0.8972354215349904, mean_hd95: 1.2204948315093505, time(s): 22.34
2026-01-20 17:02:46 - train: epoch 92, iter:0, loss: 0.0854, lr: 2.9654625589913258e-05
2026-01-20 17:02:49 - train: epoch 92, iter:10, loss: 0.0666, lr: 2.9654625589913258e-05
2026-01-20 17:02:52 - train: epoch 92, iter:20, loss: 0.0697, lr: 2.9654625589913258e-05
2026-01-20 17:02:55 - train: epoch 92, iter:30, loss: 0.0719, lr: 2.9654625589913258e-05
2026-01-20 17:02:58 - train: epoch 92, iter:40, loss: 0.0789, lr: 2.9654625589913258e-05
2026-01-20 17:03:01 - train: epoch 92, iter:50, loss: 0.0725, lr: 2.9654625589913258e-05
2026-01-20 17:03:05 - train: epoch 92, iter:60, loss: 0.0743, lr: 2.9654625589913258e-05
2026-01-20 17:03:08 - train: epoch 92, iter:70, loss: 0.0753, lr: 2.9654625589913258e-05
2026-01-20 17:03:11 - train: epoch 92, iter:80, loss: 0.0769, lr: 2.9654625589913258e-05
2026-01-20 17:03:11 - Finish one epoch train: epoch 92, loss: 0.0724, time(s): 25.80
2026-01-20 17:03:12 - idx 0 case patient050_frame01 mean_dice 0.904933 mean_hd95 1.412023
2026-01-20 17:03:14 - idx 1 case patient050_frame12 mean_dice 0.862922 mean_hd95 1.824045
2026-01-20 17:03:14 - idx 2 case patient037_frame01 mean_dice 0.902963 mean_hd95 1.000000
2026-01-20 17:03:15 - idx 3 case patient037_frame12 mean_dice 0.665877 mean_hd95 2.837744
2026-01-20 17:03:17 - idx 4 case patient095_frame01 mean_dice 0.944248 mean_hd95 1.000000
2026-01-20 17:03:18 - idx 5 case patient095_frame12 mean_dice 0.895414 mean_hd95 1.471405
2026-01-20 17:03:19 - idx 6 case patient047_frame01 mean_dice 0.921091 mean_hd95 1.000000
2026-01-20 17:03:21 - idx 7 case patient047_frame09 mean_dice 0.871507 mean_hd95 1.412023
2026-01-20 17:03:22 - idx 8 case patient044_frame01 mean_dice 0.927746 mean_hd95 1.000000
2026-01-20 17:03:23 - idx 9 case patient044_frame11 mean_dice 0.883337 mean_hd95 1.138071
2026-01-20 17:03:24 - idx 10 case patient064_frame01 mean_dice 0.952830 mean_hd95 1.000000
2026-01-20 17:03:25 - idx 11 case patient064_frame12 mean_dice 0.912729 mean_hd95 1.000000
2026-01-20 17:03:26 - idx 12 case patient017_frame01 mean_dice 0.912400 mean_hd95 1.000000
2026-01-20 17:03:27 - idx 13 case patient017_frame09 mean_dice 0.942121 mean_hd95 1.000000
2026-01-20 17:03:28 - idx 14 case patient039_frame01 mean_dice 0.937156 mean_hd95 1.000000
2026-01-20 17:03:29 - idx 15 case patient039_frame10 mean_dice 0.834824 mean_hd95 1.333333
2026-01-20 17:03:30 - idx 16 case patient041_frame01 mean_dice 0.910645 mean_hd95 1.000000
2026-01-20 17:03:31 - idx 17 case patient041_frame11 mean_dice 0.883740 mean_hd95 1.138071
2026-01-20 17:03:32 - idx 18 case patient067_frame01 mean_dice 0.925723 mean_hd95 1.000000
2026-01-20 17:03:33 - idx 19 case patient067_frame10 mean_dice 0.922385 mean_hd95 1.000000
2026-01-20 17:03:33 - Mean class 1 mean_dice 0.877723 mean_hd95 1.419979
2026-01-20 17:03:33 - Mean class 2 mean_dice 0.882144 mean_hd95 1.144317
2026-01-20 17:03:33 - Mean class 3 mean_dice 0.927321 mean_hd95 1.120711
2026-01-20 17:03:33 - val epoch: 92, mean_dice: 0.8957294674749577, mean_hd95: 1.2283357612180723, time(s): 21.89
2026-01-20 17:03:34 - train: epoch 93, iter:0, loss: 0.0648, lr: 2.5551335241327692e-05
2026-01-20 17:03:37 - train: epoch 93, iter:10, loss: 0.0759, lr: 2.5551335241327692e-05
2026-01-20 17:03:40 - train: epoch 93, iter:20, loss: 0.0705, lr: 2.5551335241327692e-05
2026-01-20 17:03:43 - train: epoch 93, iter:30, loss: 0.0815, lr: 2.5551335241327692e-05
2026-01-20 17:03:46 - train: epoch 93, iter:40, loss: 0.0720, lr: 2.5551335241327692e-05
2026-01-20 17:03:49 - train: epoch 93, iter:50, loss: 0.0713, lr: 2.5551335241327692e-05
2026-01-20 17:03:52 - train: epoch 93, iter:60, loss: 0.0794, lr: 2.5551335241327692e-05
2026-01-20 17:03:56 - train: epoch 93, iter:70, loss: 0.0688, lr: 2.5551335241327692e-05
2026-01-20 17:03:59 - train: epoch 93, iter:80, loss: 0.0928, lr: 2.5551335241327692e-05
2026-01-20 17:03:59 - Finish one epoch train: epoch 93, loss: 0.0723, time(s): 25.17
2026-01-20 17:04:00 - idx 0 case patient050_frame01 mean_dice 0.904748 mean_hd95 1.412023
2026-01-20 17:04:01 - idx 1 case patient050_frame12 mean_dice 0.867767 mean_hd95 1.471405
2026-01-20 17:04:02 - idx 2 case patient037_frame01 mean_dice 0.903003 mean_hd95 1.000000
2026-01-20 17:04:03 - idx 3 case patient037_frame12 mean_dice 0.659296 mean_hd95 2.837744
2026-01-20 17:04:04 - idx 4 case patient095_frame01 mean_dice 0.944088 mean_hd95 1.000000
2026-01-20 17:04:06 - idx 5 case patient095_frame12 mean_dice 0.894013 mean_hd95 1.471405
2026-01-20 17:04:07 - idx 6 case patient047_frame01 mean_dice 0.920654 mean_hd95 1.000000
2026-01-20 17:04:08 - idx 7 case patient047_frame09 mean_dice 0.871075 mean_hd95 1.412023
2026-01-20 17:04:10 - idx 8 case patient044_frame01 mean_dice 0.929056 mean_hd95 1.000000
2026-01-20 17:04:11 - idx 9 case patient044_frame11 mean_dice 0.885408 mean_hd95 1.138071
2026-01-20 17:04:12 - idx 10 case patient064_frame01 mean_dice 0.952845 mean_hd95 1.000000
2026-01-20 17:04:13 - idx 11 case patient064_frame12 mean_dice 0.922191 mean_hd95 1.000000
2026-01-20 17:04:14 - idx 12 case patient017_frame01 mean_dice 0.914868 mean_hd95 1.000000
2026-01-20 17:04:15 - idx 13 case patient017_frame09 mean_dice 0.941089 mean_hd95 1.000000
2026-01-20 17:04:16 - idx 14 case patient039_frame01 mean_dice 0.939047 mean_hd95 1.000000
2026-01-20 17:04:17 - idx 15 case patient039_frame10 mean_dice 0.835495 mean_hd95 1.333333
2026-01-20 17:04:18 - idx 16 case patient041_frame01 mean_dice 0.911999 mean_hd95 1.000000
2026-01-20 17:04:19 - idx 17 case patient041_frame11 mean_dice 0.882823 mean_hd95 1.138071
2026-01-20 17:04:20 - idx 18 case patient067_frame01 mean_dice 0.927944 mean_hd95 1.000000
2026-01-20 17:04:21 - idx 19 case patient067_frame10 mean_dice 0.923945 mean_hd95 1.000000
2026-01-20 17:04:21 - Mean class 1 mean_dice 0.877134 mean_hd95 1.378886
2026-01-20 17:04:21 - Mean class 2 mean_dice 0.884209 mean_hd95 1.132514
2026-01-20 17:04:21 - Mean class 3 mean_dice 0.928360 mean_hd95 1.120711
2026-01-20 17:04:21 - val epoch: 93, mean_dice: 0.8965676726466723, mean_hd95: 1.2107037213409642, time(s): 22.42
2026-01-20 17:04:22 - train: epoch 94, iter:0, loss: 0.0674, lr: 2.192120284032009e-05
2026-01-20 17:04:25 - train: epoch 94, iter:10, loss: 0.0719, lr: 2.192120284032009e-05
2026-01-20 17:04:28 - train: epoch 94, iter:20, loss: 0.0702, lr: 2.192120284032009e-05
2026-01-20 17:04:32 - train: epoch 94, iter:30, loss: 0.0724, lr: 2.192120284032009e-05
2026-01-20 17:04:35 - train: epoch 94, iter:40, loss: 0.0799, lr: 2.192120284032009e-05
2026-01-20 17:04:38 - train: epoch 94, iter:50, loss: 0.0620, lr: 2.192120284032009e-05
2026-01-20 17:04:41 - train: epoch 94, iter:60, loss: 0.0750, lr: 2.192120284032009e-05
2026-01-20 17:04:44 - train: epoch 94, iter:70, loss: 0.0766, lr: 2.192120284032009e-05
2026-01-20 17:04:47 - train: epoch 94, iter:80, loss: 0.0685, lr: 2.192120284032009e-05
2026-01-20 17:04:47 - Finish one epoch train: epoch 94, loss: 0.0725, time(s): 25.58
2026-01-20 17:04:49 - idx 0 case patient050_frame01 mean_dice 0.904893 mean_hd95 1.412023
2026-01-20 17:04:50 - idx 1 case patient050_frame12 mean_dice 0.865664 mean_hd95 1.666667
2026-01-20 17:04:51 - idx 2 case patient037_frame01 mean_dice 0.902478 mean_hd95 1.000000
2026-01-20 17:04:51 - idx 3 case patient037_frame12 mean_dice 0.687992 mean_hd95 2.628783
2026-01-20 17:04:53 - idx 4 case patient095_frame01 mean_dice 0.944022 mean_hd95 1.000000
2026-01-20 17:04:55 - idx 5 case patient095_frame12 mean_dice 0.892585 mean_hd95 1.577350
2026-01-20 17:04:56 - idx 6 case patient047_frame01 mean_dice 0.922080 mean_hd95 1.000000
2026-01-20 17:04:57 - idx 7 case patient047_frame09 mean_dice 0.867233 mean_hd95 1.412023
2026-01-20 17:04:58 - idx 8 case patient044_frame01 mean_dice 0.929858 mean_hd95 1.000000
2026-01-20 17:04:59 - idx 9 case patient044_frame11 mean_dice 0.883664 mean_hd95 1.138071
2026-01-20 17:05:00 - idx 10 case patient064_frame01 mean_dice 0.952013 mean_hd95 1.000000
2026-01-20 17:05:01 - idx 11 case patient064_frame12 mean_dice 0.928765 mean_hd95 1.000000
2026-01-20 17:05:03 - idx 12 case patient017_frame01 mean_dice 0.914964 mean_hd95 1.000000
2026-01-20 17:05:04 - idx 13 case patient017_frame09 mean_dice 0.941776 mean_hd95 1.000000
2026-01-20 17:05:05 - idx 14 case patient039_frame01 mean_dice 0.936667 mean_hd95 1.000000
2026-01-20 17:05:06 - idx 15 case patient039_frame10 mean_dice 0.834417 mean_hd95 1.333333
2026-01-20 17:05:06 - idx 16 case patient041_frame01 mean_dice 0.909875 mean_hd95 1.000000
2026-01-20 17:05:07 - idx 17 case patient041_frame11 mean_dice 0.881858 mean_hd95 1.138071
2026-01-20 17:05:08 - idx 18 case patient067_frame01 mean_dice 0.927897 mean_hd95 1.000000
2026-01-20 17:05:10 - idx 19 case patient067_frame10 mean_dice 0.923125 mean_hd95 1.000000
2026-01-20 17:05:10 - Mean class 1 mean_dice 0.878939 mean_hd95 1.376832
2026-01-20 17:05:10 - Mean class 2 mean_dice 0.884177 mean_hd95 1.132514
2026-01-20 17:05:10 - Mean class 3 mean_dice 0.929657 mean_hd95 1.136603
2026-01-20 17:05:10 - val epoch: 94, mean_dice: 0.8975913210384058, mean_hd95: 1.2153160567447887, time(s): 22.17
2026-01-20 17:05:10 - train: epoch 95, iter:0, loss: 0.0647, lr: 1.8767810889299096e-05
2026-01-20 17:05:13 - train: epoch 95, iter:10, loss: 0.0743, lr: 1.8767810889299096e-05
2026-01-20 17:05:17 - train: epoch 95, iter:20, loss: 0.0639, lr: 1.8767810889299096e-05
2026-01-20 17:05:20 - train: epoch 95, iter:30, loss: 0.0684, lr: 1.8767810889299096e-05
2026-01-20 17:05:23 - train: epoch 95, iter:40, loss: 0.0745, lr: 1.8767810889299096e-05
2026-01-20 17:05:26 - train: epoch 95, iter:50, loss: 0.0759, lr: 1.8767810889299096e-05
2026-01-20 17:05:29 - train: epoch 95, iter:60, loss: 0.0633, lr: 1.8767810889299096e-05
2026-01-20 17:05:32 - train: epoch 95, iter:70, loss: 0.0637, lr: 1.8767810889299096e-05
2026-01-20 17:05:35 - train: epoch 95, iter:80, loss: 0.0695, lr: 1.8767810889299096e-05
2026-01-20 17:05:35 - Finish one epoch train: epoch 95, loss: 0.0719, time(s): 25.05
2026-01-20 17:05:36 - idx 0 case patient050_frame01 mean_dice 0.904855 mean_hd95 1.412023
2026-01-20 17:05:38 - idx 1 case patient050_frame12 mean_dice 0.867041 mean_hd95 1.745356
2026-01-20 17:05:38 - idx 2 case patient037_frame01 mean_dice 0.903159 mean_hd95 1.000000
2026-01-20 17:05:39 - idx 3 case patient037_frame12 mean_dice 0.669467 mean_hd95 2.837744
2026-01-20 17:05:41 - idx 4 case patient095_frame01 mean_dice 0.944775 mean_hd95 1.000000
2026-01-20 17:05:42 - idx 5 case patient095_frame12 mean_dice 0.895469 mean_hd95 1.471405
2026-01-20 17:05:44 - idx 6 case patient047_frame01 mean_dice 0.921078 mean_hd95 1.000000
2026-01-20 17:05:45 - idx 7 case patient047_frame09 mean_dice 0.869157 mean_hd95 1.412023
2026-01-20 17:05:46 - idx 8 case patient044_frame01 mean_dice 0.929009 mean_hd95 1.000000
2026-01-20 17:05:47 - idx 9 case patient044_frame11 mean_dice 0.885222 mean_hd95 1.138071
2026-01-20 17:05:48 - idx 10 case patient064_frame01 mean_dice 0.952172 mean_hd95 1.000000
2026-01-20 17:05:49 - idx 11 case patient064_frame12 mean_dice 0.922770 mean_hd95 1.000000
2026-01-20 17:05:50 - idx 12 case patient017_frame01 mean_dice 0.914373 mean_hd95 1.000000
2026-01-20 17:05:51 - idx 13 case patient017_frame09 mean_dice 0.942095 mean_hd95 1.000000
2026-01-20 17:05:52 - idx 14 case patient039_frame01 mean_dice 0.936416 mean_hd95 1.000000
2026-01-20 17:05:54 - idx 15 case patient039_frame10 mean_dice 0.826717 mean_hd95 1.471405
2026-01-20 17:05:54 - idx 16 case patient041_frame01 mean_dice 0.910011 mean_hd95 1.000000
2026-01-20 17:05:55 - idx 17 case patient041_frame11 mean_dice 0.881390 mean_hd95 1.138071
2026-01-20 17:05:56 - idx 18 case patient067_frame01 mean_dice 0.926943 mean_hd95 1.000000
2026-01-20 17:05:57 - idx 19 case patient067_frame10 mean_dice 0.923093 mean_hd95 1.000000
2026-01-20 17:05:57 - Mean class 1 mean_dice 0.876942 mean_hd95 1.440690
2026-01-20 17:05:57 - Mean class 2 mean_dice 0.883957 mean_hd95 1.132514
2026-01-20 17:05:57 - Mean class 3 mean_dice 0.927883 mean_hd95 1.120711
2026-01-20 17:05:57 - val epoch: 95, mean_dice: 0.8962605991286151, mean_hd95: 1.231304854299294, time(s): 22.20
2026-01-20 17:05:58 - train: epoch 96, iter:0, loss: 0.0756, lr: 1.609427140540687e-05
2026-01-20 17:06:01 - train: epoch 96, iter:10, loss: 0.0678, lr: 1.609427140540687e-05
2026-01-20 17:06:05 - train: epoch 96, iter:20, loss: 0.0736, lr: 1.609427140540687e-05
2026-01-20 17:06:08 - train: epoch 96, iter:30, loss: 0.0602, lr: 1.609427140540687e-05
2026-01-20 17:06:11 - train: epoch 96, iter:40, loss: 0.0656, lr: 1.609427140540687e-05
2026-01-20 17:06:14 - train: epoch 96, iter:50, loss: 0.0807, lr: 1.609427140540687e-05
2026-01-20 17:06:17 - train: epoch 96, iter:60, loss: 0.0697, lr: 1.609427140540687e-05
2026-01-20 17:06:20 - train: epoch 96, iter:70, loss: 0.0699, lr: 1.609427140540687e-05
2026-01-20 17:06:24 - train: epoch 96, iter:80, loss: 0.0733, lr: 1.609427140540687e-05
2026-01-20 17:06:24 - Finish one epoch train: epoch 96, loss: 0.0718, time(s): 25.82
2026-01-20 17:06:25 - idx 0 case patient050_frame01 mean_dice 0.905883 mean_hd95 1.412023
2026-01-20 17:06:26 - idx 1 case patient050_frame12 mean_dice 0.862766 mean_hd95 2.187075
2026-01-20 17:06:27 - idx 2 case patient037_frame01 mean_dice 0.901976 mean_hd95 1.000000
2026-01-20 17:06:28 - idx 3 case patient037_frame12 mean_dice 0.665232 mean_hd95 2.837744
2026-01-20 17:06:30 - idx 4 case patient095_frame01 mean_dice 0.943887 mean_hd95 1.000000
2026-01-20 17:06:32 - idx 5 case patient095_frame12 mean_dice 0.893089 mean_hd95 1.471405
2026-01-20 17:06:33 - idx 6 case patient047_frame01 mean_dice 0.921413 mean_hd95 1.000000
2026-01-20 17:06:34 - idx 7 case patient047_frame09 mean_dice 0.871737 mean_hd95 1.412023
2026-01-20 17:06:35 - idx 8 case patient044_frame01 mean_dice 0.929106 mean_hd95 1.000000
2026-01-20 17:06:37 - idx 9 case patient044_frame11 mean_dice 0.886913 mean_hd95 1.138071
2026-01-20 17:06:38 - idx 10 case patient064_frame01 mean_dice 0.951837 mean_hd95 1.000000
2026-01-20 17:06:39 - idx 11 case patient064_frame12 mean_dice 0.925860 mean_hd95 1.000000
2026-01-20 17:06:40 - idx 12 case patient017_frame01 mean_dice 0.916517 mean_hd95 1.000000
2026-01-20 17:06:41 - idx 13 case patient017_frame09 mean_dice 0.942170 mean_hd95 1.000000
2026-01-20 17:06:42 - idx 14 case patient039_frame01 mean_dice 0.937276 mean_hd95 1.000000
2026-01-20 17:06:43 - idx 15 case patient039_frame10 mean_dice 0.831083 mean_hd95 1.333333
2026-01-20 17:06:44 - idx 16 case patient041_frame01 mean_dice 0.907884 mean_hd95 1.000000
2026-01-20 17:06:45 - idx 17 case patient041_frame11 mean_dice 0.881820 mean_hd95 1.138071
2026-01-20 17:06:46 - idx 18 case patient067_frame01 mean_dice 0.927100 mean_hd95 1.000000
2026-01-20 17:06:47 - idx 19 case patient067_frame10 mean_dice 0.922773 mean_hd95 1.000000
2026-01-20 17:06:47 - Mean class 1 mean_dice 0.877276 mean_hd95 1.486237
2026-01-20 17:06:47 - Mean class 2 mean_dice 0.883597 mean_hd95 1.132514
2026-01-20 17:06:47 - Mean class 3 mean_dice 0.928075 mean_hd95 1.120711
2026-01-20 17:06:47 - val epoch: 96, mean_dice: 0.8963160458633771, mean_hd95: 1.2464872272003202, time(s): 23.57
2026-01-20 17:06:48 - train: epoch 97, iter:0, loss: 0.0633, lr: 1.3903222849333514e-05
2026-01-20 17:06:52 - train: epoch 97, iter:10, loss: 0.0761, lr: 1.3903222849333514e-05
2026-01-20 17:06:55 - train: epoch 97, iter:20, loss: 0.0705, lr: 1.3903222849333514e-05
2026-01-20 17:06:58 - train: epoch 97, iter:30, loss: 0.0759, lr: 1.3903222849333514e-05
2026-01-20 17:07:01 - train: epoch 97, iter:40, loss: 0.0746, lr: 1.3903222849333514e-05
2026-01-20 17:07:04 - train: epoch 97, iter:50, loss: 0.0777, lr: 1.3903222849333514e-05
2026-01-20 17:07:07 - train: epoch 97, iter:60, loss: 0.0715, lr: 1.3903222849333514e-05
2026-01-20 17:07:10 - train: epoch 97, iter:70, loss: 0.0706, lr: 1.3903222849333514e-05
2026-01-20 17:07:14 - train: epoch 97, iter:80, loss: 0.0797, lr: 1.3903222849333514e-05
2026-01-20 17:07:14 - Finish one epoch train: epoch 97, loss: 0.0722, time(s): 25.58
2026-01-20 17:07:15 - idx 0 case patient050_frame01 mean_dice 0.904707 mean_hd95 1.333333
2026-01-20 17:07:16 - idx 1 case patient050_frame12 mean_dice 0.854603 mean_hd95 3.205560
2026-01-20 17:07:17 - idx 2 case patient037_frame01 mean_dice 0.903966 mean_hd95 1.000000
2026-01-20 17:07:18 - idx 3 case patient037_frame12 mean_dice 0.672682 mean_hd95 2.639827
2026-01-20 17:07:19 - idx 4 case patient095_frame01 mean_dice 0.944577 mean_hd95 1.000000
2026-01-20 17:07:21 - idx 5 case patient095_frame12 mean_dice 0.896179 mean_hd95 1.471405
2026-01-20 17:07:22 - idx 6 case patient047_frame01 mean_dice 0.920049 mean_hd95 1.000000
2026-01-20 17:07:23 - idx 7 case patient047_frame09 mean_dice 0.869530 mean_hd95 1.412023
2026-01-20 17:07:24 - idx 8 case patient044_frame01 mean_dice 0.929676 mean_hd95 1.000000
2026-01-20 17:07:26 - idx 9 case patient044_frame11 mean_dice 0.886735 mean_hd95 1.138071
2026-01-20 17:07:27 - idx 10 case patient064_frame01 mean_dice 0.951882 mean_hd95 1.000000
2026-01-20 17:07:28 - idx 11 case patient064_frame12 mean_dice 0.926624 mean_hd95 1.000000
2026-01-20 17:07:29 - idx 12 case patient017_frame01 mean_dice 0.917973 mean_hd95 1.000000
2026-01-20 17:07:30 - idx 13 case patient017_frame09 mean_dice 0.941628 mean_hd95 1.000000
2026-01-20 17:07:31 - idx 14 case patient039_frame01 mean_dice 0.938948 mean_hd95 1.000000
2026-01-20 17:07:32 - idx 15 case patient039_frame10 mean_dice 0.835875 mean_hd95 1.333333
2026-01-20 17:07:33 - idx 16 case patient041_frame01 mean_dice 0.907172 mean_hd95 1.000000
2026-01-20 17:07:34 - idx 17 case patient041_frame11 mean_dice 0.878405 mean_hd95 1.138071
2026-01-20 17:07:35 - idx 18 case patient067_frame01 mean_dice 0.927684 mean_hd95 1.000000
2026-01-20 17:07:36 - idx 19 case patient067_frame10 mean_dice 0.923272 mean_hd95 1.000000
2026-01-20 17:07:36 - Mean class 1 mean_dice 0.877456 mean_hd95 1.609322
2026-01-20 17:07:36 - Mean class 2 mean_dice 0.884704 mean_hd95 1.120711
2026-01-20 17:07:36 - Mean class 3 mean_dice 0.927665 mean_hd95 1.120711
2026-01-20 17:07:36 - val epoch: 97, mean_dice: 0.8966083363089054, mean_hd95: 1.2835811687993, time(s): 22.37
2026-01-20 17:07:37 - train: epoch 98, iter:0, loss: 0.0668, lr: 1.2196827521475406e-05
2026-01-20 17:07:40 - train: epoch 98, iter:10, loss: 0.0723, lr: 1.2196827521475406e-05
2026-01-20 17:07:43 - train: epoch 98, iter:20, loss: 0.0644, lr: 1.2196827521475406e-05
2026-01-20 17:07:47 - train: epoch 98, iter:30, loss: 0.0657, lr: 1.2196827521475406e-05
2026-01-20 17:07:50 - train: epoch 98, iter:40, loss: 0.0712, lr: 1.2196827521475406e-05
2026-01-20 17:07:53 - train: epoch 98, iter:50, loss: 0.0750, lr: 1.2196827521475406e-05
2026-01-20 17:07:56 - train: epoch 98, iter:60, loss: 0.0729, lr: 1.2196827521475406e-05
2026-01-20 17:08:00 - train: epoch 98, iter:70, loss: 0.0746, lr: 1.2196827521475406e-05
2026-01-20 17:08:03 - train: epoch 98, iter:80, loss: 0.0707, lr: 1.2196827521475406e-05
2026-01-20 17:08:03 - Finish one epoch train: epoch 98, loss: 0.0713, time(s): 26.26
2026-01-20 17:08:04 - idx 0 case patient050_frame01 mean_dice 0.904801 mean_hd95 1.412023
2026-01-20 17:08:06 - idx 1 case patient050_frame12 mean_dice 0.862141 mean_hd95 2.054093
2026-01-20 17:08:07 - idx 2 case patient037_frame01 mean_dice 0.901034 mean_hd95 1.000000
2026-01-20 17:08:07 - idx 3 case patient037_frame12 mean_dice 0.654748 mean_hd95 2.837744
2026-01-20 17:08:09 - idx 4 case patient095_frame01 mean_dice 0.944598 mean_hd95 1.000000
2026-01-20 17:08:11 - idx 5 case patient095_frame12 mean_dice 0.895483 mean_hd95 1.471405
2026-01-20 17:08:12 - idx 6 case patient047_frame01 mean_dice 0.919207 mean_hd95 1.000000
2026-01-20 17:08:13 - idx 7 case patient047_frame09 mean_dice 0.870774 mean_hd95 1.412023
2026-01-20 17:08:14 - idx 8 case patient044_frame01 mean_dice 0.929400 mean_hd95 1.000000
2026-01-20 17:08:16 - idx 9 case patient044_frame11 mean_dice 0.887324 mean_hd95 1.244017
2026-01-20 17:08:17 - idx 10 case patient064_frame01 mean_dice 0.952101 mean_hd95 1.000000
2026-01-20 17:08:18 - idx 11 case patient064_frame12 mean_dice 0.924823 mean_hd95 1.000000
2026-01-20 17:08:19 - idx 12 case patient017_frame01 mean_dice 0.913094 mean_hd95 1.000000
2026-01-20 17:08:20 - idx 13 case patient017_frame09 mean_dice 0.941731 mean_hd95 1.000000
2026-01-20 17:08:21 - idx 14 case patient039_frame01 mean_dice 0.936301 mean_hd95 1.000000
2026-01-20 17:08:22 - idx 15 case patient039_frame10 mean_dice 0.826481 mean_hd95 1.471405
2026-01-20 17:08:23 - idx 16 case patient041_frame01 mean_dice 0.908194 mean_hd95 1.000000
2026-01-20 17:08:24 - idx 17 case patient041_frame11 mean_dice 0.880832 mean_hd95 1.138071
2026-01-20 17:08:25 - idx 18 case patient067_frame01 mean_dice 0.926945 mean_hd95 1.000000
2026-01-20 17:08:26 - idx 19 case patient067_frame10 mean_dice 0.922739 mean_hd95 1.000000
2026-01-20 17:08:26 - Mean class 1 mean_dice 0.875407 mean_hd95 1.502892
2026-01-20 17:08:26 - Mean class 2 mean_dice 0.883355 mean_hd95 1.132514
2026-01-20 17:08:26 - Mean class 3 mean_dice 0.926651 mean_hd95 1.120711
2026-01-20 17:08:26 - val epoch: 98, mean_dice: 0.8951374969734394, mean_hd95: 1.2520389697637, time(s): 23.19
2026-01-20 17:08:27 - train: epoch 99, iter:0, loss: 0.0619, lr: 1.097676942800558e-05
2026-01-20 17:08:30 - train: epoch 99, iter:10, loss: 0.0672, lr: 1.097676942800558e-05
2026-01-20 17:08:33 - train: epoch 99, iter:20, loss: 0.0709, lr: 1.097676942800558e-05
2026-01-20 17:08:37 - train: epoch 99, iter:30, loss: 0.0703, lr: 1.097676942800558e-05
2026-01-20 17:08:40 - train: epoch 99, iter:40, loss: 0.0683, lr: 1.097676942800558e-05
2026-01-20 17:08:43 - train: epoch 99, iter:50, loss: 0.0720, lr: 1.097676942800558e-05
2026-01-20 17:08:46 - train: epoch 99, iter:60, loss: 0.0747, lr: 1.097676942800558e-05
2026-01-20 17:08:49 - train: epoch 99, iter:70, loss: 0.0667, lr: 1.097676942800558e-05
2026-01-20 17:08:53 - train: epoch 99, iter:80, loss: 0.0750, lr: 1.097676942800558e-05
2026-01-20 17:08:53 - Finish one epoch train: epoch 99, loss: 0.0714, time(s): 26.02
2026-01-20 17:08:54 - idx 0 case patient050_frame01 mean_dice 0.905467 mean_hd95 1.412023
2026-01-20 17:08:55 - idx 1 case patient050_frame12 mean_dice 0.861714 mean_hd95 2.300463
2026-01-20 17:08:56 - idx 2 case patient037_frame01 mean_dice 0.901152 mean_hd95 1.000000
2026-01-20 17:08:57 - idx 3 case patient037_frame12 mean_dice 0.652275 mean_hd95 2.837744
2026-01-20 17:08:59 - idx 4 case patient095_frame01 mean_dice 0.944560 mean_hd95 1.000000
2026-01-20 17:09:00 - idx 5 case patient095_frame12 mean_dice 0.894429 mean_hd95 1.471405
2026-01-20 17:09:01 - idx 6 case patient047_frame01 mean_dice 0.921134 mean_hd95 1.000000
2026-01-20 17:09:02 - idx 7 case patient047_frame09 mean_dice 0.871646 mean_hd95 1.412023
2026-01-20 17:09:03 - idx 8 case patient044_frame01 mean_dice 0.928280 mean_hd95 1.000000
2026-01-20 17:09:05 - idx 9 case patient044_frame11 mean_dice 0.885795 mean_hd95 1.138071
2026-01-20 17:09:06 - idx 10 case patient064_frame01 mean_dice 0.952173 mean_hd95 1.000000
2026-01-20 17:09:07 - idx 11 case patient064_frame12 mean_dice 0.924393 mean_hd95 1.000000
2026-01-20 17:09:08 - idx 12 case patient017_frame01 mean_dice 0.914388 mean_hd95 1.000000
2026-01-20 17:09:09 - idx 13 case patient017_frame09 mean_dice 0.942027 mean_hd95 1.000000
2026-01-20 17:09:10 - idx 14 case patient039_frame01 mean_dice 0.936332 mean_hd95 1.000000
2026-01-20 17:09:11 - idx 15 case patient039_frame10 mean_dice 0.825962 mean_hd95 1.471405
2026-01-20 17:09:12 - idx 16 case patient041_frame01 mean_dice 0.907571 mean_hd95 1.000000
2026-01-20 17:09:13 - idx 17 case patient041_frame11 mean_dice 0.882272 mean_hd95 1.138071
2026-01-20 17:09:14 - idx 18 case patient067_frame01 mean_dice 0.927302 mean_hd95 1.000000
2026-01-20 17:09:16 - idx 19 case patient067_frame10 mean_dice 0.923434 mean_hd95 1.000000
2026-01-20 17:09:16 - Mean class 1 mean_dice 0.874956 mean_hd95 1.523956
2026-01-20 17:09:16 - Mean class 2 mean_dice 0.882936 mean_hd95 1.132514
2026-01-20 17:09:16 - Mean class 3 mean_dice 0.927454 mean_hd95 1.120711
2026-01-20 17:09:16 - val epoch: 99, mean_dice: 0.895115283492411, mean_hd95: 1.2590601849887306, time(s): 23.25
2026-01-20 17:09:17 - train: epoch 100, iter:0, loss: 0.0659, lr: 1.024425261896286e-05
2026-01-20 17:09:20 - train: epoch 100, iter:10, loss: 0.0642, lr: 1.024425261896286e-05
2026-01-20 17:09:23 - train: epoch 100, iter:20, loss: 0.0757, lr: 1.024425261896286e-05
2026-01-20 17:09:26 - train: epoch 100, iter:30, loss: 0.0632, lr: 1.024425261896286e-05
2026-01-20 17:09:29 - train: epoch 100, iter:40, loss: 0.0764, lr: 1.024425261896286e-05
2026-01-20 17:09:33 - train: epoch 100, iter:50, loss: 0.0674, lr: 1.024425261896286e-05
2026-01-20 17:09:36 - train: epoch 100, iter:60, loss: 0.0719, lr: 1.024425261896286e-05
2026-01-20 17:09:39 - train: epoch 100, iter:70, loss: 0.0735, lr: 1.024425261896286e-05
2026-01-20 17:09:42 - train: epoch 100, iter:80, loss: 0.0619, lr: 1.024425261896286e-05
2026-01-20 17:09:42 - Finish one epoch train: epoch 100, loss: 0.0709, time(s): 25.35
2026-01-20 17:09:43 - idx 0 case patient050_frame01 mean_dice 0.904741 mean_hd95 1.412023
2026-01-20 17:09:45 - idx 1 case patient050_frame12 mean_dice 0.864673 mean_hd95 1.745356
2026-01-20 17:09:45 - idx 2 case patient037_frame01 mean_dice 0.898190 mean_hd95 1.000000
2026-01-20 17:09:46 - idx 3 case patient037_frame12 mean_dice 0.648609 mean_hd95 2.837744
2026-01-20 17:09:48 - idx 4 case patient095_frame01 mean_dice 0.943727 mean_hd95 1.000000
2026-01-20 17:09:49 - idx 5 case patient095_frame12 mean_dice 0.896287 mean_hd95 1.471405
2026-01-20 17:09:50 - idx 6 case patient047_frame01 mean_dice 0.918363 mean_hd95 1.000000
2026-01-20 17:09:51 - idx 7 case patient047_frame09 mean_dice 0.870406 mean_hd95 1.412023
2026-01-20 17:09:53 - idx 8 case patient044_frame01 mean_dice 0.928592 mean_hd95 1.000000
2026-01-20 17:09:54 - idx 9 case patient044_frame11 mean_dice 0.885652 mean_hd95 1.138071
2026-01-20 17:09:55 - idx 10 case patient064_frame01 mean_dice 0.952095 mean_hd95 1.000000
2026-01-20 17:09:56 - idx 11 case patient064_frame12 mean_dice 0.918576 mean_hd95 1.000000
2026-01-20 17:09:57 - idx 12 case patient017_frame01 mean_dice 0.912734 mean_hd95 1.000000
2026-01-20 17:09:58 - idx 13 case patient017_frame09 mean_dice 0.941401 mean_hd95 1.000000
2026-01-20 17:09:59 - idx 14 case patient039_frame01 mean_dice 0.935842 mean_hd95 1.000000
2026-01-20 17:10:00 - idx 15 case patient039_frame10 mean_dice 0.824938 mean_hd95 1.471405
2026-01-20 17:10:01 - idx 16 case patient041_frame01 mean_dice 0.906930 mean_hd95 1.000000
2026-01-20 17:10:02 - idx 17 case patient041_frame11 mean_dice 0.882176 mean_hd95 1.138071
2026-01-20 17:10:03 - idx 18 case patient067_frame01 mean_dice 0.925977 mean_hd95 1.000000
2026-01-20 17:10:04 - idx 19 case patient067_frame10 mean_dice 0.922007 mean_hd95 1.000000
2026-01-20 17:10:04 - Mean class 1 mean_dice 0.873724 mean_hd95 1.440690
2026-01-20 17:10:04 - Mean class 2 mean_dice 0.882853 mean_hd95 1.132514
2026-01-20 17:10:04 - Mean class 3 mean_dice 0.925710 mean_hd95 1.120711
2026-01-20 17:10:04 - val epoch: 100, mean_dice: 0.8940957601269156, mean_hd95: 1.231304854299294, time(s): 22.15
2026-01-20 17:10:06 - idx 0 case patient072_frame01 mean_dice 0.950634 mean_hd95 1.000000
2026-01-20 17:10:07 - idx 1 case patient072_frame11 mean_dice 0.936541 mean_hd95 1.000000
2026-01-20 17:10:09 - idx 2 case patient081_frame01 mean_dice 0.915539 mean_hd95 1.333333
2026-01-20 17:10:11 - idx 3 case patient081_frame07 mean_dice 0.898528 mean_hd95 1.412023
2026-01-20 17:10:12 - idx 4 case patient019_frame01 mean_dice 0.958109 mean_hd95 1.000000
2026-01-20 17:10:14 - idx 5 case patient019_frame11 mean_dice 0.958169 mean_hd95 1.000000
2026-01-20 17:10:15 - idx 6 case patient027_frame01 mean_dice 0.916593 mean_hd95 1.000000
2026-01-20 17:10:16 - idx 7 case patient027_frame11 mean_dice 0.839825 mean_hd95 2.579590
2026-01-20 17:10:18 - idx 8 case patient056_frame01 mean_dice 0.951683 mean_hd95 1.000000
2026-01-20 17:10:19 - idx 9 case patient056_frame12 mean_dice 0.902779 mean_hd95 1.000000
2026-01-20 17:10:20 - idx 10 case patient052_frame01 mean_dice 0.917982 mean_hd95 1.000000
2026-01-20 17:10:21 - idx 11 case patient052_frame09 mean_dice 0.849447 mean_hd95 1.858830
2026-01-20 17:10:22 - idx 12 case patient028_frame01 mean_dice 0.925515 mean_hd95 1.000000
2026-01-20 17:10:24 - idx 13 case patient028_frame09 mean_dice 0.888297 mean_hd95 1.138071
2026-01-20 17:10:26 - idx 14 case patient099_frame01 mean_dice 0.951173 mean_hd95 1.000000
2026-01-20 17:10:28 - idx 15 case patient099_frame09 mean_dice 0.931917 mean_hd95 1.000000
2026-01-20 17:10:29 - idx 16 case patient007_frame01 mean_dice 0.948718 mean_hd95 1.000000
2026-01-20 17:10:31 - idx 17 case patient007_frame07 mean_dice 0.927701 mean_hd95 1.000000
2026-01-20 17:10:32 - idx 18 case patient076_frame01 mean_dice 0.946007 mean_hd95 1.000000
2026-01-20 17:10:33 - idx 19 case patient076_frame12 mean_dice 0.931329 mean_hd95 1.000000
2026-01-20 17:10:34 - idx 20 case patient084_frame01 mean_dice 0.851493 mean_hd95 1.913886
2026-01-20 17:10:36 - idx 21 case patient084_frame10 mean_dice 0.792472 mean_hd95 1.942809
2026-01-20 17:10:37 - idx 22 case patient008_frame01 mean_dice 0.939843 mean_hd95 1.000000
2026-01-20 17:10:39 - idx 23 case patient008_frame13 mean_dice 0.918140 mean_hd95 1.000000
2026-01-20 17:10:41 - idx 24 case patient085_frame01 mean_dice 0.924945 mean_hd95 1.000000
2026-01-20 17:10:43 - idx 25 case patient085_frame09 mean_dice 0.910346 mean_hd95 1.000000
2026-01-20 17:10:44 - idx 26 case patient021_frame13 mean_dice 0.842939 mean_hd95 2.041035
2026-01-20 17:10:45 - idx 27 case patient021_frame01 mean_dice 0.938078 mean_hd95 1.000000
2026-01-20 17:10:46 - idx 28 case patient054_frame01 mean_dice 0.905689 mean_hd95 1.333333
2026-01-20 17:10:47 - idx 29 case patient054_frame12 mean_dice 0.806797 mean_hd95 2.461722
2026-01-20 17:10:48 - idx 30 case patient026_frame01 mean_dice 0.924956 mean_hd95 1.000000
2026-01-20 17:10:50 - idx 31 case patient026_frame12 mean_dice 0.824076 mean_hd95 2.395775
2026-01-20 17:10:51 - idx 32 case patient059_frame01 mean_dice 0.961463 mean_hd95 1.000000
2026-01-20 17:10:52 - idx 33 case patient059_frame09 mean_dice 0.919348 mean_hd95 1.000000
2026-01-20 17:10:53 - idx 34 case patient073_frame01 mean_dice 0.942097 mean_hd95 1.000000
2026-01-20 17:10:54 - idx 35 case patient073_frame10 mean_dice 0.882888 mean_hd95 1.635212
2026-01-20 17:10:55 - idx 36 case patient029_frame01 mean_dice 0.927939 mean_hd95 1.000000
2026-01-20 17:10:57 - idx 37 case patient029_frame12 mean_dice 0.749991 mean_hd95 2.398717
2026-01-20 17:10:58 - idx 38 case patient068_frame01 mean_dice 0.932017 mean_hd95 1.000000
2026-01-20 17:10:58 - idx 39 case patient068_frame12 mean_dice 0.888666 mean_hd95 1.609476
2026-01-20 17:10:58 - Mean class 1 mean_dice 0.876379 mean_hd95 1.731781
2026-01-20 17:10:58 - Mean class 2 mean_dice 0.897780 mean_hd95 1.041421
2026-01-20 17:10:58 - Mean class 3 mean_dice 0.943141 mean_hd95 1.130834
2026-01-20 17:10:58 - val epoch: 100, mean_dice: 0.9057666813278858, mean_hd95: 1.3013453093645546, time(s): 53.61
