2026-01-19 16:22:40 - #----------Config info----------#
2026-01-19 16:22:40 - network: vmunet,
2026-01-19 16:22:40 - model_config: {'num_classes': 4, 'input_channels': 1, 'depths': [2, 2, 2, 2], 'depths_decoder': [2, 2, 2, 1], 'drop_path_rate': 0.2, 'load_ckpt_path': './pre_trained_weights/vmamba_small_e238_ema.pth'},
2026-01-19 16:22:40 - datasets_name: acdc,
2026-01-19 16:22:40 - input_size_h: 256,
2026-01-19 16:22:40 - input_size_w: 256,
2026-01-19 16:22:40 - data_path: ../Synapse/train_npz/,
2026-01-19 16:22:40 - datasets: <class 'datasets.dataset.Synapse_dataset'>,
2026-01-19 16:22:40 - list_dir: ../Synapse/lists/lists_Synapse/,
2026-01-19 16:22:40 - volume_path: ../Synapse/test_vol_h5/,
2026-01-19 16:22:40 - pretrained_path: ,
2026-01-19 16:22:40 - num_classes: 4,
2026-01-19 16:22:40 - loss_weight: [1, 1],
2026-01-19 16:22:40 - criterion: CeDiceLoss(
  (celoss): CrossEntropyLoss()
  (diceloss): nDiceLoss()
),
2026-01-19 16:22:40 - z_spacing: 1,
2026-01-19 16:22:40 - input_channels: 1,
2026-01-19 16:22:40 - distributed: False,
2026-01-19 16:22:40 - local_rank: -1,
2026-01-19 16:22:40 - num_workers: 0,
2026-01-19 16:22:40 - seed: 42,
2026-01-19 16:22:40 - world_size: None,
2026-01-19 16:22:40 - rank: None,
2026-01-19 16:22:40 - amp: False,
2026-01-19 16:22:40 - batch_size: 16,
2026-01-19 16:22:40 - epochs: 100,
2026-01-19 16:22:40 - work_dir: results/vmunet_acdc_Monday_19_January_2026_16h_22m_40s/,
2026-01-19 16:22:40 - print_interval: 10,
2026-01-19 16:22:40 - val_interval: 1,
2026-01-19 16:22:40 - threshold: 0.5,
2026-01-19 16:22:40 - only_test_and_save_figs: False,
2026-01-19 16:22:40 - best_ckpt_path: results/acdc/checkpoints/best.pth,
2026-01-19 16:22:40 - img_save_path: imagesacdc,
2026-01-19 16:22:40 - opt: AdamW,
2026-01-19 16:22:40 - lr: 0.001,
2026-01-19 16:22:40 - betas: (0.9, 0.999),
2026-01-19 16:22:40 - eps: 1e-08,
2026-01-19 16:22:40 - weight_decay: 0.01,
2026-01-19 16:22:40 - amsgrad: False,
2026-01-19 16:22:40 - sch: CosineAnnealingLR,
2026-01-19 16:22:40 - T_max: 100,
2026-01-19 16:22:40 - eta_min: 1e-05,
2026-01-19 16:22:40 - last_epoch: -1,
2026-01-19 16:22:41 - train: epoch 1, iter:0, loss: 4.8170, lr: 0.001
2026-01-19 16:22:44 - train: epoch 1, iter:10, loss: 3.6214, lr: 0.001
2026-01-19 16:22:47 - train: epoch 1, iter:20, loss: 3.1831, lr: 0.001
2026-01-19 16:22:50 - train: epoch 1, iter:30, loss: 2.9519, lr: 0.001
2026-01-19 16:22:53 - train: epoch 1, iter:40, loss: 2.5531, lr: 0.001
2026-01-19 16:22:55 - train: epoch 1, iter:50, loss: 2.1971, lr: 0.001
2026-01-19 16:22:58 - train: epoch 1, iter:60, loss: 1.8959, lr: 0.001
2026-01-19 16:23:01 - train: epoch 1, iter:70, loss: 1.6600, lr: 0.001
2026-01-19 16:23:04 - train: epoch 1, iter:80, loss: 1.4208, lr: 0.001
2026-01-19 16:23:04 - Finish one epoch train: epoch 1, loss: 2.6209, time(s): 23.66
2026-01-19 16:23:05 - idx 0 case patient050_frame01 mean_dice 0.587180 mean_hd95 25.237819
2026-01-19 16:23:06 - idx 1 case patient050_frame12 mean_dice 0.583844 mean_hd95 26.511319
2026-01-19 16:23:07 - idx 2 case patient037_frame01 mean_dice 0.359470 mean_hd95 26.978445
2026-01-19 16:23:07 - idx 3 case patient037_frame12 mean_dice 0.137601 mean_hd95 39.224759
2026-01-19 16:23:09 - idx 4 case patient095_frame01 mean_dice 0.670950 mean_hd95 7.531560
2026-01-19 16:23:10 - idx 5 case patient095_frame12 mean_dice 0.659095 mean_hd95 13.033339
2026-01-19 16:23:11 - idx 6 case patient047_frame01 mean_dice 0.481848 mean_hd95 26.726856
2026-01-19 16:23:12 - idx 7 case patient047_frame09 mean_dice 0.514615 mean_hd95 36.014153
2026-01-19 16:23:13 - idx 8 case patient044_frame01 mean_dice 0.682811 mean_hd95 20.830478
2026-01-19 16:23:14 - idx 9 case patient044_frame11 mean_dice 0.492530 mean_hd95 26.624047
2026-01-19 16:23:15 - idx 10 case patient064_frame01 mean_dice 0.750222 mean_hd95 5.763852
2026-01-19 16:23:16 - idx 11 case patient064_frame12 mean_dice 0.655811 mean_hd95 11.998346
2026-01-19 16:23:17 - idx 12 case patient017_frame01 mean_dice 0.538729 mean_hd95 15.780474
2026-01-19 16:23:18 - idx 13 case patient017_frame09 mean_dice 0.603586 mean_hd95 16.498664
2026-01-19 16:23:18 - idx 14 case patient039_frame01 mean_dice 0.494757 mean_hd95 25.243037
2026-01-19 16:23:19 - idx 15 case patient039_frame10 mean_dice 0.418802 mean_hd95 31.445063
2026-01-19 16:23:20 - idx 16 case patient041_frame01 mean_dice 0.732089 mean_hd95 3.019952
2026-01-19 16:23:20 - idx 17 case patient041_frame11 mean_dice 0.690865 mean_hd95 19.515073
2026-01-19 16:23:21 - idx 18 case patient067_frame01 mean_dice 0.732069 mean_hd95 7.912652
2026-01-19 16:23:23 - idx 19 case patient067_frame10 mean_dice 0.592127 mean_hd95 11.785172
2026-01-19 16:23:23 - Mean class 1 mean_dice 0.391734 mean_hd95 38.799702
2026-01-19 16:23:23 - Mean class 2 mean_dice 0.614528 mean_hd95 8.209306
2026-01-19 16:23:23 - Mean class 3 mean_dice 0.700588 mean_hd95 12.642251
2026-01-19 16:23:23 - val epoch: 1, mean_dice: 0.5689500611137194, mean_hd95: 19.88375305043084, time(s): 18.52
2026-01-19 16:23:23 - train: epoch 2, iter:0, loss: 1.3438, lr: 0.0009997557473810372
2026-01-19 16:23:26 - train: epoch 2, iter:10, loss: 1.2494, lr: 0.0009997557473810372
2026-01-19 16:23:29 - train: epoch 2, iter:20, loss: 1.0253, lr: 0.0009997557473810372
2026-01-19 16:23:32 - train: epoch 2, iter:30, loss: 0.9381, lr: 0.0009997557473810372
2026-01-19 16:23:34 - train: epoch 2, iter:40, loss: 0.9930, lr: 0.0009997557473810372
2026-01-19 16:23:37 - train: epoch 2, iter:50, loss: 0.9183, lr: 0.0009997557473810372
2026-01-19 16:23:40 - train: epoch 2, iter:60, loss: 0.6723, lr: 0.0009997557473810372
2026-01-19 16:23:43 - train: epoch 2, iter:70, loss: 0.7063, lr: 0.0009997557473810372
2026-01-19 16:23:46 - train: epoch 2, iter:80, loss: 0.7905, lr: 0.0009997557473810372
2026-01-19 16:23:46 - Finish one epoch train: epoch 2, loss: 0.9486, time(s): 22.77
2026-01-19 16:23:47 - idx 0 case patient050_frame01 mean_dice 0.738163 mean_hd95 27.488989
2026-01-19 16:23:48 - idx 1 case patient050_frame12 mean_dice 0.640223 mean_hd95 27.059961
2026-01-19 16:23:49 - idx 2 case patient037_frame01 mean_dice 0.487343 mean_hd95 23.132420
2026-01-19 16:23:49 - idx 3 case patient037_frame12 mean_dice 0.295153 mean_hd95 27.527467
2026-01-19 16:23:51 - idx 4 case patient095_frame01 mean_dice 0.829474 mean_hd95 4.435712
2026-01-19 16:23:52 - idx 5 case patient095_frame12 mean_dice 0.730229 mean_hd95 13.069457
2026-01-19 16:23:53 - idx 6 case patient047_frame01 mean_dice 0.634016 mean_hd95 23.411520
2026-01-19 16:23:54 - idx 7 case patient047_frame09 mean_dice 0.585522 mean_hd95 25.711892
2026-01-19 16:23:55 - idx 8 case patient044_frame01 mean_dice 0.745541 mean_hd95 6.930511
2026-01-19 16:23:56 - idx 9 case patient044_frame11 mean_dice 0.622786 mean_hd95 13.588817
2026-01-19 16:23:56 - idx 10 case patient064_frame01 mean_dice 0.872687 mean_hd95 2.276142
2026-01-19 16:23:57 - idx 11 case patient064_frame12 mean_dice 0.764392 mean_hd95 9.622928
2026-01-19 16:23:58 - idx 12 case patient017_frame01 mean_dice 0.789680 mean_hd95 7.456392
2026-01-19 16:23:59 - idx 13 case patient017_frame09 mean_dice 0.818160 mean_hd95 6.738722
2026-01-19 16:24:00 - idx 14 case patient039_frame01 mean_dice 0.744672 mean_hd95 24.598973
2026-01-19 16:24:01 - idx 15 case patient039_frame10 mean_dice 0.453849 mean_hd95 59.752818
2026-01-19 16:24:01 - idx 16 case patient041_frame01 mean_dice 0.810661 mean_hd95 2.000000
2026-01-19 16:24:02 - idx 17 case patient041_frame11 mean_dice 0.713882 mean_hd95 3.666667
2026-01-19 16:24:03 - idx 18 case patient067_frame01 mean_dice 0.750846 mean_hd95 6.722829
2026-01-19 16:24:04 - idx 19 case patient067_frame10 mean_dice 0.639103 mean_hd95 9.294194
2026-01-19 16:24:04 - Mean class 1 mean_dice 0.580057 mean_hd95 25.683651
2026-01-19 16:24:04 - Mean class 2 mean_dice 0.710289 mean_hd95 6.399225
2026-01-19 16:24:04 - Mean class 3 mean_dice 0.759611 mean_hd95 16.590085
2026-01-19 16:24:04 - val epoch: 2, mean_dice: 0.6833190461450444, mean_hd95: 16.224320598939702, time(s): 18.23
2026-01-19 16:24:05 - train: epoch 3, iter:0, loss: 0.6540, lr: 0.0009990232305719946
2026-01-19 16:24:08 - train: epoch 3, iter:10, loss: 0.5516, lr: 0.0009990232305719946
2026-01-19 16:24:10 - train: epoch 3, iter:20, loss: 0.5415, lr: 0.0009990232305719946
2026-01-19 16:24:13 - train: epoch 3, iter:30, loss: 0.5781, lr: 0.0009990232305719946
2026-01-19 16:24:16 - train: epoch 3, iter:40, loss: 0.5321, lr: 0.0009990232305719946
2026-01-19 16:24:19 - train: epoch 3, iter:50, loss: 0.6263, lr: 0.0009990232305719946
2026-01-19 16:24:21 - train: epoch 3, iter:60, loss: 0.6246, lr: 0.0009990232305719946
2026-01-19 16:24:24 - train: epoch 3, iter:70, loss: 0.4824, lr: 0.0009990232305719946
2026-01-19 16:24:27 - train: epoch 3, iter:80, loss: 0.4876, lr: 0.0009990232305719946
2026-01-19 16:24:27 - Finish one epoch train: epoch 3, loss: 0.5778, time(s): 22.45
2026-01-19 16:24:28 - idx 0 case patient050_frame01 mean_dice 0.767545 mean_hd95 21.476166
2026-01-19 16:24:29 - idx 1 case patient050_frame12 mean_dice 0.656639 mean_hd95 23.710266
2026-01-19 16:24:30 - idx 2 case patient037_frame01 mean_dice 0.538755 mean_hd95 29.594367
2026-01-19 16:24:30 - idx 3 case patient037_frame12 mean_dice 0.281639 mean_hd95 36.595089
2026-01-19 16:24:32 - idx 4 case patient095_frame01 mean_dice 0.860303 mean_hd95 2.333333
2026-01-19 16:24:33 - idx 5 case patient095_frame12 mean_dice 0.803745 mean_hd95 7.664320
2026-01-19 16:24:34 - idx 6 case patient047_frame01 mean_dice 0.698600 mean_hd95 35.045633
2026-01-19 16:24:35 - idx 7 case patient047_frame09 mean_dice 0.666346 mean_hd95 20.351300
2026-01-19 16:24:36 - idx 8 case patient044_frame01 mean_dice 0.780865 mean_hd95 34.150489
2026-01-19 16:24:37 - idx 9 case patient044_frame11 mean_dice 0.704119 mean_hd95 15.245421
2026-01-19 16:24:38 - idx 10 case patient064_frame01 mean_dice 0.902899 mean_hd95 1.609476
2026-01-19 16:24:39 - idx 11 case patient064_frame12 mean_dice 0.812080 mean_hd95 5.373829
2026-01-19 16:24:40 - idx 12 case patient017_frame01 mean_dice 0.824109 mean_hd95 2.157379
2026-01-19 16:24:40 - idx 13 case patient017_frame09 mean_dice 0.840954 mean_hd95 2.078689
2026-01-19 16:24:41 - idx 14 case patient039_frame01 mean_dice 0.717507 mean_hd95 22.953461
2026-01-19 16:24:42 - idx 15 case patient039_frame10 mean_dice 0.510055 mean_hd95 30.043816
2026-01-19 16:24:43 - idx 16 case patient041_frame01 mean_dice 0.826606 mean_hd95 1.382088
2026-01-19 16:24:43 - idx 17 case patient041_frame11 mean_dice 0.736993 mean_hd95 3.088994
2026-01-19 16:24:44 - idx 18 case patient067_frame01 mean_dice 0.835824 mean_hd95 4.048261
2026-01-19 16:24:45 - idx 19 case patient067_frame10 mean_dice 0.766184 mean_hd95 7.712354
2026-01-19 16:24:45 - Mean class 1 mean_dice 0.627469 mean_hd95 28.032063
2026-01-19 16:24:45 - Mean class 2 mean_dice 0.734851 mean_hd95 7.425368
2026-01-19 16:24:45 - Mean class 3 mean_dice 0.817446 mean_hd95 10.534778
2026-01-19 16:24:45 - val epoch: 3, mean_dice: 0.7265883450436837, mean_hd95: 15.330736431073818, time(s): 18.36
2026-01-19 16:24:46 - train: epoch 4, iter:0, loss: 0.4966, lr: 0.0009978031724785247
2026-01-19 16:24:49 - train: epoch 4, iter:10, loss: 0.4179, lr: 0.0009978031724785247
2026-01-19 16:24:52 - train: epoch 4, iter:20, loss: 0.4498, lr: 0.0009978031724785247
2026-01-19 16:24:54 - train: epoch 4, iter:30, loss: 0.4066, lr: 0.0009978031724785247
2026-01-19 16:24:57 - train: epoch 4, iter:40, loss: 0.4794, lr: 0.0009978031724785247
2026-01-19 16:25:00 - train: epoch 4, iter:50, loss: 0.4737, lr: 0.0009978031724785247
2026-01-19 16:25:03 - train: epoch 4, iter:60, loss: 0.4626, lr: 0.0009978031724785247
2026-01-19 16:25:05 - train: epoch 4, iter:70, loss: 0.3762, lr: 0.0009978031724785247
2026-01-19 16:25:08 - train: epoch 4, iter:80, loss: 0.3641, lr: 0.0009978031724785247
2026-01-19 16:25:08 - Finish one epoch train: epoch 4, loss: 0.4334, time(s): 22.37
2026-01-19 16:25:09 - idx 0 case patient050_frame01 mean_dice 0.797368 mean_hd95 7.763447
2026-01-19 16:25:10 - idx 1 case patient050_frame12 mean_dice 0.685465 mean_hd95 11.165461
2026-01-19 16:25:11 - idx 2 case patient037_frame01 mean_dice 0.565366 mean_hd95 20.162199
2026-01-19 16:25:12 - idx 3 case patient037_frame12 mean_dice 0.344073 mean_hd95 23.441541
2026-01-19 16:25:13 - idx 4 case patient095_frame01 mean_dice 0.859725 mean_hd95 2.048755
2026-01-19 16:25:14 - idx 5 case patient095_frame12 mean_dice 0.826017 mean_hd95 5.696374
2026-01-19 16:25:15 - idx 6 case patient047_frame01 mean_dice 0.774082 mean_hd95 7.053127
2026-01-19 16:25:16 - idx 7 case patient047_frame09 mean_dice 0.715765 mean_hd95 10.977445
2026-01-19 16:25:17 - idx 8 case patient044_frame01 mean_dice 0.826581 mean_hd95 3.587097
2026-01-19 16:25:18 - idx 9 case patient044_frame11 mean_dice 0.741887 mean_hd95 4.214374
2026-01-19 16:25:19 - idx 10 case patient064_frame01 mean_dice 0.900859 mean_hd95 1.471405
2026-01-19 16:25:20 - idx 11 case patient064_frame12 mean_dice 0.774003 mean_hd95 7.317648
2026-01-19 16:25:21 - idx 12 case patient017_frame01 mean_dice 0.808959 mean_hd95 2.483163
2026-01-19 16:25:21 - idx 13 case patient017_frame09 mean_dice 0.829558 mean_hd95 2.000000
2026-01-19 16:25:22 - idx 14 case patient039_frame01 mean_dice 0.808073 mean_hd95 11.814976
2026-01-19 16:25:23 - idx 15 case patient039_frame10 mean_dice 0.670303 mean_hd95 17.504016
2026-01-19 16:25:24 - idx 16 case patient041_frame01 mean_dice 0.839881 mean_hd95 1.276142
2026-01-19 16:25:24 - idx 17 case patient041_frame11 mean_dice 0.742959 mean_hd95 3.304192
2026-01-19 16:25:25 - idx 18 case patient067_frame01 mean_dice 0.855197 mean_hd95 3.382565
2026-01-19 16:25:26 - idx 19 case patient067_frame10 mean_dice 0.806115 mean_hd95 4.558873
2026-01-19 16:25:26 - Mean class 1 mean_dice 0.676460 mean_hd95 13.889571
2026-01-19 16:25:26 - Mean class 2 mean_dice 0.763865 mean_hd95 3.673258
2026-01-19 16:25:26 - Mean class 3 mean_dice 0.835511 mean_hd95 5.120591
2026-01-19 16:25:26 - val epoch: 4, mean_dice: 0.7586117636141938, mean_hd95: 7.561139981158187, time(s): 17.94
2026-01-19 16:25:27 - train: epoch 5, iter:0, loss: 0.3561, lr: 0.0009960967771506667
2026-01-19 16:25:30 - train: epoch 5, iter:10, loss: 0.4021, lr: 0.0009960967771506667
2026-01-19 16:25:33 - train: epoch 5, iter:20, loss: 0.3695, lr: 0.0009960967771506667
2026-01-19 16:25:35 - train: epoch 5, iter:30, loss: 0.3869, lr: 0.0009960967771506667
2026-01-19 16:25:38 - train: epoch 5, iter:40, loss: 0.4012, lr: 0.0009960967771506667
2026-01-19 16:25:41 - train: epoch 5, iter:50, loss: 0.3599, lr: 0.0009960967771506667
2026-01-19 16:25:44 - train: epoch 5, iter:60, loss: 0.3481, lr: 0.0009960967771506667
2026-01-19 16:25:46 - train: epoch 5, iter:70, loss: 0.3527, lr: 0.0009960967771506667
2026-01-19 16:25:49 - train: epoch 5, iter:80, loss: 0.2618, lr: 0.0009960967771506667
2026-01-19 16:25:49 - Finish one epoch train: epoch 5, loss: 0.3745, time(s): 22.45
2026-01-19 16:25:50 - idx 0 case patient050_frame01 mean_dice 0.791175 mean_hd95 5.606984
2026-01-19 16:25:51 - idx 1 case patient050_frame12 mean_dice 0.685958 mean_hd95 10.333481
2026-01-19 16:25:52 - idx 2 case patient037_frame01 mean_dice 0.640146 mean_hd95 16.852580
2026-01-19 16:25:53 - idx 3 case patient037_frame12 mean_dice 0.420612 mean_hd95 19.616390
2026-01-19 16:25:54 - idx 4 case patient095_frame01 mean_dice 0.875250 mean_hd95 1.853493
2026-01-19 16:25:55 - idx 5 case patient095_frame12 mean_dice 0.845665 mean_hd95 2.745356
2026-01-19 16:25:56 - idx 6 case patient047_frame01 mean_dice 0.773227 mean_hd95 10.457709
2026-01-19 16:25:57 - idx 7 case patient047_frame09 mean_dice 0.689096 mean_hd95 11.344438
2026-01-19 16:25:58 - idx 8 case patient044_frame01 mean_dice 0.842797 mean_hd95 2.525497
2026-01-19 16:25:59 - idx 9 case patient044_frame11 mean_dice 0.768867 mean_hd95 2.914836
2026-01-19 16:26:00 - idx 10 case patient064_frame01 mean_dice 0.917204 mean_hd95 1.138071
2026-01-19 16:26:01 - idx 11 case patient064_frame12 mean_dice 0.817761 mean_hd95 4.813436
2026-01-19 16:26:02 - idx 12 case patient017_frame01 mean_dice 0.856959 mean_hd95 1.804738
2026-01-19 16:26:03 - idx 13 case patient017_frame09 mean_dice 0.875383 mean_hd95 1.382088
2026-01-19 16:26:03 - idx 14 case patient039_frame01 mean_dice 0.853525 mean_hd95 9.485060
2026-01-19 16:26:04 - idx 15 case patient039_frame10 mean_dice 0.714319 mean_hd95 28.791063
2026-01-19 16:26:05 - idx 16 case patient041_frame01 mean_dice 0.853140 mean_hd95 1.138071
2026-01-19 16:26:05 - idx 17 case patient041_frame11 mean_dice 0.730692 mean_hd95 3.626843
2026-01-19 16:26:06 - idx 18 case patient067_frame01 mean_dice 0.868406 mean_hd95 2.080880
2026-01-19 16:26:07 - idx 19 case patient067_frame10 mean_dice 0.803732 mean_hd95 5.048300
2026-01-19 16:26:07 - Mean class 1 mean_dice 0.704763 mean_hd95 14.252118
2026-01-19 16:26:07 - Mean class 2 mean_dice 0.771779 mean_hd95 3.623903
2026-01-19 16:26:07 - Mean class 3 mean_dice 0.867044 mean_hd95 3.657876
2026-01-19 16:26:07 - val epoch: 5, mean_dice: 0.7811957433907554, mean_hd95: 7.177965624964062, time(s): 18.17
2026-01-19 16:26:08 - train: epoch 6, iter:0, loss: 0.3311, lr: 0.0009939057285945933
2026-01-19 16:26:11 - train: epoch 6, iter:10, loss: 0.3114, lr: 0.0009939057285945933
2026-01-19 16:26:14 - train: epoch 6, iter:20, loss: 0.2942, lr: 0.0009939057285945933
2026-01-19 16:26:16 - train: epoch 6, iter:30, loss: 0.3385, lr: 0.0009939057285945933
2026-01-19 16:26:19 - train: epoch 6, iter:40, loss: 0.3077, lr: 0.0009939057285945933
2026-01-19 16:26:22 - train: epoch 6, iter:50, loss: 0.2857, lr: 0.0009939057285945933
2026-01-19 16:26:25 - train: epoch 6, iter:60, loss: 0.3281, lr: 0.0009939057285945933
2026-01-19 16:26:27 - train: epoch 6, iter:70, loss: 0.2720, lr: 0.0009939057285945933
2026-01-19 16:26:30 - train: epoch 6, iter:80, loss: 0.2342, lr: 0.0009939057285945933
2026-01-19 16:26:30 - Finish one epoch train: epoch 6, loss: 0.3069, time(s): 22.35
2026-01-19 16:26:31 - idx 0 case patient050_frame01 mean_dice 0.785015 mean_hd95 6.919039
2026-01-19 16:26:32 - idx 1 case patient050_frame12 mean_dice 0.683878 mean_hd95 9.362625
2026-01-19 16:26:33 - idx 2 case patient037_frame01 mean_dice 0.691412 mean_hd95 3.355673
2026-01-19 16:26:34 - idx 3 case patient037_frame12 mean_dice 0.172198 mean_hd95 7.730029
2026-01-19 16:26:35 - idx 4 case patient095_frame01 mean_dice 0.875400 mean_hd95 1.715421
2026-01-19 16:26:36 - idx 5 case patient095_frame12 mean_dice 0.836820 mean_hd95 2.139203
2026-01-19 16:26:37 - idx 6 case patient047_frame01 mean_dice 0.766264 mean_hd95 10.904124
2026-01-19 16:26:38 - idx 7 case patient047_frame09 mean_dice 0.691150 mean_hd95 12.123756
2026-01-19 16:26:39 - idx 8 case patient044_frame01 mean_dice 0.788279 mean_hd95 3.095128
2026-01-19 16:26:40 - idx 9 case patient044_frame11 mean_dice 0.714118 mean_hd95 3.702956
2026-01-19 16:26:41 - idx 10 case patient064_frame01 mean_dice 0.898889 mean_hd95 1.138071
2026-01-19 16:26:42 - idx 11 case patient064_frame12 mean_dice 0.823650 mean_hd95 1.910684
2026-01-19 16:26:43 - idx 12 case patient017_frame01 mean_dice 0.802379 mean_hd95 2.333333
2026-01-19 16:26:44 - idx 13 case patient017_frame09 mean_dice 0.847302 mean_hd95 1.794111
2026-01-19 16:26:44 - idx 14 case patient039_frame01 mean_dice 0.835006 mean_hd95 2.512440
2026-01-19 16:26:45 - idx 15 case patient039_frame10 mean_dice 0.657305 mean_hd95 3.470334
2026-01-19 16:26:46 - idx 16 case patient041_frame01 mean_dice 0.852808 mean_hd95 1.138071
2026-01-19 16:26:46 - idx 17 case patient041_frame11 mean_dice 0.794692 mean_hd95 1.626105
2026-01-19 16:26:47 - idx 18 case patient067_frame01 mean_dice 0.870448 mean_hd95 2.006588
2026-01-19 16:26:48 - idx 19 case patient067_frame10 mean_dice 0.843691 mean_hd95 1.794111
2026-01-19 16:26:48 - Mean class 1 mean_dice 0.696371 mean_hd95 7.670466
2026-01-19 16:26:48 - Mean class 2 mean_dice 0.755015 mean_hd95 2.318705
2026-01-19 16:26:48 - Mean class 3 mean_dice 0.833219 mean_hd95 2.126600
2026-01-19 16:26:48 - val epoch: 6, mean_dice: 0.7615351204532118, mean_hd95: 4.0385901649851395, time(s): 18.20
2026-01-19 16:26:49 - train: epoch 7, iter:0, loss: 0.3897, lr: 0.0009912321891107012
2026-01-19 16:26:52 - train: epoch 7, iter:10, loss: 0.3506, lr: 0.0009912321891107012
2026-01-19 16:26:55 - train: epoch 7, iter:20, loss: 0.2844, lr: 0.0009912321891107012
2026-01-19 16:26:57 - train: epoch 7, iter:30, loss: 0.3526, lr: 0.0009912321891107012
2026-01-19 16:27:00 - train: epoch 7, iter:40, loss: 0.2650, lr: 0.0009912321891107012
2026-01-19 16:27:03 - train: epoch 7, iter:50, loss: 0.2514, lr: 0.0009912321891107012
2026-01-19 16:27:06 - train: epoch 7, iter:60, loss: 0.2230, lr: 0.0009912321891107012
2026-01-19 16:27:08 - train: epoch 7, iter:70, loss: 0.2815, lr: 0.0009912321891107012
2026-01-19 16:27:11 - train: epoch 7, iter:80, loss: 0.2923, lr: 0.0009912321891107012
2026-01-19 16:27:11 - Finish one epoch train: epoch 7, loss: 0.2845, time(s): 22.43
2026-01-19 16:27:12 - idx 0 case patient050_frame01 mean_dice 0.817588 mean_hd95 3.426703
2026-01-19 16:27:13 - idx 1 case patient050_frame12 mean_dice 0.691655 mean_hd95 3.849945
2026-01-19 16:27:14 - idx 2 case patient037_frame01 mean_dice 0.722066 mean_hd95 3.156940
2026-01-19 16:27:15 - idx 3 case patient037_frame12 mean_dice 0.218295 mean_hd95 6.647825
2026-01-19 16:27:16 - idx 4 case patient095_frame01 mean_dice 0.874292 mean_hd95 1.609476
2026-01-19 16:27:17 - idx 5 case patient095_frame12 mean_dice 0.838462 mean_hd95 2.139203
2026-01-19 16:27:18 - idx 6 case patient047_frame01 mean_dice 0.819472 mean_hd95 2.701543
2026-01-19 16:27:19 - idx 7 case patient047_frame09 mean_dice 0.748976 mean_hd95 9.480579
2026-01-19 16:27:20 - idx 8 case patient044_frame01 mean_dice 0.824377 mean_hd95 2.228519
2026-01-19 16:27:21 - idx 9 case patient044_frame11 mean_dice 0.742115 mean_hd95 8.853734
2026-01-19 16:27:22 - idx 10 case patient064_frame01 mean_dice 0.929581 mean_hd95 1.000000
2026-01-19 16:27:23 - idx 11 case patient064_frame12 mean_dice 0.847149 mean_hd95 1.745356
2026-01-19 16:27:24 - idx 12 case patient017_frame01 mean_dice 0.826534 mean_hd95 2.471405
2026-01-19 16:27:25 - idx 13 case patient017_frame09 mean_dice 0.852003 mean_hd95 1.883427
2026-01-19 16:27:25 - idx 14 case patient039_frame01 mean_dice 0.881824 mean_hd95 2.048755
2026-01-19 16:27:26 - idx 15 case patient039_frame10 mean_dice 0.763099 mean_hd95 2.333333
2026-01-19 16:27:27 - idx 16 case patient041_frame01 mean_dice 0.848043 mean_hd95 1.000000
2026-01-19 16:27:27 - idx 17 case patient041_frame11 mean_dice 0.786622 mean_hd95 2.535184
2026-01-19 16:27:28 - idx 18 case patient067_frame01 mean_dice 0.873753 mean_hd95 1.804738
2026-01-19 16:27:29 - idx 19 case patient067_frame10 mean_dice 0.860750 mean_hd95 1.414214
2026-01-19 16:27:29 - Mean class 1 mean_dice 0.750424 mean_hd95 4.518936
2026-01-19 16:27:29 - Mean class 2 mean_dice 0.772829 mean_hd95 2.127757
2026-01-19 16:27:29 - Mean class 3 mean_dice 0.841745 mean_hd95 2.702939
2026-01-19 16:27:29 - val epoch: 7, mean_dice: 0.7883326753419843, mean_hd95: 3.116543887780832, time(s): 18.09
2026-01-19 16:27:30 - train: epoch 8, iter:0, loss: 0.2763, lr: 0.0009880787971596802
2026-01-19 16:27:33 - train: epoch 8, iter:10, loss: 0.2540, lr: 0.0009880787971596802
2026-01-19 16:27:36 - train: epoch 8, iter:20, loss: 0.3601, lr: 0.0009880787971596802
2026-01-19 16:27:38 - train: epoch 8, iter:30, loss: 0.3667, lr: 0.0009880787971596802
2026-01-19 16:27:41 - train: epoch 8, iter:40, loss: 0.2164, lr: 0.0009880787971596802
2026-01-19 16:27:44 - train: epoch 8, iter:50, loss: 0.3010, lr: 0.0009880787971596802
2026-01-19 16:27:47 - train: epoch 8, iter:60, loss: 0.2631, lr: 0.0009880787971596802
2026-01-19 16:27:50 - train: epoch 8, iter:70, loss: 0.2164, lr: 0.0009880787971596802
2026-01-19 16:27:52 - train: epoch 8, iter:80, loss: 0.2194, lr: 0.0009880787971596802
2026-01-19 16:27:53 - Finish one epoch train: epoch 8, loss: 0.2566, time(s): 22.54
2026-01-19 16:27:54 - idx 0 case patient050_frame01 mean_dice 0.854692 mean_hd95 2.247219
2026-01-19 16:27:55 - idx 1 case patient050_frame12 mean_dice 0.733937 mean_hd95 8.723143
2026-01-19 16:27:55 - idx 2 case patient037_frame01 mean_dice 0.751804 mean_hd95 8.301733
2026-01-19 16:27:56 - idx 3 case patient037_frame12 mean_dice 0.530732 mean_hd95 10.438474
2026-01-19 16:27:57 - idx 4 case patient095_frame01 mean_dice 0.895472 mean_hd95 1.471405
2026-01-19 16:27:58 - idx 5 case patient095_frame12 mean_dice 0.824146 mean_hd95 2.727180
2026-01-19 16:27:59 - idx 6 case patient047_frame01 mean_dice 0.819616 mean_hd95 2.216761
2026-01-19 16:28:00 - idx 7 case patient047_frame09 mean_dice 0.765681 mean_hd95 3.573128
2026-01-19 16:28:01 - idx 8 case patient044_frame01 mean_dice 0.864897 mean_hd95 1.688165
2026-01-19 16:28:02 - idx 9 case patient044_frame11 mean_dice 0.760188 mean_hd95 12.306419
2026-01-19 16:28:03 - idx 10 case patient064_frame01 mean_dice 0.931328 mean_hd95 1.000000
2026-01-19 16:28:04 - idx 11 case patient064_frame12 mean_dice 0.890735 mean_hd95 1.276142
2026-01-19 16:28:05 - idx 12 case patient017_frame01 mean_dice 0.868773 mean_hd95 1.471405
2026-01-19 16:28:06 - idx 13 case patient017_frame09 mean_dice 0.885386 mean_hd95 1.276142
2026-01-19 16:28:07 - idx 14 case patient039_frame01 mean_dice 0.885409 mean_hd95 11.197566
2026-01-19 16:28:07 - idx 15 case patient039_frame10 mean_dice 0.740692 mean_hd95 15.096389
2026-01-19 16:28:08 - idx 16 case patient041_frame01 mean_dice 0.875795 mean_hd95 1.000000
2026-01-19 16:28:09 - idx 17 case patient041_frame11 mean_dice 0.751470 mean_hd95 3.752626
2026-01-19 16:28:10 - idx 18 case patient067_frame01 mean_dice 0.884712 mean_hd95 1.666667
2026-01-19 16:28:11 - idx 19 case patient067_frame10 mean_dice 0.839421 mean_hd95 3.666667
2026-01-19 16:28:11 - Mean class 1 mean_dice 0.763323 mean_hd95 8.009366
2026-01-19 16:28:11 - Mean class 2 mean_dice 0.809182 mean_hd95 2.318756
2026-01-19 16:28:11 - Mean class 3 mean_dice 0.880728 mean_hd95 3.936463
2026-01-19 16:28:11 - val epoch: 8, mean_dice: 0.8177443441838338, mean_hd95: 4.754861477765997, time(s): 18.14
2026-01-19 16:28:11 - train: epoch 9, iter:0, loss: 0.2814, lr: 0.0009844486647586726
2026-01-19 16:28:14 - train: epoch 9, iter:10, loss: 0.2380, lr: 0.0009844486647586726
2026-01-19 16:28:17 - train: epoch 9, iter:20, loss: 0.2797, lr: 0.0009844486647586726
2026-01-19 16:28:20 - train: epoch 9, iter:30, loss: 0.2122, lr: 0.0009844486647586726
2026-01-19 16:28:23 - train: epoch 9, iter:40, loss: 0.2311, lr: 0.0009844486647586726
2026-01-19 16:28:25 - train: epoch 9, iter:50, loss: 0.2297, lr: 0.0009844486647586726
2026-01-19 16:28:28 - train: epoch 9, iter:60, loss: 0.1891, lr: 0.0009844486647586726
2026-01-19 16:28:31 - train: epoch 9, iter:70, loss: 0.2233, lr: 0.0009844486647586726
2026-01-19 16:28:34 - train: epoch 9, iter:80, loss: 0.3140, lr: 0.0009844486647586726
2026-01-19 16:28:34 - Finish one epoch train: epoch 9, loss: 0.2430, time(s): 22.48
2026-01-19 16:28:35 - idx 0 case patient050_frame01 mean_dice 0.836512 mean_hd95 2.325908
2026-01-19 16:28:36 - idx 1 case patient050_frame12 mean_dice 0.703765 mean_hd95 4.045017
2026-01-19 16:28:36 - idx 2 case patient037_frame01 mean_dice 0.751318 mean_hd95 8.962632
2026-01-19 16:28:37 - idx 3 case patient037_frame12 mean_dice 0.498585 mean_hd95 10.790759
2026-01-19 16:28:38 - idx 4 case patient095_frame01 mean_dice 0.904755 mean_hd95 1.276142
2026-01-19 16:28:40 - idx 5 case patient095_frame12 mean_dice 0.833404 mean_hd95 2.186826
2026-01-19 16:28:40 - idx 6 case patient047_frame01 mean_dice 0.798862 mean_hd95 3.314206
2026-01-19 16:28:41 - idx 7 case patient047_frame09 mean_dice 0.734904 mean_hd95 9.137897
2026-01-19 16:28:42 - idx 8 case patient044_frame01 mean_dice 0.855533 mean_hd95 2.216761
2026-01-19 16:28:43 - idx 9 case patient044_frame11 mean_dice 0.764883 mean_hd95 2.772716
2026-01-19 16:28:44 - idx 10 case patient064_frame01 mean_dice 0.932549 mean_hd95 1.000000
2026-01-19 16:28:45 - idx 11 case patient064_frame12 mean_dice 0.855374 mean_hd95 1.666667
2026-01-19 16:28:46 - idx 12 case patient017_frame01 mean_dice 0.881297 mean_hd95 1.138071
2026-01-19 16:28:47 - idx 13 case patient017_frame09 mean_dice 0.893285 mean_hd95 1.138071
2026-01-19 16:28:48 - idx 14 case patient039_frame01 mean_dice 0.904921 mean_hd95 1.471405
2026-01-19 16:28:49 - idx 15 case patient039_frame10 mean_dice 0.731622 mean_hd95 7.528769
2026-01-19 16:28:49 - idx 16 case patient041_frame01 mean_dice 0.864482 mean_hd95 1.138071
2026-01-19 16:28:50 - idx 17 case patient041_frame11 mean_dice 0.758167 mean_hd95 2.333333
2026-01-19 16:28:51 - idx 18 case patient067_frame01 mean_dice 0.857707 mean_hd95 2.550094
2026-01-19 16:28:52 - idx 19 case patient067_frame10 mean_dice 0.816427 mean_hd95 3.909323
2026-01-19 16:28:52 - Mean class 1 mean_dice 0.765293 mean_hd95 3.973115
2026-01-19 16:28:52 - Mean class 2 mean_dice 0.793545 mean_hd95 2.149357
2026-01-19 16:28:52 - Mean class 3 mean_dice 0.867915 mean_hd95 4.512928
2026-01-19 16:28:52 - val epoch: 9, mean_dice: 0.8089176043429048, mean_hd95: 3.5451334099480483, time(s): 18.00
2026-01-19 16:28:52 - train: epoch 10, iter:0, loss: 0.2994, lr: 0.000980345374410087
2026-01-19 16:28:55 - train: epoch 10, iter:10, loss: 0.2675, lr: 0.000980345374410087
2026-01-19 16:28:58 - train: epoch 10, iter:20, loss: 0.2391, lr: 0.000980345374410087
2026-01-19 16:29:01 - train: epoch 10, iter:30, loss: 0.3641, lr: 0.000980345374410087
2026-01-19 16:29:03 - train: epoch 10, iter:40, loss: 0.2348, lr: 0.000980345374410087
2026-01-19 16:29:06 - train: epoch 10, iter:50, loss: 0.2266, lr: 0.000980345374410087
2026-01-19 16:29:09 - train: epoch 10, iter:60, loss: 0.2220, lr: 0.000980345374410087
2026-01-19 16:29:12 - train: epoch 10, iter:70, loss: 0.2183, lr: 0.000980345374410087
2026-01-19 16:29:14 - train: epoch 10, iter:80, loss: 0.1814, lr: 0.000980345374410087
2026-01-19 16:29:14 - Finish one epoch train: epoch 10, loss: 0.2456, time(s): 22.40
2026-01-19 16:29:16 - idx 0 case patient050_frame01 mean_dice 0.818498 mean_hd95 2.958906
2026-01-19 16:29:17 - idx 1 case patient050_frame12 mean_dice 0.711337 mean_hd95 3.840186
2026-01-19 16:29:17 - idx 2 case patient037_frame01 mean_dice 0.795878 mean_hd95 1.942809
2026-01-19 16:29:18 - idx 3 case patient037_frame12 mean_dice 0.709946 mean_hd95 2.333333
2026-01-19 16:29:19 - idx 4 case patient095_frame01 mean_dice 0.894405 mean_hd95 1.382088
2026-01-19 16:29:21 - idx 5 case patient095_frame12 mean_dice 0.856578 mean_hd95 1.804738
2026-01-19 16:29:21 - idx 6 case patient047_frame01 mean_dice 0.806760 mean_hd95 11.651190
2026-01-19 16:29:22 - idx 7 case patient047_frame09 mean_dice 0.744842 mean_hd95 12.924038
2026-01-19 16:29:23 - idx 8 case patient044_frame01 mean_dice 0.854831 mean_hd95 1.688165
2026-01-19 16:29:24 - idx 9 case patient044_frame11 mean_dice 0.785284 mean_hd95 2.621158
2026-01-19 16:29:25 - idx 10 case patient064_frame01 mean_dice 0.934319 mean_hd95 1.000000
2026-01-19 16:29:26 - idx 11 case patient064_frame12 mean_dice 0.894908 mean_hd95 1.333333
2026-01-19 16:29:27 - idx 12 case patient017_frame01 mean_dice 0.873458 mean_hd95 1.276142
2026-01-19 16:29:28 - idx 13 case patient017_frame09 mean_dice 0.888183 mean_hd95 1.414214
2026-01-19 16:29:29 - idx 14 case patient039_frame01 mean_dice 0.912195 mean_hd95 1.000000
2026-01-19 16:29:29 - idx 15 case patient039_frame10 mean_dice 0.800002 mean_hd95 2.392679
2026-01-19 16:29:30 - idx 16 case patient041_frame01 mean_dice 0.876265 mean_hd95 1.000000
2026-01-19 16:29:30 - idx 17 case patient041_frame11 mean_dice 0.818719 mean_hd95 1.605010
2026-01-19 16:29:32 - idx 18 case patient067_frame01 mean_dice 0.892053 mean_hd95 1.412023
2026-01-19 16:29:33 - idx 19 case patient067_frame10 mean_dice 0.884903 mean_hd95 1.000000
2026-01-19 16:29:33 - Mean class 1 mean_dice 0.787845 mean_hd95 5.434853
2026-01-19 16:29:33 - Mean class 2 mean_dice 0.824807 mean_hd95 1.669560
2026-01-19 16:29:33 - Mean class 3 mean_dice 0.900352 mean_hd95 1.382588
2026-01-19 16:29:33 - val epoch: 10, mean_dice: 0.8376682358822323, mean_hd95: 2.8290006044571734, time(s): 18.12
2026-01-19 16:29:33 - train: epoch 11, iter:0, loss: 0.2420, lr: 0.0009757729755661012
2026-01-19 16:29:36 - train: epoch 11, iter:10, loss: 0.2241, lr: 0.0009757729755661012
2026-01-19 16:29:39 - train: epoch 11, iter:20, loss: 0.2064, lr: 0.0009757729755661012
2026-01-19 16:29:42 - train: epoch 11, iter:30, loss: 0.2673, lr: 0.0009757729755661012
2026-01-19 16:29:45 - train: epoch 11, iter:40, loss: 0.2103, lr: 0.0009757729755661012
2026-01-19 16:29:47 - train: epoch 11, iter:50, loss: 0.2321, lr: 0.0009757729755661012
2026-01-19 16:29:50 - train: epoch 11, iter:60, loss: 0.2177, lr: 0.0009757729755661012
2026-01-19 16:29:53 - train: epoch 11, iter:70, loss: 0.2102, lr: 0.0009757729755661012
2026-01-19 16:29:56 - train: epoch 11, iter:80, loss: 0.2559, lr: 0.0009757729755661012
2026-01-19 16:29:56 - Finish one epoch train: epoch 11, loss: 0.2118, time(s): 22.64
2026-01-19 16:29:57 - idx 0 case patient050_frame01 mean_dice 0.865028 mean_hd95 1.550094
2026-01-19 16:29:58 - idx 1 case patient050_frame12 mean_dice 0.736007 mean_hd95 2.595697
2026-01-19 16:29:59 - idx 2 case patient037_frame01 mean_dice 0.818401 mean_hd95 1.609476
2026-01-19 16:29:59 - idx 3 case patient037_frame12 mean_dice 0.443691 mean_hd95 4.344064
2026-01-19 16:30:00 - idx 4 case patient095_frame01 mean_dice 0.893338 mean_hd95 1.609476
2026-01-19 16:30:02 - idx 5 case patient095_frame12 mean_dice 0.841270 mean_hd95 1.794111
2026-01-19 16:30:03 - idx 6 case patient047_frame01 mean_dice 0.859582 mean_hd95 1.276142
2026-01-19 16:30:04 - idx 7 case patient047_frame09 mean_dice 0.780393 mean_hd95 2.552285
2026-01-19 16:30:05 - idx 8 case patient044_frame01 mean_dice 0.871625 mean_hd95 1.471405
2026-01-19 16:30:05 - idx 9 case patient044_frame11 mean_dice 0.815433 mean_hd95 1.942809
2026-01-19 16:30:06 - idx 10 case patient064_frame01 mean_dice 0.939168 mean_hd95 1.000000
2026-01-19 16:30:07 - idx 11 case patient064_frame12 mean_dice 0.861906 mean_hd95 1.471405
2026-01-19 16:30:08 - idx 12 case patient017_frame01 mean_dice 0.874826 mean_hd95 1.276142
2026-01-19 16:30:09 - idx 13 case patient017_frame09 mean_dice 0.885379 mean_hd95 1.382088
2026-01-19 16:30:10 - idx 14 case patient039_frame01 mean_dice 0.918062 mean_hd95 1.000000
2026-01-19 16:30:11 - idx 15 case patient039_frame10 mean_dice 0.752856 mean_hd95 2.276142
2026-01-19 16:30:11 - idx 16 case patient041_frame01 mean_dice 0.880389 mean_hd95 1.000000
2026-01-19 16:30:12 - idx 17 case patient041_frame11 mean_dice 0.823625 mean_hd95 1.520159
2026-01-19 16:30:13 - idx 18 case patient067_frame01 mean_dice 0.892255 mean_hd95 1.333333
2026-01-19 16:30:14 - idx 19 case patient067_frame10 mean_dice 0.886110 mean_hd95 1.138071
2026-01-19 16:30:14 - Mean class 1 mean_dice 0.808011 mean_hd95 2.013411
2026-01-19 16:30:14 - Mean class 2 mean_dice 0.817465 mean_hd95 1.612095
2026-01-19 16:30:14 - Mean class 3 mean_dice 0.870426 mean_hd95 1.495928
2026-01-19 16:30:14 - val epoch: 11, mean_dice: 0.831967288662469, mean_hd95: 1.707144950591583, time(s): 18.15
2026-01-19 16:30:15 - train: epoch 12, iter:0, loss: 0.1907, lr: 0.0009707359806323418
2026-01-19 16:30:17 - train: epoch 12, iter:10, loss: 0.1494, lr: 0.0009707359806323418
2026-01-19 16:30:20 - train: epoch 12, iter:20, loss: 0.2629, lr: 0.0009707359806323418
2026-01-19 16:30:23 - train: epoch 12, iter:30, loss: 0.1878, lr: 0.0009707359806323418
2026-01-19 16:30:26 - train: epoch 12, iter:40, loss: 0.1861, lr: 0.0009707359806323418
2026-01-19 16:30:28 - train: epoch 12, iter:50, loss: 0.1590, lr: 0.0009707359806323418
2026-01-19 16:30:31 - train: epoch 12, iter:60, loss: 0.2436, lr: 0.0009707359806323418
2026-01-19 16:30:34 - train: epoch 12, iter:70, loss: 0.2252, lr: 0.0009707359806323418
2026-01-19 16:30:37 - train: epoch 12, iter:80, loss: 0.2181, lr: 0.0009707359806323418
2026-01-19 16:30:37 - Finish one epoch train: epoch 12, loss: 0.2039, time(s): 22.49
2026-01-19 16:30:38 - idx 0 case patient050_frame01 mean_dice 0.834634 mean_hd95 2.184231
2026-01-19 16:30:39 - idx 1 case patient050_frame12 mean_dice 0.720676 mean_hd95 3.605779
2026-01-19 16:30:40 - idx 2 case patient037_frame01 mean_dice 0.768041 mean_hd95 7.989883
2026-01-19 16:30:40 - idx 3 case patient037_frame12 mean_dice 0.536682 mean_hd95 12.790284
2026-01-19 16:30:42 - idx 4 case patient095_frame01 mean_dice 0.914023 mean_hd95 1.138071
2026-01-19 16:30:43 - idx 5 case patient095_frame12 mean_dice 0.883612 mean_hd95 1.715421
2026-01-19 16:30:44 - idx 6 case patient047_frame01 mean_dice 0.827186 mean_hd95 11.589262
2026-01-19 16:30:45 - idx 7 case patient047_frame09 mean_dice 0.724473 mean_hd95 13.430550
2026-01-19 16:30:46 - idx 8 case patient044_frame01 mean_dice 0.886089 mean_hd95 1.276142
2026-01-19 16:30:47 - idx 9 case patient044_frame11 mean_dice 0.799627 mean_hd95 8.244371
2026-01-19 16:30:48 - idx 10 case patient064_frame01 mean_dice 0.933457 mean_hd95 1.000000
2026-01-19 16:30:49 - idx 11 case patient064_frame12 mean_dice 0.909102 mean_hd95 1.276142
2026-01-19 16:30:49 - idx 12 case patient017_frame01 mean_dice 0.890107 mean_hd95 1.138071
2026-01-19 16:30:50 - idx 13 case patient017_frame09 mean_dice 0.897897 mean_hd95 1.138071
2026-01-19 16:30:51 - idx 14 case patient039_frame01 mean_dice 0.864397 mean_hd95 2.857663
2026-01-19 16:30:52 - idx 15 case patient039_frame10 mean_dice 0.770329 mean_hd95 4.237765
2026-01-19 16:30:52 - idx 16 case patient041_frame01 mean_dice 0.874263 mean_hd95 1.000000
2026-01-19 16:30:53 - idx 17 case patient041_frame11 mean_dice 0.706573 mean_hd95 4.133129
2026-01-19 16:30:54 - idx 18 case patient067_frame01 mean_dice 0.900603 mean_hd95 1.333333
2026-01-19 16:30:55 - idx 19 case patient067_frame10 mean_dice 0.869887 mean_hd95 1.804738
2026-01-19 16:30:55 - Mean class 1 mean_dice 0.765557 mean_hd95 5.989484
2026-01-19 16:30:55 - Mean class 2 mean_dice 0.820010 mean_hd95 2.573077
2026-01-19 16:30:55 - Mean class 3 mean_dice 0.891182 mean_hd95 4.019875
2026-01-19 16:30:55 - val epoch: 12, mean_dice: 0.8255829963096418, mean_hd95: 4.194145350134101, time(s): 18.18
2026-01-19 16:30:56 - train: epoch 13, iter:0, loss: 0.2083, lr: 0.0009652393605146846
2026-01-19 16:30:59 - train: epoch 13, iter:10, loss: 0.2067, lr: 0.0009652393605146846
2026-01-19 16:31:01 - train: epoch 13, iter:20, loss: 0.2557, lr: 0.0009652393605146846
2026-01-19 16:31:04 - train: epoch 13, iter:30, loss: 0.2341, lr: 0.0009652393605146846
2026-01-19 16:31:07 - train: epoch 13, iter:40, loss: 0.1892, lr: 0.0009652393605146846
2026-01-19 16:31:09 - train: epoch 13, iter:50, loss: 0.1783, lr: 0.0009652393605146846
2026-01-19 16:31:12 - train: epoch 13, iter:60, loss: 0.1708, lr: 0.0009652393605146846
2026-01-19 16:31:15 - train: epoch 13, iter:70, loss: 0.2272, lr: 0.0009652393605146846
2026-01-19 16:31:18 - train: epoch 13, iter:80, loss: 0.1810, lr: 0.0009652393605146846
2026-01-19 16:31:18 - Finish one epoch train: epoch 13, loss: 0.1969, time(s): 22.34
2026-01-19 16:31:19 - idx 0 case patient050_frame01 mean_dice 0.857282 mean_hd95 1.858830
2026-01-19 16:31:20 - idx 1 case patient050_frame12 mean_dice 0.733873 mean_hd95 7.612819
2026-01-19 16:31:21 - idx 2 case patient037_frame01 mean_dice 0.798428 mean_hd95 7.051442
2026-01-19 16:31:21 - idx 3 case patient037_frame12 mean_dice 0.609443 mean_hd95 12.146430
2026-01-19 16:31:23 - idx 4 case patient095_frame01 mean_dice 0.915291 mean_hd95 1.000000
2026-01-19 16:31:24 - idx 5 case patient095_frame12 mean_dice 0.865638 mean_hd95 1.688165
2026-01-19 16:31:25 - idx 6 case patient047_frame01 mean_dice 0.864684 mean_hd95 1.804738
2026-01-19 16:31:26 - idx 7 case patient047_frame09 mean_dice 0.797926 mean_hd95 4.200388
2026-01-19 16:31:27 - idx 8 case patient044_frame01 mean_dice 0.901291 mean_hd95 1.000000
2026-01-19 16:31:28 - idx 9 case patient044_frame11 mean_dice 0.799466 mean_hd95 2.597690
2026-01-19 16:31:29 - idx 10 case patient064_frame01 mean_dice 0.936255 mean_hd95 1.000000
2026-01-19 16:31:30 - idx 11 case patient064_frame12 mean_dice 0.898343 mean_hd95 1.138071
2026-01-19 16:31:30 - idx 12 case patient017_frame01 mean_dice 0.896556 mean_hd95 1.138071
2026-01-19 16:31:31 - idx 13 case patient017_frame09 mean_dice 0.908461 mean_hd95 1.000000
2026-01-19 16:31:32 - idx 14 case patient039_frame01 mean_dice 0.904560 mean_hd95 1.483163
2026-01-19 16:31:33 - idx 15 case patient039_frame10 mean_dice 0.762510 mean_hd95 8.807485
2026-01-19 16:31:33 - idx 16 case patient041_frame01 mean_dice 0.877382 mean_hd95 1.000000
2026-01-19 16:31:34 - idx 17 case patient041_frame11 mean_dice 0.812644 mean_hd95 1.412023
2026-01-19 16:31:35 - idx 18 case patient067_frame01 mean_dice 0.915063 mean_hd95 1.138071
2026-01-19 16:31:36 - idx 19 case patient067_frame10 mean_dice 0.877279 mean_hd95 1.400406
2026-01-19 16:31:36 - Mean class 1 mean_dice 0.792205 mean_hd95 4.047074
2026-01-19 16:31:36 - Mean class 2 mean_dice 0.843412 mean_hd95 1.703986
2026-01-19 16:31:36 - Mean class 3 mean_dice 0.904239 mean_hd95 3.320609
2026-01-19 16:31:36 - val epoch: 13, mean_dice: 0.8466188326142019, mean_hd95: 3.023889664772914, time(s): 18.30
2026-01-19 16:31:37 - train: epoch 14, iter:0, loss: 0.1706, lr: 0.0009592885397135708
2026-01-19 16:31:40 - train: epoch 14, iter:10, loss: 0.1609, lr: 0.0009592885397135708
2026-01-19 16:31:42 - train: epoch 14, iter:20, loss: 0.1838, lr: 0.0009592885397135708
2026-01-19 16:31:45 - train: epoch 14, iter:30, loss: 0.1751, lr: 0.0009592885397135708
2026-01-19 16:31:48 - train: epoch 14, iter:40, loss: 0.1687, lr: 0.0009592885397135708
2026-01-19 16:31:51 - train: epoch 14, iter:50, loss: 0.1722, lr: 0.0009592885397135708
2026-01-19 16:31:54 - train: epoch 14, iter:60, loss: 0.1691, lr: 0.0009592885397135708
2026-01-19 16:31:56 - train: epoch 14, iter:70, loss: 0.1534, lr: 0.0009592885397135708
2026-01-19 16:31:59 - train: epoch 14, iter:80, loss: 0.1542, lr: 0.0009592885397135708
2026-01-19 16:31:59 - Finish one epoch train: epoch 14, loss: 0.1756, time(s): 22.46
2026-01-19 16:32:00 - idx 0 case patient050_frame01 mean_dice 0.850021 mean_hd95 1.666667
2026-01-19 16:32:01 - idx 1 case patient050_frame12 mean_dice 0.741611 mean_hd95 2.837744
2026-01-19 16:32:02 - idx 2 case patient037_frame01 mean_dice 0.824789 mean_hd95 6.343740
2026-01-19 16:32:03 - idx 3 case patient037_frame12 mean_dice 0.720784 mean_hd95 7.754608
2026-01-19 16:32:04 - idx 4 case patient095_frame01 mean_dice 0.908669 mean_hd95 1.333333
2026-01-19 16:32:05 - idx 5 case patient095_frame12 mean_dice 0.868061 mean_hd95 1.715421
2026-01-19 16:32:06 - idx 6 case patient047_frame01 mean_dice 0.861420 mean_hd95 2.000000
2026-01-19 16:32:07 - idx 7 case patient047_frame09 mean_dice 0.783603 mean_hd95 2.471405
2026-01-19 16:32:08 - idx 8 case patient044_frame01 mean_dice 0.883609 mean_hd95 1.333333
2026-01-19 16:32:09 - idx 9 case patient044_frame11 mean_dice 0.790858 mean_hd95 3.406789
2026-01-19 16:32:10 - idx 10 case patient064_frame01 mean_dice 0.945203 mean_hd95 1.000000
2026-01-19 16:32:11 - idx 11 case patient064_frame12 mean_dice 0.910119 mean_hd95 1.138071
2026-01-19 16:32:12 - idx 12 case patient017_frame01 mean_dice 0.867693 mean_hd95 1.471405
2026-01-19 16:32:12 - idx 13 case patient017_frame09 mean_dice 0.893284 mean_hd95 1.138071
2026-01-19 16:32:13 - idx 14 case patient039_frame01 mean_dice 0.920621 mean_hd95 1.000000
2026-01-19 16:32:14 - idx 15 case patient039_frame10 mean_dice 0.763209 mean_hd95 2.287901
2026-01-19 16:32:15 - idx 16 case patient041_frame01 mean_dice 0.887070 mean_hd95 1.000000
2026-01-19 16:32:15 - idx 17 case patient041_frame11 mean_dice 0.816959 mean_hd95 1.550094
2026-01-19 16:32:16 - idx 18 case patient067_frame01 mean_dice 0.905239 mean_hd95 1.138071
2026-01-19 16:32:17 - idx 19 case patient067_frame10 mean_dice 0.885017 mean_hd95 1.138071
2026-01-19 16:32:17 - Mean class 1 mean_dice 0.814621 mean_hd95 2.182111
2026-01-19 16:32:17 - Mean class 2 mean_dice 0.841134 mean_hd95 1.519926
2026-01-19 16:32:17 - Mean class 3 mean_dice 0.898420 mean_hd95 2.856672
2026-01-19 16:32:17 - val epoch: 14, mean_dice: 0.851391984785447, mean_hd95: 2.1862362268878286, time(s): 18.04
2026-01-19 16:32:18 - train: epoch 15, iter:0, loss: 0.1395, lr: 0.0009528893909706799
2026-01-19 16:32:21 - train: epoch 15, iter:10, loss: 0.1725, lr: 0.0009528893909706799
2026-01-19 16:32:24 - train: epoch 15, iter:20, loss: 0.2176, lr: 0.0009528893909706799
2026-01-19 16:32:26 - train: epoch 15, iter:30, loss: 0.1934, lr: 0.0009528893909706799
2026-01-19 16:32:29 - train: epoch 15, iter:40, loss: 0.2092, lr: 0.0009528893909706799
2026-01-19 16:32:32 - train: epoch 15, iter:50, loss: 0.1972, lr: 0.0009528893909706799
2026-01-19 16:32:35 - train: epoch 15, iter:60, loss: 0.2362, lr: 0.0009528893909706799
2026-01-19 16:32:37 - train: epoch 15, iter:70, loss: 0.1455, lr: 0.0009528893909706799
2026-01-19 16:32:40 - train: epoch 15, iter:80, loss: 0.1459, lr: 0.0009528893909706799
2026-01-19 16:32:40 - Finish one epoch train: epoch 15, loss: 0.1798, time(s): 22.47
2026-01-19 16:32:41 - idx 0 case patient050_frame01 mean_dice 0.854026 mean_hd95 1.824045
2026-01-19 16:32:42 - idx 1 case patient050_frame12 mean_dice 0.774692 mean_hd95 2.707472
2026-01-19 16:32:43 - idx 2 case patient037_frame01 mean_dice 0.843639 mean_hd95 6.618406
2026-01-19 16:32:44 - idx 3 case patient037_frame12 mean_dice 0.710676 mean_hd95 8.000008
2026-01-19 16:32:45 - idx 4 case patient095_frame01 mean_dice 0.911540 mean_hd95 1.138071
2026-01-19 16:32:46 - idx 5 case patient095_frame12 mean_dice 0.842429 mean_hd95 2.048755
2026-01-19 16:32:47 - idx 6 case patient047_frame01 mean_dice 0.866676 mean_hd95 1.577350
2026-01-19 16:32:48 - idx 7 case patient047_frame09 mean_dice 0.805118 mean_hd95 2.825742
2026-01-19 16:32:49 - idx 8 case patient044_frame01 mean_dice 0.891629 mean_hd95 1.138071
2026-01-19 16:32:50 - idx 9 case patient044_frame11 mean_dice 0.800958 mean_hd95 2.973126
2026-01-19 16:32:51 - idx 10 case patient064_frame01 mean_dice 0.943876 mean_hd95 1.000000
2026-01-19 16:32:52 - idx 11 case patient064_frame12 mean_dice 0.920471 mean_hd95 1.000000
2026-01-19 16:32:53 - idx 12 case patient017_frame01 mean_dice 0.892413 mean_hd95 1.244017
2026-01-19 16:32:54 - idx 13 case patient017_frame09 mean_dice 0.908488 mean_hd95 1.000000
2026-01-19 16:32:54 - idx 14 case patient039_frame01 mean_dice 0.926165 mean_hd95 1.000000
2026-01-19 16:32:55 - idx 15 case patient039_frame10 mean_dice 0.762574 mean_hd95 5.050419
2026-01-19 16:32:56 - idx 16 case patient041_frame01 mean_dice 0.892586 mean_hd95 1.000000
2026-01-19 16:32:56 - idx 17 case patient041_frame11 mean_dice 0.831051 mean_hd95 1.276142
2026-01-19 16:32:57 - idx 18 case patient067_frame01 mean_dice 0.911232 mean_hd95 1.138071
2026-01-19 16:32:58 - idx 19 case patient067_frame10 mean_dice 0.899104 mean_hd95 1.000000
2026-01-19 16:32:58 - Mean class 1 mean_dice 0.830569 mean_hd95 2.489054
2026-01-19 16:32:58 - Mean class 2 mean_dice 0.844850 mean_hd95 1.459210
2026-01-19 16:32:58 - Mean class 3 mean_dice 0.902982 mean_hd95 2.885690
2026-01-19 16:32:58 - val epoch: 15, mean_dice: 0.8594670871888335, mean_hd95: 2.2779847998132587, time(s): 18.15
2026-01-19 16:32:59 - train: epoch 16, iter:0, loss: 0.1612, lr: 0.0009460482294732424
2026-01-19 16:33:02 - train: epoch 16, iter:10, loss: 0.1443, lr: 0.0009460482294732424
2026-01-19 16:33:05 - train: epoch 16, iter:20, loss: 0.1308, lr: 0.0009460482294732424
2026-01-19 16:33:07 - train: epoch 16, iter:30, loss: 0.1642, lr: 0.0009460482294732424
2026-01-19 16:33:10 - train: epoch 16, iter:40, loss: 0.1884, lr: 0.0009460482294732424
2026-01-19 16:33:13 - train: epoch 16, iter:50, loss: 0.2718, lr: 0.0009460482294732424
2026-01-19 16:33:16 - train: epoch 16, iter:60, loss: 0.1998, lr: 0.0009460482294732424
2026-01-19 16:33:18 - train: epoch 16, iter:70, loss: 0.1564, lr: 0.0009460482294732424
2026-01-19 16:33:21 - train: epoch 16, iter:80, loss: 0.1603, lr: 0.0009460482294732424
2026-01-19 16:33:21 - Finish one epoch train: epoch 16, loss: 0.1675, time(s): 22.41
2026-01-19 16:33:22 - idx 0 case patient050_frame01 mean_dice 0.820686 mean_hd95 2.954921
2026-01-19 16:33:23 - idx 1 case patient050_frame12 mean_dice 0.743774 mean_hd95 9.585981
2026-01-19 16:33:24 - idx 2 case patient037_frame01 mean_dice 0.815489 mean_hd95 2.194192
2026-01-19 16:33:25 - idx 3 case patient037_frame12 mean_dice 0.636480 mean_hd95 17.520959
2026-01-19 16:33:26 - idx 4 case patient095_frame01 mean_dice 0.912672 mean_hd95 1.138071
2026-01-19 16:33:27 - idx 5 case patient095_frame12 mean_dice 0.886727 mean_hd95 1.414214
2026-01-19 16:33:28 - idx 6 case patient047_frame01 mean_dice 0.852893 mean_hd95 2.078689
2026-01-19 16:33:29 - idx 7 case patient047_frame09 mean_dice 0.760277 mean_hd95 9.726452
2026-01-19 16:33:30 - idx 8 case patient044_frame01 mean_dice 0.905976 mean_hd95 1.138071
2026-01-19 16:33:31 - idx 9 case patient044_frame11 mean_dice 0.784687 mean_hd95 11.842495
2026-01-19 16:33:32 - idx 10 case patient064_frame01 mean_dice 0.940197 mean_hd95 1.000000
2026-01-19 16:33:33 - idx 11 case patient064_frame12 mean_dice 0.912157 mean_hd95 1.138071
2026-01-19 16:33:34 - idx 12 case patient017_frame01 mean_dice 0.909651 mean_hd95 1.000000
2026-01-19 16:33:35 - idx 13 case patient017_frame09 mean_dice 0.914917 mean_hd95 1.000000
2026-01-19 16:33:35 - idx 14 case patient039_frame01 mean_dice 0.922624 mean_hd95 1.000000
2026-01-19 16:33:36 - idx 15 case patient039_frame10 mean_dice 0.772165 mean_hd95 11.433461
2026-01-19 16:33:37 - idx 16 case patient041_frame01 mean_dice 0.880357 mean_hd95 1.000000
2026-01-19 16:33:37 - idx 17 case patient041_frame11 mean_dice 0.734659 mean_hd95 3.018237
2026-01-19 16:33:38 - idx 18 case patient067_frame01 mean_dice 0.897831 mean_hd95 1.483163
2026-01-19 16:33:39 - idx 19 case patient067_frame10 mean_dice 0.893089 mean_hd95 1.000000
2026-01-19 16:33:39 - Mean class 1 mean_dice 0.813018 mean_hd95 5.426951
2026-01-19 16:33:39 - Mean class 2 mean_dice 0.821330 mean_hd95 2.907567
2026-01-19 16:33:39 - Mean class 3 mean_dice 0.900249 mean_hd95 4.065529
2026-01-19 16:33:39 - val epoch: 16, mean_dice: 0.8448653586781892, mean_hd95: 4.13334888600252, time(s): 17.98
2026-01-19 16:33:40 - train: epoch 17, iter:0, loss: 0.1823, lr: 0.0009387718066217127
2026-01-19 16:33:43 - train: epoch 17, iter:10, loss: 0.1743, lr: 0.0009387718066217127
2026-01-19 16:33:46 - train: epoch 17, iter:20, loss: 0.1658, lr: 0.0009387718066217127
2026-01-19 16:33:48 - train: epoch 17, iter:30, loss: 0.1586, lr: 0.0009387718066217127
2026-01-19 16:33:51 - train: epoch 17, iter:40, loss: 0.1451, lr: 0.0009387718066217127
2026-01-19 16:33:54 - train: epoch 17, iter:50, loss: 0.1658, lr: 0.0009387718066217127
2026-01-19 16:33:57 - train: epoch 17, iter:60, loss: 0.1365, lr: 0.0009387718066217127
2026-01-19 16:33:59 - train: epoch 17, iter:70, loss: 0.1631, lr: 0.0009387718066217127
2026-01-19 16:34:02 - train: epoch 17, iter:80, loss: 0.1463, lr: 0.0009387718066217127
2026-01-19 16:34:02 - Finish one epoch train: epoch 17, loss: 0.1641, time(s): 22.50
2026-01-19 16:34:03 - idx 0 case patient050_frame01 mean_dice 0.866472 mean_hd95 1.804738
2026-01-19 16:34:04 - idx 1 case patient050_frame12 mean_dice 0.775588 mean_hd95 8.479920
2026-01-19 16:34:05 - idx 2 case patient037_frame01 mean_dice 0.823339 mean_hd95 6.507571
2026-01-19 16:34:06 - idx 3 case patient037_frame12 mean_dice 0.687773 mean_hd95 10.675919
2026-01-19 16:34:07 - idx 4 case patient095_frame01 mean_dice 0.917456 mean_hd95 1.000000
2026-01-19 16:34:08 - idx 5 case patient095_frame12 mean_dice 0.872093 mean_hd95 1.609476
2026-01-19 16:34:09 - idx 6 case patient047_frame01 mean_dice 0.886083 mean_hd95 1.000000
2026-01-19 16:34:10 - idx 7 case patient047_frame09 mean_dice 0.818275 mean_hd95 1.910279
2026-01-19 16:34:11 - idx 8 case patient044_frame01 mean_dice 0.901596 mean_hd95 1.333333
2026-01-19 16:34:12 - idx 9 case patient044_frame11 mean_dice 0.799935 mean_hd95 2.669727
2026-01-19 16:34:13 - idx 10 case patient064_frame01 mean_dice 0.942357 mean_hd95 1.000000
2026-01-19 16:34:14 - idx 11 case patient064_frame12 mean_dice 0.914810 mean_hd95 1.138071
2026-01-19 16:34:15 - idx 12 case patient017_frame01 mean_dice 0.886617 mean_hd95 1.333333
2026-01-19 16:34:16 - idx 13 case patient017_frame09 mean_dice 0.910494 mean_hd95 1.000000
2026-01-19 16:34:16 - idx 14 case patient039_frame01 mean_dice 0.924634 mean_hd95 1.000000
2026-01-19 16:34:17 - idx 15 case patient039_frame10 mean_dice 0.833812 mean_hd95 1.883427
2026-01-19 16:34:18 - idx 16 case patient041_frame01 mean_dice 0.900908 mean_hd95 1.000000
2026-01-19 16:34:18 - idx 17 case patient041_frame11 mean_dice 0.817841 mean_hd95 1.715421
2026-01-19 16:34:19 - idx 18 case patient067_frame01 mean_dice 0.919377 mean_hd95 1.000000
2026-01-19 16:34:20 - idx 19 case patient067_frame10 mean_dice 0.901518 mean_hd95 1.000000
2026-01-19 16:34:20 - Mean class 1 mean_dice 0.831235 mean_hd95 2.860254
2026-01-19 16:34:20 - Mean class 2 mean_dice 0.851505 mean_hd95 1.738562
2026-01-19 16:34:20 - Mean class 3 mean_dice 0.912407 mean_hd95 2.760366
2026-01-19 16:34:20 - val epoch: 17, mean_dice: 0.8650488816256404, mean_hd95: 2.453060803236291, time(s): 18.06
2026-01-19 16:34:21 - train: epoch 18, iter:0, loss: 0.1544, lr: 0.0009310673033669524
2026-01-19 16:34:24 - train: epoch 18, iter:10, loss: 0.1989, lr: 0.0009310673033669524
2026-01-19 16:34:27 - train: epoch 18, iter:20, loss: 0.1204, lr: 0.0009310673033669524
2026-01-19 16:34:29 - train: epoch 18, iter:30, loss: 0.1625, lr: 0.0009310673033669524
2026-01-19 16:34:32 - train: epoch 18, iter:40, loss: 0.1413, lr: 0.0009310673033669524
2026-01-19 16:34:35 - train: epoch 18, iter:50, loss: 0.1488, lr: 0.0009310673033669524
2026-01-19 16:34:38 - train: epoch 18, iter:60, loss: 0.1390, lr: 0.0009310673033669524
2026-01-19 16:34:40 - train: epoch 18, iter:70, loss: 0.1814, lr: 0.0009310673033669524
2026-01-19 16:34:43 - train: epoch 18, iter:80, loss: 0.1366, lr: 0.0009310673033669524
2026-01-19 16:34:43 - Finish one epoch train: epoch 18, loss: 0.1615, time(s): 22.35
2026-01-19 16:34:44 - idx 0 case patient050_frame01 mean_dice 0.852325 mean_hd95 1.816497
2026-01-19 16:34:45 - idx 1 case patient050_frame12 mean_dice 0.768707 mean_hd95 3.161760
2026-01-19 16:34:46 - idx 2 case patient037_frame01 mean_dice 0.849636 mean_hd95 1.799019
2026-01-19 16:34:47 - idx 3 case patient037_frame12 mean_dice 0.818784 mean_hd95 6.374838
2026-01-19 16:34:48 - idx 4 case patient095_frame01 mean_dice 0.920940 mean_hd95 1.000000
2026-01-19 16:34:49 - idx 5 case patient095_frame12 mean_dice 0.879709 mean_hd95 1.621234
2026-01-19 16:34:50 - idx 6 case patient047_frame01 mean_dice 0.874473 mean_hd95 1.276142
2026-01-19 16:34:51 - idx 7 case patient047_frame09 mean_dice 0.804362 mean_hd95 2.645885
2026-01-19 16:34:52 - idx 8 case patient044_frame01 mean_dice 0.890712 mean_hd95 1.138071
2026-01-19 16:34:53 - idx 9 case patient044_frame11 mean_dice 0.852353 mean_hd95 1.471405
2026-01-19 16:34:54 - idx 10 case patient064_frame01 mean_dice 0.945310 mean_hd95 1.000000
2026-01-19 16:34:55 - idx 11 case patient064_frame12 mean_dice 0.925202 mean_hd95 1.000000
2026-01-19 16:34:56 - idx 12 case patient017_frame01 mean_dice 0.896419 mean_hd95 1.138071
2026-01-19 16:34:57 - idx 13 case patient017_frame09 mean_dice 0.912085 mean_hd95 1.000000
2026-01-19 16:34:57 - idx 14 case patient039_frame01 mean_dice 0.927401 mean_hd95 1.000000
2026-01-19 16:34:58 - idx 15 case patient039_frame10 mean_dice 0.808737 mean_hd95 3.451737
2026-01-19 16:34:59 - idx 16 case patient041_frame01 mean_dice 0.898338 mean_hd95 1.000000
2026-01-19 16:34:59 - idx 17 case patient041_frame11 mean_dice 0.827457 mean_hd95 1.471405
2026-01-19 16:35:00 - idx 18 case patient067_frame01 mean_dice 0.919206 mean_hd95 1.000000
2026-01-19 16:35:01 - idx 19 case patient067_frame10 mean_dice 0.909419 mean_hd95 1.000000
2026-01-19 16:35:01 - Mean class 1 mean_dice 0.847867 mean_hd95 2.237817
2026-01-19 16:35:01 - Mean class 2 mean_dice 0.856861 mean_hd95 1.219445
2026-01-19 16:35:01 - Mean class 3 mean_dice 0.917508 mean_hd95 1.847647
2026-01-19 16:35:01 - val epoch: 18, mean_dice: 0.8740786562536398, mean_hd95: 1.7683032153827953, time(s): 18.24
2026-01-19 16:35:02 - train: epoch 19, iter:0, loss: 0.1355, lr: 0.0009229423231234977
2026-01-19 16:35:05 - train: epoch 19, iter:10, loss: 0.1239, lr: 0.0009229423231234977
2026-01-19 16:35:08 - train: epoch 19, iter:20, loss: 0.1841, lr: 0.0009229423231234977
2026-01-19 16:35:11 - train: epoch 19, iter:30, loss: 0.4082, lr: 0.0009229423231234977
2026-01-19 16:35:13 - train: epoch 19, iter:40, loss: 0.1349, lr: 0.0009229423231234977
2026-01-19 16:35:16 - train: epoch 19, iter:50, loss: 0.1658, lr: 0.0009229423231234977
2026-01-19 16:35:19 - train: epoch 19, iter:60, loss: 0.1640, lr: 0.0009229423231234977
2026-01-19 16:35:22 - train: epoch 19, iter:70, loss: 0.1424, lr: 0.0009229423231234977
2026-01-19 16:35:24 - train: epoch 19, iter:80, loss: 0.1482, lr: 0.0009229423231234977
2026-01-19 16:35:24 - Finish one epoch train: epoch 19, loss: 0.1637, time(s): 22.36
2026-01-19 16:35:25 - idx 0 case patient050_frame01 mean_dice 0.848948 mean_hd95 6.367322
2026-01-19 16:35:26 - idx 1 case patient050_frame12 mean_dice 0.734614 mean_hd95 10.243841
2026-01-19 16:35:27 - idx 2 case patient037_frame01 mean_dice 0.826656 mean_hd95 6.642343
2026-01-19 16:35:28 - idx 3 case patient037_frame12 mean_dice 0.768745 mean_hd95 9.515432
2026-01-19 16:35:29 - idx 4 case patient095_frame01 mean_dice 0.914564 mean_hd95 1.138071
2026-01-19 16:35:30 - idx 5 case patient095_frame12 mean_dice 0.875108 mean_hd95 1.715421
2026-01-19 16:35:31 - idx 6 case patient047_frame01 mean_dice 0.869982 mean_hd95 1.471405
2026-01-19 16:35:32 - idx 7 case patient047_frame09 mean_dice 0.808109 mean_hd95 3.050716
2026-01-19 16:35:33 - idx 8 case patient044_frame01 mean_dice 0.916704 mean_hd95 1.000000
2026-01-19 16:35:34 - idx 9 case patient044_frame11 mean_dice 0.838368 mean_hd95 1.471405
2026-01-19 16:35:35 - idx 10 case patient064_frame01 mean_dice 0.940544 mean_hd95 1.000000
2026-01-19 16:35:36 - idx 11 case patient064_frame12 mean_dice 0.898266 mean_hd95 1.138071
2026-01-19 16:35:37 - idx 12 case patient017_frame01 mean_dice 0.899890 mean_hd95 1.138071
2026-01-19 16:35:38 - idx 13 case patient017_frame09 mean_dice 0.909632 mean_hd95 1.000000
2026-01-19 16:35:39 - idx 14 case patient039_frame01 mean_dice 0.915262 mean_hd95 1.000000
2026-01-19 16:35:39 - idx 15 case patient039_frame10 mean_dice 0.795457 mean_hd95 5.780867
2026-01-19 16:35:40 - idx 16 case patient041_frame01 mean_dice 0.884210 mean_hd95 1.000000
2026-01-19 16:35:40 - idx 17 case patient041_frame11 mean_dice 0.819782 mean_hd95 1.382088
2026-01-19 16:35:41 - idx 18 case patient067_frame01 mean_dice 0.919661 mean_hd95 1.138071
2026-01-19 16:35:42 - idx 19 case patient067_frame10 mean_dice 0.895246 mean_hd95 1.000000
2026-01-19 16:35:42 - Mean class 1 mean_dice 0.834932 mean_hd95 4.298354
2026-01-19 16:35:42 - Mean class 2 mean_dice 0.843380 mean_hd95 1.722637
2026-01-19 16:35:42 - Mean class 3 mean_dice 0.913650 mean_hd95 2.707977
2026-01-19 16:35:42 - val epoch: 19, mean_dice: 0.8639873440800926, mean_hd95: 2.9096561631358138, time(s): 18.13
2026-01-19 16:35:43 - train: epoch 20, iter:0, loss: 0.1445, lr: 0.0009144048842659084
2026-01-19 16:35:46 - train: epoch 20, iter:10, loss: 0.1467, lr: 0.0009144048842659084
2026-01-19 16:35:49 - train: epoch 20, iter:20, loss: 0.1146, lr: 0.0009144048842659084
2026-01-19 16:35:51 - train: epoch 20, iter:30, loss: 0.1356, lr: 0.0009144048842659084
2026-01-19 16:35:54 - train: epoch 20, iter:40, loss: 0.1217, lr: 0.0009144048842659084
2026-01-19 16:35:57 - train: epoch 20, iter:50, loss: 0.2406, lr: 0.0009144048842659084
2026-01-19 16:36:00 - train: epoch 20, iter:60, loss: 0.1302, lr: 0.0009144048842659084
2026-01-19 16:36:02 - train: epoch 20, iter:70, loss: 0.1709, lr: 0.0009144048842659084
2026-01-19 16:36:05 - train: epoch 20, iter:80, loss: 0.1811, lr: 0.0009144048842659084
2026-01-19 16:36:05 - Finish one epoch train: epoch 20, loss: 0.1577, time(s): 22.43
2026-01-19 16:36:06 - idx 0 case patient050_frame01 mean_dice 0.852711 mean_hd95 2.630480
2026-01-19 16:36:07 - idx 1 case patient050_frame12 mean_dice 0.779450 mean_hd95 8.482561
2026-01-19 16:36:08 - idx 2 case patient037_frame01 mean_dice 0.847170 mean_hd95 1.412023
2026-01-19 16:36:09 - idx 3 case patient037_frame12 mean_dice 0.763673 mean_hd95 6.834074
2026-01-19 16:36:10 - idx 4 case patient095_frame01 mean_dice 0.924818 mean_hd95 1.000000
2026-01-19 16:36:11 - idx 5 case patient095_frame12 mean_dice 0.862975 mean_hd95 1.804738
2026-01-19 16:36:12 - idx 6 case patient047_frame01 mean_dice 0.879840 mean_hd95 1.858830
2026-01-19 16:36:13 - idx 7 case patient047_frame09 mean_dice 0.803811 mean_hd95 8.590020
2026-01-19 16:36:14 - idx 8 case patient044_frame01 mean_dice 0.919437 mean_hd95 1.000000
2026-01-19 16:36:15 - idx 9 case patient044_frame11 mean_dice 0.815822 mean_hd95 2.119633
2026-01-19 16:36:16 - idx 10 case patient064_frame01 mean_dice 0.950214 mean_hd95 1.000000
2026-01-19 16:36:17 - idx 11 case patient064_frame12 mean_dice 0.895156 mean_hd95 1.138071
2026-01-19 16:36:18 - idx 12 case patient017_frame01 mean_dice 0.900920 mean_hd95 1.000000
2026-01-19 16:36:19 - idx 13 case patient017_frame09 mean_dice 0.915453 mean_hd95 1.000000
2026-01-19 16:36:19 - idx 14 case patient039_frame01 mean_dice 0.930105 mean_hd95 1.000000
2026-01-19 16:36:20 - idx 15 case patient039_frame10 mean_dice 0.783332 mean_hd95 1.865251
2026-01-19 16:36:21 - idx 16 case patient041_frame01 mean_dice 0.898947 mean_hd95 1.000000
2026-01-19 16:36:21 - idx 17 case patient041_frame11 mean_dice 0.812357 mean_hd95 1.715421
2026-01-19 16:36:22 - idx 18 case patient067_frame01 mean_dice 0.925534 mean_hd95 1.000000
2026-01-19 16:36:23 - idx 19 case patient067_frame10 mean_dice 0.899941 mean_hd95 1.000000
2026-01-19 16:36:23 - Mean class 1 mean_dice 0.836191 mean_hd95 3.936008
2026-01-19 16:36:23 - Mean class 2 mean_dice 0.860289 mean_hd95 1.197469
2026-01-19 16:36:23 - Mean class 3 mean_dice 0.907770 mean_hd95 1.984188
2026-01-19 16:36:23 - val epoch: 20, mean_dice: 0.8680832277103948, mean_hd95: 2.372555151484701, time(s): 18.04
2026-01-19 16:36:24 - train: epoch 21, iter:0, loss: 0.1378, lr: 0.0009054634122155993
2026-01-19 16:36:27 - train: epoch 21, iter:10, loss: 0.1526, lr: 0.0009054634122155993
2026-01-19 16:36:30 - train: epoch 21, iter:20, loss: 0.1335, lr: 0.0009054634122155993
2026-01-19 16:36:32 - train: epoch 21, iter:30, loss: 0.1398, lr: 0.0009054634122155993
2026-01-19 16:36:35 - train: epoch 21, iter:40, loss: 0.2165, lr: 0.0009054634122155993
2026-01-19 16:36:38 - train: epoch 21, iter:50, loss: 0.1315, lr: 0.0009054634122155993
2026-01-19 16:36:41 - train: epoch 21, iter:60, loss: 0.1147, lr: 0.0009054634122155993
2026-01-19 16:36:43 - train: epoch 21, iter:70, loss: 0.1522, lr: 0.0009054634122155993
2026-01-19 16:36:46 - train: epoch 21, iter:80, loss: 0.1356, lr: 0.0009054634122155993
2026-01-19 16:36:46 - Finish one epoch train: epoch 21, loss: 0.1444, time(s): 22.44
2026-01-19 16:36:47 - idx 0 case patient050_frame01 mean_dice 0.847937 mean_hd95 2.276142
2026-01-19 16:36:48 - idx 1 case patient050_frame12 mean_dice 0.786358 mean_hd95 2.463980
2026-01-19 16:36:49 - idx 2 case patient037_frame01 mean_dice 0.873565 mean_hd95 1.333333
2026-01-19 16:36:50 - idx 3 case patient037_frame12 mean_dice 0.747256 mean_hd95 6.199701
2026-01-19 16:36:51 - idx 4 case patient095_frame01 mean_dice 0.922642 mean_hd95 1.000000
2026-01-19 16:36:52 - idx 5 case patient095_frame12 mean_dice 0.871895 mean_hd95 1.715421
2026-01-19 16:36:53 - idx 6 case patient047_frame01 mean_dice 0.876080 mean_hd95 1.382088
2026-01-19 16:36:54 - idx 7 case patient047_frame09 mean_dice 0.802941 mean_hd95 2.138071
2026-01-19 16:36:55 - idx 8 case patient044_frame01 mean_dice 0.911572 mean_hd95 1.000000
2026-01-19 16:36:56 - idx 9 case patient044_frame11 mean_dice 0.830947 mean_hd95 2.164382
2026-01-19 16:36:57 - idx 10 case patient064_frame01 mean_dice 0.948806 mean_hd95 1.000000
2026-01-19 16:36:58 - idx 11 case patient064_frame12 mean_dice 0.896060 mean_hd95 1.138071
2026-01-19 16:36:59 - idx 12 case patient017_frame01 mean_dice 0.915491 mean_hd95 1.000000
2026-01-19 16:37:00 - idx 13 case patient017_frame09 mean_dice 0.928168 mean_hd95 1.000000
2026-01-19 16:37:00 - idx 14 case patient039_frame01 mean_dice 0.934150 mean_hd95 1.000000
2026-01-19 16:37:01 - idx 15 case patient039_frame10 mean_dice 0.810070 mean_hd95 2.000000
2026-01-19 16:37:02 - idx 16 case patient041_frame01 mean_dice 0.895800 mean_hd95 1.000000
2026-01-19 16:37:02 - idx 17 case patient041_frame11 mean_dice 0.812322 mean_hd95 1.609476
2026-01-19 16:37:03 - idx 18 case patient067_frame01 mean_dice 0.917977 mean_hd95 1.000000
2026-01-19 16:37:04 - idx 19 case patient067_frame10 mean_dice 0.910187 mean_hd95 1.000000
2026-01-19 16:37:04 - Mean class 1 mean_dice 0.848327 mean_hd95 1.671106
2026-01-19 16:37:04 - Mean class 2 mean_dice 0.859934 mean_hd95 1.310538
2026-01-19 16:37:04 - Mean class 3 mean_dice 0.907773 mean_hd95 2.031456
2026-01-19 16:37:04 - val epoch: 21, mean_dice: 0.8720111773193845, mean_hd95: 1.6710332783694195, time(s): 18.14
2026-01-19 16:37:05 - train: epoch 22, iter:0, loss: 0.1224, lr: 0.000896126731125967
2026-01-19 16:37:08 - train: epoch 22, iter:10, loss: 0.1434, lr: 0.000896126731125967
2026-01-19 16:37:11 - train: epoch 22, iter:20, loss: 0.1414, lr: 0.000896126731125967
2026-01-19 16:37:13 - train: epoch 22, iter:30, loss: 0.1198, lr: 0.000896126731125967
2026-01-19 16:37:16 - train: epoch 22, iter:40, loss: 0.1373, lr: 0.000896126731125967
2026-01-19 16:37:19 - train: epoch 22, iter:50, loss: 0.1137, lr: 0.000896126731125967
2026-01-19 16:37:22 - train: epoch 22, iter:60, loss: 0.1630, lr: 0.000896126731125967
2026-01-19 16:37:24 - train: epoch 22, iter:70, loss: 0.1294, lr: 0.000896126731125967
2026-01-19 16:37:27 - train: epoch 22, iter:80, loss: 0.1402, lr: 0.000896126731125967
2026-01-19 16:37:27 - Finish one epoch train: epoch 22, loss: 0.1452, time(s): 22.41
2026-01-19 16:37:28 - idx 0 case patient050_frame01 mean_dice 0.887495 mean_hd95 1.382088
2026-01-19 16:37:29 - idx 1 case patient050_frame12 mean_dice 0.825645 mean_hd95 1.794111
2026-01-19 16:37:30 - idx 2 case patient037_frame01 mean_dice 0.872636 mean_hd95 1.276142
2026-01-19 16:37:31 - idx 3 case patient037_frame12 mean_dice 0.540379 mean_hd95 8.408854
2026-01-19 16:37:32 - idx 4 case patient095_frame01 mean_dice 0.923927 mean_hd95 1.000000
2026-01-19 16:37:33 - idx 5 case patient095_frame12 mean_dice 0.862816 mean_hd95 1.715421
2026-01-19 16:37:34 - idx 6 case patient047_frame01 mean_dice 0.890863 mean_hd95 1.138071
2026-01-19 16:37:35 - idx 7 case patient047_frame09 mean_dice 0.840582 mean_hd95 1.804738
2026-01-19 16:37:36 - idx 8 case patient044_frame01 mean_dice 0.901564 mean_hd95 1.333333
2026-01-19 16:37:37 - idx 9 case patient044_frame11 mean_dice 0.841461 mean_hd95 1.621234
2026-01-19 16:37:38 - idx 10 case patient064_frame01 mean_dice 0.949001 mean_hd95 1.000000
2026-01-19 16:37:39 - idx 11 case patient064_frame12 mean_dice 0.875204 mean_hd95 1.333333
2026-01-19 16:37:40 - idx 12 case patient017_frame01 mean_dice 0.895102 mean_hd95 1.138071
2026-01-19 16:37:41 - idx 13 case patient017_frame09 mean_dice 0.917855 mean_hd95 1.000000
2026-01-19 16:37:42 - idx 14 case patient039_frame01 mean_dice 0.929826 mean_hd95 1.000000
2026-01-19 16:37:42 - idx 15 case patient039_frame10 mean_dice 0.823835 mean_hd95 1.745356
2026-01-19 16:37:43 - idx 16 case patient041_frame01 mean_dice 0.899591 mean_hd95 1.000000
2026-01-19 16:37:43 - idx 17 case patient041_frame11 mean_dice 0.834765 mean_hd95 1.244017
2026-01-19 16:37:44 - idx 18 case patient067_frame01 mean_dice 0.912262 mean_hd95 1.000000
2026-01-19 16:37:46 - idx 19 case patient067_frame10 mean_dice 0.904309 mean_hd95 1.000000
2026-01-19 16:37:46 - Mean class 1 mean_dice 0.834193 mean_hd95 1.819080
2026-01-19 16:37:46 - Mean class 2 mean_dice 0.860457 mean_hd95 1.185337
2026-01-19 16:37:46 - Mean class 3 mean_dice 0.904717 mean_hd95 1.935799
2026-01-19 16:37:46 - val epoch: 22, mean_dice: 0.8664558415402418, mean_hd95: 1.6467385537114188, time(s): 18.28
2026-01-19 16:37:46 - train: epoch 23, iter:0, loss: 0.1425, lr: 0.000886404055174016
2026-01-19 16:37:49 - train: epoch 23, iter:10, loss: 0.1753, lr: 0.000886404055174016
2026-01-19 16:37:52 - train: epoch 23, iter:20, loss: 0.1352, lr: 0.000886404055174016
2026-01-19 16:37:55 - train: epoch 23, iter:30, loss: 0.1637, lr: 0.000886404055174016
2026-01-19 16:37:57 - train: epoch 23, iter:40, loss: 0.1205, lr: 0.000886404055174016
2026-01-19 16:38:00 - train: epoch 23, iter:50, loss: 0.1159, lr: 0.000886404055174016
2026-01-19 16:38:03 - train: epoch 23, iter:60, loss: 0.1446, lr: 0.000886404055174016
2026-01-19 16:38:06 - train: epoch 23, iter:70, loss: 0.1232, lr: 0.000886404055174016
2026-01-19 16:38:08 - train: epoch 23, iter:80, loss: 0.1851, lr: 0.000886404055174016
2026-01-19 16:38:08 - Finish one epoch train: epoch 23, loss: 0.1523, time(s): 22.47
2026-01-19 16:38:09 - idx 0 case patient050_frame01 mean_dice 0.827475 mean_hd95 6.344912
2026-01-19 16:38:11 - idx 1 case patient050_frame12 mean_dice 0.740548 mean_hd95 9.369396
2026-01-19 16:38:11 - idx 2 case patient037_frame01 mean_dice 0.843284 mean_hd95 6.185450
2026-01-19 16:38:12 - idx 3 case patient037_frame12 mean_dice 0.826047 mean_hd95 6.133087
2026-01-19 16:38:13 - idx 4 case patient095_frame01 mean_dice 0.925472 mean_hd95 1.000000
2026-01-19 16:38:14 - idx 5 case patient095_frame12 mean_dice 0.875321 mean_hd95 1.520159
2026-01-19 16:38:15 - idx 6 case patient047_frame01 mean_dice 0.874775 mean_hd95 1.471405
2026-01-19 16:38:16 - idx 7 case patient047_frame09 mean_dice 0.789059 mean_hd95 2.504411
2026-01-19 16:38:17 - idx 8 case patient044_frame01 mean_dice 0.918198 mean_hd95 1.000000
2026-01-19 16:38:18 - idx 9 case patient044_frame11 mean_dice 0.828480 mean_hd95 1.885618
2026-01-19 16:38:19 - idx 10 case patient064_frame01 mean_dice 0.952248 mean_hd95 1.000000
2026-01-19 16:38:20 - idx 11 case patient064_frame12 mean_dice 0.919283 mean_hd95 1.138071
2026-01-19 16:38:21 - idx 12 case patient017_frame01 mean_dice 0.904576 mean_hd95 1.138071
2026-01-19 16:38:22 - idx 13 case patient017_frame09 mean_dice 0.921452 mean_hd95 1.000000
2026-01-19 16:38:23 - idx 14 case patient039_frame01 mean_dice 0.932654 mean_hd95 1.000000
2026-01-19 16:38:23 - idx 15 case patient039_frame10 mean_dice 0.778471 mean_hd95 5.409455
2026-01-19 16:38:24 - idx 16 case patient041_frame01 mean_dice 0.893420 mean_hd95 1.000000
2026-01-19 16:38:24 - idx 17 case patient041_frame11 mean_dice 0.798953 mean_hd95 1.715421
2026-01-19 16:38:25 - idx 18 case patient067_frame01 mean_dice 0.926036 mean_hd95 1.000000
2026-01-19 16:38:26 - idx 19 case patient067_frame10 mean_dice 0.911057 mean_hd95 1.000000
2026-01-19 16:38:26 - Mean class 1 mean_dice 0.835511 mean_hd95 4.024076
2026-01-19 16:38:26 - Mean class 2 mean_dice 0.858455 mean_hd95 1.285105
2026-01-19 16:38:26 - Mean class 3 mean_dice 0.914056 mean_hd95 2.613137
2026-01-19 16:38:26 - val epoch: 23, mean_dice: 0.8693405372104549, mean_hd95: 2.6407728011969813, time(s): 18.04
2026-01-19 16:38:27 - train: epoch 24, iter:0, loss: 0.1207, lr: 0.0008763049794670778
2026-01-19 16:38:30 - train: epoch 24, iter:10, loss: 0.2018, lr: 0.0008763049794670778
2026-01-19 16:38:33 - train: epoch 24, iter:20, loss: 0.1147, lr: 0.0008763049794670778
2026-01-19 16:38:35 - train: epoch 24, iter:30, loss: 0.1180, lr: 0.0008763049794670778
2026-01-19 16:38:38 - train: epoch 24, iter:40, loss: 0.1335, lr: 0.0008763049794670778
2026-01-19 16:38:41 - train: epoch 24, iter:50, loss: 0.1312, lr: 0.0008763049794670778
2026-01-19 16:38:44 - train: epoch 24, iter:60, loss: 0.1248, lr: 0.0008763049794670778
2026-01-19 16:38:46 - train: epoch 24, iter:70, loss: 0.1160, lr: 0.0008763049794670778
2026-01-19 16:38:49 - train: epoch 24, iter:80, loss: 0.1146, lr: 0.0008763049794670778
2026-01-19 16:38:49 - Finish one epoch train: epoch 24, loss: 0.1425, time(s): 22.43
2026-01-19 16:38:50 - idx 0 case patient050_frame01 mean_dice 0.858562 mean_hd95 1.471405
2026-01-19 16:38:51 - idx 1 case patient050_frame12 mean_dice 0.752490 mean_hd95 9.310782
2026-01-19 16:38:52 - idx 2 case patient037_frame01 mean_dice 0.830761 mean_hd95 7.340418
2026-01-19 16:38:53 - idx 3 case patient037_frame12 mean_dice 0.681120 mean_hd95 9.968933
2026-01-19 16:38:54 - idx 4 case patient095_frame01 mean_dice 0.923196 mean_hd95 1.000000
2026-01-19 16:38:55 - idx 5 case patient095_frame12 mean_dice 0.891766 mean_hd95 1.382088
2026-01-19 16:38:56 - idx 6 case patient047_frame01 mean_dice 0.883612 mean_hd95 1.471405
2026-01-19 16:38:57 - idx 7 case patient047_frame09 mean_dice 0.822778 mean_hd95 1.804738
2026-01-19 16:38:58 - idx 8 case patient044_frame01 mean_dice 0.912143 mean_hd95 1.138071
2026-01-19 16:38:59 - idx 9 case patient044_frame11 mean_dice 0.803227 mean_hd95 2.748428
2026-01-19 16:39:00 - idx 10 case patient064_frame01 mean_dice 0.949438 mean_hd95 1.000000
2026-01-19 16:39:01 - idx 11 case patient064_frame12 mean_dice 0.880057 mean_hd95 1.138071
2026-01-19 16:39:02 - idx 12 case patient017_frame01 mean_dice 0.912017 mean_hd95 1.000000
2026-01-19 16:39:03 - idx 13 case patient017_frame09 mean_dice 0.921240 mean_hd95 1.000000
2026-01-19 16:39:03 - idx 14 case patient039_frame01 mean_dice 0.930940 mean_hd95 1.000000
2026-01-19 16:39:04 - idx 15 case patient039_frame10 mean_dice 0.777825 mean_hd95 8.393062
2026-01-19 16:39:05 - idx 16 case patient041_frame01 mean_dice 0.894287 mean_hd95 1.000000
2026-01-19 16:39:05 - idx 17 case patient041_frame11 mean_dice 0.756984 mean_hd95 3.447819
2026-01-19 16:39:06 - idx 18 case patient067_frame01 mean_dice 0.928170 mean_hd95 1.000000
2026-01-19 16:39:07 - idx 19 case patient067_frame10 mean_dice 0.901282 mean_hd95 1.000000
2026-01-19 16:39:07 - Mean class 1 mean_dice 0.830207 mean_hd95 3.221066
2026-01-19 16:39:07 - Mean class 2 mean_dice 0.850364 mean_hd95 1.892935
2026-01-19 16:39:07 - Mean class 3 mean_dice 0.901214 mean_hd95 3.528282
2026-01-19 16:39:07 - val epoch: 24, mean_dice: 0.8605947621597262, mean_hd95: 2.8807609909280694, time(s): 18.07
2026-01-19 16:39:08 - train: epoch 25, iter:0, loss: 0.1159, lr: 0.000865839470573599
2026-01-19 16:39:11 - train: epoch 25, iter:10, loss: 0.1366, lr: 0.000865839470573599
2026-01-19 16:39:14 - train: epoch 25, iter:20, loss: 0.1352, lr: 0.000865839470573599
2026-01-19 16:39:16 - train: epoch 25, iter:30, loss: 0.1425, lr: 0.000865839470573599
2026-01-19 16:39:19 - train: epoch 25, iter:40, loss: 0.1269, lr: 0.000865839470573599
2026-01-19 16:39:22 - train: epoch 25, iter:50, loss: 0.1256, lr: 0.000865839470573599
2026-01-19 16:39:25 - train: epoch 25, iter:60, loss: 0.1261, lr: 0.000865839470573599
2026-01-19 16:39:27 - train: epoch 25, iter:70, loss: 0.1091, lr: 0.000865839470573599
2026-01-19 16:39:30 - train: epoch 25, iter:80, loss: 0.1076, lr: 0.000865839470573599
2026-01-19 16:39:30 - Finish one epoch train: epoch 25, loss: 0.1369, time(s): 22.41
2026-01-19 16:39:31 - idx 0 case patient050_frame01 mean_dice 0.877763 mean_hd95 7.097179
2026-01-19 16:39:32 - idx 1 case patient050_frame12 mean_dice 0.763152 mean_hd95 10.588427
2026-01-19 16:39:33 - idx 2 case patient037_frame01 mean_dice 0.849058 mean_hd95 6.000890
2026-01-19 16:39:34 - idx 3 case patient037_frame12 mean_dice 0.682444 mean_hd95 7.164285
2026-01-19 16:39:35 - idx 4 case patient095_frame01 mean_dice 0.924348 mean_hd95 1.000000
2026-01-19 16:39:36 - idx 5 case patient095_frame12 mean_dice 0.795342 mean_hd95 2.138071
2026-01-19 16:39:37 - idx 6 case patient047_frame01 mean_dice 0.896577 mean_hd95 1.138071
2026-01-19 16:39:38 - idx 7 case patient047_frame09 mean_dice 0.854207 mean_hd95 1.666667
2026-01-19 16:39:39 - idx 8 case patient044_frame01 mean_dice 0.899003 mean_hd95 1.000000
2026-01-19 16:39:40 - idx 9 case patient044_frame11 mean_dice 0.848462 mean_hd95 1.138071
2026-01-19 16:39:41 - idx 10 case patient064_frame01 mean_dice 0.946813 mean_hd95 1.000000
2026-01-19 16:39:42 - idx 11 case patient064_frame12 mean_dice 0.890064 mean_hd95 1.382088
2026-01-19 16:39:43 - idx 12 case patient017_frame01 mean_dice 0.897405 mean_hd95 1.138071
2026-01-19 16:39:44 - idx 13 case patient017_frame09 mean_dice 0.917049 mean_hd95 1.000000
2026-01-19 16:39:44 - idx 14 case patient039_frame01 mean_dice 0.926262 mean_hd95 1.000000
2026-01-19 16:39:45 - idx 15 case patient039_frame10 mean_dice 0.766246 mean_hd95 1.550094
2026-01-19 16:39:46 - idx 16 case patient041_frame01 mean_dice 0.896472 mean_hd95 1.000000
2026-01-19 16:39:46 - idx 17 case patient041_frame11 mean_dice 0.842989 mean_hd95 1.138071
2026-01-19 16:39:47 - idx 18 case patient067_frame01 mean_dice 0.905759 mean_hd95 1.000000
2026-01-19 16:39:48 - idx 19 case patient067_frame10 mean_dice 0.916937 mean_hd95 1.000000
2026-01-19 16:39:48 - Mean class 1 mean_dice 0.844472 mean_hd95 3.551406
2026-01-19 16:39:48 - Mean class 2 mean_dice 0.857235 mean_hd95 1.246410
2026-01-19 16:39:48 - Mean class 3 mean_dice 0.892746 mean_hd95 2.723182
2026-01-19 16:39:48 - val epoch: 25, mean_dice: 0.864817604824457, mean_hd95: 2.506999308238322, time(s): 18.07
2026-01-19 16:39:49 - train: epoch 26, iter:0, loss: 0.1426, lr: 0.0008550178566873413
2026-01-19 16:39:52 - train: epoch 26, iter:10, loss: 0.1342, lr: 0.0008550178566873413
2026-01-19 16:39:55 - train: epoch 26, iter:20, loss: 0.1438, lr: 0.0008550178566873413
2026-01-19 16:39:57 - train: epoch 26, iter:30, loss: 0.1328, lr: 0.0008550178566873413
2026-01-19 16:40:00 - train: epoch 26, iter:40, loss: 0.1311, lr: 0.0008550178566873413
2026-01-19 16:40:03 - train: epoch 26, iter:50, loss: 0.1190, lr: 0.0008550178566873413
2026-01-19 16:40:05 - train: epoch 26, iter:60, loss: 0.1756, lr: 0.0008550178566873413
2026-01-19 16:40:08 - train: epoch 26, iter:70, loss: 0.2128, lr: 0.0008550178566873413
2026-01-19 16:40:11 - train: epoch 26, iter:80, loss: 0.1314, lr: 0.0008550178566873413
2026-01-19 16:40:11 - Finish one epoch train: epoch 26, loss: 0.1418, time(s): 22.33
2026-01-19 16:40:12 - idx 0 case patient050_frame01 mean_dice 0.855015 mean_hd95 1.666667
2026-01-19 16:40:13 - idx 1 case patient050_frame12 mean_dice 0.794381 mean_hd95 2.630974
2026-01-19 16:40:14 - idx 2 case patient037_frame01 mean_dice 0.823896 mean_hd95 6.321703
2026-01-19 16:40:14 - idx 3 case patient037_frame12 mean_dice 0.671876 mean_hd95 7.192246
2026-01-19 16:40:16 - idx 4 case patient095_frame01 mean_dice 0.919338 mean_hd95 1.000000
2026-01-19 16:40:17 - idx 5 case patient095_frame12 mean_dice 0.829229 mean_hd95 2.244017
2026-01-19 16:40:18 - idx 6 case patient047_frame01 mean_dice 0.886761 mean_hd95 1.550094
2026-01-19 16:40:19 - idx 7 case patient047_frame09 mean_dice 0.839439 mean_hd95 1.550094
2026-01-19 16:40:20 - idx 8 case patient044_frame01 mean_dice 0.903438 mean_hd95 1.244017
2026-01-19 16:40:21 - idx 9 case patient044_frame11 mean_dice 0.858284 mean_hd95 1.498946
2026-01-19 16:40:22 - idx 10 case patient064_frame01 mean_dice 0.946351 mean_hd95 1.000000
2026-01-19 16:40:23 - idx 11 case patient064_frame12 mean_dice 0.857172 mean_hd95 1.550094
2026-01-19 16:40:24 - idx 12 case patient017_frame01 mean_dice 0.899972 mean_hd95 1.138071
2026-01-19 16:40:24 - idx 13 case patient017_frame09 mean_dice 0.921295 mean_hd95 1.000000
2026-01-19 16:40:25 - idx 14 case patient039_frame01 mean_dice 0.925494 mean_hd95 1.000000
2026-01-19 16:40:26 - idx 15 case patient039_frame10 mean_dice 0.797152 mean_hd95 1.824045
2026-01-19 16:40:27 - idx 16 case patient041_frame01 mean_dice 0.889749 mean_hd95 1.000000
2026-01-19 16:40:27 - idx 17 case patient041_frame11 mean_dice 0.830961 mean_hd95 1.333333
2026-01-19 16:40:28 - idx 18 case patient067_frame01 mean_dice 0.918727 mean_hd95 1.000000
2026-01-19 16:40:29 - idx 19 case patient067_frame10 mean_dice 0.911623 mean_hd95 1.000000
2026-01-19 16:40:29 - Mean class 1 mean_dice 0.844297 mean_hd95 1.731461
2026-01-19 16:40:29 - Mean class 2 mean_dice 0.853540 mean_hd95 1.309273
2026-01-19 16:40:29 - Mean class 3 mean_dice 0.894185 mean_hd95 2.770911
2026-01-19 16:40:29 - val epoch: 26, mean_dice: 0.8640076040753236, mean_hd95: 1.937215032509706, time(s): 18.04
2026-01-19 16:40:30 - train: epoch 27, iter:0, loss: 0.1612, lr: 0.0008438508174347012
2026-01-19 16:40:33 - train: epoch 27, iter:10, loss: 0.1360, lr: 0.0008438508174347012
2026-01-19 16:40:35 - train: epoch 27, iter:20, loss: 0.1194, lr: 0.0008438508174347012
2026-01-19 16:40:38 - train: epoch 27, iter:30, loss: 0.1093, lr: 0.0008438508174347012
2026-01-19 16:40:41 - train: epoch 27, iter:40, loss: 0.1002, lr: 0.0008438508174347012
2026-01-19 16:40:44 - train: epoch 27, iter:50, loss: 0.1864, lr: 0.0008438508174347012
2026-01-19 16:40:46 - train: epoch 27, iter:60, loss: 0.1710, lr: 0.0008438508174347012
2026-01-19 16:40:49 - train: epoch 27, iter:70, loss: 0.1478, lr: 0.0008438508174347012
2026-01-19 16:40:52 - train: epoch 27, iter:80, loss: 0.1013, lr: 0.0008438508174347012
2026-01-19 16:40:52 - Finish one epoch train: epoch 27, loss: 0.1441, time(s): 22.45
2026-01-19 16:40:53 - idx 0 case patient050_frame01 mean_dice 0.891326 mean_hd95 1.138071
2026-01-19 16:40:54 - idx 1 case patient050_frame12 mean_dice 0.786522 mean_hd95 2.393847
2026-01-19 16:40:55 - idx 2 case patient037_frame01 mean_dice 0.808750 mean_hd95 6.863050
2026-01-19 16:40:55 - idx 3 case patient037_frame12 mean_dice 0.504348 mean_hd95 10.347965
2026-01-19 16:40:57 - idx 4 case patient095_frame01 mean_dice 0.919747 mean_hd95 1.000000
2026-01-19 16:40:58 - idx 5 case patient095_frame12 mean_dice 0.840283 mean_hd95 1.989373
2026-01-19 16:40:59 - idx 6 case patient047_frame01 mean_dice 0.902644 mean_hd95 1.138071
2026-01-19 16:41:00 - idx 7 case patient047_frame09 mean_dice 0.823658 mean_hd95 2.983211
2026-01-19 16:41:01 - idx 8 case patient044_frame01 mean_dice 0.904223 mean_hd95 1.244017
2026-01-19 16:41:02 - idx 9 case patient044_frame11 mean_dice 0.793454 mean_hd95 3.264589
2026-01-19 16:41:03 - idx 10 case patient064_frame01 mean_dice 0.939165 mean_hd95 1.000000
2026-01-19 16:41:04 - idx 11 case patient064_frame12 mean_dice 0.842825 mean_hd95 1.727180
2026-01-19 16:41:05 - idx 12 case patient017_frame01 mean_dice 0.883231 mean_hd95 1.138071
2026-01-19 16:41:05 - idx 13 case patient017_frame09 mean_dice 0.905714 mean_hd95 1.138071
2026-01-19 16:41:06 - idx 14 case patient039_frame01 mean_dice 0.921778 mean_hd95 1.000000
2026-01-19 16:41:07 - idx 15 case patient039_frame10 mean_dice 0.753318 mean_hd95 2.159570
2026-01-19 16:41:08 - idx 16 case patient041_frame01 mean_dice 0.894570 mean_hd95 1.000000
2026-01-19 16:41:08 - idx 17 case patient041_frame11 mean_dice 0.794593 mean_hd95 1.989373
2026-01-19 16:41:09 - idx 18 case patient067_frame01 mean_dice 0.919568 mean_hd95 1.000000
2026-01-19 16:41:10 - idx 19 case patient067_frame10 mean_dice 0.886329 mean_hd95 1.138071
2026-01-19 16:41:10 - Mean class 1 mean_dice 0.828613 mean_hd95 1.838611
2026-01-19 16:41:10 - Mean class 2 mean_dice 0.832993 mean_hd95 1.776433
2026-01-19 16:41:10 - Mean class 3 mean_dice 0.875802 mean_hd95 3.232835
2026-01-19 16:41:10 - val epoch: 27, mean_dice: 0.8458023033857666, mean_hd95: 2.2826265130218633, time(s): 18.08
2026-01-19 16:41:11 - train: epoch 28, iter:0, loss: 0.1281, lr: 0.000832349373335208
2026-01-19 16:41:14 - train: epoch 28, iter:10, loss: 0.1184, lr: 0.000832349373335208
2026-01-19 16:41:16 - train: epoch 28, iter:20, loss: 0.1504, lr: 0.000832349373335208
2026-01-19 16:41:19 - train: epoch 28, iter:30, loss: 0.1127, lr: 0.000832349373335208
2026-01-19 16:41:22 - train: epoch 28, iter:40, loss: 0.1381, lr: 0.000832349373335208
2026-01-19 16:41:25 - train: epoch 28, iter:50, loss: 0.1792, lr: 0.000832349373335208
2026-01-19 16:41:28 - train: epoch 28, iter:60, loss: 0.1381, lr: 0.000832349373335208
2026-01-19 16:41:30 - train: epoch 28, iter:70, loss: 0.1589, lr: 0.000832349373335208
2026-01-19 16:41:33 - train: epoch 28, iter:80, loss: 0.1302, lr: 0.000832349373335208
2026-01-19 16:41:33 - Finish one epoch train: epoch 28, loss: 0.1368, time(s): 22.59
2026-01-19 16:41:34 - idx 0 case patient050_frame01 mean_dice 0.897354 mean_hd95 1.382088
2026-01-19 16:41:35 - idx 1 case patient050_frame12 mean_dice 0.802905 mean_hd95 3.612518
2026-01-19 16:41:36 - idx 2 case patient037_frame01 mean_dice 0.841682 mean_hd95 7.097205
2026-01-19 16:41:37 - idx 3 case patient037_frame12 mean_dice 0.689448 mean_hd95 10.201639
2026-01-19 16:41:38 - idx 4 case patient095_frame01 mean_dice 0.923595 mean_hd95 1.000000
2026-01-19 16:41:39 - idx 5 case patient095_frame12 mean_dice 0.882956 mean_hd95 1.747547
2026-01-19 16:41:40 - idx 6 case patient047_frame01 mean_dice 0.905648 mean_hd95 1.000000
2026-01-19 16:41:41 - idx 7 case patient047_frame09 mean_dice 0.834969 mean_hd95 1.804738
2026-01-19 16:41:42 - idx 8 case patient044_frame01 mean_dice 0.924497 mean_hd95 1.000000
2026-01-19 16:41:43 - idx 9 case patient044_frame11 mean_dice 0.860574 mean_hd95 1.471405
2026-01-19 16:41:44 - idx 10 case patient064_frame01 mean_dice 0.951684 mean_hd95 1.000000
2026-01-19 16:41:45 - idx 11 case patient064_frame12 mean_dice 0.930399 mean_hd95 1.000000
2026-01-19 16:41:46 - idx 12 case patient017_frame01 mean_dice 0.910607 mean_hd95 1.000000
2026-01-19 16:41:46 - idx 13 case patient017_frame09 mean_dice 0.925054 mean_hd95 1.000000
2026-01-19 16:41:47 - idx 14 case patient039_frame01 mean_dice 0.931111 mean_hd95 1.000000
2026-01-19 16:41:48 - idx 15 case patient039_frame10 mean_dice 0.832694 mean_hd95 1.382088
2026-01-19 16:41:48 - idx 16 case patient041_frame01 mean_dice 0.898911 mean_hd95 1.000000
2026-01-19 16:41:49 - idx 17 case patient041_frame11 mean_dice 0.815103 mean_hd95 1.794111
2026-01-19 16:41:50 - idx 18 case patient067_frame01 mean_dice 0.923738 mean_hd95 1.000000
2026-01-19 16:41:51 - idx 19 case patient067_frame10 mean_dice 0.913797 mean_hd95 1.000000
2026-01-19 16:41:51 - Mean class 1 mean_dice 0.863193 mean_hd95 1.802416
2026-01-19 16:41:51 - Mean class 2 mean_dice 0.868983 mean_hd95 1.643850
2026-01-19 16:41:51 - Mean class 3 mean_dice 0.907333 mean_hd95 2.777735
2026-01-19 16:41:51 - val epoch: 28, mean_dice: 0.8798363456936905, mean_hd95: 2.074666933006766, time(s): 17.92
2026-01-19 16:41:52 - train: epoch 29, iter:0, loss: 0.1136, lr: 0.0008205248749256018
2026-01-19 16:41:55 - train: epoch 29, iter:10, loss: 0.1440, lr: 0.0008205248749256018
2026-01-19 16:41:57 - train: epoch 29, iter:20, loss: 0.1061, lr: 0.0008205248749256018
2026-01-19 16:42:00 - train: epoch 29, iter:30, loss: 0.1233, lr: 0.0008205248749256018
2026-01-19 16:42:03 - train: epoch 29, iter:40, loss: 0.1171, lr: 0.0008205248749256018
2026-01-19 16:42:06 - train: epoch 29, iter:50, loss: 0.1134, lr: 0.0008205248749256018
2026-01-19 16:42:08 - train: epoch 29, iter:60, loss: 0.1297, lr: 0.0008205248749256018
2026-01-19 16:42:11 - train: epoch 29, iter:70, loss: 0.1437, lr: 0.0008205248749256018
2026-01-19 16:42:14 - train: epoch 29, iter:80, loss: 0.1282, lr: 0.0008205248749256018
2026-01-19 16:42:14 - Finish one epoch train: epoch 29, loss: 0.1327, time(s): 22.39
2026-01-19 16:42:15 - idx 0 case patient050_frame01 mean_dice 0.883265 mean_hd95 4.210606
2026-01-19 16:42:16 - idx 1 case patient050_frame12 mean_dice 0.777218 mean_hd95 2.489752
2026-01-19 16:42:17 - idx 2 case patient037_frame01 mean_dice 0.833665 mean_hd95 6.791961
2026-01-19 16:42:17 - idx 3 case patient037_frame12 mean_dice 0.723767 mean_hd95 7.058007
2026-01-19 16:42:19 - idx 4 case patient095_frame01 mean_dice 0.914907 mean_hd95 1.609476
2026-01-19 16:42:20 - idx 5 case patient095_frame12 mean_dice 0.758098 mean_hd95 2.395775
2026-01-19 16:42:21 - idx 6 case patient047_frame01 mean_dice 0.904319 mean_hd95 1.000000
2026-01-19 16:42:22 - idx 7 case patient047_frame09 mean_dice 0.831042 mean_hd95 2.041035
2026-01-19 16:42:23 - idx 8 case patient044_frame01 mean_dice 0.920279 mean_hd95 1.000000
2026-01-19 16:42:24 - idx 9 case patient044_frame11 mean_dice 0.860321 mean_hd95 1.414214
2026-01-19 16:42:25 - idx 10 case patient064_frame01 mean_dice 0.950637 mean_hd95 1.000000
2026-01-19 16:42:26 - idx 11 case patient064_frame12 mean_dice 0.916802 mean_hd95 1.000000
2026-01-19 16:42:27 - idx 12 case patient017_frame01 mean_dice 0.911752 mean_hd95 1.000000
2026-01-19 16:42:27 - idx 13 case patient017_frame09 mean_dice 0.928172 mean_hd95 1.000000
2026-01-19 16:42:28 - idx 14 case patient039_frame01 mean_dice 0.934701 mean_hd95 1.000000
2026-01-19 16:42:29 - idx 15 case patient039_frame10 mean_dice 0.774420 mean_hd95 2.138071
2026-01-19 16:42:30 - idx 16 case patient041_frame01 mean_dice 0.916498 mean_hd95 1.000000
2026-01-19 16:42:30 - idx 17 case patient041_frame11 mean_dice 0.781568 mean_hd95 2.942809
2026-01-19 16:42:31 - idx 18 case patient067_frame01 mean_dice 0.924371 mean_hd95 1.000000
2026-01-19 16:42:32 - idx 19 case patient067_frame10 mean_dice 0.911481 mean_hd95 1.000000
2026-01-19 16:42:32 - Mean class 1 mean_dice 0.837443 mean_hd95 2.301325
2026-01-19 16:42:32 - Mean class 2 mean_dice 0.861031 mean_hd95 1.312630
2026-01-19 16:42:32 - Mean class 3 mean_dice 0.905119 mean_hd95 2.849800
2026-01-19 16:42:32 - val epoch: 29, mean_dice: 0.867864194239082, mean_hd95: 2.15458528729753, time(s): 18.15
2026-01-19 16:42:33 - train: epoch 30, iter:0, loss: 0.1493, lr: 0.0008083889915582238
2026-01-19 16:42:36 - train: epoch 30, iter:10, loss: 0.0994, lr: 0.0008083889915582238
2026-01-19 16:42:38 - train: epoch 30, iter:20, loss: 0.1644, lr: 0.0008083889915582238
2026-01-19 16:42:41 - train: epoch 30, iter:30, loss: 0.1058, lr: 0.0008083889915582238
2026-01-19 16:42:44 - train: epoch 30, iter:40, loss: 0.1103, lr: 0.0008083889915582238
2026-01-19 16:42:47 - train: epoch 30, iter:50, loss: 0.1248, lr: 0.0008083889915582238
2026-01-19 16:42:50 - train: epoch 30, iter:60, loss: 0.1163, lr: 0.0008083889915582238
2026-01-19 16:42:52 - train: epoch 30, iter:70, loss: 0.1118, lr: 0.0008083889915582238
2026-01-19 16:42:55 - train: epoch 30, iter:80, loss: 0.1000, lr: 0.0008083889915582238
2026-01-19 16:42:55 - Finish one epoch train: epoch 30, loss: 0.1279, time(s): 22.57
2026-01-19 16:42:56 - idx 0 case patient050_frame01 mean_dice 0.884523 mean_hd95 1.138071
2026-01-19 16:42:57 - idx 1 case patient050_frame12 mean_dice 0.813810 mean_hd95 2.870122
2026-01-19 16:42:58 - idx 2 case patient037_frame01 mean_dice 0.855759 mean_hd95 6.439396
2026-01-19 16:42:59 - idx 3 case patient037_frame12 mean_dice 0.661122 mean_hd95 7.356449
2026-01-19 16:43:00 - idx 4 case patient095_frame01 mean_dice 0.930228 mean_hd95 1.000000
2026-01-19 16:43:01 - idx 5 case patient095_frame12 mean_dice 0.887855 mean_hd95 1.471405
2026-01-19 16:43:02 - idx 6 case patient047_frame01 mean_dice 0.901491 mean_hd95 1.000000
2026-01-19 16:43:03 - idx 7 case patient047_frame09 mean_dice 0.853573 mean_hd95 1.550094
2026-01-19 16:43:04 - idx 8 case patient044_frame01 mean_dice 0.911589 mean_hd95 1.000000
2026-01-19 16:43:05 - idx 9 case patient044_frame11 mean_dice 0.850461 mean_hd95 1.550094
2026-01-19 16:43:06 - idx 10 case patient064_frame01 mean_dice 0.951545 mean_hd95 1.000000
2026-01-19 16:43:07 - idx 11 case patient064_frame12 mean_dice 0.917924 mean_hd95 1.000000
2026-01-19 16:43:08 - idx 12 case patient017_frame01 mean_dice 0.900728 mean_hd95 1.138071
2026-01-19 16:43:08 - idx 13 case patient017_frame09 mean_dice 0.924230 mean_hd95 1.000000
2026-01-19 16:43:09 - idx 14 case patient039_frame01 mean_dice 0.935406 mean_hd95 1.000000
2026-01-19 16:43:10 - idx 15 case patient039_frame10 mean_dice 0.834454 mean_hd95 1.488034
2026-01-19 16:43:11 - idx 16 case patient041_frame01 mean_dice 0.896369 mean_hd95 1.000000
2026-01-19 16:43:11 - idx 17 case patient041_frame11 mean_dice 0.780414 mean_hd95 2.412023
2026-01-19 16:43:12 - idx 18 case patient067_frame01 mean_dice 0.921704 mean_hd95 1.000000
2026-01-19 16:43:13 - idx 19 case patient067_frame10 mean_dice 0.911635 mean_hd95 1.000000
2026-01-19 16:43:13 - Mean class 1 mean_dice 0.847137 mean_hd95 1.647247
2026-01-19 16:43:13 - Mean class 2 mean_dice 0.868095 mean_hd95 1.232843
2026-01-19 16:43:13 - Mean class 3 mean_dice 0.913491 mean_hd95 2.731973
2026-01-19 16:43:13 - val epoch: 30, mean_dice: 0.8762409324633801, mean_hd95: 1.8706878898068584, time(s): 17.99
2026-01-19 16:43:14 - train: epoch 31, iter:0, loss: 0.1297, lr: 0.0007959536998847747
2026-01-19 16:43:17 - train: epoch 31, iter:10, loss: 0.0979, lr: 0.0007959536998847747
2026-01-19 16:43:20 - train: epoch 31, iter:20, loss: 0.1708, lr: 0.0007959536998847747
2026-01-19 16:43:22 - train: epoch 31, iter:30, loss: 0.1402, lr: 0.0007959536998847747
2026-01-19 16:43:25 - train: epoch 31, iter:40, loss: 0.1119, lr: 0.0007959536998847747
2026-01-19 16:43:28 - train: epoch 31, iter:50, loss: 0.1053, lr: 0.0007959536998847747
2026-01-19 16:43:31 - train: epoch 31, iter:60, loss: 0.1710, lr: 0.0007959536998847747
2026-01-19 16:43:33 - train: epoch 31, iter:70, loss: 0.1747, lr: 0.0007959536998847747
2026-01-19 16:43:36 - train: epoch 31, iter:80, loss: 0.1354, lr: 0.0007959536998847747
2026-01-19 16:43:36 - Finish one epoch train: epoch 31, loss: 0.1253, time(s): 22.68
2026-01-19 16:43:37 - idx 0 case patient050_frame01 mean_dice 0.867378 mean_hd95 2.054093
2026-01-19 16:43:38 - idx 1 case patient050_frame12 mean_dice 0.790210 mean_hd95 4.287901
2026-01-19 16:43:39 - idx 2 case patient037_frame01 mean_dice 0.880298 mean_hd95 1.138071
2026-01-19 16:43:40 - idx 3 case patient037_frame12 mean_dice 0.680314 mean_hd95 10.120023
2026-01-19 16:43:41 - idx 4 case patient095_frame01 mean_dice 0.925557 mean_hd95 1.000000
2026-01-19 16:43:42 - idx 5 case patient095_frame12 mean_dice 0.865912 mean_hd95 1.759306
2026-01-19 16:43:43 - idx 6 case patient047_frame01 mean_dice 0.898704 mean_hd95 1.000000
2026-01-19 16:43:44 - idx 7 case patient047_frame09 mean_dice 0.849427 mean_hd95 1.550094
2026-01-19 16:43:45 - idx 8 case patient044_frame01 mean_dice 0.920603 mean_hd95 1.000000
2026-01-19 16:43:46 - idx 9 case patient044_frame11 mean_dice 0.865653 mean_hd95 1.471405
2026-01-19 16:43:47 - idx 10 case patient064_frame01 mean_dice 0.950258 mean_hd95 1.000000
2026-01-19 16:43:48 - idx 11 case patient064_frame12 mean_dice 0.881023 mean_hd95 1.138071
2026-01-19 16:43:49 - idx 12 case patient017_frame01 mean_dice 0.905878 mean_hd95 1.000000
2026-01-19 16:43:50 - idx 13 case patient017_frame09 mean_dice 0.928713 mean_hd95 1.000000
2026-01-19 16:43:50 - idx 14 case patient039_frame01 mean_dice 0.933888 mean_hd95 1.000000
2026-01-19 16:43:51 - idx 15 case patient039_frame10 mean_dice 0.820753 mean_hd95 1.503188
2026-01-19 16:43:52 - idx 16 case patient041_frame01 mean_dice 0.900337 mean_hd95 1.000000
2026-01-19 16:43:52 - idx 17 case patient041_frame11 mean_dice 0.829146 mean_hd95 1.514684
2026-01-19 16:43:53 - idx 18 case patient067_frame01 mean_dice 0.906380 mean_hd95 1.000000
2026-01-19 16:43:54 - idx 19 case patient067_frame10 mean_dice 0.913529 mean_hd95 1.000000
2026-01-19 16:43:54 - Mean class 1 mean_dice 0.854264 mean_hd95 1.903186
2026-01-19 16:43:54 - Mean class 2 mean_dice 0.862215 mean_hd95 1.600420
2026-01-19 16:43:54 - Mean class 3 mean_dice 0.910615 mean_hd95 1.976919
2026-01-19 16:43:54 - val epoch: 31, mean_dice: 0.8756980634592891, mean_hd95: 1.8268417232484186, time(s): 18.11
2026-01-19 16:43:55 - train: epoch 32, iter:0, loss: 0.0934, lr: 0.0007832312720368051
2026-01-19 16:43:58 - train: epoch 32, iter:10, loss: 0.0936, lr: 0.0007832312720368051
2026-01-19 16:44:01 - train: epoch 32, iter:20, loss: 0.1299, lr: 0.0007832312720368051
2026-01-19 16:44:03 - train: epoch 32, iter:30, loss: 0.1331, lr: 0.0007832312720368051
2026-01-19 16:44:06 - train: epoch 32, iter:40, loss: 0.1007, lr: 0.0007832312720368051
2026-01-19 16:44:09 - train: epoch 32, iter:50, loss: 0.1159, lr: 0.0007832312720368051
2026-01-19 16:44:12 - train: epoch 32, iter:60, loss: 0.1207, lr: 0.0007832312720368051
2026-01-19 16:44:14 - train: epoch 32, iter:70, loss: 0.1317, lr: 0.0007832312720368051
2026-01-19 16:44:17 - train: epoch 32, iter:80, loss: 0.1200, lr: 0.0007832312720368051
2026-01-19 16:44:17 - Finish one epoch train: epoch 32, loss: 0.1184, time(s): 22.41
2026-01-19 16:44:18 - idx 0 case patient050_frame01 mean_dice 0.882601 mean_hd95 7.298964
2026-01-19 16:44:19 - idx 1 case patient050_frame12 mean_dice 0.785236 mean_hd95 10.699877
2026-01-19 16:44:20 - idx 2 case patient037_frame01 mean_dice 0.884776 mean_hd95 1.138071
2026-01-19 16:44:21 - idx 3 case patient037_frame12 mean_dice 0.675713 mean_hd95 6.616313
2026-01-19 16:44:22 - idx 4 case patient095_frame01 mean_dice 0.927651 mean_hd95 1.138071
2026-01-19 16:44:23 - idx 5 case patient095_frame12 mean_dice 0.785228 mean_hd95 2.048755
2026-01-19 16:44:24 - idx 6 case patient047_frame01 mean_dice 0.910255 mean_hd95 1.000000
2026-01-19 16:44:25 - idx 7 case patient047_frame09 mean_dice 0.872243 mean_hd95 1.471405
2026-01-19 16:44:26 - idx 8 case patient044_frame01 mean_dice 0.916264 mean_hd95 1.000000
2026-01-19 16:44:27 - idx 9 case patient044_frame11 mean_dice 0.863228 mean_hd95 1.382088
2026-01-19 16:44:28 - idx 10 case patient064_frame01 mean_dice 0.948903 mean_hd95 1.000000
2026-01-19 16:44:29 - idx 11 case patient064_frame12 mean_dice 0.852914 mean_hd95 1.276142
2026-01-19 16:44:30 - idx 12 case patient017_frame01 mean_dice 0.905753 mean_hd95 1.000000
2026-01-19 16:44:31 - idx 13 case patient017_frame09 mean_dice 0.929604 mean_hd95 1.000000
2026-01-19 16:44:31 - idx 14 case patient039_frame01 mean_dice 0.933089 mean_hd95 1.000000
2026-01-19 16:44:32 - idx 15 case patient039_frame10 mean_dice 0.778557 mean_hd95 1.577350
2026-01-19 16:44:33 - idx 16 case patient041_frame01 mean_dice 0.913543 mean_hd95 1.000000
2026-01-19 16:44:33 - idx 17 case patient041_frame11 mean_dice 0.852490 mean_hd95 1.609476
2026-01-19 16:44:34 - idx 18 case patient067_frame01 mean_dice 0.916715 mean_hd95 1.000000
2026-01-19 16:44:35 - idx 19 case patient067_frame10 mean_dice 0.916655 mean_hd95 1.000000
2026-01-19 16:44:35 - Mean class 1 mean_dice 0.845834 mean_hd95 3.583010
2026-01-19 16:44:35 - Mean class 2 mean_dice 0.861718 mean_hd95 1.296799
2026-01-19 16:44:35 - Mean class 3 mean_dice 0.910161 mean_hd95 1.908668
2026-01-19 16:44:35 - val epoch: 32, mean_dice: 0.8725707913983135, mean_hd95: 2.262825593272682, time(s): 18.13
2026-01-19 16:44:36 - train: epoch 33, iter:0, loss: 0.0921, lr: 0.0007702342635146037
2026-01-19 16:44:39 - train: epoch 33, iter:10, loss: 0.1319, lr: 0.0007702342635146037
2026-01-19 16:44:42 - train: epoch 33, iter:20, loss: 0.0947, lr: 0.0007702342635146037
2026-01-19 16:44:44 - train: epoch 33, iter:30, loss: 0.1208, lr: 0.0007702342635146037
2026-01-19 16:44:47 - train: epoch 33, iter:40, loss: 0.1254, lr: 0.0007702342635146037
2026-01-19 16:44:50 - train: epoch 33, iter:50, loss: 0.1274, lr: 0.0007702342635146037
2026-01-19 16:44:53 - train: epoch 33, iter:60, loss: 0.1248, lr: 0.0007702342635146037
2026-01-19 16:44:56 - train: epoch 33, iter:70, loss: 0.1137, lr: 0.0007702342635146037
2026-01-19 16:44:58 - train: epoch 33, iter:80, loss: 0.1083, lr: 0.0007702342635146037
2026-01-19 16:44:58 - Finish one epoch train: epoch 33, loss: 0.1236, time(s): 22.63
2026-01-19 16:44:59 - idx 0 case patient050_frame01 mean_dice 0.844903 mean_hd95 2.149830
2026-01-19 16:45:01 - idx 1 case patient050_frame12 mean_dice 0.754319 mean_hd95 2.845773
2026-01-19 16:45:01 - idx 2 case patient037_frame01 mean_dice 0.856675 mean_hd95 1.412023
2026-01-19 16:45:02 - idx 3 case patient037_frame12 mean_dice 0.792385 mean_hd95 7.316242
2026-01-19 16:45:03 - idx 4 case patient095_frame01 mean_dice 0.927452 mean_hd95 1.000000
2026-01-19 16:45:04 - idx 5 case patient095_frame12 mean_dice 0.857739 mean_hd95 1.688165
2026-01-19 16:45:05 - idx 6 case patient047_frame01 mean_dice 0.890153 mean_hd95 1.804738
2026-01-19 16:45:06 - idx 7 case patient047_frame09 mean_dice 0.798642 mean_hd95 4.832420
2026-01-19 16:45:07 - idx 8 case patient044_frame01 mean_dice 0.920603 mean_hd95 1.000000
2026-01-19 16:45:08 - idx 9 case patient044_frame11 mean_dice 0.804078 mean_hd95 2.216761
2026-01-19 16:45:09 - idx 10 case patient064_frame01 mean_dice 0.950614 mean_hd95 1.000000
2026-01-19 16:45:10 - idx 11 case patient064_frame12 mean_dice 0.881508 mean_hd95 1.138071
2026-01-19 16:45:11 - idx 12 case patient017_frame01 mean_dice 0.918656 mean_hd95 1.000000
2026-01-19 16:45:12 - idx 13 case patient017_frame09 mean_dice 0.931407 mean_hd95 1.000000
2026-01-19 16:45:13 - idx 14 case patient039_frame01 mean_dice 0.925475 mean_hd95 1.333333
2026-01-19 16:45:13 - idx 15 case patient039_frame10 mean_dice 0.837865 mean_hd95 1.488034
2026-01-19 16:45:14 - idx 16 case patient041_frame01 mean_dice 0.899563 mean_hd95 1.000000
2026-01-19 16:45:14 - idx 17 case patient041_frame11 mean_dice 0.812089 mean_hd95 1.962117
2026-01-19 16:45:15 - idx 18 case patient067_frame01 mean_dice 0.925452 mean_hd95 1.000000
2026-01-19 16:45:17 - idx 19 case patient067_frame10 mean_dice 0.913688 mean_hd95 1.000000
2026-01-19 16:45:17 - Mean class 1 mean_dice 0.843810 mean_hd95 2.363248
2026-01-19 16:45:17 - Mean class 2 mean_dice 0.861309 mean_hd95 1.393987
2026-01-19 16:45:17 - Mean class 3 mean_dice 0.911370 mean_hd95 1.970891
2026-01-19 16:45:17 - val epoch: 33, mean_dice: 0.8721632726405445, mean_hd95: 1.9093752986085095, time(s): 18.09
2026-01-19 16:45:17 - train: epoch 34, iter:0, loss: 0.1153, lr: 0.0007569755007964342
2026-01-19 16:45:20 - train: epoch 34, iter:10, loss: 0.0992, lr: 0.0007569755007964342
2026-01-19 16:45:23 - train: epoch 34, iter:20, loss: 0.1095, lr: 0.0007569755007964342
2026-01-19 16:45:26 - train: epoch 34, iter:30, loss: 0.1408, lr: 0.0007569755007964342
2026-01-19 16:45:28 - train: epoch 34, iter:40, loss: 0.1281, lr: 0.0007569755007964342
2026-01-19 16:45:31 - train: epoch 34, iter:50, loss: 0.1132, lr: 0.0007569755007964342
2026-01-19 16:45:34 - train: epoch 34, iter:60, loss: 0.1554, lr: 0.0007569755007964342
2026-01-19 16:45:37 - train: epoch 34, iter:70, loss: 0.1381, lr: 0.0007569755007964342
2026-01-19 16:45:39 - train: epoch 34, iter:80, loss: 0.1028, lr: 0.0007569755007964342
2026-01-19 16:45:39 - Finish one epoch train: epoch 34, loss: 0.1202, time(s): 22.48
2026-01-19 16:45:41 - idx 0 case patient050_frame01 mean_dice 0.832595 mean_hd95 7.099609
2026-01-19 16:45:42 - idx 1 case patient050_frame12 mean_dice 0.810832 mean_hd95 9.445279
2026-01-19 16:45:42 - idx 2 case patient037_frame01 mean_dice 0.862991 mean_hd95 5.888738
2026-01-19 16:45:43 - idx 3 case patient037_frame12 mean_dice 0.764431 mean_hd95 6.539865
2026-01-19 16:45:44 - idx 4 case patient095_frame01 mean_dice 0.923114 mean_hd95 1.244017
2026-01-19 16:45:46 - idx 5 case patient095_frame12 mean_dice 0.816792 mean_hd95 1.996902
2026-01-19 16:45:46 - idx 6 case patient047_frame01 mean_dice 0.903912 mean_hd95 1.000000
2026-01-19 16:45:47 - idx 7 case patient047_frame09 mean_dice 0.833342 mean_hd95 1.804738
2026-01-19 16:45:48 - idx 8 case patient044_frame01 mean_dice 0.925630 mean_hd95 1.000000
2026-01-19 16:45:49 - idx 9 case patient044_frame11 mean_dice 0.876570 mean_hd95 1.138071
2026-01-19 16:45:50 - idx 10 case patient064_frame01 mean_dice 0.949922 mean_hd95 1.000000
2026-01-19 16:45:51 - idx 11 case patient064_frame12 mean_dice 0.878445 mean_hd95 1.138071
2026-01-19 16:45:52 - idx 12 case patient017_frame01 mean_dice 0.907643 mean_hd95 1.000000
2026-01-19 16:45:53 - idx 13 case patient017_frame09 mean_dice 0.933086 mean_hd95 1.000000
2026-01-19 16:45:54 - idx 14 case patient039_frame01 mean_dice 0.929378 mean_hd95 1.000000
2026-01-19 16:45:55 - idx 15 case patient039_frame10 mean_dice 0.760909 mean_hd95 1.550094
2026-01-19 16:45:55 - idx 16 case patient041_frame01 mean_dice 0.909475 mean_hd95 1.000000
2026-01-19 16:45:56 - idx 17 case patient041_frame11 mean_dice 0.851219 mean_hd95 1.333333
2026-01-19 16:45:57 - idx 18 case patient067_frame01 mean_dice 0.921911 mean_hd95 1.000000
2026-01-19 16:45:58 - idx 19 case patient067_frame10 mean_dice 0.908172 mean_hd95 1.000000
2026-01-19 16:45:58 - Mean class 1 mean_dice 0.859384 mean_hd95 3.470196
2026-01-19 16:45:58 - Mean class 2 mean_dice 0.863964 mean_hd95 1.212302
2026-01-19 16:45:58 - Mean class 3 mean_dice 0.901707 mean_hd95 2.544310
2026-01-19 16:45:58 - val epoch: 34, mean_dice: 0.8750184889736848, mean_hd95: 2.408935861690678, time(s): 18.31
2026-01-19 16:45:59 - train: epoch 35, iter:0, loss: 0.1120, lr: 0.0007434680686803494
2026-01-19 16:46:01 - train: epoch 35, iter:10, loss: 0.1199, lr: 0.0007434680686803494
2026-01-19 16:46:04 - train: epoch 35, iter:20, loss: 0.1149, lr: 0.0007434680686803494
2026-01-19 16:46:07 - train: epoch 35, iter:30, loss: 0.1153, lr: 0.0007434680686803494
2026-01-19 16:46:10 - train: epoch 35, iter:40, loss: 0.1019, lr: 0.0007434680686803494
2026-01-19 16:46:12 - train: epoch 35, iter:50, loss: 0.1559, lr: 0.0007434680686803494
2026-01-19 16:46:15 - train: epoch 35, iter:60, loss: 0.1060, lr: 0.0007434680686803494
2026-01-19 16:46:18 - train: epoch 35, iter:70, loss: 0.1184, lr: 0.0007434680686803494
2026-01-19 16:46:21 - train: epoch 35, iter:80, loss: 0.0975, lr: 0.0007434680686803494
2026-01-19 16:46:21 - Finish one epoch train: epoch 35, loss: 0.1175, time(s): 22.44
2026-01-19 16:46:22 - idx 0 case patient050_frame01 mean_dice 0.890625 mean_hd95 2.939113
2026-01-19 16:46:23 - idx 1 case patient050_frame12 mean_dice 0.798611 mean_hd95 9.027881
2026-01-19 16:46:23 - idx 2 case patient037_frame01 mean_dice 0.855170 mean_hd95 6.497474
2026-01-19 16:46:24 - idx 3 case patient037_frame12 mean_dice 0.707936 mean_hd95 7.047712
2026-01-19 16:46:25 - idx 4 case patient095_frame01 mean_dice 0.927760 mean_hd95 1.000000
2026-01-19 16:46:27 - idx 5 case patient095_frame12 mean_dice 0.879154 mean_hd95 1.621234
2026-01-19 16:46:27 - idx 6 case patient047_frame01 mean_dice 0.894707 mean_hd95 1.138071
2026-01-19 16:46:28 - idx 7 case patient047_frame09 mean_dice 0.861230 mean_hd95 1.804738
2026-01-19 16:46:29 - idx 8 case patient044_frame01 mean_dice 0.918507 mean_hd95 1.000000
2026-01-19 16:46:30 - idx 9 case patient044_frame11 mean_dice 0.869329 mean_hd95 1.382088
2026-01-19 16:46:31 - idx 10 case patient064_frame01 mean_dice 0.946919 mean_hd95 1.000000
2026-01-19 16:46:32 - idx 11 case patient064_frame12 mean_dice 0.917536 mean_hd95 1.138071
2026-01-19 16:46:33 - idx 12 case patient017_frame01 mean_dice 0.901922 mean_hd95 1.138071
2026-01-19 16:46:34 - idx 13 case patient017_frame09 mean_dice 0.911449 mean_hd95 1.244017
2026-01-19 16:46:35 - idx 14 case patient039_frame01 mean_dice 0.922934 mean_hd95 1.000000
2026-01-19 16:46:36 - idx 15 case patient039_frame10 mean_dice 0.755007 mean_hd95 1.824045
2026-01-19 16:46:36 - idx 16 case patient041_frame01 mean_dice 0.903677 mean_hd95 1.000000
2026-01-19 16:46:37 - idx 17 case patient041_frame11 mean_dice 0.871115 mean_hd95 1.414214
2026-01-19 16:46:38 - idx 18 case patient067_frame01 mean_dice 0.924514 mean_hd95 1.000000
2026-01-19 16:46:39 - idx 19 case patient067_frame10 mean_dice 0.913814 mean_hd95 1.000000
2026-01-19 16:46:39 - Mean class 1 mean_dice 0.855060 mean_hd95 2.919154
2026-01-19 16:46:39 - Mean class 2 mean_dice 0.872757 mean_hd95 1.140156
2026-01-19 16:46:39 - Mean class 3 mean_dice 0.907970 mean_hd95 2.723199
2026-01-19 16:46:39 - val epoch: 35, mean_dice: 0.8785957375486051, mean_hd95: 2.2608364838717407, time(s): 18.04
2026-01-19 16:46:39 - train: epoch 36, iter:0, loss: 0.1124, lr: 0.0007297252973710761
2026-01-19 16:46:42 - train: epoch 36, iter:10, loss: 0.1621, lr: 0.0007297252973710761
2026-01-19 16:46:45 - train: epoch 36, iter:20, loss: 0.1152, lr: 0.0007297252973710761
2026-01-19 16:46:48 - train: epoch 36, iter:30, loss: 0.0938, lr: 0.0007297252973710761
2026-01-19 16:46:50 - train: epoch 36, iter:40, loss: 0.1184, lr: 0.0007297252973710761
2026-01-19 16:46:53 - train: epoch 36, iter:50, loss: 0.1162, lr: 0.0007297252973710761
2026-01-19 16:46:56 - train: epoch 36, iter:60, loss: 0.0918, lr: 0.0007297252973710761
2026-01-19 16:46:59 - train: epoch 36, iter:70, loss: 0.1024, lr: 0.0007297252973710761
2026-01-19 16:47:02 - train: epoch 36, iter:80, loss: 0.1022, lr: 0.0007297252973710761
2026-01-19 16:47:02 - Finish one epoch train: epoch 36, loss: 0.1105, time(s): 22.51
2026-01-19 16:47:03 - idx 0 case patient050_frame01 mean_dice 0.892760 mean_hd95 1.471405
2026-01-19 16:47:04 - idx 1 case patient050_frame12 mean_dice 0.799370 mean_hd95 8.765054
2026-01-19 16:47:04 - idx 2 case patient037_frame01 mean_dice 0.857700 mean_hd95 6.055250
2026-01-19 16:47:05 - idx 3 case patient037_frame12 mean_dice 0.719023 mean_hd95 7.235251
2026-01-19 16:47:06 - idx 4 case patient095_frame01 mean_dice 0.926372 mean_hd95 1.000000
2026-01-19 16:47:08 - idx 5 case patient095_frame12 mean_dice 0.864213 mean_hd95 1.942809
2026-01-19 16:47:09 - idx 6 case patient047_frame01 mean_dice 0.908195 mean_hd95 1.000000
2026-01-19 16:47:09 - idx 7 case patient047_frame09 mean_dice 0.836731 mean_hd95 1.858830
2026-01-19 16:47:11 - idx 8 case patient044_frame01 mean_dice 0.918839 mean_hd95 1.000000
2026-01-19 16:47:12 - idx 9 case patient044_frame11 mean_dice 0.859464 mean_hd95 1.520159
2026-01-19 16:47:13 - idx 10 case patient064_frame01 mean_dice 0.948232 mean_hd95 1.000000
2026-01-19 16:47:14 - idx 11 case patient064_frame12 mean_dice 0.923858 mean_hd95 1.000000
2026-01-19 16:47:14 - idx 12 case patient017_frame01 mean_dice 0.918030 mean_hd95 1.000000
2026-01-19 16:47:15 - idx 13 case patient017_frame09 mean_dice 0.933734 mean_hd95 1.000000
2026-01-19 16:47:16 - idx 14 case patient039_frame01 mean_dice 0.931584 mean_hd95 1.000000
2026-01-19 16:47:17 - idx 15 case patient039_frame10 mean_dice 0.795476 mean_hd95 1.471405
2026-01-19 16:47:18 - idx 16 case patient041_frame01 mean_dice 0.906226 mean_hd95 1.000000
2026-01-19 16:47:18 - idx 17 case patient041_frame11 mean_dice 0.841995 mean_hd95 1.666667
2026-01-19 16:47:19 - idx 18 case patient067_frame01 mean_dice 0.915860 mean_hd95 1.000000
2026-01-19 16:47:20 - idx 19 case patient067_frame10 mean_dice 0.910988 mean_hd95 1.000000
2026-01-19 16:47:20 - Mean class 1 mean_dice 0.856053 mean_hd95 2.621278
2026-01-19 16:47:20 - Mean class 2 mean_dice 0.870915 mean_hd95 1.124264
2026-01-19 16:47:20 - Mean class 3 mean_dice 0.914330 mean_hd95 2.702482
2026-01-19 16:47:20 - val epoch: 36, mean_dice: 0.8804325377961718, mean_hd95: 2.149341446934115, time(s): 18.53
2026-01-19 16:47:21 - train: epoch 37, iter:0, loss: 0.0959, lr: 0.0007157607493247114
2026-01-19 16:47:24 - train: epoch 37, iter:10, loss: 0.0957, lr: 0.0007157607493247114
2026-01-19 16:47:27 - train: epoch 37, iter:20, loss: 0.1191, lr: 0.0007157607493247114
2026-01-19 16:47:29 - train: epoch 37, iter:30, loss: 0.1133, lr: 0.0007157607493247114
2026-01-19 16:47:32 - train: epoch 37, iter:40, loss: 0.1392, lr: 0.0007157607493247114
2026-01-19 16:47:35 - train: epoch 37, iter:50, loss: 0.1121, lr: 0.0007157607493247114
2026-01-19 16:47:38 - train: epoch 37, iter:60, loss: 0.1028, lr: 0.0007157607493247114
2026-01-19 16:47:40 - train: epoch 37, iter:70, loss: 0.1202, lr: 0.0007157607493247114
2026-01-19 16:47:43 - train: epoch 37, iter:80, loss: 0.1013, lr: 0.0007157607493247114
2026-01-19 16:47:43 - Finish one epoch train: epoch 37, loss: 0.1133, time(s): 22.44
2026-01-19 16:47:44 - idx 0 case patient050_frame01 mean_dice 0.880058 mean_hd95 6.645567
2026-01-19 16:47:45 - idx 1 case patient050_frame12 mean_dice 0.810113 mean_hd95 9.459668
2026-01-19 16:47:46 - idx 2 case patient037_frame01 mean_dice 0.884080 mean_hd95 1.138071
2026-01-19 16:47:47 - idx 3 case patient037_frame12 mean_dice 0.627701 mean_hd95 7.434025
2026-01-19 16:47:48 - idx 4 case patient095_frame01 mean_dice 0.928191 mean_hd95 1.000000
2026-01-19 16:47:49 - idx 5 case patient095_frame12 mean_dice 0.871964 mean_hd95 1.942809
2026-01-19 16:47:50 - idx 6 case patient047_frame01 mean_dice 0.903415 mean_hd95 1.138071
2026-01-19 16:47:51 - idx 7 case patient047_frame09 mean_dice 0.849485 mean_hd95 1.666667
2026-01-19 16:47:52 - idx 8 case patient044_frame01 mean_dice 0.918025 mean_hd95 1.000000
2026-01-19 16:47:53 - idx 9 case patient044_frame11 mean_dice 0.871739 mean_hd95 1.234721
2026-01-19 16:47:54 - idx 10 case patient064_frame01 mean_dice 0.953174 mean_hd95 1.000000
2026-01-19 16:47:55 - idx 11 case patient064_frame12 mean_dice 0.892833 mean_hd95 1.138071
2026-01-19 16:47:56 - idx 12 case patient017_frame01 mean_dice 0.912352 mean_hd95 1.000000
2026-01-19 16:47:56 - idx 13 case patient017_frame09 mean_dice 0.933223 mean_hd95 1.000000
2026-01-19 16:47:57 - idx 14 case patient039_frame01 mean_dice 0.937618 mean_hd95 1.000000
2026-01-19 16:47:58 - idx 15 case patient039_frame10 mean_dice 0.823267 mean_hd95 1.471405
2026-01-19 16:47:59 - idx 16 case patient041_frame01 mean_dice 0.908634 mean_hd95 1.000000
2026-01-19 16:47:59 - idx 17 case patient041_frame11 mean_dice 0.861102 mean_hd95 1.333333
2026-01-19 16:48:00 - idx 18 case patient067_frame01 mean_dice 0.923907 mean_hd95 1.000000
2026-01-19 16:48:01 - idx 19 case patient067_frame10 mean_dice 0.918220 mean_hd95 1.000000
2026-01-19 16:48:01 - Mean class 1 mean_dice 0.868835 mean_hd95 3.359933
2026-01-19 16:48:01 - Mean class 2 mean_dice 0.861891 mean_hd95 1.264996
2026-01-19 16:48:01 - Mean class 3 mean_dice 0.910640 mean_hd95 1.915432
2026-01-19 16:48:01 - val epoch: 37, mean_dice: 0.8804550971213075, mean_hd95: 2.1801204002803627, time(s): 18.06
2026-01-19 16:48:02 - train: epoch 38, iter:0, loss: 0.1014, lr: 0.0007015882058642168
2026-01-19 16:48:05 - train: epoch 38, iter:10, loss: 0.0891, lr: 0.0007015882058642168
2026-01-19 16:48:08 - train: epoch 38, iter:20, loss: 0.1013, lr: 0.0007015882058642168
2026-01-19 16:48:10 - train: epoch 38, iter:30, loss: 0.1209, lr: 0.0007015882058642168
2026-01-19 16:48:13 - train: epoch 38, iter:40, loss: 0.1312, lr: 0.0007015882058642168
2026-01-19 16:48:16 - train: epoch 38, iter:50, loss: 0.1181, lr: 0.0007015882058642168
2026-01-19 16:48:19 - train: epoch 38, iter:60, loss: 0.1033, lr: 0.0007015882058642168
2026-01-19 16:48:21 - train: epoch 38, iter:70, loss: 0.1165, lr: 0.0007015882058642168
2026-01-19 16:48:24 - train: epoch 38, iter:80, loss: 0.1080, lr: 0.0007015882058642168
2026-01-19 16:48:24 - Finish one epoch train: epoch 38, loss: 0.1167, time(s): 22.52
2026-01-19 16:48:25 - idx 0 case patient050_frame01 mean_dice 0.886062 mean_hd95 1.471405
2026-01-19 16:48:26 - idx 1 case patient050_frame12 mean_dice 0.793428 mean_hd95 10.023936
2026-01-19 16:48:27 - idx 2 case patient037_frame01 mean_dice 0.837209 mean_hd95 6.831702
2026-01-19 16:48:28 - idx 3 case patient037_frame12 mean_dice 0.727148 mean_hd95 8.269898
2026-01-19 16:48:29 - idx 4 case patient095_frame01 mean_dice 0.931557 mean_hd95 1.138071
2026-01-19 16:48:30 - idx 5 case patient095_frame12 mean_dice 0.806567 mean_hd95 2.048755
2026-01-19 16:48:31 - idx 6 case patient047_frame01 mean_dice 0.896533 mean_hd95 1.333333
2026-01-19 16:48:32 - idx 7 case patient047_frame09 mean_dice 0.820349 mean_hd95 1.804738
2026-01-19 16:48:33 - idx 8 case patient044_frame01 mean_dice 0.926353 mean_hd95 1.000000
2026-01-19 16:48:34 - idx 9 case patient044_frame11 mean_dice 0.860870 mean_hd95 1.520159
2026-01-19 16:48:35 - idx 10 case patient064_frame01 mean_dice 0.950993 mean_hd95 1.000000
2026-01-19 16:48:36 - idx 11 case patient064_frame12 mean_dice 0.930319 mean_hd95 1.000000
2026-01-19 16:48:37 - idx 12 case patient017_frame01 mean_dice 0.926623 mean_hd95 1.000000
2026-01-19 16:48:38 - idx 13 case patient017_frame09 mean_dice 0.935404 mean_hd95 1.000000
2026-01-19 16:48:38 - idx 14 case patient039_frame01 mean_dice 0.943031 mean_hd95 1.000000
2026-01-19 16:48:39 - idx 15 case patient039_frame10 mean_dice 0.818053 mean_hd95 4.223350
2026-01-19 16:48:40 - idx 16 case patient041_frame01 mean_dice 0.922649 mean_hd95 1.000000
2026-01-19 16:48:40 - idx 17 case patient041_frame11 mean_dice 0.812344 mean_hd95 2.157379
2026-01-19 16:48:41 - idx 18 case patient067_frame01 mean_dice 0.929174 mean_hd95 1.000000
2026-01-19 16:48:42 - idx 19 case patient067_frame10 mean_dice 0.905808 mean_hd95 1.000000
2026-01-19 16:48:42 - Mean class 1 mean_dice 0.858203 mean_hd95 3.207804
2026-01-19 16:48:42 - Mean class 2 mean_dice 0.862892 mean_hd95 1.402495
2026-01-19 16:48:42 - Mean class 3 mean_dice 0.912976 mean_hd95 2.863111
2026-01-19 16:48:42 - val epoch: 38, mean_dice: 0.8780236318267803, mean_hd95: 2.491136264480114, time(s): 18.11
2026-01-19 16:48:43 - train: epoch 39, iter:0, loss: 0.1022, lr: 0.0006872216535789162
2026-01-19 16:48:46 - train: epoch 39, iter:10, loss: 0.0984, lr: 0.0006872216535789162
2026-01-19 16:48:49 - train: epoch 39, iter:20, loss: 0.1034, lr: 0.0006872216535789162
2026-01-19 16:48:51 - train: epoch 39, iter:30, loss: 0.1123, lr: 0.0006872216535789162
2026-01-19 16:48:54 - train: epoch 39, iter:40, loss: 0.1455, lr: 0.0006872216535789162
2026-01-19 16:48:57 - train: epoch 39, iter:50, loss: 0.1081, lr: 0.0006872216535789162
2026-01-19 16:49:00 - train: epoch 39, iter:60, loss: 0.1011, lr: 0.0006872216535789162
2026-01-19 16:49:02 - train: epoch 39, iter:70, loss: 0.1259, lr: 0.0006872216535789162
2026-01-19 16:49:05 - train: epoch 39, iter:80, loss: 0.1117, lr: 0.0006872216535789162
2026-01-19 16:49:05 - Finish one epoch train: epoch 39, loss: 0.1145, time(s): 22.49
2026-01-19 16:49:06 - idx 0 case patient050_frame01 mean_dice 0.841368 mean_hd95 4.306317
2026-01-19 16:49:07 - idx 1 case patient050_frame12 mean_dice 0.828359 mean_hd95 8.855767
2026-01-19 16:49:08 - idx 2 case patient037_frame01 mean_dice 0.872545 mean_hd95 1.138071
2026-01-19 16:49:09 - idx 3 case patient037_frame12 mean_dice 0.787110 mean_hd95 6.189903
2026-01-19 16:49:10 - idx 4 case patient095_frame01 mean_dice 0.914863 mean_hd95 1.000000
2026-01-19 16:49:11 - idx 5 case patient095_frame12 mean_dice 0.861431 mean_hd95 1.772922
2026-01-19 16:49:12 - idx 6 case patient047_frame01 mean_dice 0.907770 mean_hd95 1.000000
2026-01-19 16:49:13 - idx 7 case patient047_frame09 mean_dice 0.828534 mean_hd95 1.942809
2026-01-19 16:49:14 - idx 8 case patient044_frame01 mean_dice 0.894017 mean_hd95 1.138071
2026-01-19 16:49:15 - idx 9 case patient044_frame11 mean_dice 0.858565 mean_hd95 1.414214
2026-01-19 16:49:16 - idx 10 case patient064_frame01 mean_dice 0.949944 mean_hd95 1.000000
2026-01-19 16:49:17 - idx 11 case patient064_frame12 mean_dice 0.884401 mean_hd95 1.138071
2026-01-19 16:49:18 - idx 12 case patient017_frame01 mean_dice 0.907175 mean_hd95 1.138071
2026-01-19 16:49:19 - idx 13 case patient017_frame09 mean_dice 0.928398 mean_hd95 1.000000
2026-01-19 16:49:20 - idx 14 case patient039_frame01 mean_dice 0.938664 mean_hd95 1.000000
2026-01-19 16:49:20 - idx 15 case patient039_frame10 mean_dice 0.825454 mean_hd95 1.333333
2026-01-19 16:49:21 - idx 16 case patient041_frame01 mean_dice 0.908378 mean_hd95 1.000000
2026-01-19 16:49:21 - idx 17 case patient041_frame11 mean_dice 0.815371 mean_hd95 1.804738
2026-01-19 16:49:22 - idx 18 case patient067_frame01 mean_dice 0.890760 mean_hd95 1.276142
2026-01-19 16:49:24 - idx 19 case patient067_frame10 mean_dice 0.911642 mean_hd95 1.000000
2026-01-19 16:49:24 - Mean class 1 mean_dice 0.882405 mean_hd95 2.674623
2026-01-19 16:49:24 - Mean class 2 mean_dice 0.843366 mean_hd95 1.418600
2026-01-19 16:49:24 - Mean class 3 mean_dice 0.907442 mean_hd95 1.974042
2026-01-19 16:49:24 - val epoch: 39, mean_dice: 0.8777375497567266, mean_hd95: 2.0224214599236117, time(s): 18.16
2026-01-19 16:49:24 - train: epoch 40, iter:0, loss: 0.1255, lr: 0.0006726752705214198
2026-01-19 16:49:27 - train: epoch 40, iter:10, loss: 0.1035, lr: 0.0006726752705214198
2026-01-19 16:49:30 - train: epoch 40, iter:20, loss: 0.1000, lr: 0.0006726752705214198
2026-01-19 16:49:33 - train: epoch 40, iter:30, loss: 0.1023, lr: 0.0006726752705214198
2026-01-19 16:49:35 - train: epoch 40, iter:40, loss: 0.1194, lr: 0.0006726752705214198
2026-01-19 16:49:38 - train: epoch 40, iter:50, loss: 0.1707, lr: 0.0006726752705214198
2026-01-19 16:49:41 - train: epoch 40, iter:60, loss: 0.1095, lr: 0.0006726752705214198
2026-01-19 16:49:44 - train: epoch 40, iter:70, loss: 0.1068, lr: 0.0006726752705214198
2026-01-19 16:49:46 - train: epoch 40, iter:80, loss: 0.1189, lr: 0.0006726752705214198
2026-01-19 16:49:46 - Finish one epoch train: epoch 40, loss: 0.1149, time(s): 22.52
2026-01-19 16:49:48 - idx 0 case patient050_frame01 mean_dice 0.908069 mean_hd95 1.000000
2026-01-19 16:49:49 - idx 1 case patient050_frame12 mean_dice 0.801607 mean_hd95 3.823200
2026-01-19 16:49:49 - idx 2 case patient037_frame01 mean_dice 0.840757 mean_hd95 6.627314
2026-01-19 16:49:50 - idx 3 case patient037_frame12 mean_dice 0.765299 mean_hd95 6.648557
2026-01-19 16:49:51 - idx 4 case patient095_frame01 mean_dice 0.936280 mean_hd95 1.000000
2026-01-19 16:49:52 - idx 5 case patient095_frame12 mean_dice 0.836835 mean_hd95 2.048755
2026-01-19 16:49:53 - idx 6 case patient047_frame01 mean_dice 0.892521 mean_hd95 1.483163
2026-01-19 16:49:54 - idx 7 case patient047_frame09 mean_dice 0.816602 mean_hd95 2.138071
2026-01-19 16:49:55 - idx 8 case patient044_frame01 mean_dice 0.925112 mean_hd95 1.000000
2026-01-19 16:49:56 - idx 9 case patient044_frame11 mean_dice 0.863994 mean_hd95 1.520159
2026-01-19 16:49:57 - idx 10 case patient064_frame01 mean_dice 0.953691 mean_hd95 1.000000
2026-01-19 16:49:58 - idx 11 case patient064_frame12 mean_dice 0.935094 mean_hd95 1.000000
2026-01-19 16:49:59 - idx 12 case patient017_frame01 mean_dice 0.918566 mean_hd95 1.000000
2026-01-19 16:50:00 - idx 13 case patient017_frame09 mean_dice 0.936313 mean_hd95 1.000000
2026-01-19 16:50:01 - idx 14 case patient039_frame01 mean_dice 0.943309 mean_hd95 1.000000
2026-01-19 16:50:01 - idx 15 case patient039_frame10 mean_dice 0.812646 mean_hd95 3.387426
2026-01-19 16:50:02 - idx 16 case patient041_frame01 mean_dice 0.899105 mean_hd95 1.000000
2026-01-19 16:50:02 - idx 17 case patient041_frame11 mean_dice 0.808152 mean_hd95 1.883427
2026-01-19 16:50:03 - idx 18 case patient067_frame01 mean_dice 0.929004 mean_hd95 1.000000
2026-01-19 16:50:05 - idx 19 case patient067_frame10 mean_dice 0.894917 mean_hd95 1.000000
2026-01-19 16:50:05 - Mean class 1 mean_dice 0.853028 mean_hd95 2.128468
2026-01-19 16:50:05 - Mean class 2 mean_dice 0.873655 mean_hd95 1.124264
2026-01-19 16:50:05 - Mean class 3 mean_dice 0.915998 mean_hd95 2.831278
2026-01-19 16:50:05 - val epoch: 40, mean_dice: 0.8808936630466079, mean_hd95: 2.0280036069578187, time(s): 18.11
2026-01-19 16:50:05 - train: epoch 41, iter:0, loss: 0.0976, lr: 0.0006579634122155995
2026-01-19 16:50:08 - train: epoch 41, iter:10, loss: 0.1285, lr: 0.0006579634122155995
2026-01-19 16:50:11 - train: epoch 41, iter:20, loss: 0.1211, lr: 0.0006579634122155995
2026-01-19 16:50:14 - train: epoch 41, iter:30, loss: 0.1163, lr: 0.0006579634122155995
2026-01-19 16:50:17 - train: epoch 41, iter:40, loss: 0.1096, lr: 0.0006579634122155995
2026-01-19 16:50:19 - train: epoch 41, iter:50, loss: 0.0942, lr: 0.0006579634122155995
2026-01-19 16:50:22 - train: epoch 41, iter:60, loss: 0.1226, lr: 0.0006579634122155995
2026-01-19 16:50:25 - train: epoch 41, iter:70, loss: 0.1120, lr: 0.0006579634122155995
2026-01-19 16:50:28 - train: epoch 41, iter:80, loss: 0.1125, lr: 0.0006579634122155995
2026-01-19 16:50:28 - Finish one epoch train: epoch 41, loss: 0.1147, time(s): 22.51
2026-01-19 16:50:29 - idx 0 case patient050_frame01 mean_dice 0.887127 mean_hd95 4.808071
2026-01-19 16:50:30 - idx 1 case patient050_frame12 mean_dice 0.778874 mean_hd95 9.309838
2026-01-19 16:50:30 - idx 2 case patient037_frame01 mean_dice 0.874971 mean_hd95 4.590110
2026-01-19 16:50:31 - idx 3 case patient037_frame12 mean_dice 0.742256 mean_hd95 6.326941
2026-01-19 16:50:32 - idx 4 case patient095_frame01 mean_dice 0.933115 mean_hd95 1.000000
2026-01-19 16:50:34 - idx 5 case patient095_frame12 mean_dice 0.878144 mean_hd95 1.747547
2026-01-19 16:50:35 - idx 6 case patient047_frame01 mean_dice 0.914413 mean_hd95 1.000000
2026-01-19 16:50:35 - idx 7 case patient047_frame09 mean_dice 0.866894 mean_hd95 1.720759
2026-01-19 16:50:36 - idx 8 case patient044_frame01 mean_dice 0.924128 mean_hd95 1.000000
2026-01-19 16:50:37 - idx 9 case patient044_frame11 mean_dice 0.879171 mean_hd95 1.138071
2026-01-19 16:50:38 - idx 10 case patient064_frame01 mean_dice 0.952037 mean_hd95 1.000000
2026-01-19 16:50:39 - idx 11 case patient064_frame12 mean_dice 0.914486 mean_hd95 1.276142
2026-01-19 16:50:40 - idx 12 case patient017_frame01 mean_dice 0.915745 mean_hd95 1.000000
2026-01-19 16:50:41 - idx 13 case patient017_frame09 mean_dice 0.933542 mean_hd95 1.000000
2026-01-19 16:50:42 - idx 14 case patient039_frame01 mean_dice 0.942248 mean_hd95 1.000000
2026-01-19 16:50:43 - idx 15 case patient039_frame10 mean_dice 0.828072 mean_hd95 1.471405
2026-01-19 16:50:43 - idx 16 case patient041_frame01 mean_dice 0.903379 mean_hd95 1.000000
2026-01-19 16:50:44 - idx 17 case patient041_frame11 mean_dice 0.852977 mean_hd95 1.333333
2026-01-19 16:50:45 - idx 18 case patient067_frame01 mean_dice 0.921188 mean_hd95 1.000000
2026-01-19 16:50:46 - idx 19 case patient067_frame10 mean_dice 0.920455 mean_hd95 1.000000
2026-01-19 16:50:46 - Mean class 1 mean_dice 0.872082 mean_hd95 3.087932
2026-01-19 16:50:46 - Mean class 2 mean_dice 0.875388 mean_hd95 1.112132
2026-01-19 16:50:46 - Mean class 3 mean_dice 0.917013 mean_hd95 2.358268
2026-01-19 16:50:46 - val epoch: 41, mean_dice: 0.8881610432749181, mean_hd95: 2.186110899117108, time(s): 18.12
2026-01-19 16:50:47 - train: epoch 42, iter:0, loss: 0.0971, lr: 0.000643100597489419
2026-01-19 16:50:49 - train: epoch 42, iter:10, loss: 0.1254, lr: 0.000643100597489419
2026-01-19 16:50:52 - train: epoch 42, iter:20, loss: 0.1310, lr: 0.000643100597489419
2026-01-19 16:50:55 - train: epoch 42, iter:30, loss: 0.1181, lr: 0.000643100597489419
2026-01-19 16:50:58 - train: epoch 42, iter:40, loss: 0.0996, lr: 0.000643100597489419
2026-01-19 16:51:00 - train: epoch 42, iter:50, loss: 0.1376, lr: 0.000643100597489419
2026-01-19 16:51:03 - train: epoch 42, iter:60, loss: 0.1056, lr: 0.000643100597489419
2026-01-19 16:51:06 - train: epoch 42, iter:70, loss: 0.1036, lr: 0.000643100597489419
2026-01-19 16:51:09 - train: epoch 42, iter:80, loss: 0.1035, lr: 0.000643100597489419
2026-01-19 16:51:09 - Finish one epoch train: epoch 42, loss: 0.1110, time(s): 22.45
2026-01-19 16:51:10 - idx 0 case patient050_frame01 mean_dice 0.856904 mean_hd95 7.009295
2026-01-19 16:51:11 - idx 1 case patient050_frame12 mean_dice 0.809703 mean_hd95 2.154296
2026-01-19 16:51:12 - idx 2 case patient037_frame01 mean_dice 0.854797 mean_hd95 5.866040
2026-01-19 16:51:12 - idx 3 case patient037_frame12 mean_dice 0.610268 mean_hd95 9.829815
2026-01-19 16:51:14 - idx 4 case patient095_frame01 mean_dice 0.930704 mean_hd95 1.000000
2026-01-19 16:51:15 - idx 5 case patient095_frame12 mean_dice 0.817006 mean_hd95 2.190028
2026-01-19 16:51:16 - idx 6 case patient047_frame01 mean_dice 0.907042 mean_hd95 1.000000
2026-01-19 16:51:17 - idx 7 case patient047_frame09 mean_dice 0.837476 mean_hd95 1.666667
2026-01-19 16:51:18 - idx 8 case patient044_frame01 mean_dice 0.925304 mean_hd95 1.000000
2026-01-19 16:51:18 - idx 9 case patient044_frame11 mean_dice 0.881338 mean_hd95 1.414214
2026-01-19 16:51:19 - idx 10 case patient064_frame01 mean_dice 0.952196 mean_hd95 1.000000
2026-01-19 16:51:20 - idx 11 case patient064_frame12 mean_dice 0.873163 mean_hd95 1.138071
2026-01-19 16:51:21 - idx 12 case patient017_frame01 mean_dice 0.901281 mean_hd95 1.138071
2026-01-19 16:51:22 - idx 13 case patient017_frame09 mean_dice 0.918691 mean_hd95 1.000000
2026-01-19 16:51:23 - idx 14 case patient039_frame01 mean_dice 0.936980 mean_hd95 1.000000
2026-01-19 16:51:24 - idx 15 case patient039_frame10 mean_dice 0.814761 mean_hd95 1.382088
2026-01-19 16:51:24 - idx 16 case patient041_frame01 mean_dice 0.919261 mean_hd95 1.000000
2026-01-19 16:51:25 - idx 17 case patient041_frame11 mean_dice 0.868154 mean_hd95 1.471405
2026-01-19 16:51:26 - idx 18 case patient067_frame01 mean_dice 0.924016 mean_hd95 1.000000
2026-01-19 16:51:27 - idx 19 case patient067_frame10 mean_dice 0.913423 mean_hd95 1.000000
2026-01-19 16:51:27 - Mean class 1 mean_dice 0.861688 mean_hd95 2.276541
2026-01-19 16:51:27 - Mean class 2 mean_dice 0.855332 mean_hd95 1.665215
2026-01-19 16:51:27 - Mean class 3 mean_dice 0.900849 mean_hd95 2.697243
2026-01-19 16:51:27 - val epoch: 42, mean_dice: 0.8726232679028003, mean_hd95: 2.212999469481867, time(s): 18.22
2026-01-19 16:51:28 - train: epoch 43, iter:0, loss: 0.0887, lr: 0.0006281014941466035
2026-01-19 16:51:30 - train: epoch 43, iter:10, loss: 0.1054, lr: 0.0006281014941466035
2026-01-19 16:51:33 - train: epoch 43, iter:20, loss: 0.1013, lr: 0.0006281014941466035
2026-01-19 16:51:36 - train: epoch 43, iter:30, loss: 0.1270, lr: 0.0006281014941466035
2026-01-19 16:51:39 - train: epoch 43, iter:40, loss: 0.1338, lr: 0.0006281014941466035
2026-01-19 16:51:42 - train: epoch 43, iter:50, loss: 0.1102, lr: 0.0006281014941466035
2026-01-19 16:51:44 - train: epoch 43, iter:60, loss: 0.1114, lr: 0.0006281014941466035
2026-01-19 16:51:47 - train: epoch 43, iter:70, loss: 0.0908, lr: 0.0006281014941466035
2026-01-19 16:51:50 - train: epoch 43, iter:80, loss: 0.0912, lr: 0.0006281014941466035
2026-01-19 16:51:50 - Finish one epoch train: epoch 43, loss: 0.1065, time(s): 22.43
2026-01-19 16:51:51 - idx 0 case patient050_frame01 mean_dice 0.876784 mean_hd95 7.455731
2026-01-19 16:51:52 - idx 1 case patient050_frame12 mean_dice 0.814900 mean_hd95 6.086721
2026-01-19 16:51:53 - idx 2 case patient037_frame01 mean_dice 0.848037 mean_hd95 6.507571
2026-01-19 16:51:53 - idx 3 case patient037_frame12 mean_dice 0.792505 mean_hd95 6.202235
2026-01-19 16:51:55 - idx 4 case patient095_frame01 mean_dice 0.928083 mean_hd95 1.609476
2026-01-19 16:51:56 - idx 5 case patient095_frame12 mean_dice 0.808756 mean_hd95 1.942809
2026-01-19 16:51:57 - idx 6 case patient047_frame01 mean_dice 0.896539 mean_hd95 1.138071
2026-01-19 16:51:58 - idx 7 case patient047_frame09 mean_dice 0.848944 mean_hd95 1.666667
2026-01-19 16:51:59 - idx 8 case patient044_frame01 mean_dice 0.928204 mean_hd95 1.000000
2026-01-19 16:52:00 - idx 9 case patient044_frame11 mean_dice 0.878036 mean_hd95 1.276142
2026-01-19 16:52:01 - idx 10 case patient064_frame01 mean_dice 0.953855 mean_hd95 1.000000
2026-01-19 16:52:02 - idx 11 case patient064_frame12 mean_dice 0.940303 mean_hd95 1.000000
2026-01-19 16:52:02 - idx 12 case patient017_frame01 mean_dice 0.900495 mean_hd95 1.244017
2026-01-19 16:52:03 - idx 13 case patient017_frame09 mean_dice 0.930444 mean_hd95 1.000000
2026-01-19 16:52:04 - idx 14 case patient039_frame01 mean_dice 0.937802 mean_hd95 1.000000
2026-01-19 16:52:05 - idx 15 case patient039_frame10 mean_dice 0.752787 mean_hd95 1.666667
2026-01-19 16:52:05 - idx 16 case patient041_frame01 mean_dice 0.934158 mean_hd95 1.000000
2026-01-19 16:52:06 - idx 17 case patient041_frame11 mean_dice 0.858599 mean_hd95 1.550094
2026-01-19 16:52:07 - idx 18 case patient067_frame01 mean_dice 0.923858 mean_hd95 1.000000
2026-01-19 16:52:08 - idx 19 case patient067_frame10 mean_dice 0.910981 mean_hd95 1.000000
2026-01-19 16:52:08 - Mean class 1 mean_dice 0.858521 mean_hd95 3.118299
2026-01-19 16:52:08 - Mean class 2 mean_dice 0.874230 mean_hd95 1.185739
2026-01-19 16:52:08 - Mean class 3 mean_dice 0.916860 mean_hd95 2.647892
2026-01-19 16:52:08 - val epoch: 43, mean_dice: 0.8832035021354727, mean_hd95: 2.317310051818519, time(s): 18.18
2026-01-19 16:52:09 - train: epoch 44, iter:0, loss: 0.1317, lr: 0.000612980904491289
2026-01-19 16:52:12 - train: epoch 44, iter:10, loss: 0.1128, lr: 0.000612980904491289
2026-01-19 16:52:14 - train: epoch 44, iter:20, loss: 0.0849, lr: 0.000612980904491289
2026-01-19 16:52:17 - train: epoch 44, iter:30, loss: 0.1279, lr: 0.000612980904491289
2026-01-19 16:52:20 - train: epoch 44, iter:40, loss: 0.0924, lr: 0.000612980904491289
2026-01-19 16:52:23 - train: epoch 44, iter:50, loss: 0.1075, lr: 0.000612980904491289
2026-01-19 16:52:25 - train: epoch 44, iter:60, loss: 0.0830, lr: 0.000612980904491289
2026-01-19 16:52:28 - train: epoch 44, iter:70, loss: 0.0885, lr: 0.000612980904491289
2026-01-19 16:52:31 - train: epoch 44, iter:80, loss: 0.0953, lr: 0.000612980904491289
2026-01-19 16:52:31 - Finish one epoch train: epoch 44, loss: 0.1027, time(s): 22.46
2026-01-19 16:52:32 - idx 0 case patient050_frame01 mean_dice 0.889317 mean_hd95 5.086482
2026-01-19 16:52:33 - idx 1 case patient050_frame12 mean_dice 0.780970 mean_hd95 7.879959
2026-01-19 16:52:34 - idx 2 case patient037_frame01 mean_dice 0.844231 mean_hd95 6.480558
2026-01-19 16:52:34 - idx 3 case patient037_frame12 mean_dice 0.663101 mean_hd95 8.493989
2026-01-19 16:52:36 - idx 4 case patient095_frame01 mean_dice 0.929722 mean_hd95 1.000000
2026-01-19 16:52:37 - idx 5 case patient095_frame12 mean_dice 0.834526 mean_hd95 1.804738
2026-01-19 16:52:38 - idx 6 case patient047_frame01 mean_dice 0.908874 mean_hd95 1.000000
2026-01-19 16:52:39 - idx 7 case patient047_frame09 mean_dice 0.869515 mean_hd95 1.666667
2026-01-19 16:52:40 - idx 8 case patient044_frame01 mean_dice 0.925395 mean_hd95 1.000000
2026-01-19 16:52:41 - idx 9 case patient044_frame11 mean_dice 0.875129 mean_hd95 1.276142
2026-01-19 16:52:42 - idx 10 case patient064_frame01 mean_dice 0.950489 mean_hd95 1.000000
2026-01-19 16:52:43 - idx 11 case patient064_frame12 mean_dice 0.920871 mean_hd95 1.000000
2026-01-19 16:52:43 - idx 12 case patient017_frame01 mean_dice 0.909345 mean_hd95 1.000000
2026-01-19 16:52:44 - idx 13 case patient017_frame09 mean_dice 0.931554 mean_hd95 1.000000
2026-01-19 16:52:45 - idx 14 case patient039_frame01 mean_dice 0.928323 mean_hd95 1.000000
2026-01-19 16:52:46 - idx 15 case patient039_frame10 mean_dice 0.801749 mean_hd95 1.824045
2026-01-19 16:52:46 - idx 16 case patient041_frame01 mean_dice 0.924022 mean_hd95 1.000000
2026-01-19 16:52:47 - idx 17 case patient041_frame11 mean_dice 0.873641 mean_hd95 1.333333
2026-01-19 16:52:48 - idx 18 case patient067_frame01 mean_dice 0.926005 mean_hd95 1.000000
2026-01-19 16:52:49 - idx 19 case patient067_frame10 mean_dice 0.920218 mean_hd95 1.000000
2026-01-19 16:52:49 - Mean class 1 mean_dice 0.869674 mean_hd95 2.934295
2026-01-19 16:52:49 - Mean class 2 mean_dice 0.868952 mean_hd95 1.357317
2026-01-19 16:52:49 - Mean class 3 mean_dice 0.902423 mean_hd95 2.735275
2026-01-19 16:52:49 - val epoch: 44, mean_dice: 0.8803497994461966, mean_hd95: 2.3422956916197686, time(s): 18.16
2026-01-19 16:52:50 - train: epoch 45, iter:0, loss: 0.0989, lr: 0.0005977537507199342
2026-01-19 16:52:53 - train: epoch 45, iter:10, loss: 0.1018, lr: 0.0005977537507199342
2026-01-19 16:52:55 - train: epoch 45, iter:20, loss: 0.0921, lr: 0.0005977537507199342
2026-01-19 16:52:58 - train: epoch 45, iter:30, loss: 0.0875, lr: 0.0005977537507199342
2026-01-19 16:53:01 - train: epoch 45, iter:40, loss: 0.1119, lr: 0.0005977537507199342
2026-01-19 16:53:04 - train: epoch 45, iter:50, loss: 0.0981, lr: 0.0005977537507199342
2026-01-19 16:53:06 - train: epoch 45, iter:60, loss: 0.1038, lr: 0.0005977537507199342
2026-01-19 16:53:09 - train: epoch 45, iter:70, loss: 0.1170, lr: 0.0005977537507199342
2026-01-19 16:53:12 - train: epoch 45, iter:80, loss: 0.1044, lr: 0.0005977537507199342
2026-01-19 16:53:12 - Finish one epoch train: epoch 45, loss: 0.1013, time(s): 22.41
2026-01-19 16:53:13 - idx 0 case patient050_frame01 mean_dice 0.891322 mean_hd95 3.892328
2026-01-19 16:53:14 - idx 1 case patient050_frame12 mean_dice 0.769539 mean_hd95 8.938711
2026-01-19 16:53:15 - idx 2 case patient037_frame01 mean_dice 0.841415 mean_hd95 6.765386
2026-01-19 16:53:15 - idx 3 case patient037_frame12 mean_dice 0.683291 mean_hd95 10.142875
2026-01-19 16:53:17 - idx 4 case patient095_frame01 mean_dice 0.930116 mean_hd95 1.000000
2026-01-19 16:53:18 - idx 5 case patient095_frame12 mean_dice 0.869938 mean_hd95 1.666667
2026-01-19 16:53:19 - idx 6 case patient047_frame01 mean_dice 0.922745 mean_hd95 1.000000
2026-01-19 16:53:20 - idx 7 case patient047_frame09 mean_dice 0.884884 mean_hd95 1.333333
2026-01-19 16:53:21 - idx 8 case patient044_frame01 mean_dice 0.920130 mean_hd95 1.000000
2026-01-19 16:53:22 - idx 9 case patient044_frame11 mean_dice 0.869862 mean_hd95 1.138071
2026-01-19 16:53:23 - idx 10 case patient064_frame01 mean_dice 0.948205 mean_hd95 1.000000
2026-01-19 16:53:24 - idx 11 case patient064_frame12 mean_dice 0.926896 mean_hd95 1.000000
2026-01-19 16:53:24 - idx 12 case patient017_frame01 mean_dice 0.912226 mean_hd95 1.000000
2026-01-19 16:53:25 - idx 13 case patient017_frame09 mean_dice 0.932675 mean_hd95 1.000000
2026-01-19 16:53:26 - idx 14 case patient039_frame01 mean_dice 0.932984 mean_hd95 1.000000
2026-01-19 16:53:27 - idx 15 case patient039_frame10 mean_dice 0.818842 mean_hd95 1.621234
2026-01-19 16:53:27 - idx 16 case patient041_frame01 mean_dice 0.896992 mean_hd95 1.000000
2026-01-19 16:53:28 - idx 17 case patient041_frame11 mean_dice 0.804329 mean_hd95 2.216761
2026-01-19 16:53:29 - idx 18 case patient067_frame01 mean_dice 0.913862 mean_hd95 1.000000
2026-01-19 16:53:30 - idx 19 case patient067_frame10 mean_dice 0.916154 mean_hd95 1.000000
2026-01-19 16:53:30 - Mean class 1 mean_dice 0.868428 mean_hd95 2.884695
2026-01-19 16:53:30 - Mean class 2 mean_dice 0.866571 mean_hd95 1.594998
2026-01-19 16:53:30 - Mean class 3 mean_dice 0.902962 mean_hd95 2.827612
2026-01-19 16:53:30 - val epoch: 45, mean_dice: 0.8793202445428959, mean_hd95: 2.4357683220335744, time(s): 18.13
2026-01-19 16:53:31 - train: epoch 46, iter:0, loss: 0.0967, lr: 0.0005824350601949147
2026-01-19 16:53:34 - train: epoch 46, iter:10, loss: 0.0767, lr: 0.0005824350601949147
2026-01-19 16:53:36 - train: epoch 46, iter:20, loss: 0.0951, lr: 0.0005824350601949147
2026-01-19 16:53:39 - train: epoch 46, iter:30, loss: 0.0968, lr: 0.0005824350601949147
2026-01-19 16:53:42 - train: epoch 46, iter:40, loss: 0.0903, lr: 0.0005824350601949147
2026-01-19 16:53:45 - train: epoch 46, iter:50, loss: 0.1015, lr: 0.0005824350601949147
2026-01-19 16:53:47 - train: epoch 46, iter:60, loss: 0.0865, lr: 0.0005824350601949147
2026-01-19 16:53:50 - train: epoch 46, iter:70, loss: 0.0894, lr: 0.0005824350601949147
2026-01-19 16:53:53 - train: epoch 46, iter:80, loss: 0.1122, lr: 0.0005824350601949147
2026-01-19 16:53:53 - Finish one epoch train: epoch 46, loss: 0.1024, time(s): 22.59
2026-01-19 16:53:54 - idx 0 case patient050_frame01 mean_dice 0.878928 mean_hd95 4.559112
2026-01-19 16:53:55 - idx 1 case patient050_frame12 mean_dice 0.765325 mean_hd95 9.658061
2026-01-19 16:53:56 - idx 2 case patient037_frame01 mean_dice 0.864650 mean_hd95 5.972833
2026-01-19 16:53:57 - idx 3 case patient037_frame12 mean_dice 0.696099 mean_hd95 7.249413
2026-01-19 16:53:58 - idx 4 case patient095_frame01 mean_dice 0.929649 mean_hd95 1.000000
2026-01-19 16:53:59 - idx 5 case patient095_frame12 mean_dice 0.842218 mean_hd95 1.804738
2026-01-19 16:54:00 - idx 6 case patient047_frame01 mean_dice 0.899956 mean_hd95 1.000000
2026-01-19 16:54:01 - idx 7 case patient047_frame09 mean_dice 0.835831 mean_hd95 1.858830
2026-01-19 16:54:02 - idx 8 case patient044_frame01 mean_dice 0.917646 mean_hd95 1.000000
2026-01-19 16:54:03 - idx 9 case patient044_frame11 mean_dice 0.880742 mean_hd95 1.276142
2026-01-19 16:54:04 - idx 10 case patient064_frame01 mean_dice 0.950142 mean_hd95 1.000000
2026-01-19 16:54:05 - idx 11 case patient064_frame12 mean_dice 0.881995 mean_hd95 1.244017
2026-01-19 16:54:06 - idx 12 case patient017_frame01 mean_dice 0.916158 mean_hd95 1.000000
2026-01-19 16:54:06 - idx 13 case patient017_frame09 mean_dice 0.931800 mean_hd95 1.000000
2026-01-19 16:54:07 - idx 14 case patient039_frame01 mean_dice 0.931494 mean_hd95 1.000000
2026-01-19 16:54:08 - idx 15 case patient039_frame10 mean_dice 0.807617 mean_hd95 1.883427
2026-01-19 16:54:09 - idx 16 case patient041_frame01 mean_dice 0.899556 mean_hd95 1.000000
2026-01-19 16:54:09 - idx 17 case patient041_frame11 mean_dice 0.862014 mean_hd95 1.333333
2026-01-19 16:54:10 - idx 18 case patient067_frame01 mean_dice 0.920545 mean_hd95 1.000000
2026-01-19 16:54:11 - idx 19 case patient067_frame10 mean_dice 0.919987 mean_hd95 1.000000
2026-01-19 16:54:11 - Mean class 1 mean_dice 0.862695 mean_hd95 3.092284
2026-01-19 16:54:11 - Mean class 2 mean_dice 0.867209 mean_hd95 1.210538
2026-01-19 16:54:11 - Mean class 3 mean_dice 0.899949 mean_hd95 2.723164
2026-01-19 16:54:11 - val epoch: 46, mean_dice: 0.8766176055973149, mean_hd95: 2.341995300654124, time(s): 18.02
2026-01-19 16:54:12 - train: epoch 47, iter:0, loss: 0.1066, lr: 0.000567039950614331
2026-01-19 16:54:15 - train: epoch 47, iter:10, loss: 0.1263, lr: 0.000567039950614331
2026-01-19 16:54:17 - train: epoch 47, iter:20, loss: 0.1032, lr: 0.000567039950614331
2026-01-19 16:54:20 - train: epoch 47, iter:30, loss: 0.0849, lr: 0.000567039950614331
2026-01-19 16:54:23 - train: epoch 47, iter:40, loss: 0.0886, lr: 0.000567039950614331
2026-01-19 16:54:26 - train: epoch 47, iter:50, loss: 0.0999, lr: 0.000567039950614331
2026-01-19 16:54:28 - train: epoch 47, iter:60, loss: 0.1579, lr: 0.000567039950614331
2026-01-19 16:54:31 - train: epoch 47, iter:70, loss: 0.0901, lr: 0.000567039950614331
2026-01-19 16:54:34 - train: epoch 47, iter:80, loss: 0.0940, lr: 0.000567039950614331
2026-01-19 16:54:34 - Finish one epoch train: epoch 47, loss: 0.1003, time(s): 22.34
2026-01-19 16:54:35 - idx 0 case patient050_frame01 mean_dice 0.886929 mean_hd95 6.168091
2026-01-19 16:54:36 - idx 1 case patient050_frame12 mean_dice 0.820578 mean_hd95 9.890226
2026-01-19 16:54:37 - idx 2 case patient037_frame01 mean_dice 0.884269 mean_hd95 1.412023
2026-01-19 16:54:37 - idx 3 case patient037_frame12 mean_dice 0.764456 mean_hd95 7.058007
2026-01-19 16:54:39 - idx 4 case patient095_frame01 mean_dice 0.926273 mean_hd95 1.138071
2026-01-19 16:54:40 - idx 5 case patient095_frame12 mean_dice 0.762787 mean_hd95 2.332263
2026-01-19 16:54:41 - idx 6 case patient047_frame01 mean_dice 0.921667 mean_hd95 1.000000
2026-01-19 16:54:42 - idx 7 case patient047_frame09 mean_dice 0.903411 mean_hd95 1.138071
2026-01-19 16:54:43 - idx 8 case patient044_frame01 mean_dice 0.920738 mean_hd95 1.000000
2026-01-19 16:54:43 - idx 9 case patient044_frame11 mean_dice 0.857049 mean_hd95 1.609476
2026-01-19 16:54:44 - idx 10 case patient064_frame01 mean_dice 0.950209 mean_hd95 1.000000
2026-01-19 16:54:45 - idx 11 case patient064_frame12 mean_dice 0.911284 mean_hd95 1.000000
2026-01-19 16:54:46 - idx 12 case patient017_frame01 mean_dice 0.920824 mean_hd95 1.000000
2026-01-19 16:54:47 - idx 13 case patient017_frame09 mean_dice 0.935549 mean_hd95 1.000000
2026-01-19 16:54:48 - idx 14 case patient039_frame01 mean_dice 0.936719 mean_hd95 1.000000
2026-01-19 16:54:49 - idx 15 case patient039_frame10 mean_dice 0.838844 mean_hd95 1.138071
2026-01-19 16:54:49 - idx 16 case patient041_frame01 mean_dice 0.914329 mean_hd95 1.000000
2026-01-19 16:54:50 - idx 17 case patient041_frame11 mean_dice 0.886482 mean_hd95 1.138071
2026-01-19 16:54:51 - idx 18 case patient067_frame01 mean_dice 0.860219 mean_hd95 2.041035
2026-01-19 16:54:52 - idx 19 case patient067_frame10 mean_dice 0.910828 mean_hd95 1.000000
2026-01-19 16:54:52 - Mean class 1 mean_dice 0.850374 mean_hd95 3.540674
2026-01-19 16:54:52 - Mean class 2 mean_dice 0.883356 mean_hd95 1.134607
2026-01-19 16:54:52 - Mean class 3 mean_dice 0.923287 mean_hd95 1.934231
2026-01-19 16:54:52 - val epoch: 47, mean_dice: 0.8856721487796135, mean_hd95: 2.2031702830123217, time(s): 18.00
2026-01-19 16:54:53 - train: epoch 48, iter:0, loss: 0.1040, lr: 0.0005515836150926649
2026-01-19 16:54:55 - train: epoch 48, iter:10, loss: 0.0979, lr: 0.0005515836150926649
2026-01-19 16:54:58 - train: epoch 48, iter:20, loss: 0.0980, lr: 0.0005515836150926649
2026-01-19 16:55:01 - train: epoch 48, iter:30, loss: 0.1315, lr: 0.0005515836150926649
2026-01-19 16:55:04 - train: epoch 48, iter:40, loss: 0.1082, lr: 0.0005515836150926649
2026-01-19 16:55:06 - train: epoch 48, iter:50, loss: 0.0957, lr: 0.0005515836150926649
2026-01-19 16:55:09 - train: epoch 48, iter:60, loss: 0.0929, lr: 0.0005515836150926649
2026-01-19 16:55:12 - train: epoch 48, iter:70, loss: 0.1006, lr: 0.0005515836150926649
2026-01-19 16:55:15 - train: epoch 48, iter:80, loss: 0.0861, lr: 0.0005515836150926649
2026-01-19 16:55:15 - Finish one epoch train: epoch 48, loss: 0.1067, time(s): 22.37
2026-01-19 16:55:16 - idx 0 case patient050_frame01 mean_dice 0.869387 mean_hd95 7.124808
2026-01-19 16:55:17 - idx 1 case patient050_frame12 mean_dice 0.815473 mean_hd95 9.519947
2026-01-19 16:55:18 - idx 2 case patient037_frame01 mean_dice 0.870510 mean_hd95 6.477226
2026-01-19 16:55:18 - idx 3 case patient037_frame12 mean_dice 0.763659 mean_hd95 6.635690
2026-01-19 16:55:19 - idx 4 case patient095_frame01 mean_dice 0.934142 mean_hd95 1.000000
2026-01-19 16:55:21 - idx 5 case patient095_frame12 mean_dice 0.874559 mean_hd95 1.804738
2026-01-19 16:55:22 - idx 6 case patient047_frame01 mean_dice 0.905814 mean_hd95 1.000000
2026-01-19 16:55:23 - idx 7 case patient047_frame09 mean_dice 0.823561 mean_hd95 9.559419
2026-01-19 16:55:23 - idx 8 case patient044_frame01 mean_dice 0.923008 mean_hd95 1.000000
2026-01-19 16:55:24 - idx 9 case patient044_frame11 mean_dice 0.869506 mean_hd95 1.414214
2026-01-19 16:55:25 - idx 10 case patient064_frame01 mean_dice 0.953545 mean_hd95 1.000000
2026-01-19 16:55:26 - idx 11 case patient064_frame12 mean_dice 0.937782 mean_hd95 1.000000
2026-01-19 16:55:27 - idx 12 case patient017_frame01 mean_dice 0.922739 mean_hd95 1.000000
2026-01-19 16:55:28 - idx 13 case patient017_frame09 mean_dice 0.939732 mean_hd95 1.000000
2026-01-19 16:55:29 - idx 14 case patient039_frame01 mean_dice 0.942657 mean_hd95 1.000000
2026-01-19 16:55:30 - idx 15 case patient039_frame10 mean_dice 0.886946 mean_hd95 1.138071
2026-01-19 16:55:30 - idx 16 case patient041_frame01 mean_dice 0.915805 mean_hd95 1.000000
2026-01-19 16:55:31 - idx 17 case patient041_frame11 mean_dice 0.865225 mean_hd95 1.333333
2026-01-19 16:55:32 - idx 18 case patient067_frame01 mean_dice 0.921545 mean_hd95 1.000000
2026-01-19 16:55:33 - idx 19 case patient067_frame10 mean_dice 0.920230 mean_hd95 1.000000
2026-01-19 16:55:33 - Mean class 1 mean_dice 0.874857 mean_hd95 4.546348
2026-01-19 16:55:33 - Mean class 2 mean_dice 0.878569 mean_hd95 1.175699
2026-01-19 16:55:33 - Mean class 3 mean_dice 0.924947 mean_hd95 2.679069
2026-01-19 16:55:33 - val epoch: 48, mean_dice: 0.8927913223231799, mean_hd95: 2.800372273518439, time(s): 18.16
2026-01-19 16:55:34 - train: epoch 49, iter:0, loss: 0.0880, lr: 0.0005360813071670105
2026-01-19 16:55:36 - train: epoch 49, iter:10, loss: 0.0888, lr: 0.0005360813071670105
2026-01-19 16:55:39 - train: epoch 49, iter:20, loss: 0.1169, lr: 0.0005360813071670105
2026-01-19 16:55:42 - train: epoch 49, iter:30, loss: 0.0870, lr: 0.0005360813071670105
2026-01-19 16:55:45 - train: epoch 49, iter:40, loss: 0.1076, lr: 0.0005360813071670105
2026-01-19 16:55:47 - train: epoch 49, iter:50, loss: 0.0858, lr: 0.0005360813071670105
2026-01-19 16:55:50 - train: epoch 49, iter:60, loss: 0.0928, lr: 0.0005360813071670105
2026-01-19 16:55:53 - train: epoch 49, iter:70, loss: 0.1027, lr: 0.0005360813071670105
2026-01-19 16:55:56 - train: epoch 49, iter:80, loss: 0.0866, lr: 0.0005360813071670105
2026-01-19 16:55:56 - Finish one epoch train: epoch 49, loss: 0.1015, time(s): 22.40
2026-01-19 16:55:57 - idx 0 case patient050_frame01 mean_dice 0.873041 mean_hd95 7.022874
2026-01-19 16:55:58 - idx 1 case patient050_frame12 mean_dice 0.802962 mean_hd95 2.190028
2026-01-19 16:55:59 - idx 2 case patient037_frame01 mean_dice 0.874561 mean_hd95 1.244017
2026-01-19 16:55:59 - idx 3 case patient037_frame12 mean_dice 0.607125 mean_hd95 6.879938
2026-01-19 16:56:01 - idx 4 case patient095_frame01 mean_dice 0.934102 mean_hd95 1.000000
2026-01-19 16:56:02 - idx 5 case patient095_frame12 mean_dice 0.797422 mean_hd95 2.097510
2026-01-19 16:56:03 - idx 6 case patient047_frame01 mean_dice 0.930096 mean_hd95 1.000000
2026-01-19 16:56:04 - idx 7 case patient047_frame09 mean_dice 0.867293 mean_hd95 1.772208
2026-01-19 16:56:05 - idx 8 case patient044_frame01 mean_dice 0.917734 mean_hd95 1.000000
2026-01-19 16:56:06 - idx 9 case patient044_frame11 mean_dice 0.870485 mean_hd95 1.414214
2026-01-19 16:56:07 - idx 10 case patient064_frame01 mean_dice 0.953668 mean_hd95 1.000000
2026-01-19 16:56:08 - idx 11 case patient064_frame12 mean_dice 0.878624 mean_hd95 1.138071
2026-01-19 16:56:08 - idx 12 case patient017_frame01 mean_dice 0.907225 mean_hd95 1.000000
2026-01-19 16:56:09 - idx 13 case patient017_frame09 mean_dice 0.933763 mean_hd95 1.000000
2026-01-19 16:56:10 - idx 14 case patient039_frame01 mean_dice 0.941431 mean_hd95 1.000000
2026-01-19 16:56:11 - idx 15 case patient039_frame10 mean_dice 0.833991 mean_hd95 1.471405
2026-01-19 16:56:12 - idx 16 case patient041_frame01 mean_dice 0.925471 mean_hd95 1.000000
2026-01-19 16:56:12 - idx 17 case patient041_frame11 mean_dice 0.881694 mean_hd95 1.333333
2026-01-19 16:56:13 - idx 18 case patient067_frame01 mean_dice 0.911873 mean_hd95 1.000000
2026-01-19 16:56:15 - idx 19 case patient067_frame10 mean_dice 0.921815 mean_hd95 1.000000
2026-01-19 16:56:15 - Mean class 1 mean_dice 0.865249 mean_hd95 2.320820
2026-01-19 16:56:15 - Mean class 2 mean_dice 0.861171 mean_hd95 1.290308
2026-01-19 16:56:15 - Mean class 3 mean_dice 0.908236 mean_hd95 1.873412
2026-01-19 16:56:15 - val epoch: 49, mean_dice: 0.8782186998187441, mean_hd95: 1.8281799094068119, time(s): 18.70
2026-01-19 16:56:15 - train: epoch 50, iter:0, loss: 0.1002, lr: 0.0005205483257436738
2026-01-19 16:56:18 - train: epoch 50, iter:10, loss: 0.1242, lr: 0.0005205483257436738
2026-01-19 16:56:21 - train: epoch 50, iter:20, loss: 0.0805, lr: 0.0005205483257436738
2026-01-19 16:56:24 - train: epoch 50, iter:30, loss: 0.0886, lr: 0.0005205483257436738
2026-01-19 16:56:26 - train: epoch 50, iter:40, loss: 0.1163, lr: 0.0005205483257436738
2026-01-19 16:56:29 - train: epoch 50, iter:50, loss: 0.0898, lr: 0.0005205483257436738
2026-01-19 16:56:32 - train: epoch 50, iter:60, loss: 0.0892, lr: 0.0005205483257436738
2026-01-19 16:56:35 - train: epoch 50, iter:70, loss: 0.0867, lr: 0.0005205483257436738
2026-01-19 16:56:38 - train: epoch 50, iter:80, loss: 0.1141, lr: 0.0005205483257436738
2026-01-19 16:56:38 - Finish one epoch train: epoch 50, loss: 0.0955, time(s): 22.85
2026-01-19 16:56:39 - idx 0 case patient050_frame01 mean_dice 0.880968 mean_hd95 5.525244
2026-01-19 16:56:40 - idx 1 case patient050_frame12 mean_dice 0.792102 mean_hd95 9.598675
2026-01-19 16:56:41 - idx 2 case patient037_frame01 mean_dice 0.845294 mean_hd95 6.765386
2026-01-19 16:56:42 - idx 3 case patient037_frame12 mean_dice 0.690081 mean_hd95 10.063678
2026-01-19 16:56:43 - idx 4 case patient095_frame01 mean_dice 0.933325 mean_hd95 1.000000
2026-01-19 16:56:45 - idx 5 case patient095_frame12 mean_dice 0.886482 mean_hd95 1.550094
2026-01-19 16:56:46 - idx 6 case patient047_frame01 mean_dice 0.926528 mean_hd95 1.000000
2026-01-19 16:56:47 - idx 7 case patient047_frame09 mean_dice 0.863714 mean_hd95 1.412023
2026-01-19 16:56:48 - idx 8 case patient044_frame01 mean_dice 0.921723 mean_hd95 1.000000
2026-01-19 16:56:49 - idx 9 case patient044_frame11 mean_dice 0.872260 mean_hd95 1.382088
2026-01-19 16:56:50 - idx 10 case patient064_frame01 mean_dice 0.952911 mean_hd95 1.000000
2026-01-19 16:56:51 - idx 11 case patient064_frame12 mean_dice 0.930274 mean_hd95 1.000000
2026-01-19 16:56:52 - idx 12 case patient017_frame01 mean_dice 0.916714 mean_hd95 1.000000
2026-01-19 16:56:53 - idx 13 case patient017_frame09 mean_dice 0.936317 mean_hd95 1.000000
2026-01-19 16:56:54 - idx 14 case patient039_frame01 mean_dice 0.930594 mean_hd95 1.000000
2026-01-19 16:56:54 - idx 15 case patient039_frame10 mean_dice 0.815899 mean_hd95 3.760790
2026-01-19 16:56:55 - idx 16 case patient041_frame01 mean_dice 0.904921 mean_hd95 1.000000
2026-01-19 16:56:55 - idx 17 case patient041_frame11 mean_dice 0.849020 mean_hd95 1.471405
2026-01-19 16:56:57 - idx 18 case patient067_frame01 mean_dice 0.921046 mean_hd95 1.000000
2026-01-19 16:56:58 - idx 19 case patient067_frame10 mean_dice 0.918429 mean_hd95 1.000000
2026-01-19 16:56:58 - Mean class 1 mean_dice 0.863532 mean_hd95 3.613298
2026-01-19 16:56:58 - Mean class 2 mean_dice 0.877501 mean_hd95 1.527817
2026-01-19 16:56:58 - Mean class 3 mean_dice 0.912257 mean_hd95 2.738292
2026-01-19 16:56:58 - val epoch: 50, mean_dice: 0.8844301636503875, mean_hd95: 2.6264690442073295, time(s): 19.86
2026-01-19 16:56:58 - train: epoch 51, iter:0, loss: 0.1285, lr: 0.0005050000000000002
2026-01-19 16:57:01 - train: epoch 51, iter:10, loss: 0.0952, lr: 0.0005050000000000002
2026-01-19 16:57:04 - train: epoch 51, iter:20, loss: 0.1021, lr: 0.0005050000000000002
2026-01-19 16:57:07 - train: epoch 51, iter:30, loss: 0.0814, lr: 0.0005050000000000002
2026-01-19 16:57:10 - train: epoch 51, iter:40, loss: 0.0896, lr: 0.0005050000000000002
2026-01-19 16:57:13 - train: epoch 51, iter:50, loss: 0.0909, lr: 0.0005050000000000002
2026-01-19 16:57:15 - train: epoch 51, iter:60, loss: 0.0858, lr: 0.0005050000000000002
2026-01-19 16:57:18 - train: epoch 51, iter:70, loss: 0.1205, lr: 0.0005050000000000002
2026-01-19 16:57:21 - train: epoch 51, iter:80, loss: 0.1111, lr: 0.0005050000000000002
2026-01-19 16:57:21 - Finish one epoch train: epoch 51, loss: 0.0955, time(s): 22.98
2026-01-19 16:57:22 - idx 0 case patient050_frame01 mean_dice 0.886696 mean_hd95 5.293609
2026-01-19 16:57:23 - idx 1 case patient050_frame12 mean_dice 0.781460 mean_hd95 10.346340
2026-01-19 16:57:24 - idx 2 case patient037_frame01 mean_dice 0.853620 mean_hd95 6.260649
2026-01-19 16:57:25 - idx 3 case patient037_frame12 mean_dice 0.635765 mean_hd95 7.364065
2026-01-19 16:57:26 - idx 4 case patient095_frame01 mean_dice 0.934008 mean_hd95 1.000000
2026-01-19 16:57:27 - idx 5 case patient095_frame12 mean_dice 0.754703 mean_hd95 2.631039
2026-01-19 16:57:28 - idx 6 case patient047_frame01 mean_dice 0.925941 mean_hd95 1.000000
2026-01-19 16:57:29 - idx 7 case patient047_frame09 mean_dice 0.852090 mean_hd95 1.720759
2026-01-19 16:57:30 - idx 8 case patient044_frame01 mean_dice 0.920656 mean_hd95 1.000000
2026-01-19 16:57:31 - idx 9 case patient044_frame11 mean_dice 0.869287 mean_hd95 1.244017
2026-01-19 16:57:32 - idx 10 case patient064_frame01 mean_dice 0.952701 mean_hd95 1.000000
2026-01-19 16:57:33 - idx 11 case patient064_frame12 mean_dice 0.875696 mean_hd95 1.138071
2026-01-19 16:57:34 - idx 12 case patient017_frame01 mean_dice 0.908801 mean_hd95 1.138071
2026-01-19 16:57:35 - idx 13 case patient017_frame09 mean_dice 0.932294 mean_hd95 1.000000
2026-01-19 16:57:36 - idx 14 case patient039_frame01 mean_dice 0.931325 mean_hd95 1.000000
2026-01-19 16:57:37 - idx 15 case patient039_frame10 mean_dice 0.809181 mean_hd95 1.471405
2026-01-19 16:57:38 - idx 16 case patient041_frame01 mean_dice 0.905433 mean_hd95 1.000000
2026-01-19 16:57:38 - idx 17 case patient041_frame11 mean_dice 0.874215 mean_hd95 1.138071
2026-01-19 16:57:39 - idx 18 case patient067_frame01 mean_dice 0.916000 mean_hd95 1.000000
2026-01-19 16:57:40 - idx 19 case patient067_frame10 mean_dice 0.918531 mean_hd95 1.000000
2026-01-19 16:57:40 - Mean class 1 mean_dice 0.844374 mean_hd95 3.371065
2026-01-19 16:57:40 - Mean class 2 mean_dice 0.869331 mean_hd95 1.155317
2026-01-19 16:57:40 - Mean class 3 mean_dice 0.902056 mean_hd95 2.785533
2026-01-19 16:57:40 - val epoch: 51, mean_dice: 0.871920252553723, mean_hd95: 2.4373048205493952, time(s): 19.21
2026-01-19 16:57:41 - train: epoch 52, iter:0, loss: 0.0867, lr: 0.0004894516742563267
2026-01-19 16:57:44 - train: epoch 52, iter:10, loss: 0.1025, lr: 0.0004894516742563267
2026-01-19 16:57:47 - train: epoch 52, iter:20, loss: 0.0811, lr: 0.0004894516742563267
2026-01-19 16:57:50 - train: epoch 52, iter:30, loss: 0.0831, lr: 0.0004894516742563267
2026-01-19 16:57:52 - train: epoch 52, iter:40, loss: 0.1054, lr: 0.0004894516742563267
2026-01-19 16:57:55 - train: epoch 52, iter:50, loss: 0.0957, lr: 0.0004894516742563267
2026-01-19 16:57:58 - train: epoch 52, iter:60, loss: 0.1014, lr: 0.0004894516742563267
2026-01-19 16:58:01 - train: epoch 52, iter:70, loss: 0.0862, lr: 0.0004894516742563267
2026-01-19 16:58:03 - train: epoch 52, iter:80, loss: 0.1021, lr: 0.0004894516742563267
2026-01-19 16:58:04 - Finish one epoch train: epoch 52, loss: 0.0971, time(s): 22.73
2026-01-19 16:58:05 - idx 0 case patient050_frame01 mean_dice 0.897000 mean_hd95 2.622808
2026-01-19 16:58:06 - idx 1 case patient050_frame12 mean_dice 0.809116 mean_hd95 9.430947
2026-01-19 16:58:06 - idx 2 case patient037_frame01 mean_dice 0.840934 mean_hd95 6.711429
2026-01-19 16:58:07 - idx 3 case patient037_frame12 mean_dice 0.681385 mean_hd95 10.154029
2026-01-19 16:58:09 - idx 4 case patient095_frame01 mean_dice 0.934679 mean_hd95 1.000000
2026-01-19 16:58:10 - idx 5 case patient095_frame12 mean_dice 0.864692 mean_hd95 1.804738
2026-01-19 16:58:11 - idx 6 case patient047_frame01 mean_dice 0.907634 mean_hd95 1.000000
2026-01-19 16:58:12 - idx 7 case patient047_frame09 mean_dice 0.843785 mean_hd95 1.483163
2026-01-19 16:58:13 - idx 8 case patient044_frame01 mean_dice 0.926671 mean_hd95 1.000000
2026-01-19 16:58:14 - idx 9 case patient044_frame11 mean_dice 0.875306 mean_hd95 1.276142
2026-01-19 16:58:15 - idx 10 case patient064_frame01 mean_dice 0.955144 mean_hd95 1.000000
2026-01-19 16:58:16 - idx 11 case patient064_frame12 mean_dice 0.936984 mean_hd95 1.000000
2026-01-19 16:58:17 - idx 12 case patient017_frame01 mean_dice 0.923068 mean_hd95 1.000000
2026-01-19 16:58:18 - idx 13 case patient017_frame09 mean_dice 0.939458 mean_hd95 1.000000
2026-01-19 16:58:19 - idx 14 case patient039_frame01 mean_dice 0.943262 mean_hd95 1.000000
2026-01-19 16:58:19 - idx 15 case patient039_frame10 mean_dice 0.841082 mean_hd95 1.244017
2026-01-19 16:58:20 - idx 16 case patient041_frame01 mean_dice 0.914549 mean_hd95 1.000000
2026-01-19 16:58:21 - idx 17 case patient041_frame11 mean_dice 0.835959 mean_hd95 1.666667
2026-01-19 16:58:22 - idx 18 case patient067_frame01 mean_dice 0.923086 mean_hd95 1.000000
2026-01-19 16:58:23 - idx 19 case patient067_frame10 mean_dice 0.923479 mean_hd95 1.000000
2026-01-19 16:58:23 - Mean class 1 mean_dice 0.864819 mean_hd95 2.888141
2026-01-19 16:58:23 - Mean class 2 mean_dice 0.877892 mean_hd95 1.453732
2026-01-19 16:58:23 - Mean class 3 mean_dice 0.914880 mean_hd95 2.767218
2026-01-19 16:58:23 - val epoch: 52, mean_dice: 0.8858636986750513, mean_hd95: 2.3696969593843185, time(s): 19.24
2026-01-19 16:58:24 - train: epoch 53, iter:0, loss: 0.0997, lr: 0.0004739186928329901
2026-01-19 16:58:26 - train: epoch 53, iter:10, loss: 0.1154, lr: 0.0004739186928329901
2026-01-19 16:58:29 - train: epoch 53, iter:20, loss: 0.0860, lr: 0.0004739186928329901
2026-01-19 16:58:32 - train: epoch 53, iter:30, loss: 0.0889, lr: 0.0004739186928329901
2026-01-19 16:58:35 - train: epoch 53, iter:40, loss: 0.0791, lr: 0.0004739186928329901
2026-01-19 16:58:37 - train: epoch 53, iter:50, loss: 0.1007, lr: 0.0004739186928329901
2026-01-19 16:58:40 - train: epoch 53, iter:60, loss: 0.0799, lr: 0.0004739186928329901
2026-01-19 16:58:43 - train: epoch 53, iter:70, loss: 0.1175, lr: 0.0004739186928329901
2026-01-19 16:58:46 - train: epoch 53, iter:80, loss: 0.1136, lr: 0.0004739186928329901
2026-01-19 16:58:46 - Finish one epoch train: epoch 53, loss: 0.0921, time(s): 22.58
2026-01-19 16:58:47 - idx 0 case patient050_frame01 mean_dice 0.883449 mean_hd95 6.031271
2026-01-19 16:58:48 - idx 1 case patient050_frame12 mean_dice 0.775467 mean_hd95 10.010698
2026-01-19 16:58:49 - idx 2 case patient037_frame01 mean_dice 0.834580 mean_hd95 6.507571
2026-01-19 16:58:49 - idx 3 case patient037_frame12 mean_dice 0.711946 mean_hd95 8.611063
2026-01-19 16:58:51 - idx 4 case patient095_frame01 mean_dice 0.934105 mean_hd95 1.000000
2026-01-19 16:58:52 - idx 5 case patient095_frame12 mean_dice 0.854946 mean_hd95 1.804738
2026-01-19 16:58:53 - idx 6 case patient047_frame01 mean_dice 0.914736 mean_hd95 1.000000
2026-01-19 16:58:54 - idx 7 case patient047_frame09 mean_dice 0.843734 mean_hd95 1.720759
2026-01-19 16:58:55 - idx 8 case patient044_frame01 mean_dice 0.930099 mean_hd95 1.000000
2026-01-19 16:58:56 - idx 9 case patient044_frame11 mean_dice 0.886108 mean_hd95 1.138071
2026-01-19 16:58:57 - idx 10 case patient064_frame01 mean_dice 0.955489 mean_hd95 1.000000
2026-01-19 16:58:58 - idx 11 case patient064_frame12 mean_dice 0.924812 mean_hd95 1.000000
2026-01-19 16:58:59 - idx 12 case patient017_frame01 mean_dice 0.915825 mean_hd95 1.000000
2026-01-19 16:59:00 - idx 13 case patient017_frame09 mean_dice 0.936214 mean_hd95 1.000000
2026-01-19 16:59:01 - idx 14 case patient039_frame01 mean_dice 0.938979 mean_hd95 1.000000
2026-01-19 16:59:02 - idx 15 case patient039_frame10 mean_dice 0.836031 mean_hd95 1.333333
2026-01-19 16:59:03 - idx 16 case patient041_frame01 mean_dice 0.913415 mean_hd95 1.000000
2026-01-19 16:59:03 - idx 17 case patient041_frame11 mean_dice 0.845663 mean_hd95 1.333333
2026-01-19 16:59:04 - idx 18 case patient067_frame01 mean_dice 0.925792 mean_hd95 1.000000
2026-01-19 16:59:05 - idx 19 case patient067_frame10 mean_dice 0.919217 mean_hd95 1.000000
2026-01-19 16:59:05 - Mean class 1 mean_dice 0.861103 mean_hd95 3.399034
2026-01-19 16:59:05 - Mean class 2 mean_dice 0.878649 mean_hd95 1.312958
2026-01-19 16:59:05 - Mean class 3 mean_dice 0.912339 mean_hd95 2.711633
2026-01-19 16:59:05 - val epoch: 53, mean_dice: 0.8840303119630778, mean_hd95: 2.474541886436077, time(s): 19.59
2026-01-19 16:59:07 - train: epoch 54, iter:0, loss: 0.0883, lr: 0.00045841638490733556
2026-01-19 16:59:09 - train: epoch 54, iter:10, loss: 0.0813, lr: 0.00045841638490733556
2026-01-19 16:59:12 - train: epoch 54, iter:20, loss: 0.0845, lr: 0.00045841638490733556
2026-01-19 16:59:15 - train: epoch 54, iter:30, loss: 0.1071, lr: 0.00045841638490733556
2026-01-19 16:59:18 - train: epoch 54, iter:40, loss: 0.0954, lr: 0.00045841638490733556
2026-01-19 16:59:20 - train: epoch 54, iter:50, loss: 0.0804, lr: 0.00045841638490733556
2026-01-19 16:59:23 - train: epoch 54, iter:60, loss: 0.0947, lr: 0.00045841638490733556
2026-01-19 16:59:26 - train: epoch 54, iter:70, loss: 0.1080, lr: 0.00045841638490733556
2026-01-19 16:59:29 - train: epoch 54, iter:80, loss: 0.0910, lr: 0.00045841638490733556
2026-01-19 16:59:29 - Finish one epoch train: epoch 54, loss: 0.0928, time(s): 22.45
2026-01-19 16:59:30 - idx 0 case patient050_frame01 mean_dice 0.887918 mean_hd95 1.959438
2026-01-19 16:59:31 - idx 1 case patient050_frame12 mean_dice 0.804909 mean_hd95 8.521962
2026-01-19 16:59:32 - idx 2 case patient037_frame01 mean_dice 0.828413 mean_hd95 6.507571
2026-01-19 16:59:32 - idx 3 case patient037_frame12 mean_dice 0.731906 mean_hd95 8.476437
2026-01-19 16:59:34 - idx 4 case patient095_frame01 mean_dice 0.934475 mean_hd95 1.000000
2026-01-19 16:59:35 - idx 5 case patient095_frame12 mean_dice 0.884300 mean_hd95 1.550094
2026-01-19 16:59:36 - idx 6 case patient047_frame01 mean_dice 0.916781 mean_hd95 1.000000
2026-01-19 16:59:37 - idx 7 case patient047_frame09 mean_dice 0.852321 mean_hd95 1.666667
2026-01-19 16:59:38 - idx 8 case patient044_frame01 mean_dice 0.922186 mean_hd95 1.000000
2026-01-19 16:59:39 - idx 9 case patient044_frame11 mean_dice 0.863392 mean_hd95 1.414214
2026-01-19 16:59:40 - idx 10 case patient064_frame01 mean_dice 0.953820 mean_hd95 1.000000
2026-01-19 16:59:41 - idx 11 case patient064_frame12 mean_dice 0.926865 mean_hd95 1.000000
2026-01-19 16:59:42 - idx 12 case patient017_frame01 mean_dice 0.905305 mean_hd95 1.138071
2026-01-19 16:59:43 - idx 13 case patient017_frame09 mean_dice 0.928078 mean_hd95 1.000000
2026-01-19 16:59:44 - idx 14 case patient039_frame01 mean_dice 0.936977 mean_hd95 1.000000
2026-01-19 16:59:45 - idx 15 case patient039_frame10 mean_dice 0.846525 mean_hd95 1.382088
2026-01-19 16:59:45 - idx 16 case patient041_frame01 mean_dice 0.909860 mean_hd95 1.000000
2026-01-19 16:59:46 - idx 17 case patient041_frame11 mean_dice 0.877654 mean_hd95 1.333333
2026-01-19 16:59:47 - idx 18 case patient067_frame01 mean_dice 0.926443 mean_hd95 1.000000
2026-01-19 16:59:48 - idx 19 case patient067_frame10 mean_dice 0.917195 mean_hd95 1.000000
2026-01-19 16:59:48 - Mean class 1 mean_dice 0.864096 mean_hd95 2.632419
2026-01-19 16:59:48 - Mean class 2 mean_dice 0.878037 mean_hd95 1.284382
2026-01-19 16:59:48 - Mean class 3 mean_dice 0.921165 mean_hd95 2.675680
2026-01-19 16:59:48 - val epoch: 54, mean_dice: 0.8877661391202767, mean_hd95: 2.197493766328486, time(s): 19.48
2026-01-19 16:59:49 - train: epoch 55, iter:0, loss: 0.1018, lr: 0.0004429600493856696
2026-01-19 16:59:52 - train: epoch 55, iter:10, loss: 0.0909, lr: 0.0004429600493856696
2026-01-19 16:59:55 - train: epoch 55, iter:20, loss: 0.0951, lr: 0.0004429600493856696
2026-01-19 16:59:57 - train: epoch 55, iter:30, loss: 0.0835, lr: 0.0004429600493856696
2026-01-19 17:00:00 - train: epoch 55, iter:40, loss: 0.1143, lr: 0.0004429600493856696
2026-01-19 17:00:03 - train: epoch 55, iter:50, loss: 0.0915, lr: 0.0004429600493856696
2026-01-19 17:00:06 - train: epoch 55, iter:60, loss: 0.1301, lr: 0.0004429600493856696
2026-01-19 17:00:08 - train: epoch 55, iter:70, loss: 0.0919, lr: 0.0004429600493856696
2026-01-19 17:00:11 - train: epoch 55, iter:80, loss: 0.1542, lr: 0.0004429600493856696
2026-01-19 17:00:11 - Finish one epoch train: epoch 55, loss: 0.0970, time(s): 22.70
2026-01-19 17:00:12 - idx 0 case patient050_frame01 mean_dice 0.886985 mean_hd95 5.086482
2026-01-19 17:00:14 - idx 1 case patient050_frame12 mean_dice 0.779296 mean_hd95 10.119319
2026-01-19 17:00:14 - idx 2 case patient037_frame01 mean_dice 0.843369 mean_hd95 6.512605
2026-01-19 17:00:15 - idx 3 case patient037_frame12 mean_dice 0.779540 mean_hd95 6.636440
2026-01-19 17:00:16 - idx 4 case patient095_frame01 mean_dice 0.933777 mean_hd95 1.000000
2026-01-19 17:00:18 - idx 5 case patient095_frame12 mean_dice 0.882906 mean_hd95 1.520159
2026-01-19 17:00:19 - idx 6 case patient047_frame01 mean_dice 0.914529 mean_hd95 1.000000
2026-01-19 17:00:20 - idx 7 case patient047_frame09 mean_dice 0.849351 mean_hd95 1.412023
2026-01-19 17:00:21 - idx 8 case patient044_frame01 mean_dice 0.926927 mean_hd95 1.000000
2026-01-19 17:00:22 - idx 9 case patient044_frame11 mean_dice 0.867720 mean_hd95 1.414214
2026-01-19 17:00:23 - idx 10 case patient064_frame01 mean_dice 0.952574 mean_hd95 1.000000
2026-01-19 17:00:24 - idx 11 case patient064_frame12 mean_dice 0.931391 mean_hd95 1.000000
2026-01-19 17:00:25 - idx 12 case patient017_frame01 mean_dice 0.911214 mean_hd95 1.000000
2026-01-19 17:00:26 - idx 13 case patient017_frame09 mean_dice 0.932712 mean_hd95 1.000000
2026-01-19 17:00:27 - idx 14 case patient039_frame01 mean_dice 0.938369 mean_hd95 1.000000
2026-01-19 17:00:28 - idx 15 case patient039_frame10 mean_dice 0.835562 mean_hd95 1.471405
2026-01-19 17:00:28 - idx 16 case patient041_frame01 mean_dice 0.903085 mean_hd95 1.000000
2026-01-19 17:00:29 - idx 17 case patient041_frame11 mean_dice 0.849120 mean_hd95 1.471405
2026-01-19 17:00:30 - idx 18 case patient067_frame01 mean_dice 0.927101 mean_hd95 1.000000
2026-01-19 17:00:31 - idx 19 case patient067_frame10 mean_dice 0.919668 mean_hd95 1.000000
2026-01-19 17:00:31 - Mean class 1 mean_dice 0.869002 mean_hd95 3.154075
2026-01-19 17:00:31 - Mean class 2 mean_dice 0.876962 mean_hd95 1.144646
2026-01-19 17:00:31 - Mean class 3 mean_dice 0.918816 mean_hd95 2.697886
2026-01-19 17:00:31 - val epoch: 55, mean_dice: 0.8882598685663549, mean_hd95: 2.3322025087931695, time(s): 19.58
2026-01-19 17:00:32 - train: epoch 56, iter:0, loss: 0.0933, lr: 0.0004275649398050859
2026-01-19 17:00:34 - train: epoch 56, iter:10, loss: 0.1002, lr: 0.0004275649398050859
2026-01-19 17:00:37 - train: epoch 56, iter:20, loss: 0.0752, lr: 0.0004275649398050859
2026-01-19 17:00:40 - train: epoch 56, iter:30, loss: 0.0904, lr: 0.0004275649398050859
2026-01-19 17:00:43 - train: epoch 56, iter:40, loss: 0.0999, lr: 0.0004275649398050859
2026-01-19 17:00:45 - train: epoch 56, iter:50, loss: 0.0894, lr: 0.0004275649398050859
2026-01-19 17:00:48 - train: epoch 56, iter:60, loss: 0.0847, lr: 0.0004275649398050859
2026-01-19 17:00:51 - train: epoch 56, iter:70, loss: 0.0959, lr: 0.0004275649398050859
2026-01-19 17:00:54 - train: epoch 56, iter:80, loss: 0.0809, lr: 0.0004275649398050859
2026-01-19 17:00:54 - Finish one epoch train: epoch 56, loss: 0.0909, time(s): 22.51
2026-01-19 17:00:55 - idx 0 case patient050_frame01 mean_dice 0.849359 mean_hd95 7.333333
2026-01-19 17:00:56 - idx 1 case patient050_frame12 mean_dice 0.774947 mean_hd95 10.441886
2026-01-19 17:00:57 - idx 2 case patient037_frame01 mean_dice 0.896465 mean_hd95 1.138071
2026-01-19 17:00:57 - idx 3 case patient037_frame12 mean_dice 0.777297 mean_hd95 6.191958
2026-01-19 17:00:59 - idx 4 case patient095_frame01 mean_dice 0.938750 mean_hd95 1.000000
2026-01-19 17:01:00 - idx 5 case patient095_frame12 mean_dice 0.861781 mean_hd95 1.666667
2026-01-19 17:01:01 - idx 6 case patient047_frame01 mean_dice 0.913102 mean_hd95 1.000000
2026-01-19 17:01:02 - idx 7 case patient047_frame09 mean_dice 0.873055 mean_hd95 1.772208
2026-01-19 17:01:03 - idx 8 case patient044_frame01 mean_dice 0.926292 mean_hd95 1.000000
2026-01-19 17:01:04 - idx 9 case patient044_frame11 mean_dice 0.880362 mean_hd95 1.138071
2026-01-19 17:01:05 - idx 10 case patient064_frame01 mean_dice 0.955325 mean_hd95 1.000000
2026-01-19 17:01:06 - idx 11 case patient064_frame12 mean_dice 0.924980 mean_hd95 1.000000
2026-01-19 17:01:07 - idx 12 case patient017_frame01 mean_dice 0.913220 mean_hd95 1.000000
2026-01-19 17:01:08 - idx 13 case patient017_frame09 mean_dice 0.936070 mean_hd95 1.000000
2026-01-19 17:01:09 - idx 14 case patient039_frame01 mean_dice 0.935714 mean_hd95 1.000000
2026-01-19 17:01:09 - idx 15 case patient039_frame10 mean_dice 0.818353 mean_hd95 1.471405
2026-01-19 17:01:10 - idx 16 case patient041_frame01 mean_dice 0.915219 mean_hd95 1.000000
2026-01-19 17:01:10 - idx 17 case patient041_frame11 mean_dice 0.864923 mean_hd95 1.333333
2026-01-19 17:01:12 - idx 18 case patient067_frame01 mean_dice 0.923339 mean_hd95 1.000000
2026-01-19 17:01:13 - idx 19 case patient067_frame10 mean_dice 0.923010 mean_hd95 1.000000
2026-01-19 17:01:13 - Mean class 1 mean_dice 0.879822 mean_hd95 3.443258
2026-01-19 17:01:13 - Mean class 2 mean_dice 0.875007 mean_hd95 1.250988
2026-01-19 17:01:13 - Mean class 3 mean_dice 0.915405 mean_hd95 1.828794
2026-01-19 17:01:13 - val epoch: 56, mean_dice: 0.890078228780721, mean_hd95: 2.1743466247292496, time(s): 19.21
2026-01-19 17:01:14 - train: epoch 57, iter:0, loss: 0.0850, lr: 0.0004122462492800665
2026-01-19 17:01:17 - train: epoch 57, iter:10, loss: 0.0819, lr: 0.0004122462492800665
2026-01-19 17:01:19 - train: epoch 57, iter:20, loss: 0.0915, lr: 0.0004122462492800665
2026-01-19 17:01:22 - train: epoch 57, iter:30, loss: 0.0783, lr: 0.0004122462492800665
2026-01-19 17:01:25 - train: epoch 57, iter:40, loss: 0.0796, lr: 0.0004122462492800665
2026-01-19 17:01:28 - train: epoch 57, iter:50, loss: 0.0872, lr: 0.0004122462492800665
2026-01-19 17:01:30 - train: epoch 57, iter:60, loss: 0.1036, lr: 0.0004122462492800665
2026-01-19 17:01:33 - train: epoch 57, iter:70, loss: 0.1099, lr: 0.0004122462492800665
2026-01-19 17:01:36 - train: epoch 57, iter:80, loss: 0.0802, lr: 0.0004122462492800665
2026-01-19 17:01:36 - Finish one epoch train: epoch 57, loss: 0.0914, time(s): 22.80
2026-01-19 17:01:37 - idx 0 case patient050_frame01 mean_dice 0.888126 mean_hd95 3.917326
2026-01-19 17:01:38 - idx 1 case patient050_frame12 mean_dice 0.802977 mean_hd95 10.117447
2026-01-19 17:01:39 - idx 2 case patient037_frame01 mean_dice 0.864259 mean_hd95 6.498368
2026-01-19 17:01:40 - idx 3 case patient037_frame12 mean_dice 0.735575 mean_hd95 7.063505
2026-01-19 17:01:41 - idx 4 case patient095_frame01 mean_dice 0.934017 mean_hd95 1.000000
2026-01-19 17:01:42 - idx 5 case patient095_frame12 mean_dice 0.862746 mean_hd95 1.942809
2026-01-19 17:01:43 - idx 6 case patient047_frame01 mean_dice 0.925638 mean_hd95 1.000000
2026-01-19 17:01:44 - idx 7 case patient047_frame09 mean_dice 0.869537 mean_hd95 1.412023
2026-01-19 17:01:45 - idx 8 case patient044_frame01 mean_dice 0.923960 mean_hd95 1.000000
2026-01-19 17:01:46 - idx 9 case patient044_frame11 mean_dice 0.870021 mean_hd95 1.498970
2026-01-19 17:01:47 - idx 10 case patient064_frame01 mean_dice 0.953971 mean_hd95 1.000000
2026-01-19 17:01:49 - idx 11 case patient064_frame12 mean_dice 0.928802 mean_hd95 1.000000
2026-01-19 17:01:49 - idx 12 case patient017_frame01 mean_dice 0.920918 mean_hd95 1.000000
2026-01-19 17:01:50 - idx 13 case patient017_frame09 mean_dice 0.937728 mean_hd95 1.000000
2026-01-19 17:01:51 - idx 14 case patient039_frame01 mean_dice 0.935343 mean_hd95 1.000000
2026-01-19 17:01:52 - idx 15 case patient039_frame10 mean_dice 0.837977 mean_hd95 1.382088
2026-01-19 17:01:53 - idx 16 case patient041_frame01 mean_dice 0.906797 mean_hd95 1.000000
2026-01-19 17:01:53 - idx 17 case patient041_frame11 mean_dice 0.852405 mean_hd95 1.666667
2026-01-19 17:01:54 - idx 18 case patient067_frame01 mean_dice 0.919351 mean_hd95 1.000000
2026-01-19 17:01:55 - idx 19 case patient067_frame10 mean_dice 0.921413 mean_hd95 1.000000
2026-01-19 17:01:55 - Mean class 1 mean_dice 0.870905 mean_hd95 3.054532
2026-01-19 17:01:55 - Mean class 2 mean_dice 0.879055 mean_hd95 1.144646
2026-01-19 17:01:55 - Mean class 3 mean_dice 0.918774 mean_hd95 2.775702
2026-01-19 17:01:55 - val epoch: 57, mean_dice: 0.8895780538062779, mean_hd95: 2.3249601280181342, time(s): 19.05
2026-01-19 17:01:56 - train: epoch 58, iter:0, loss: 0.0930, lr: 0.00039701909550871175
2026-01-19 17:01:59 - train: epoch 58, iter:10, loss: 0.0809, lr: 0.00039701909550871175
2026-01-19 17:02:02 - train: epoch 58, iter:20, loss: 0.0892, lr: 0.00039701909550871175
2026-01-19 17:02:04 - train: epoch 58, iter:30, loss: 0.1169, lr: 0.00039701909550871175
2026-01-19 17:02:07 - train: epoch 58, iter:40, loss: 0.0919, lr: 0.00039701909550871175
2026-01-19 17:02:10 - train: epoch 58, iter:50, loss: 0.0865, lr: 0.00039701909550871175
2026-01-19 17:02:13 - train: epoch 58, iter:60, loss: 0.1054, lr: 0.00039701909550871175
2026-01-19 17:02:16 - train: epoch 58, iter:70, loss: 0.0934, lr: 0.00039701909550871175
2026-01-19 17:02:18 - train: epoch 58, iter:80, loss: 0.0783, lr: 0.00039701909550871175
2026-01-19 17:02:19 - Finish one epoch train: epoch 58, loss: 0.0905, time(s): 22.83
2026-01-19 17:02:20 - idx 0 case patient050_frame01 mean_dice 0.881194 mean_hd95 7.033953
2026-01-19 17:02:21 - idx 1 case patient050_frame12 mean_dice 0.795768 mean_hd95 10.202238
2026-01-19 17:02:22 - idx 2 case patient037_frame01 mean_dice 0.846534 mean_hd95 6.767851
2026-01-19 17:02:22 - idx 3 case patient037_frame12 mean_dice 0.642593 mean_hd95 9.146317
2026-01-19 17:02:24 - idx 4 case patient095_frame01 mean_dice 0.933216 mean_hd95 1.000000
2026-01-19 17:02:25 - idx 5 case patient095_frame12 mean_dice 0.811283 mean_hd95 1.720759
2026-01-19 17:02:26 - idx 6 case patient047_frame01 mean_dice 0.920874 mean_hd95 1.000000
2026-01-19 17:02:27 - idx 7 case patient047_frame09 mean_dice 0.872730 mean_hd95 1.658088
2026-01-19 17:02:28 - idx 8 case patient044_frame01 mean_dice 0.926102 mean_hd95 1.000000
2026-01-19 17:02:29 - idx 9 case patient044_frame11 mean_dice 0.870412 mean_hd95 1.412023
2026-01-19 17:02:30 - idx 10 case patient064_frame01 mean_dice 0.953729 mean_hd95 1.000000
2026-01-19 17:02:31 - idx 11 case patient064_frame12 mean_dice 0.926352 mean_hd95 1.000000
2026-01-19 17:02:32 - idx 12 case patient017_frame01 mean_dice 0.921907 mean_hd95 1.000000
2026-01-19 17:02:33 - idx 13 case patient017_frame09 mean_dice 0.937926 mean_hd95 1.000000
2026-01-19 17:02:34 - idx 14 case patient039_frame01 mean_dice 0.933859 mean_hd95 1.000000
2026-01-19 17:02:35 - idx 15 case patient039_frame10 mean_dice 0.813275 mean_hd95 1.666667
2026-01-19 17:02:36 - idx 16 case patient041_frame01 mean_dice 0.910624 mean_hd95 1.000000
2026-01-19 17:02:36 - idx 17 case patient041_frame11 mean_dice 0.860684 mean_hd95 1.471405
2026-01-19 17:02:37 - idx 18 case patient067_frame01 mean_dice 0.923074 mean_hd95 1.000000
2026-01-19 17:02:39 - idx 19 case patient067_frame10 mean_dice 0.920841 mean_hd95 1.000000
2026-01-19 17:02:39 - Mean class 1 mean_dice 0.850360 mean_hd95 3.684942
2026-01-19 17:02:39 - Mean class 2 mean_dice 0.877723 mean_hd95 1.388291
2026-01-19 17:02:39 - Mean class 3 mean_dice 0.912363 mean_hd95 2.738662
2026-01-19 17:02:39 - val epoch: 58, mean_dice: 0.8801488108613108, mean_hd95: 2.603965025063081, time(s): 19.92
2026-01-19 17:02:39 - train: epoch 59, iter:0, loss: 0.1640, lr: 0.000381898505853397
2026-01-19 17:02:42 - train: epoch 59, iter:10, loss: 0.0908, lr: 0.000381898505853397
2026-01-19 17:02:45 - train: epoch 59, iter:20, loss: 0.0821, lr: 0.000381898505853397
2026-01-19 17:02:48 - train: epoch 59, iter:30, loss: 0.0871, lr: 0.000381898505853397
2026-01-19 17:02:51 - train: epoch 59, iter:40, loss: 0.1063, lr: 0.000381898505853397
2026-01-19 17:02:53 - train: epoch 59, iter:50, loss: 0.0843, lr: 0.000381898505853397
2026-01-19 17:02:56 - train: epoch 59, iter:60, loss: 0.0825, lr: 0.000381898505853397
2026-01-19 17:02:59 - train: epoch 59, iter:70, loss: 0.0930, lr: 0.000381898505853397
2026-01-19 17:03:02 - train: epoch 59, iter:80, loss: 0.0930, lr: 0.000381898505853397
2026-01-19 17:03:02 - Finish one epoch train: epoch 59, loss: 0.0913, time(s): 22.75
2026-01-19 17:03:03 - idx 0 case patient050_frame01 mean_dice 0.900101 mean_hd95 3.895944
2026-01-19 17:03:04 - idx 1 case patient050_frame12 mean_dice 0.810543 mean_hd95 9.773749
2026-01-19 17:03:05 - idx 2 case patient037_frame01 mean_dice 0.844544 mean_hd95 6.735690
2026-01-19 17:03:05 - idx 3 case patient037_frame12 mean_dice 0.595935 mean_hd95 10.692659
2026-01-19 17:03:07 - idx 4 case patient095_frame01 mean_dice 0.937054 mean_hd95 1.000000
2026-01-19 17:03:08 - idx 5 case patient095_frame12 mean_dice 0.791284 mean_hd95 2.048351
2026-01-19 17:03:09 - idx 6 case patient047_frame01 mean_dice 0.923784 mean_hd95 1.000000
2026-01-19 17:03:10 - idx 7 case patient047_frame09 mean_dice 0.852937 mean_hd95 1.666667
2026-01-19 17:03:11 - idx 8 case patient044_frame01 mean_dice 0.926964 mean_hd95 1.000000
2026-01-19 17:03:12 - idx 9 case patient044_frame11 mean_dice 0.871811 mean_hd95 1.276142
2026-01-19 17:03:13 - idx 10 case patient064_frame01 mean_dice 0.956645 mean_hd95 1.000000
2026-01-19 17:03:14 - idx 11 case patient064_frame12 mean_dice 0.935309 mean_hd95 1.000000
2026-01-19 17:03:15 - idx 12 case patient017_frame01 mean_dice 0.922986 mean_hd95 1.000000
2026-01-19 17:03:16 - idx 13 case patient017_frame09 mean_dice 0.939951 mean_hd95 1.000000
2026-01-19 17:03:17 - idx 14 case patient039_frame01 mean_dice 0.943701 mean_hd95 1.000000
2026-01-19 17:03:18 - idx 15 case patient039_frame10 mean_dice 0.845843 mean_hd95 1.244017
2026-01-19 17:03:19 - idx 16 case patient041_frame01 mean_dice 0.915761 mean_hd95 1.000000
2026-01-19 17:03:19 - idx 17 case patient041_frame11 mean_dice 0.854682 mean_hd95 1.471405
2026-01-19 17:03:20 - idx 18 case patient067_frame01 mean_dice 0.924032 mean_hd95 1.000000
2026-01-19 17:03:21 - idx 19 case patient067_frame10 mean_dice 0.922634 mean_hd95 1.000000
2026-01-19 17:03:21 - Mean class 1 mean_dice 0.850534 mean_hd95 3.188722
2026-01-19 17:03:21 - Mean class 2 mean_dice 0.877065 mean_hd95 1.521149
2026-01-19 17:03:21 - Mean class 3 mean_dice 0.914876 mean_hd95 2.760822
2026-01-19 17:03:21 - val epoch: 59, mean_dice: 0.8808249933135447, mean_hd95: 2.490231136195146, time(s): 19.73
2026-01-19 17:03:22 - train: epoch 60, iter:0, loss: 0.0821, lr: 0.00036689940251058173
2026-01-19 17:03:25 - train: epoch 60, iter:10, loss: 0.0961, lr: 0.00036689940251058173
2026-01-19 17:03:28 - train: epoch 60, iter:20, loss: 0.0876, lr: 0.00036689940251058173
2026-01-19 17:03:31 - train: epoch 60, iter:30, loss: 0.0900, lr: 0.00036689940251058173
2026-01-19 17:03:33 - train: epoch 60, iter:40, loss: 0.0797, lr: 0.00036689940251058173
2026-01-19 17:03:36 - train: epoch 60, iter:50, loss: 0.0925, lr: 0.00036689940251058173
2026-01-19 17:03:39 - train: epoch 60, iter:60, loss: 0.0869, lr: 0.00036689940251058173
2026-01-19 17:03:42 - train: epoch 60, iter:70, loss: 0.0926, lr: 0.00036689940251058173
2026-01-19 17:03:45 - train: epoch 60, iter:80, loss: 0.0896, lr: 0.00036689940251058173
2026-01-19 17:03:45 - Finish one epoch train: epoch 60, loss: 0.0906, time(s): 22.82
2026-01-19 17:03:46 - idx 0 case patient050_frame01 mean_dice 0.877228 mean_hd95 7.136865
2026-01-19 17:03:47 - idx 1 case patient050_frame12 mean_dice 0.823071 mean_hd95 8.324190
2026-01-19 17:03:48 - idx 2 case patient037_frame01 mean_dice 0.856808 mean_hd95 6.587685
2026-01-19 17:03:48 - idx 3 case patient037_frame12 mean_dice 0.700188 mean_hd95 8.625031
2026-01-19 17:03:50 - idx 4 case patient095_frame01 mean_dice 0.932192 mean_hd95 1.000000
2026-01-19 17:03:51 - idx 5 case patient095_frame12 mean_dice 0.838730 mean_hd95 1.858830
2026-01-19 17:03:52 - idx 6 case patient047_frame01 mean_dice 0.911818 mean_hd95 1.000000
2026-01-19 17:03:53 - idx 7 case patient047_frame09 mean_dice 0.851368 mean_hd95 1.845023
2026-01-19 17:03:54 - idx 8 case patient044_frame01 mean_dice 0.924894 mean_hd95 1.000000
2026-01-19 17:03:55 - idx 9 case patient044_frame11 mean_dice 0.871585 mean_hd95 1.244017
2026-01-19 17:03:56 - idx 10 case patient064_frame01 mean_dice 0.954348 mean_hd95 1.000000
2026-01-19 17:03:57 - idx 11 case patient064_frame12 mean_dice 0.938570 mean_hd95 1.000000
2026-01-19 17:03:58 - idx 12 case patient017_frame01 mean_dice 0.922151 mean_hd95 1.000000
2026-01-19 17:03:59 - idx 13 case patient017_frame09 mean_dice 0.939806 mean_hd95 1.000000
2026-01-19 17:04:00 - idx 14 case patient039_frame01 mean_dice 0.937838 mean_hd95 1.000000
2026-01-19 17:04:01 - idx 15 case patient039_frame10 mean_dice 0.844225 mean_hd95 1.333333
2026-01-19 17:04:01 - idx 16 case patient041_frame01 mean_dice 0.903331 mean_hd95 1.000000
2026-01-19 17:04:02 - idx 17 case patient041_frame11 mean_dice 0.847779 mean_hd95 1.471405
2026-01-19 17:04:03 - idx 18 case patient067_frame01 mean_dice 0.927772 mean_hd95 1.000000
2026-01-19 17:04:04 - idx 19 case patient067_frame10 mean_dice 0.919175 mean_hd95 1.000000
2026-01-19 17:04:04 - Mean class 1 mean_dice 0.864418 mean_hd95 3.243164
2026-01-19 17:04:04 - Mean class 2 mean_dice 0.878952 mean_hd95 1.421068
2026-01-19 17:04:04 - Mean class 3 mean_dice 0.915061 mean_hd95 2.749725
2026-01-19 17:04:04 - val epoch: 60, mean_dice: 0.8861438389857322, mean_hd95: 2.471318922400105, time(s): 19.19
2026-01-19 17:04:05 - train: epoch 61, iter:0, loss: 0.1114, lr: 0.00035203658778440135
2026-01-19 17:04:08 - train: epoch 61, iter:10, loss: 0.0913, lr: 0.00035203658778440135
2026-01-19 17:04:10 - train: epoch 61, iter:20, loss: 0.0909, lr: 0.00035203658778440135
2026-01-19 17:04:13 - train: epoch 61, iter:30, loss: 0.0938, lr: 0.00035203658778440135
2026-01-19 17:04:16 - train: epoch 61, iter:40, loss: 0.0839, lr: 0.00035203658778440135
2026-01-19 17:04:19 - train: epoch 61, iter:50, loss: 0.1018, lr: 0.00035203658778440135
2026-01-19 17:04:22 - train: epoch 61, iter:60, loss: 0.0820, lr: 0.00035203658778440135
2026-01-19 17:04:25 - train: epoch 61, iter:70, loss: 0.0728, lr: 0.00035203658778440135
2026-01-19 17:04:27 - train: epoch 61, iter:80, loss: 0.0900, lr: 0.00035203658778440135
2026-01-19 17:04:28 - Finish one epoch train: epoch 61, loss: 0.0887, time(s): 23.20
2026-01-19 17:04:29 - idx 0 case patient050_frame01 mean_dice 0.885669 mean_hd95 5.623682
2026-01-19 17:04:30 - idx 1 case patient050_frame12 mean_dice 0.789932 mean_hd95 9.644195
2026-01-19 17:04:31 - idx 2 case patient037_frame01 mean_dice 0.856395 mean_hd95 6.318350
2026-01-19 17:04:32 - idx 3 case patient037_frame12 mean_dice 0.632462 mean_hd95 7.353430
2026-01-19 17:04:33 - idx 4 case patient095_frame01 mean_dice 0.934377 mean_hd95 1.000000
2026-01-19 17:04:34 - idx 5 case patient095_frame12 mean_dice 0.837431 mean_hd95 1.858830
2026-01-19 17:04:35 - idx 6 case patient047_frame01 mean_dice 0.924414 mean_hd95 1.000000
2026-01-19 17:04:36 - idx 7 case patient047_frame09 mean_dice 0.851749 mean_hd95 1.609476
2026-01-19 17:04:37 - idx 8 case patient044_frame01 mean_dice 0.924507 mean_hd95 1.000000
2026-01-19 17:04:38 - idx 9 case patient044_frame11 mean_dice 0.875522 mean_hd95 1.138071
2026-01-19 17:04:39 - idx 10 case patient064_frame01 mean_dice 0.955287 mean_hd95 1.000000
2026-01-19 17:04:40 - idx 11 case patient064_frame12 mean_dice 0.928186 mean_hd95 1.000000
2026-01-19 17:04:41 - idx 12 case patient017_frame01 mean_dice 0.916275 mean_hd95 1.000000
2026-01-19 17:04:42 - idx 13 case patient017_frame09 mean_dice 0.938466 mean_hd95 1.000000
2026-01-19 17:04:43 - idx 14 case patient039_frame01 mean_dice 0.933649 mean_hd95 1.000000
2026-01-19 17:04:44 - idx 15 case patient039_frame10 mean_dice 0.828541 mean_hd95 1.471405
2026-01-19 17:04:45 - idx 16 case patient041_frame01 mean_dice 0.898394 mean_hd95 1.000000
2026-01-19 17:04:45 - idx 17 case patient041_frame11 mean_dice 0.845588 mean_hd95 1.666667
2026-01-19 17:04:46 - idx 18 case patient067_frame01 mean_dice 0.916738 mean_hd95 1.000000
2026-01-19 17:04:47 - idx 19 case patient067_frame10 mean_dice 0.920694 mean_hd95 1.000000
2026-01-19 17:04:47 - Mean class 1 mean_dice 0.852504 mean_hd95 3.271099
2026-01-19 17:04:47 - Mean class 2 mean_dice 0.875712 mean_hd95 1.132514
2026-01-19 17:04:47 - Mean class 3 mean_dice 0.910926 mean_hd95 2.749003
2026-01-19 17:04:47 - val epoch: 61, mean_dice: 0.8797139072176905, mean_hd95: 2.384205243505043, time(s): 19.87
2026-01-19 17:04:48 - train: epoch 62, iter:0, loss: 0.0766, lr: 0.00033732472947858096
2026-01-19 17:04:51 - train: epoch 62, iter:10, loss: 0.0990, lr: 0.00033732472947858096
2026-01-19 17:04:54 - train: epoch 62, iter:20, loss: 0.0889, lr: 0.00033732472947858096
2026-01-19 17:04:57 - train: epoch 62, iter:30, loss: 0.1111, lr: 0.00033732472947858096
2026-01-19 17:04:59 - train: epoch 62, iter:40, loss: 0.0831, lr: 0.00033732472947858096
2026-01-19 17:05:02 - train: epoch 62, iter:50, loss: 0.0790, lr: 0.00033732472947858096
2026-01-19 17:05:05 - train: epoch 62, iter:60, loss: 0.0894, lr: 0.00033732472947858096
2026-01-19 17:05:08 - train: epoch 62, iter:70, loss: 0.0875, lr: 0.00033732472947858096
2026-01-19 17:05:10 - train: epoch 62, iter:80, loss: 0.0846, lr: 0.00033732472947858096
2026-01-19 17:05:11 - Finish one epoch train: epoch 62, loss: 0.0881, time(s): 22.65
2026-01-19 17:05:12 - idx 0 case patient050_frame01 mean_dice 0.892963 mean_hd95 2.006588
2026-01-19 17:05:13 - idx 1 case patient050_frame12 mean_dice 0.811291 mean_hd95 9.381726
2026-01-19 17:05:14 - idx 2 case patient037_frame01 mean_dice 0.848417 mean_hd95 6.685808
2026-01-19 17:05:14 - idx 3 case patient037_frame12 mean_dice 0.564280 mean_hd95 11.233221
2026-01-19 17:05:16 - idx 4 case patient095_frame01 mean_dice 0.939848 mean_hd95 1.000000
2026-01-19 17:05:17 - idx 5 case patient095_frame12 mean_dice 0.852785 mean_hd95 1.804738
2026-01-19 17:05:18 - idx 6 case patient047_frame01 mean_dice 0.922456 mean_hd95 1.000000
2026-01-19 17:05:19 - idx 7 case patient047_frame09 mean_dice 0.858370 mean_hd95 1.483163
2026-01-19 17:05:20 - idx 8 case patient044_frame01 mean_dice 0.927724 mean_hd95 1.000000
2026-01-19 17:05:21 - idx 9 case patient044_frame11 mean_dice 0.875087 mean_hd95 1.138071
2026-01-19 17:05:22 - idx 10 case patient064_frame01 mean_dice 0.955949 mean_hd95 1.000000
2026-01-19 17:05:23 - idx 11 case patient064_frame12 mean_dice 0.936550 mean_hd95 1.000000
2026-01-19 17:05:24 - idx 12 case patient017_frame01 mean_dice 0.924779 mean_hd95 1.000000
2026-01-19 17:05:25 - idx 13 case patient017_frame09 mean_dice 0.939855 mean_hd95 1.000000
2026-01-19 17:05:26 - idx 14 case patient039_frame01 mean_dice 0.941847 mean_hd95 1.000000
2026-01-19 17:05:26 - idx 15 case patient039_frame10 mean_dice 0.846477 mean_hd95 1.244017
2026-01-19 17:05:27 - idx 16 case patient041_frame01 mean_dice 0.911408 mean_hd95 1.000000
2026-01-19 17:05:27 - idx 17 case patient041_frame11 mean_dice 0.833676 mean_hd95 1.804738
2026-01-19 17:05:29 - idx 18 case patient067_frame01 mean_dice 0.927887 mean_hd95 1.000000
2026-01-19 17:05:30 - idx 19 case patient067_frame10 mean_dice 0.921931 mean_hd95 1.000000
2026-01-19 17:05:30 - Mean class 1 mean_dice 0.851828 mean_hd95 2.852346
2026-01-19 17:05:30 - Mean class 2 mean_dice 0.878308 mean_hd95 1.548277
2026-01-19 17:05:30 - Mean class 3 mean_dice 0.914902 mean_hd95 2.766688
2026-01-19 17:05:30 - val epoch: 62, mean_dice: 0.8816790705961903, mean_hd95: 2.38910352767881, time(s): 19.13
2026-01-19 17:05:30 - train: epoch 63, iter:0, loss: 0.0793, lr: 0.0003227783464210847
2026-01-19 17:05:33 - train: epoch 63, iter:10, loss: 0.1093, lr: 0.0003227783464210847
2026-01-19 17:05:36 - train: epoch 63, iter:20, loss: 0.1045, lr: 0.0003227783464210847
2026-01-19 17:05:39 - train: epoch 63, iter:30, loss: 0.0805, lr: 0.0003227783464210847
2026-01-19 17:05:42 - train: epoch 63, iter:40, loss: 0.0938, lr: 0.0003227783464210847
2026-01-19 17:05:45 - train: epoch 63, iter:50, loss: 0.0798, lr: 0.0003227783464210847
2026-01-19 17:05:47 - train: epoch 63, iter:60, loss: 0.1161, lr: 0.0003227783464210847
2026-01-19 17:05:50 - train: epoch 63, iter:70, loss: 0.0829, lr: 0.0003227783464210847
2026-01-19 17:05:53 - train: epoch 63, iter:80, loss: 0.0793, lr: 0.0003227783464210847
2026-01-19 17:05:53 - Finish one epoch train: epoch 63, loss: 0.0880, time(s): 22.99
2026-01-19 17:05:54 - idx 0 case patient050_frame01 mean_dice 0.895782 mean_hd95 1.550094
2026-01-19 17:05:55 - idx 1 case patient050_frame12 mean_dice 0.806538 mean_hd95 8.948321
2026-01-19 17:05:56 - idx 2 case patient037_frame01 mean_dice 0.861277 mean_hd95 6.498368
2026-01-19 17:05:57 - idx 3 case patient037_frame12 mean_dice 0.599815 mean_hd95 9.845147
2026-01-19 17:05:58 - idx 4 case patient095_frame01 mean_dice 0.937717 mean_hd95 1.000000
2026-01-19 17:06:00 - idx 5 case patient095_frame12 mean_dice 0.849614 mean_hd95 1.910279
2026-01-19 17:06:01 - idx 6 case patient047_frame01 mean_dice 0.928016 mean_hd95 1.000000
2026-01-19 17:06:02 - idx 7 case patient047_frame09 mean_dice 0.865198 mean_hd95 1.666667
2026-01-19 17:06:03 - idx 8 case patient044_frame01 mean_dice 0.925486 mean_hd95 1.000000
2026-01-19 17:06:04 - idx 9 case patient044_frame11 mean_dice 0.866753 mean_hd95 1.414214
2026-01-19 17:06:05 - idx 10 case patient064_frame01 mean_dice 0.954343 mean_hd95 1.000000
2026-01-19 17:06:06 - idx 11 case patient064_frame12 mean_dice 0.937328 mean_hd95 1.000000
2026-01-19 17:06:07 - idx 12 case patient017_frame01 mean_dice 0.926400 mean_hd95 1.000000
2026-01-19 17:06:08 - idx 13 case patient017_frame09 mean_dice 0.940977 mean_hd95 1.000000
2026-01-19 17:06:08 - idx 14 case patient039_frame01 mean_dice 0.943181 mean_hd95 1.000000
2026-01-19 17:06:09 - idx 15 case patient039_frame10 mean_dice 0.841392 mean_hd95 1.244017
2026-01-19 17:06:10 - idx 16 case patient041_frame01 mean_dice 0.909380 mean_hd95 1.000000
2026-01-19 17:06:10 - idx 17 case patient041_frame11 mean_dice 0.864595 mean_hd95 1.666667
2026-01-19 17:06:12 - idx 18 case patient067_frame01 mean_dice 0.924600 mean_hd95 1.000000
2026-01-19 17:06:13 - idx 19 case patient067_frame10 mean_dice 0.919192 mean_hd95 1.000000
2026-01-19 17:06:13 - Mean class 1 mean_dice 0.856675 mean_hd95 2.643568
2026-01-19 17:06:13 - Mean class 2 mean_dice 0.881709 mean_hd95 1.428337
2026-01-19 17:06:13 - Mean class 3 mean_dice 0.916254 mean_hd95 2.789661
2026-01-19 17:06:13 - val epoch: 63, mean_dice: 0.884879184157524, mean_hd95: 2.2871886569861064, time(s): 19.49
2026-01-19 17:06:13 - train: epoch 64, iter:0, loss: 0.1067, lr: 0.0003084117941357837
2026-01-19 17:06:16 - train: epoch 64, iter:10, loss: 0.0868, lr: 0.0003084117941357837
2026-01-19 17:06:19 - train: epoch 64, iter:20, loss: 0.0877, lr: 0.0003084117941357837
2026-01-19 17:06:22 - train: epoch 64, iter:30, loss: 0.0835, lr: 0.0003084117941357837
2026-01-19 17:06:25 - train: epoch 64, iter:40, loss: 0.0745, lr: 0.0003084117941357837
2026-01-19 17:06:27 - train: epoch 64, iter:50, loss: 0.0812, lr: 0.0003084117941357837
2026-01-19 17:06:30 - train: epoch 64, iter:60, loss: 0.0778, lr: 0.0003084117941357837
2026-01-19 17:06:33 - train: epoch 64, iter:70, loss: 0.0765, lr: 0.0003084117941357837
2026-01-19 17:06:36 - train: epoch 64, iter:80, loss: 0.0858, lr: 0.0003084117941357837
2026-01-19 17:06:36 - Finish one epoch train: epoch 64, loss: 0.0857, time(s): 22.66
2026-01-19 17:06:37 - idx 0 case patient050_frame01 mean_dice 0.894031 mean_hd95 4.363764
2026-01-19 17:06:38 - idx 1 case patient050_frame12 mean_dice 0.791496 mean_hd95 10.134906
2026-01-19 17:06:39 - idx 2 case patient037_frame01 mean_dice 0.852826 mean_hd95 6.642897
2026-01-19 17:06:40 - idx 3 case patient037_frame12 mean_dice 0.627990 mean_hd95 9.448569
2026-01-19 17:06:41 - idx 4 case patient095_frame01 mean_dice 0.936461 mean_hd95 1.000000
2026-01-19 17:06:42 - idx 5 case patient095_frame12 mean_dice 0.838614 mean_hd95 1.910279
2026-01-19 17:06:43 - idx 6 case patient047_frame01 mean_dice 0.926786 mean_hd95 1.000000
2026-01-19 17:06:44 - idx 7 case patient047_frame09 mean_dice 0.861021 mean_hd95 1.621234
2026-01-19 17:06:45 - idx 8 case patient044_frame01 mean_dice 0.926055 mean_hd95 1.000000
2026-01-19 17:06:46 - idx 9 case patient044_frame11 mean_dice 0.867890 mean_hd95 1.414214
2026-01-19 17:06:47 - idx 10 case patient064_frame01 mean_dice 0.952375 mean_hd95 1.000000
2026-01-19 17:06:48 - idx 11 case patient064_frame12 mean_dice 0.934037 mean_hd95 1.000000
2026-01-19 17:06:49 - idx 12 case patient017_frame01 mean_dice 0.925298 mean_hd95 1.000000
2026-01-19 17:06:50 - idx 13 case patient017_frame09 mean_dice 0.941819 mean_hd95 1.000000
2026-01-19 17:06:51 - idx 14 case patient039_frame01 mean_dice 0.938162 mean_hd95 1.000000
2026-01-19 17:06:52 - idx 15 case patient039_frame10 mean_dice 0.834258 mean_hd95 1.382088
2026-01-19 17:06:53 - idx 16 case patient041_frame01 mean_dice 0.913420 mean_hd95 1.000000
2026-01-19 17:06:53 - idx 17 case patient041_frame11 mean_dice 0.856674 mean_hd95 1.666667
2026-01-19 17:06:54 - idx 18 case patient067_frame01 mean_dice 0.924424 mean_hd95 1.000000
2026-01-19 17:06:56 - idx 19 case patient067_frame10 mean_dice 0.916926 mean_hd95 1.000000
2026-01-19 17:06:56 - Mean class 1 mean_dice 0.855062 mean_hd95 3.203737
2026-01-19 17:06:56 - Mean class 2 mean_dice 0.877144 mean_hd95 1.433207
2026-01-19 17:06:56 - Mean class 3 mean_dice 0.916878 mean_hd95 2.800749
2026-01-19 17:06:56 - val epoch: 64, mean_dice: 0.8830282677213946, mean_hd95: 2.4792308741678633, time(s): 19.72
2026-01-19 17:06:56 - train: epoch 65, iter:0, loss: 0.0813, lr: 0.0002942392506752892
2026-01-19 17:06:59 - train: epoch 65, iter:10, loss: 0.0821, lr: 0.0002942392506752892
2026-01-19 17:07:02 - train: epoch 65, iter:20, loss: 0.0961, lr: 0.0002942392506752892
2026-01-19 17:07:05 - train: epoch 65, iter:30, loss: 0.0874, lr: 0.0002942392506752892
2026-01-19 17:07:07 - train: epoch 65, iter:40, loss: 0.0948, lr: 0.0002942392506752892
2026-01-19 17:07:10 - train: epoch 65, iter:50, loss: 0.0918, lr: 0.0002942392506752892
2026-01-19 17:07:13 - train: epoch 65, iter:60, loss: 0.1002, lr: 0.0002942392506752892
2026-01-19 17:07:16 - train: epoch 65, iter:70, loss: 0.0960, lr: 0.0002942392506752892
2026-01-19 17:07:19 - train: epoch 65, iter:80, loss: 0.0792, lr: 0.0002942392506752892
2026-01-19 17:07:19 - Finish one epoch train: epoch 65, loss: 0.0850, time(s): 22.82
2026-01-19 17:07:20 - idx 0 case patient050_frame01 mean_dice 0.882056 mean_hd95 5.491003
2026-01-19 17:07:21 - idx 1 case patient050_frame12 mean_dice 0.778663 mean_hd95 10.091650
2026-01-19 17:07:22 - idx 2 case patient037_frame01 mean_dice 0.827908 mean_hd95 6.844075
2026-01-19 17:07:22 - idx 3 case patient037_frame12 mean_dice 0.715802 mean_hd95 9.329902
2026-01-19 17:07:24 - idx 4 case patient095_frame01 mean_dice 0.938041 mean_hd95 1.000000
2026-01-19 17:07:25 - idx 5 case patient095_frame12 mean_dice 0.881876 mean_hd95 1.747547
2026-01-19 17:07:26 - idx 6 case patient047_frame01 mean_dice 0.924774 mean_hd95 1.000000
2026-01-19 17:07:27 - idx 7 case patient047_frame09 mean_dice 0.855604 mean_hd95 1.666667
2026-01-19 17:07:28 - idx 8 case patient044_frame01 mean_dice 0.928142 mean_hd95 1.000000
2026-01-19 17:07:29 - idx 9 case patient044_frame11 mean_dice 0.878156 mean_hd95 1.414214
2026-01-19 17:07:30 - idx 10 case patient064_frame01 mean_dice 0.954101 mean_hd95 1.000000
2026-01-19 17:07:31 - idx 11 case patient064_frame12 mean_dice 0.935938 mean_hd95 1.000000
2026-01-19 17:07:32 - idx 12 case patient017_frame01 mean_dice 0.922771 mean_hd95 1.000000
2026-01-19 17:07:33 - idx 13 case patient017_frame09 mean_dice 0.939367 mean_hd95 1.000000
2026-01-19 17:07:34 - idx 14 case patient039_frame01 mean_dice 0.935814 mean_hd95 1.000000
2026-01-19 17:07:34 - idx 15 case patient039_frame10 mean_dice 0.834514 mean_hd95 1.471405
2026-01-19 17:07:35 - idx 16 case patient041_frame01 mean_dice 0.913008 mean_hd95 1.000000
2026-01-19 17:07:36 - idx 17 case patient041_frame11 mean_dice 0.848291 mean_hd95 1.666667
2026-01-19 17:07:37 - idx 18 case patient067_frame01 mean_dice 0.925247 mean_hd95 1.000000
2026-01-19 17:07:38 - idx 19 case patient067_frame10 mean_dice 0.920308 mean_hd95 1.000000
2026-01-19 17:07:38 - Mean class 1 mean_dice 0.865530 mean_hd95 3.382044
2026-01-19 17:07:38 - Mean class 2 mean_dice 0.878274 mean_hd95 1.426821
2026-01-19 17:07:38 - Mean class 3 mean_dice 0.917253 mean_hd95 2.799604
2026-01-19 17:07:38 - val epoch: 65, mean_dice: 0.8870191606940029, mean_hd95: 2.536156432688331, time(s): 18.88
2026-01-19 17:07:38 - train: epoch 66, iter:0, loss: 0.1015, lr: 0.0002802747026289245
2026-01-19 17:07:41 - train: epoch 66, iter:10, loss: 0.1235, lr: 0.0002802747026289245
2026-01-19 17:07:44 - train: epoch 66, iter:20, loss: 0.0860, lr: 0.0002802747026289245
2026-01-19 17:07:47 - train: epoch 66, iter:30, loss: 0.0852, lr: 0.0002802747026289245
2026-01-19 17:07:49 - train: epoch 66, iter:40, loss: 0.0892, lr: 0.0002802747026289245
2026-01-19 17:07:52 - train: epoch 66, iter:50, loss: 0.0739, lr: 0.0002802747026289245
2026-01-19 17:07:55 - train: epoch 66, iter:60, loss: 0.0817, lr: 0.0002802747026289245
2026-01-19 17:07:58 - train: epoch 66, iter:70, loss: 0.0932, lr: 0.0002802747026289245
2026-01-19 17:08:00 - train: epoch 66, iter:80, loss: 0.0847, lr: 0.0002802747026289245
2026-01-19 17:08:01 - Finish one epoch train: epoch 66, loss: 0.0841, time(s): 22.44
2026-01-19 17:08:02 - idx 0 case patient050_frame01 mean_dice 0.879506 mean_hd95 7.078689
2026-01-19 17:08:03 - idx 1 case patient050_frame12 mean_dice 0.809307 mean_hd95 9.402017
2026-01-19 17:08:03 - idx 2 case patient037_frame01 mean_dice 0.852671 mean_hd95 6.570123
2026-01-19 17:08:04 - idx 3 case patient037_frame12 mean_dice 0.660052 mean_hd95 7.242975
2026-01-19 17:08:05 - idx 4 case patient095_frame01 mean_dice 0.935415 mean_hd95 1.000000
2026-01-19 17:08:07 - idx 5 case patient095_frame12 mean_dice 0.830990 mean_hd95 1.804738
2026-01-19 17:08:08 - idx 6 case patient047_frame01 mean_dice 0.926195 mean_hd95 1.000000
2026-01-19 17:08:09 - idx 7 case patient047_frame09 mean_dice 0.858030 mean_hd95 1.666667
2026-01-19 17:08:10 - idx 8 case patient044_frame01 mean_dice 0.927715 mean_hd95 1.000000
2026-01-19 17:08:11 - idx 9 case patient044_frame11 mean_dice 0.876452 mean_hd95 1.138071
2026-01-19 17:08:12 - idx 10 case patient064_frame01 mean_dice 0.954355 mean_hd95 1.000000
2026-01-19 17:08:13 - idx 11 case patient064_frame12 mean_dice 0.893036 mean_hd95 1.138071
2026-01-19 17:08:14 - idx 12 case patient017_frame01 mean_dice 0.908461 mean_hd95 1.000000
2026-01-19 17:08:15 - idx 13 case patient017_frame09 mean_dice 0.936628 mean_hd95 1.000000
2026-01-19 17:08:16 - idx 14 case patient039_frame01 mean_dice 0.934937 mean_hd95 1.000000
2026-01-19 17:08:16 - idx 15 case patient039_frame10 mean_dice 0.835781 mean_hd95 1.333333
2026-01-19 17:08:17 - idx 16 case patient041_frame01 mean_dice 0.911697 mean_hd95 1.000000
2026-01-19 17:08:18 - idx 17 case patient041_frame11 mean_dice 0.859758 mean_hd95 1.471405
2026-01-19 17:08:19 - idx 18 case patient067_frame01 mean_dice 0.917068 mean_hd95 1.000000
2026-01-19 17:08:20 - idx 19 case patient067_frame10 mean_dice 0.919605 mean_hd95 1.000000
2026-01-19 17:08:20 - Mean class 1 mean_dice 0.861247 mean_hd95 3.370342
2026-01-19 17:08:20 - Mean class 2 mean_dice 0.873803 mean_hd95 1.204989
2026-01-19 17:08:20 - Mean class 3 mean_dice 0.909099 mean_hd95 2.751583
2026-01-19 17:08:20 - val epoch: 66, mean_dice: 0.881382956994365, mean_hd95: 2.4423044519612627, time(s): 19.17
2026-01-19 17:08:20 - train: epoch 67, iter:0, loss: 0.0842, lr: 0.000266531931319651
2026-01-19 17:08:23 - train: epoch 67, iter:10, loss: 0.0794, lr: 0.000266531931319651
2026-01-19 17:08:26 - train: epoch 67, iter:20, loss: 0.0828, lr: 0.000266531931319651
2026-01-19 17:08:29 - train: epoch 67, iter:30, loss: 0.0876, lr: 0.000266531931319651
2026-01-19 17:08:32 - train: epoch 67, iter:40, loss: 0.0836, lr: 0.000266531931319651
2026-01-19 17:08:34 - train: epoch 67, iter:50, loss: 0.0790, lr: 0.000266531931319651
2026-01-19 17:08:37 - train: epoch 67, iter:60, loss: 0.0925, lr: 0.000266531931319651
2026-01-19 17:08:40 - train: epoch 67, iter:70, loss: 0.0864, lr: 0.000266531931319651
2026-01-19 17:08:43 - train: epoch 67, iter:80, loss: 0.0780, lr: 0.000266531931319651
2026-01-19 17:08:43 - Finish one epoch train: epoch 67, loss: 0.0844, time(s): 22.85
2026-01-19 17:08:44 - idx 0 case patient050_frame01 mean_dice 0.876148 mean_hd95 7.216007
2026-01-19 17:08:45 - idx 1 case patient050_frame12 mean_dice 0.813237 mean_hd95 9.372874
2026-01-19 17:08:46 - idx 2 case patient037_frame01 mean_dice 0.857124 mean_hd95 6.450380
2026-01-19 17:08:47 - idx 3 case patient037_frame12 mean_dice 0.580771 mean_hd95 8.587423
2026-01-19 17:08:48 - idx 4 case patient095_frame01 mean_dice 0.935420 mean_hd95 1.000000
2026-01-19 17:08:50 - idx 5 case patient095_frame12 mean_dice 0.835228 mean_hd95 1.720759
2026-01-19 17:08:51 - idx 6 case patient047_frame01 mean_dice 0.926472 mean_hd95 1.000000
2026-01-19 17:08:52 - idx 7 case patient047_frame09 mean_dice 0.862191 mean_hd95 1.677485
2026-01-19 17:08:53 - idx 8 case patient044_frame01 mean_dice 0.925430 mean_hd95 1.000000
2026-01-19 17:08:54 - idx 9 case patient044_frame11 mean_dice 0.872290 mean_hd95 1.244017
2026-01-19 17:08:55 - idx 10 case patient064_frame01 mean_dice 0.953954 mean_hd95 1.000000
2026-01-19 17:08:56 - idx 11 case patient064_frame12 mean_dice 0.912177 mean_hd95 1.138071
2026-01-19 17:08:57 - idx 12 case patient017_frame01 mean_dice 0.915058 mean_hd95 1.000000
2026-01-19 17:08:58 - idx 13 case patient017_frame09 mean_dice 0.937988 mean_hd95 1.000000
2026-01-19 17:08:59 - idx 14 case patient039_frame01 mean_dice 0.935382 mean_hd95 1.000000
2026-01-19 17:08:59 - idx 15 case patient039_frame10 mean_dice 0.833857 mean_hd95 1.382088
2026-01-19 17:09:00 - idx 16 case patient041_frame01 mean_dice 0.908595 mean_hd95 1.000000
2026-01-19 17:09:01 - idx 17 case patient041_frame11 mean_dice 0.857412 mean_hd95 1.666667
2026-01-19 17:09:02 - idx 18 case patient067_frame01 mean_dice 0.920004 mean_hd95 1.000000
2026-01-19 17:09:03 - idx 19 case patient067_frame10 mean_dice 0.919773 mean_hd95 1.000000
2026-01-19 17:09:03 - Mean class 1 mean_dice 0.849849 mean_hd95 3.631775
2026-01-19 17:09:03 - Mean class 2 mean_dice 0.876708 mean_hd95 1.194317
2026-01-19 17:09:03 - Mean class 3 mean_dice 0.910219 mean_hd95 2.742273
2026-01-19 17:09:03 - val epoch: 67, mean_dice: 0.8789255023246345, mean_hd95: 2.522788529842062, time(s): 20.20
2026-01-19 17:09:04 - train: epoch 68, iter:0, loss: 0.0882, lr: 0.0002530244992035663
2026-01-19 17:09:07 - train: epoch 68, iter:10, loss: 0.0920, lr: 0.0002530244992035663
2026-01-19 17:09:10 - train: epoch 68, iter:20, loss: 0.0810, lr: 0.0002530244992035663
2026-01-19 17:09:12 - train: epoch 68, iter:30, loss: 0.0796, lr: 0.0002530244992035663
2026-01-19 17:09:15 - train: epoch 68, iter:40, loss: 0.0734, lr: 0.0002530244992035663
2026-01-19 17:09:18 - train: epoch 68, iter:50, loss: 0.0750, lr: 0.0002530244992035663
2026-01-19 17:09:21 - train: epoch 68, iter:60, loss: 0.0812, lr: 0.0002530244992035663
2026-01-19 17:09:24 - train: epoch 68, iter:70, loss: 0.0854, lr: 0.0002530244992035663
2026-01-19 17:09:27 - train: epoch 68, iter:80, loss: 0.0952, lr: 0.0002530244992035663
2026-01-19 17:09:27 - Finish one epoch train: epoch 68, loss: 0.0830, time(s): 23.28
2026-01-19 17:09:28 - idx 0 case patient050_frame01 mean_dice 0.878066 mean_hd95 7.234084
2026-01-19 17:09:29 - idx 1 case patient050_frame12 mean_dice 0.801601 mean_hd95 9.966364
2026-01-19 17:09:30 - idx 2 case patient037_frame01 mean_dice 0.844114 mean_hd95 6.533474
2026-01-19 17:09:31 - idx 3 case patient037_frame12 mean_dice 0.678156 mean_hd95 7.328102
2026-01-19 17:09:32 - idx 4 case patient095_frame01 mean_dice 0.934493 mean_hd95 1.000000
2026-01-19 17:09:33 - idx 5 case patient095_frame12 mean_dice 0.879355 mean_hd95 1.747547
2026-01-19 17:09:34 - idx 6 case patient047_frame01 mean_dice 0.920511 mean_hd95 1.000000
2026-01-19 17:09:35 - idx 7 case patient047_frame09 mean_dice 0.858416 mean_hd95 1.666667
2026-01-19 17:09:36 - idx 8 case patient044_frame01 mean_dice 0.927082 mean_hd95 1.000000
2026-01-19 17:09:37 - idx 9 case patient044_frame11 mean_dice 0.875198 mean_hd95 1.138071
2026-01-19 17:09:38 - idx 10 case patient064_frame01 mean_dice 0.953469 mean_hd95 1.000000
2026-01-19 17:09:40 - idx 11 case patient064_frame12 mean_dice 0.926876 mean_hd95 1.000000
2026-01-19 17:09:41 - idx 12 case patient017_frame01 mean_dice 0.916974 mean_hd95 1.000000
2026-01-19 17:09:41 - idx 13 case patient017_frame09 mean_dice 0.939436 mean_hd95 1.000000
2026-01-19 17:09:42 - idx 14 case patient039_frame01 mean_dice 0.935381 mean_hd95 1.000000
2026-01-19 17:09:43 - idx 15 case patient039_frame10 mean_dice 0.838222 mean_hd95 1.333333
2026-01-19 17:09:44 - idx 16 case patient041_frame01 mean_dice 0.903846 mean_hd95 1.000000
2026-01-19 17:09:44 - idx 17 case patient041_frame11 mean_dice 0.847482 mean_hd95 1.577350
2026-01-19 17:09:46 - idx 18 case patient067_frame01 mean_dice 0.917659 mean_hd95 1.000000
2026-01-19 17:09:47 - idx 19 case patient067_frame10 mean_dice 0.920576 mean_hd95 1.000000
2026-01-19 17:09:47 - Mean class 1 mean_dice 0.865260 mean_hd95 3.468592
2026-01-19 17:09:47 - Mean class 2 mean_dice 0.876546 mean_hd95 1.206121
2026-01-19 17:09:47 - Mean class 3 mean_dice 0.912731 mean_hd95 2.754036
2026-01-19 17:09:47 - val epoch: 68, mean_dice: 0.8848456749671794, mean_hd95: 2.4762496458750607, time(s): 19.89
2026-01-19 17:09:48 - train: epoch 69, iter:0, loss: 0.0926, lr: 0.00023976573648539667
2026-01-19 17:09:50 - train: epoch 69, iter:10, loss: 0.0825, lr: 0.00023976573648539667
2026-01-19 17:09:53 - train: epoch 69, iter:20, loss: 0.1113, lr: 0.00023976573648539667
2026-01-19 17:09:56 - train: epoch 69, iter:30, loss: 0.0787, lr: 0.00023976573648539667
2026-01-19 17:09:59 - train: epoch 69, iter:40, loss: 0.0865, lr: 0.00023976573648539667
2026-01-19 17:10:02 - train: epoch 69, iter:50, loss: 0.0723, lr: 0.00023976573648539667
2026-01-19 17:10:05 - train: epoch 69, iter:60, loss: 0.0900, lr: 0.00023976573648539667
2026-01-19 17:10:07 - train: epoch 69, iter:70, loss: 0.0842, lr: 0.00023976573648539667
2026-01-19 17:10:10 - train: epoch 69, iter:80, loss: 0.0808, lr: 0.00023976573648539667
2026-01-19 17:10:10 - Finish one epoch train: epoch 69, loss: 0.0833, time(s): 22.93
2026-01-19 17:10:11 - idx 0 case patient050_frame01 mean_dice 0.881209 mean_hd95 7.034063
2026-01-19 17:10:13 - idx 1 case patient050_frame12 mean_dice 0.825418 mean_hd95 8.713451
2026-01-19 17:10:13 - idx 2 case patient037_frame01 mean_dice 0.853698 mean_hd95 6.530494
2026-01-19 17:10:14 - idx 3 case patient037_frame12 mean_dice 0.657289 mean_hd95 7.265736
2026-01-19 17:10:16 - idx 4 case patient095_frame01 mean_dice 0.938076 mean_hd95 1.000000
2026-01-19 17:10:17 - idx 5 case patient095_frame12 mean_dice 0.828201 mean_hd95 1.804738
2026-01-19 17:10:18 - idx 6 case patient047_frame01 mean_dice 0.925168 mean_hd95 1.000000
2026-01-19 17:10:19 - idx 7 case patient047_frame09 mean_dice 0.872338 mean_hd95 1.412023
2026-01-19 17:10:20 - idx 8 case patient044_frame01 mean_dice 0.928955 mean_hd95 1.000000
2026-01-19 17:10:21 - idx 9 case patient044_frame11 mean_dice 0.880914 mean_hd95 1.138071
2026-01-19 17:10:22 - idx 10 case patient064_frame01 mean_dice 0.955815 mean_hd95 1.000000
2026-01-19 17:10:23 - idx 11 case patient064_frame12 mean_dice 0.923256 mean_hd95 1.138071
2026-01-19 17:10:24 - idx 12 case patient017_frame01 mean_dice 0.909205 mean_hd95 1.138071
2026-01-19 17:10:25 - idx 13 case patient017_frame09 mean_dice 0.932965 mean_hd95 1.000000
2026-01-19 17:10:26 - idx 14 case patient039_frame01 mean_dice 0.938372 mean_hd95 1.000000
2026-01-19 17:10:27 - idx 15 case patient039_frame10 mean_dice 0.829607 mean_hd95 1.412023
2026-01-19 17:10:27 - idx 16 case patient041_frame01 mean_dice 0.913170 mean_hd95 1.000000
2026-01-19 17:10:28 - idx 17 case patient041_frame11 mean_dice 0.863153 mean_hd95 1.333333
2026-01-19 17:10:29 - idx 18 case patient067_frame01 mean_dice 0.921446 mean_hd95 1.000000
2026-01-19 17:10:30 - idx 19 case patient067_frame10 mean_dice 0.922117 mean_hd95 1.000000
2026-01-19 17:10:30 - Mean class 1 mean_dice 0.866111 mean_hd95 3.222167
2026-01-19 17:10:30 - Mean class 2 mean_dice 0.876567 mean_hd95 1.225699
2026-01-19 17:10:30 - Mean class 3 mean_dice 0.912378 mean_hd95 2.740145
2026-01-19 17:10:30 - val epoch: 69, mean_dice: 0.8850184631262041, mean_hd95: 2.396003745903153, time(s): 19.78
2026-01-19 17:10:31 - train: epoch 70, iter:0, loss: 0.0783, lr: 0.00022676872796319544
2026-01-19 17:10:34 - train: epoch 70, iter:10, loss: 0.0904, lr: 0.00022676872796319544
2026-01-19 17:10:36 - train: epoch 70, iter:20, loss: 0.0805, lr: 0.00022676872796319544
2026-01-19 17:10:39 - train: epoch 70, iter:30, loss: 0.1220, lr: 0.00022676872796319544
2026-01-19 17:10:42 - train: epoch 70, iter:40, loss: 0.0858, lr: 0.00022676872796319544
2026-01-19 17:10:45 - train: epoch 70, iter:50, loss: 0.0840, lr: 0.00022676872796319544
2026-01-19 17:10:48 - train: epoch 70, iter:60, loss: 0.0748, lr: 0.00022676872796319544
2026-01-19 17:10:50 - train: epoch 70, iter:70, loss: 0.0905, lr: 0.00022676872796319544
2026-01-19 17:10:53 - train: epoch 70, iter:80, loss: 0.0800, lr: 0.00022676872796319544
2026-01-19 17:10:53 - Finish one epoch train: epoch 70, loss: 0.0856, time(s): 22.70
2026-01-19 17:10:54 - idx 0 case patient050_frame01 mean_dice 0.888030 mean_hd95 5.530553
2026-01-19 17:10:55 - idx 1 case patient050_frame12 mean_dice 0.799818 mean_hd95 10.123063
2026-01-19 17:10:56 - idx 2 case patient037_frame01 mean_dice 0.839622 mean_hd95 6.674816
2026-01-19 17:10:57 - idx 3 case patient037_frame12 mean_dice 0.612745 mean_hd95 8.868559
2026-01-19 17:10:58 - idx 4 case patient095_frame01 mean_dice 0.935100 mean_hd95 1.000000
2026-01-19 17:10:59 - idx 5 case patient095_frame12 mean_dice 0.843231 mean_hd95 1.804738
2026-01-19 17:11:00 - idx 6 case patient047_frame01 mean_dice 0.930939 mean_hd95 1.000000
2026-01-19 17:11:01 - idx 7 case patient047_frame09 mean_dice 0.887818 mean_hd95 1.333333
2026-01-19 17:11:02 - idx 8 case patient044_frame01 mean_dice 0.928012 mean_hd95 1.000000
2026-01-19 17:11:03 - idx 9 case patient044_frame11 mean_dice 0.876438 mean_hd95 1.138071
2026-01-19 17:11:04 - idx 10 case patient064_frame01 mean_dice 0.955244 mean_hd95 1.000000
2026-01-19 17:11:05 - idx 11 case patient064_frame12 mean_dice 0.929643 mean_hd95 1.000000
2026-01-19 17:11:06 - idx 12 case patient017_frame01 mean_dice 0.913638 mean_hd95 1.000000
2026-01-19 17:11:07 - idx 13 case patient017_frame09 mean_dice 0.937563 mean_hd95 1.000000
2026-01-19 17:11:08 - idx 14 case patient039_frame01 mean_dice 0.934473 mean_hd95 1.000000
2026-01-19 17:11:09 - idx 15 case patient039_frame10 mean_dice 0.831148 mean_hd95 1.333333
2026-01-19 17:11:09 - idx 16 case patient041_frame01 mean_dice 0.908534 mean_hd95 1.000000
2026-01-19 17:11:10 - idx 17 case patient041_frame11 mean_dice 0.857434 mean_hd95 1.333333
2026-01-19 17:11:11 - idx 18 case patient067_frame01 mean_dice 0.917943 mean_hd95 1.000000
2026-01-19 17:11:12 - idx 19 case patient067_frame10 mean_dice 0.920900 mean_hd95 1.000000
2026-01-19 17:11:12 - Mean class 1 mean_dice 0.861333 mean_hd95 3.522600
2026-01-19 17:11:12 - Mean class 2 mean_dice 0.871311 mean_hd95 1.173935
2026-01-19 17:11:12 - Mean class 3 mean_dice 0.914597 mean_hd95 2.674435
2026-01-19 17:11:12 - val epoch: 70, mean_dice: 0.8824136566439865, mean_hd95: 2.456990036913836, time(s): 18.82
2026-01-19 17:11:13 - train: epoch 71, iter:0, loss: 0.0739, lr: 0.00021404630011522598
2026-01-19 17:11:16 - train: epoch 71, iter:10, loss: 0.0817, lr: 0.00021404630011522598
2026-01-19 17:11:18 - train: epoch 71, iter:20, loss: 0.0778, lr: 0.00021404630011522598
2026-01-19 17:11:21 - train: epoch 71, iter:30, loss: 0.0929, lr: 0.00021404630011522598
2026-01-19 17:11:24 - train: epoch 71, iter:40, loss: 0.0768, lr: 0.00021404630011522598
2026-01-19 17:11:27 - train: epoch 71, iter:50, loss: 0.0759, lr: 0.00021404630011522598
2026-01-19 17:11:29 - train: epoch 71, iter:60, loss: 0.0672, lr: 0.00021404630011522598
2026-01-19 17:11:32 - train: epoch 71, iter:70, loss: 0.0811, lr: 0.00021404630011522598
2026-01-19 17:11:35 - train: epoch 71, iter:80, loss: 0.0804, lr: 0.00021404630011522598
2026-01-19 17:11:35 - Finish one epoch train: epoch 71, loss: 0.0818, time(s): 22.58
2026-01-19 17:11:36 - idx 0 case patient050_frame01 mean_dice 0.891118 mean_hd95 4.410289
2026-01-19 17:11:37 - idx 1 case patient050_frame12 mean_dice 0.801516 mean_hd95 10.010698
2026-01-19 17:11:38 - idx 2 case patient037_frame01 mean_dice 0.846974 mean_hd95 6.725756
2026-01-19 17:11:39 - idx 3 case patient037_frame12 mean_dice 0.669907 mean_hd95 9.153491
2026-01-19 17:11:40 - idx 4 case patient095_frame01 mean_dice 0.937410 mean_hd95 1.000000
2026-01-19 17:11:41 - idx 5 case patient095_frame12 mean_dice 0.850120 mean_hd95 1.804738
2026-01-19 17:11:42 - idx 6 case patient047_frame01 mean_dice 0.923731 mean_hd95 1.000000
2026-01-19 17:11:43 - idx 7 case patient047_frame09 mean_dice 0.879909 mean_hd95 1.571582
2026-01-19 17:11:44 - idx 8 case patient044_frame01 mean_dice 0.926790 mean_hd95 1.000000
2026-01-19 17:11:45 - idx 9 case patient044_frame11 mean_dice 0.878481 mean_hd95 1.138071
2026-01-19 17:11:46 - idx 10 case patient064_frame01 mean_dice 0.954567 mean_hd95 1.000000
2026-01-19 17:11:47 - idx 11 case patient064_frame12 mean_dice 0.932258 mean_hd95 1.000000
2026-01-19 17:11:48 - idx 12 case patient017_frame01 mean_dice 0.915225 mean_hd95 1.000000
2026-01-19 17:11:49 - idx 13 case patient017_frame09 mean_dice 0.938632 mean_hd95 1.000000
2026-01-19 17:11:50 - idx 14 case patient039_frame01 mean_dice 0.935658 mean_hd95 1.000000
2026-01-19 17:11:51 - idx 15 case patient039_frame10 mean_dice 0.826820 mean_hd95 1.471405
2026-01-19 17:11:51 - idx 16 case patient041_frame01 mean_dice 0.910296 mean_hd95 1.000000
2026-01-19 17:11:52 - idx 17 case patient041_frame11 mean_dice 0.869418 mean_hd95 1.333333
2026-01-19 17:11:53 - idx 18 case patient067_frame01 mean_dice 0.918932 mean_hd95 1.000000
2026-01-19 17:11:54 - idx 19 case patient067_frame10 mean_dice 0.919639 mean_hd95 1.000000
2026-01-19 17:11:54 - Mean class 1 mean_dice 0.868014 mean_hd95 3.148885
2026-01-19 17:11:54 - Mean class 2 mean_dice 0.876736 mean_hd95 1.417230
2026-01-19 17:11:54 - Mean class 3 mean_dice 0.914360 mean_hd95 2.726789
2026-01-19 17:11:54 - val epoch: 71, mean_dice: 0.8863701578623885, mean_hd95: 2.430968120509343, time(s): 19.32
2026-01-19 17:11:55 - train: epoch 72, iter:0, loss: 0.1059, lr: 0.00020161100844177672
2026-01-19 17:11:58 - train: epoch 72, iter:10, loss: 0.0824, lr: 0.00020161100844177672
2026-01-19 17:12:01 - train: epoch 72, iter:20, loss: 0.0893, lr: 0.00020161100844177672
2026-01-19 17:12:04 - train: epoch 72, iter:30, loss: 0.0762, lr: 0.00020161100844177672
2026-01-19 17:12:06 - train: epoch 72, iter:40, loss: 0.0855, lr: 0.00020161100844177672
2026-01-19 17:12:09 - train: epoch 72, iter:50, loss: 0.0925, lr: 0.00020161100844177672
2026-01-19 17:12:12 - train: epoch 72, iter:60, loss: 0.0860, lr: 0.00020161100844177672
2026-01-19 17:12:15 - train: epoch 72, iter:70, loss: 0.0856, lr: 0.00020161100844177672
2026-01-19 17:12:18 - train: epoch 72, iter:80, loss: 0.0761, lr: 0.00020161100844177672
2026-01-19 17:12:18 - Finish one epoch train: epoch 72, loss: 0.0808, time(s): 22.94
2026-01-19 17:12:19 - idx 0 case patient050_frame01 mean_dice 0.888987 mean_hd95 5.483294
2026-01-19 17:12:20 - idx 1 case patient050_frame12 mean_dice 0.802829 mean_hd95 10.027718
2026-01-19 17:12:21 - idx 2 case patient037_frame01 mean_dice 0.850269 mean_hd95 6.765386
2026-01-19 17:12:21 - idx 3 case patient037_frame12 mean_dice 0.663244 mean_hd95 7.470623
2026-01-19 17:12:23 - idx 4 case patient095_frame01 mean_dice 0.935158 mean_hd95 1.000000
2026-01-19 17:12:24 - idx 5 case patient095_frame12 mean_dice 0.856481 mean_hd95 1.853063
2026-01-19 17:12:25 - idx 6 case patient047_frame01 mean_dice 0.925425 mean_hd95 1.000000
2026-01-19 17:12:26 - idx 7 case patient047_frame09 mean_dice 0.878216 mean_hd95 1.626633
2026-01-19 17:12:27 - idx 8 case patient044_frame01 mean_dice 0.926637 mean_hd95 1.000000
2026-01-19 17:12:28 - idx 9 case patient044_frame11 mean_dice 0.881987 mean_hd95 1.138071
2026-01-19 17:12:29 - idx 10 case patient064_frame01 mean_dice 0.955888 mean_hd95 1.000000
2026-01-19 17:12:30 - idx 11 case patient064_frame12 mean_dice 0.933100 mean_hd95 1.000000
2026-01-19 17:12:31 - idx 12 case patient017_frame01 mean_dice 0.917222 mean_hd95 1.000000
2026-01-19 17:12:32 - idx 13 case patient017_frame09 mean_dice 0.938874 mean_hd95 1.000000
2026-01-19 17:12:33 - idx 14 case patient039_frame01 mean_dice 0.939675 mean_hd95 1.000000
2026-01-19 17:12:34 - idx 15 case patient039_frame10 mean_dice 0.838366 mean_hd95 1.333333
2026-01-19 17:12:34 - idx 16 case patient041_frame01 mean_dice 0.912638 mean_hd95 1.000000
2026-01-19 17:12:35 - idx 17 case patient041_frame11 mean_dice 0.862771 mean_hd95 1.333333
2026-01-19 17:12:36 - idx 18 case patient067_frame01 mean_dice 0.923618 mean_hd95 1.000000
2026-01-19 17:12:37 - idx 19 case patient067_frame10 mean_dice 0.923225 mean_hd95 1.000000
2026-01-19 17:12:37 - Mean class 1 mean_dice 0.867901 mean_hd95 3.314397
2026-01-19 17:12:37 - Mean class 2 mean_dice 0.880042 mean_hd95 1.172277
2026-01-19 17:12:37 - Mean class 3 mean_dice 0.915248 mean_hd95 2.718045
2026-01-19 17:12:37 - val epoch: 72, mean_dice: 0.887730460379838, mean_hd95: 2.4015727511116833, time(s): 19.71
2026-01-19 17:12:38 - train: epoch 73, iter:0, loss: 0.0791, lr: 0.0001894751250743987
2026-01-19 17:12:41 - train: epoch 73, iter:10, loss: 0.0748, lr: 0.0001894751250743987
2026-01-19 17:12:44 - train: epoch 73, iter:20, loss: 0.0747, lr: 0.0001894751250743987
2026-01-19 17:12:47 - train: epoch 73, iter:30, loss: 0.0782, lr: 0.0001894751250743987
2026-01-19 17:12:50 - train: epoch 73, iter:40, loss: 0.0745, lr: 0.0001894751250743987
2026-01-19 17:12:53 - train: epoch 73, iter:50, loss: 0.0705, lr: 0.0001894751250743987
2026-01-19 17:12:55 - train: epoch 73, iter:60, loss: 0.0786, lr: 0.0001894751250743987
2026-01-19 17:12:58 - train: epoch 73, iter:70, loss: 0.0820, lr: 0.0001894751250743987
2026-01-19 17:13:01 - train: epoch 73, iter:80, loss: 0.0709, lr: 0.0001894751250743987
2026-01-19 17:13:01 - Finish one epoch train: epoch 73, loss: 0.0796, time(s): 23.02
2026-01-19 17:13:02 - idx 0 case patient050_frame01 mean_dice 0.882491 mean_hd95 6.445826
2026-01-19 17:13:03 - idx 1 case patient050_frame12 mean_dice 0.810886 mean_hd95 9.637882
2026-01-19 17:13:04 - idx 2 case patient037_frame01 mean_dice 0.849779 mean_hd95 6.675820
2026-01-19 17:13:05 - idx 3 case patient037_frame12 mean_dice 0.631040 mean_hd95 9.047261
2026-01-19 17:13:06 - idx 4 case patient095_frame01 mean_dice 0.938132 mean_hd95 1.000000
2026-01-19 17:13:07 - idx 5 case patient095_frame12 mean_dice 0.860817 mean_hd95 1.804738
2026-01-19 17:13:08 - idx 6 case patient047_frame01 mean_dice 0.926440 mean_hd95 1.000000
2026-01-19 17:13:09 - idx 7 case patient047_frame09 mean_dice 0.881283 mean_hd95 1.412023
2026-01-19 17:13:10 - idx 8 case patient044_frame01 mean_dice 0.928246 mean_hd95 1.000000
2026-01-19 17:13:11 - idx 9 case patient044_frame11 mean_dice 0.879207 mean_hd95 1.138071
2026-01-19 17:13:12 - idx 10 case patient064_frame01 mean_dice 0.955369 mean_hd95 1.000000
2026-01-19 17:13:13 - idx 11 case patient064_frame12 mean_dice 0.931036 mean_hd95 1.000000
2026-01-19 17:13:14 - idx 12 case patient017_frame01 mean_dice 0.911377 mean_hd95 1.000000
2026-01-19 17:13:15 - idx 13 case patient017_frame09 mean_dice 0.937562 mean_hd95 1.000000
2026-01-19 17:13:16 - idx 14 case patient039_frame01 mean_dice 0.938903 mean_hd95 1.000000
2026-01-19 17:13:17 - idx 15 case patient039_frame10 mean_dice 0.836891 mean_hd95 1.333333
2026-01-19 17:13:17 - idx 16 case patient041_frame01 mean_dice 0.916967 mean_hd95 1.000000
2026-01-19 17:13:18 - idx 17 case patient041_frame11 mean_dice 0.858919 mean_hd95 1.333333
2026-01-19 17:13:19 - idx 18 case patient067_frame01 mean_dice 0.919919 mean_hd95 1.000000
2026-01-19 17:13:20 - idx 19 case patient067_frame10 mean_dice 0.922409 mean_hd95 1.000000
2026-01-19 17:13:20 - Mean class 1 mean_dice 0.866846 mean_hd95 3.486125
2026-01-19 17:13:20 - Mean class 2 mean_dice 0.876518 mean_hd95 1.270350
2026-01-19 17:13:20 - Mean class 3 mean_dice 0.914287 mean_hd95 2.717768
2026-01-19 17:13:20 - val epoch: 73, mean_dice: 0.8858836650440871, mean_hd95: 2.4914143700669995, time(s): 19.02
2026-01-19 17:13:21 - train: epoch 74, iter:0, loss: 0.0692, lr: 0.00017765062666479255
2026-01-19 17:13:23 - train: epoch 74, iter:10, loss: 0.0915, lr: 0.00017765062666479255
2026-01-19 17:13:26 - train: epoch 74, iter:20, loss: 0.0890, lr: 0.00017765062666479255
2026-01-19 17:13:29 - train: epoch 74, iter:30, loss: 0.0776, lr: 0.00017765062666479255
2026-01-19 17:13:32 - train: epoch 74, iter:40, loss: 0.0716, lr: 0.00017765062666479255
2026-01-19 17:13:35 - train: epoch 74, iter:50, loss: 0.0874, lr: 0.00017765062666479255
2026-01-19 17:13:37 - train: epoch 74, iter:60, loss: 0.0844, lr: 0.00017765062666479255
2026-01-19 17:13:40 - train: epoch 74, iter:70, loss: 0.0750, lr: 0.00017765062666479255
2026-01-19 17:13:43 - train: epoch 74, iter:80, loss: 0.0870, lr: 0.00017765062666479255
2026-01-19 17:13:43 - Finish one epoch train: epoch 74, loss: 0.0797, time(s): 22.58
2026-01-19 17:13:44 - idx 0 case patient050_frame01 mean_dice 0.884887 mean_hd95 7.122045
2026-01-19 17:13:45 - idx 1 case patient050_frame12 mean_dice 0.813774 mean_hd95 9.788226
2026-01-19 17:13:46 - idx 2 case patient037_frame01 mean_dice 0.849534 mean_hd95 6.730723
2026-01-19 17:13:47 - idx 3 case patient037_frame12 mean_dice 0.630147 mean_hd95 9.504557
2026-01-19 17:13:48 - idx 4 case patient095_frame01 mean_dice 0.936623 mean_hd95 1.000000
2026-01-19 17:13:49 - idx 5 case patient095_frame12 mean_dice 0.834519 mean_hd95 1.858830
2026-01-19 17:13:50 - idx 6 case patient047_frame01 mean_dice 0.923798 mean_hd95 1.000000
2026-01-19 17:13:51 - idx 7 case patient047_frame09 mean_dice 0.879091 mean_hd95 1.666667
2026-01-19 17:13:52 - idx 8 case patient044_frame01 mean_dice 0.927041 mean_hd95 1.000000
2026-01-19 17:13:53 - idx 9 case patient044_frame11 mean_dice 0.878232 mean_hd95 1.138071
2026-01-19 17:13:54 - idx 10 case patient064_frame01 mean_dice 0.956215 mean_hd95 1.000000
2026-01-19 17:13:55 - idx 11 case patient064_frame12 mean_dice 0.932222 mean_hd95 1.000000
2026-01-19 17:13:56 - idx 12 case patient017_frame01 mean_dice 0.920352 mean_hd95 1.000000
2026-01-19 17:13:57 - idx 13 case patient017_frame09 mean_dice 0.942125 mean_hd95 1.000000
2026-01-19 17:13:58 - idx 14 case patient039_frame01 mean_dice 0.941018 mean_hd95 1.000000
2026-01-19 17:13:59 - idx 15 case patient039_frame10 mean_dice 0.837453 mean_hd95 1.244017
2026-01-19 17:13:59 - idx 16 case patient041_frame01 mean_dice 0.921544 mean_hd95 1.000000
2026-01-19 17:14:00 - idx 17 case patient041_frame11 mean_dice 0.865628 mean_hd95 1.471405
2026-01-19 17:14:01 - idx 18 case patient067_frame01 mean_dice 0.924411 mean_hd95 1.000000
2026-01-19 17:14:02 - idx 19 case patient067_frame10 mean_dice 0.921152 mean_hd95 1.000000
2026-01-19 17:14:02 - Mean class 1 mean_dice 0.863555 mean_hd95 3.634906
2026-01-19 17:14:02 - Mean class 2 mean_dice 0.879727 mean_hd95 1.360668
2026-01-19 17:14:02 - Mean class 3 mean_dice 0.914683 mean_hd95 2.733107
2026-01-19 17:14:02 - val epoch: 74, mean_dice: 0.8859882754971854, mean_hd95: 2.5762270720477822, time(s): 18.96
2026-01-19 17:14:03 - train: epoch 75, iter:0, loss: 0.0773, lr: 0.0001661491825652992
2026-01-19 17:14:06 - train: epoch 75, iter:10, loss: 0.0764, lr: 0.0001661491825652992
2026-01-19 17:14:08 - train: epoch 75, iter:20, loss: 0.0834, lr: 0.0001661491825652992
2026-01-19 17:14:11 - train: epoch 75, iter:30, loss: 0.0760, lr: 0.0001661491825652992
2026-01-19 17:14:14 - train: epoch 75, iter:40, loss: 0.0892, lr: 0.0001661491825652992
2026-01-19 17:14:17 - train: epoch 75, iter:50, loss: 0.0797, lr: 0.0001661491825652992
2026-01-19 17:14:20 - train: epoch 75, iter:60, loss: 0.0862, lr: 0.0001661491825652992
2026-01-19 17:14:23 - train: epoch 75, iter:70, loss: 0.0984, lr: 0.0001661491825652992
2026-01-19 17:14:25 - train: epoch 75, iter:80, loss: 0.0937, lr: 0.0001661491825652992
2026-01-19 17:14:25 - Finish one epoch train: epoch 75, loss: 0.0828, time(s): 23.01
2026-01-19 17:14:27 - idx 0 case patient050_frame01 mean_dice 0.892412 mean_hd95 4.887221
2026-01-19 17:14:28 - idx 1 case patient050_frame12 mean_dice 0.791783 mean_hd95 10.090180
2026-01-19 17:14:28 - idx 2 case patient037_frame01 mean_dice 0.845166 mean_hd95 6.666783
2026-01-19 17:14:29 - idx 3 case patient037_frame12 mean_dice 0.589947 mean_hd95 10.018475
2026-01-19 17:14:31 - idx 4 case patient095_frame01 mean_dice 0.934083 mean_hd95 1.000000
2026-01-19 17:14:32 - idx 5 case patient095_frame12 mean_dice 0.811448 mean_hd95 1.858830
2026-01-19 17:14:33 - idx 6 case patient047_frame01 mean_dice 0.923427 mean_hd95 1.000000
2026-01-19 17:14:34 - idx 7 case patient047_frame09 mean_dice 0.872661 mean_hd95 1.709941
2026-01-19 17:14:35 - idx 8 case patient044_frame01 mean_dice 0.924469 mean_hd95 1.000000
2026-01-19 17:14:36 - idx 9 case patient044_frame11 mean_dice 0.880794 mean_hd95 1.138071
2026-01-19 17:14:37 - idx 10 case patient064_frame01 mean_dice 0.952596 mean_hd95 1.000000
2026-01-19 17:14:38 - idx 11 case patient064_frame12 mean_dice 0.929517 mean_hd95 1.000000
2026-01-19 17:14:39 - idx 12 case patient017_frame01 mean_dice 0.908411 mean_hd95 1.000000
2026-01-19 17:14:40 - idx 13 case patient017_frame09 mean_dice 0.935937 mean_hd95 1.000000
2026-01-19 17:14:41 - idx 14 case patient039_frame01 mean_dice 0.931092 mean_hd95 1.000000
2026-01-19 17:14:42 - idx 15 case patient039_frame10 mean_dice 0.815384 mean_hd95 1.471405
2026-01-19 17:14:42 - idx 16 case patient041_frame01 mean_dice 0.909365 mean_hd95 1.000000
2026-01-19 17:14:43 - idx 17 case patient041_frame11 mean_dice 0.865988 mean_hd95 1.481999
2026-01-19 17:14:44 - idx 18 case patient067_frame01 mean_dice 0.915728 mean_hd95 1.000000
2026-01-19 17:14:45 - idx 19 case patient067_frame10 mean_dice 0.921340 mean_hd95 1.000000
2026-01-19 17:14:45 - Mean class 1 mean_dice 0.847792 mean_hd95 3.369080
2026-01-19 17:14:45 - Mean class 2 mean_dice 0.872712 mean_hd95 1.461354
2026-01-19 17:14:45 - Mean class 3 mean_dice 0.912228 mean_hd95 2.718001
2026-01-19 17:14:45 - val epoch: 75, mean_dice: 0.8775774127070521, mean_hd95: 2.5161452452216726, time(s): 19.75
2026-01-19 17:14:46 - train: epoch 76, iter:0, loss: 0.0789, lr: 0.00015498214331265912
2026-01-19 17:14:49 - train: epoch 76, iter:10, loss: 0.0908, lr: 0.00015498214331265912
2026-01-19 17:14:51 - train: epoch 76, iter:20, loss: 0.0906, lr: 0.00015498214331265912
2026-01-19 17:14:54 - train: epoch 76, iter:30, loss: 0.0840, lr: 0.00015498214331265912
2026-01-19 17:14:57 - train: epoch 76, iter:40, loss: 0.0784, lr: 0.00015498214331265912
2026-01-19 17:15:00 - train: epoch 76, iter:50, loss: 0.0699, lr: 0.00015498214331265912
2026-01-19 17:15:03 - train: epoch 76, iter:60, loss: 0.0855, lr: 0.00015498214331265912
2026-01-19 17:15:05 - train: epoch 76, iter:70, loss: 0.0833, lr: 0.00015498214331265912
2026-01-19 17:15:08 - train: epoch 76, iter:80, loss: 0.0789, lr: 0.00015498214331265912
2026-01-19 17:15:08 - Finish one epoch train: epoch 76, loss: 0.0798, time(s): 22.51
2026-01-19 17:15:09 - idx 0 case patient050_frame01 mean_dice 0.884055 mean_hd95 6.539621
2026-01-19 17:15:10 - idx 1 case patient050_frame12 mean_dice 0.825854 mean_hd95 9.098151
2026-01-19 17:15:11 - idx 2 case patient037_frame01 mean_dice 0.852538 mean_hd95 6.442910
2026-01-19 17:15:12 - idx 3 case patient037_frame12 mean_dice 0.617912 mean_hd95 8.367855
2026-01-19 17:15:13 - idx 4 case patient095_frame01 mean_dice 0.935778 mean_hd95 1.000000
2026-01-19 17:15:14 - idx 5 case patient095_frame12 mean_dice 0.818694 mean_hd95 1.910279
2026-01-19 17:15:15 - idx 6 case patient047_frame01 mean_dice 0.928014 mean_hd95 1.000000
2026-01-19 17:15:16 - idx 7 case patient047_frame09 mean_dice 0.881924 mean_hd95 1.638071
2026-01-19 17:15:17 - idx 8 case patient044_frame01 mean_dice 0.924522 mean_hd95 1.000000
2026-01-19 17:15:18 - idx 9 case patient044_frame11 mean_dice 0.877505 mean_hd95 1.138071
2026-01-19 17:15:19 - idx 10 case patient064_frame01 mean_dice 0.954945 mean_hd95 1.000000
2026-01-19 17:15:20 - idx 11 case patient064_frame12 mean_dice 0.931014 mean_hd95 1.000000
2026-01-19 17:15:21 - idx 12 case patient017_frame01 mean_dice 0.914889 mean_hd95 1.000000
2026-01-19 17:15:22 - idx 13 case patient017_frame09 mean_dice 0.939336 mean_hd95 1.000000
2026-01-19 17:15:23 - idx 14 case patient039_frame01 mean_dice 0.936434 mean_hd95 1.000000
2026-01-19 17:15:24 - idx 15 case patient039_frame10 mean_dice 0.834631 mean_hd95 1.333333
2026-01-19 17:15:24 - idx 16 case patient041_frame01 mean_dice 0.925968 mean_hd95 1.000000
2026-01-19 17:15:25 - idx 17 case patient041_frame11 mean_dice 0.866544 mean_hd95 1.471405
2026-01-19 17:15:26 - idx 18 case patient067_frame01 mean_dice 0.917667 mean_hd95 1.000000
2026-01-19 17:15:27 - idx 19 case patient067_frame10 mean_dice 0.920328 mean_hd95 1.000000
2026-01-19 17:15:27 - Mean class 1 mean_dice 0.859581 mean_hd95 3.450625
2026-01-19 17:15:27 - Mean class 2 mean_dice 0.877760 mean_hd95 1.154989
2026-01-19 17:15:27 - Mean class 3 mean_dice 0.915942 mean_hd95 2.735341
2026-01-19 17:15:27 - val epoch: 76, mean_dice: 0.8844276080372743, mean_hd95: 2.446984867562467, time(s): 18.99
2026-01-19 17:15:28 - train: epoch 77, iter:0, loss: 0.0745, lr: 0.00014416052942640148
2026-01-19 17:15:31 - train: epoch 77, iter:10, loss: 0.0788, lr: 0.00014416052942640148
2026-01-19 17:15:33 - train: epoch 77, iter:20, loss: 0.0732, lr: 0.00014416052942640148
2026-01-19 17:15:36 - train: epoch 77, iter:30, loss: 0.0810, lr: 0.00014416052942640148
2026-01-19 17:15:39 - train: epoch 77, iter:40, loss: 0.0799, lr: 0.00014416052942640148
2026-01-19 17:15:42 - train: epoch 77, iter:50, loss: 0.0728, lr: 0.00014416052942640148
2026-01-19 17:15:44 - train: epoch 77, iter:60, loss: 0.0864, lr: 0.00014416052942640148
2026-01-19 17:15:47 - train: epoch 77, iter:70, loss: 0.0910, lr: 0.00014416052942640148
2026-01-19 17:15:50 - train: epoch 77, iter:80, loss: 0.0813, lr: 0.00014416052942640148
2026-01-19 17:15:50 - Finish one epoch train: epoch 77, loss: 0.0786, time(s): 22.59
2026-01-19 17:15:51 - idx 0 case patient050_frame01 mean_dice 0.883155 mean_hd95 6.471405
2026-01-19 17:15:52 - idx 1 case patient050_frame12 mean_dice 0.799718 mean_hd95 9.480030
2026-01-19 17:15:53 - idx 2 case patient037_frame01 mean_dice 0.846275 mean_hd95 6.715769
2026-01-19 17:15:54 - idx 3 case patient037_frame12 mean_dice 0.662678 mean_hd95 8.781974
2026-01-19 17:15:55 - idx 4 case patient095_frame01 mean_dice 0.936436 mean_hd95 1.000000
2026-01-19 17:15:57 - idx 5 case patient095_frame12 mean_dice 0.832695 mean_hd95 1.666667
2026-01-19 17:15:57 - idx 6 case patient047_frame01 mean_dice 0.929017 mean_hd95 1.000000
2026-01-19 17:15:58 - idx 7 case patient047_frame09 mean_dice 0.875320 mean_hd95 1.483163
2026-01-19 17:15:59 - idx 8 case patient044_frame01 mean_dice 0.929382 mean_hd95 1.000000
2026-01-19 17:16:00 - idx 9 case patient044_frame11 mean_dice 0.877763 mean_hd95 1.138071
2026-01-19 17:16:01 - idx 10 case patient064_frame01 mean_dice 0.954038 mean_hd95 1.000000
2026-01-19 17:16:02 - idx 11 case patient064_frame12 mean_dice 0.931799 mean_hd95 1.000000
2026-01-19 17:16:03 - idx 12 case patient017_frame01 mean_dice 0.913806 mean_hd95 1.000000
2026-01-19 17:16:04 - idx 13 case patient017_frame09 mean_dice 0.939254 mean_hd95 1.000000
2026-01-19 17:16:05 - idx 14 case patient039_frame01 mean_dice 0.937194 mean_hd95 1.000000
2026-01-19 17:16:06 - idx 15 case patient039_frame10 mean_dice 0.837143 mean_hd95 1.244017
2026-01-19 17:16:06 - idx 16 case patient041_frame01 mean_dice 0.913578 mean_hd95 1.000000
2026-01-19 17:16:07 - idx 17 case patient041_frame11 mean_dice 0.856081 mean_hd95 1.471405
2026-01-19 17:16:08 - idx 18 case patient067_frame01 mean_dice 0.919407 mean_hd95 1.000000
2026-01-19 17:16:09 - idx 19 case patient067_frame10 mean_dice 0.922070 mean_hd95 1.000000
2026-01-19 17:16:09 - Mean class 1 mean_dice 0.864345 mean_hd95 3.344479
2026-01-19 17:16:09 - Mean class 2 mean_dice 0.874581 mean_hd95 1.363033
2026-01-19 17:16:09 - Mean class 3 mean_dice 0.915595 mean_hd95 2.710363
2026-01-19 17:16:09 - val epoch: 77, mean_dice: 0.8848404592846494, mean_hd95: 2.472625001320217, time(s): 18.97
2026-01-19 17:16:10 - train: epoch 78, iter:0, loss: 0.0855, lr: 0.00013369502053292258
2026-01-19 17:16:13 - train: epoch 78, iter:10, loss: 0.0790, lr: 0.00013369502053292258
2026-01-19 17:16:15 - train: epoch 78, iter:20, loss: 0.0931, lr: 0.00013369502053292258
2026-01-19 17:16:18 - train: epoch 78, iter:30, loss: 0.0724, lr: 0.00013369502053292258
2026-01-19 17:16:21 - train: epoch 78, iter:40, loss: 0.0823, lr: 0.00013369502053292258
2026-01-19 17:16:24 - train: epoch 78, iter:50, loss: 0.0898, lr: 0.00013369502053292258
2026-01-19 17:16:27 - train: epoch 78, iter:60, loss: 0.0812, lr: 0.00013369502053292258
2026-01-19 17:16:30 - train: epoch 78, iter:70, loss: 0.0716, lr: 0.00013369502053292258
2026-01-19 17:16:32 - train: epoch 78, iter:80, loss: 0.0808, lr: 0.00013369502053292258
2026-01-19 17:16:32 - Finish one epoch train: epoch 78, loss: 0.0783, time(s): 22.82
2026-01-19 17:16:34 - idx 0 case patient050_frame01 mean_dice 0.883421 mean_hd95 6.241240
2026-01-19 17:16:35 - idx 1 case patient050_frame12 mean_dice 0.810835 mean_hd95 9.554283
2026-01-19 17:16:36 - idx 2 case patient037_frame01 mean_dice 0.857747 mean_hd95 6.341985
2026-01-19 17:16:36 - idx 3 case patient037_frame12 mean_dice 0.645426 mean_hd95 7.671915
2026-01-19 17:16:38 - idx 4 case patient095_frame01 mean_dice 0.936758 mean_hd95 1.000000
2026-01-19 17:16:39 - idx 5 case patient095_frame12 mean_dice 0.825859 mean_hd95 1.804738
2026-01-19 17:16:40 - idx 6 case patient047_frame01 mean_dice 0.929731 mean_hd95 1.000000
2026-01-19 17:16:41 - idx 7 case patient047_frame09 mean_dice 0.870795 mean_hd95 1.666667
2026-01-19 17:16:42 - idx 8 case patient044_frame01 mean_dice 0.925929 mean_hd95 1.000000
2026-01-19 17:16:43 - idx 9 case patient044_frame11 mean_dice 0.880021 mean_hd95 1.138071
2026-01-19 17:16:44 - idx 10 case patient064_frame01 mean_dice 0.954662 mean_hd95 1.000000
2026-01-19 17:16:45 - idx 11 case patient064_frame12 mean_dice 0.934312 mean_hd95 1.000000
2026-01-19 17:16:46 - idx 12 case patient017_frame01 mean_dice 0.915548 mean_hd95 1.000000
2026-01-19 17:16:47 - idx 13 case patient017_frame09 mean_dice 0.939838 mean_hd95 1.000000
2026-01-19 17:16:48 - idx 14 case patient039_frame01 mean_dice 0.938159 mean_hd95 1.000000
2026-01-19 17:16:49 - idx 15 case patient039_frame10 mean_dice 0.833670 mean_hd95 1.333333
2026-01-19 17:16:49 - idx 16 case patient041_frame01 mean_dice 0.916883 mean_hd95 1.000000
2026-01-19 17:16:50 - idx 17 case patient041_frame11 mean_dice 0.871212 mean_hd95 1.333333
2026-01-19 17:16:51 - idx 18 case patient067_frame01 mean_dice 0.920744 mean_hd95 1.000000
2026-01-19 17:16:52 - idx 19 case patient067_frame10 mean_dice 0.922484 mean_hd95 1.000000
2026-01-19 17:16:52 - Mean class 1 mean_dice 0.861041 mean_hd95 3.354968
2026-01-19 17:16:52 - Mean class 2 mean_dice 0.880051 mean_hd95 1.143185
2026-01-19 17:16:52 - Mean class 3 mean_dice 0.916014 mean_hd95 2.714682
2026-01-19 17:16:52 - val epoch: 78, mean_dice: 0.8857017392410693, mean_hd95: 2.404278253401753, time(s): 19.72
2026-01-19 17:16:53 - train: epoch 79, iter:0, loss: 0.0743, lr: 0.00012359594482598446
2026-01-19 17:16:56 - train: epoch 79, iter:10, loss: 0.0688, lr: 0.00012359594482598446
2026-01-19 17:16:58 - train: epoch 79, iter:20, loss: 0.0822, lr: 0.00012359594482598446
2026-01-19 17:17:01 - train: epoch 79, iter:30, loss: 0.0804, lr: 0.00012359594482598446
2026-01-19 17:17:04 - train: epoch 79, iter:40, loss: 0.0825, lr: 0.00012359594482598446
2026-01-19 17:17:07 - train: epoch 79, iter:50, loss: 0.0764, lr: 0.00012359594482598446
2026-01-19 17:17:09 - train: epoch 79, iter:60, loss: 0.0816, lr: 0.00012359594482598446
2026-01-19 17:17:12 - train: epoch 79, iter:70, loss: 0.0813, lr: 0.00012359594482598446
2026-01-19 17:17:15 - train: epoch 79, iter:80, loss: 0.0710, lr: 0.00012359594482598446
2026-01-19 17:17:15 - Finish one epoch train: epoch 79, loss: 0.0798, time(s): 22.51
2026-01-19 17:17:16 - idx 0 case patient050_frame01 mean_dice 0.885577 mean_hd95 6.064649
2026-01-19 17:17:17 - idx 1 case patient050_frame12 mean_dice 0.811386 mean_hd95 9.605214
2026-01-19 17:17:18 - idx 2 case patient037_frame01 mean_dice 0.863220 mean_hd95 6.392423
2026-01-19 17:17:19 - idx 3 case patient037_frame12 mean_dice 0.620794 mean_hd95 8.740342
2026-01-19 17:17:20 - idx 4 case patient095_frame01 mean_dice 0.937223 mean_hd95 1.000000
2026-01-19 17:17:21 - idx 5 case patient095_frame12 mean_dice 0.820554 mean_hd95 1.666667
2026-01-19 17:17:22 - idx 6 case patient047_frame01 mean_dice 0.926301 mean_hd95 1.000000
2026-01-19 17:17:23 - idx 7 case patient047_frame09 mean_dice 0.876897 mean_hd95 1.666667
2026-01-19 17:17:24 - idx 8 case patient044_frame01 mean_dice 0.924411 mean_hd95 1.000000
2026-01-19 17:17:25 - idx 9 case patient044_frame11 mean_dice 0.880663 mean_hd95 1.138071
2026-01-19 17:17:26 - idx 10 case patient064_frame01 mean_dice 0.954671 mean_hd95 1.000000
2026-01-19 17:17:27 - idx 11 case patient064_frame12 mean_dice 0.933592 mean_hd95 1.000000
2026-01-19 17:17:28 - idx 12 case patient017_frame01 mean_dice 0.914046 mean_hd95 1.000000
2026-01-19 17:17:29 - idx 13 case patient017_frame09 mean_dice 0.939340 mean_hd95 1.000000
2026-01-19 17:17:30 - idx 14 case patient039_frame01 mean_dice 0.937292 mean_hd95 1.000000
2026-01-19 17:17:31 - idx 15 case patient039_frame10 mean_dice 0.832666 mean_hd95 1.244017
2026-01-19 17:17:31 - idx 16 case patient041_frame01 mean_dice 0.918276 mean_hd95 1.000000
2026-01-19 17:17:32 - idx 17 case patient041_frame11 mean_dice 0.863778 mean_hd95 1.471405
2026-01-19 17:17:33 - idx 18 case patient067_frame01 mean_dice 0.916984 mean_hd95 1.000000
2026-01-19 17:17:34 - idx 19 case patient067_frame10 mean_dice 0.922056 mean_hd95 1.000000
2026-01-19 17:17:34 - Mean class 1 mean_dice 0.855676 mean_hd95 3.432956
2026-01-19 17:17:34 - Mean class 2 mean_dice 0.880212 mean_hd95 1.202071
2026-01-19 17:17:34 - Mean class 3 mean_dice 0.916071 mean_hd95 2.713391
2026-01-19 17:17:34 - val epoch: 79, mean_dice: 0.8839863582808606, mean_hd95: 2.4494726649940106, time(s): 18.93
2026-01-19 17:17:35 - train: epoch 80, iter:0, loss: 0.0766, lr: 0.00011387326887403332
2026-01-19 17:17:38 - train: epoch 80, iter:10, loss: 0.0920, lr: 0.00011387326887403332
2026-01-19 17:17:40 - train: epoch 80, iter:20, loss: 0.0791, lr: 0.00011387326887403332
2026-01-19 17:17:43 - train: epoch 80, iter:30, loss: 0.0837, lr: 0.00011387326887403332
2026-01-19 17:17:46 - train: epoch 80, iter:40, loss: 0.0844, lr: 0.00011387326887403332
2026-01-19 17:17:49 - train: epoch 80, iter:50, loss: 0.0902, lr: 0.00011387326887403332
2026-01-19 17:17:52 - train: epoch 80, iter:60, loss: 0.0779, lr: 0.00011387326887403332
2026-01-19 17:17:54 - train: epoch 80, iter:70, loss: 0.0754, lr: 0.00011387326887403332
2026-01-19 17:17:57 - train: epoch 80, iter:80, loss: 0.0855, lr: 0.00011387326887403332
2026-01-19 17:17:57 - Finish one epoch train: epoch 80, loss: 0.0814, time(s): 22.86
2026-01-19 17:17:58 - idx 0 case patient050_frame01 mean_dice 0.889063 mean_hd95 6.326709
2026-01-19 17:18:00 - idx 1 case patient050_frame12 mean_dice 0.811999 mean_hd95 8.612129
2026-01-19 17:18:00 - idx 2 case patient037_frame01 mean_dice 0.856079 mean_hd95 6.564184
2026-01-19 17:18:01 - idx 3 case patient037_frame12 mean_dice 0.656386 mean_hd95 7.571105
2026-01-19 17:18:02 - idx 4 case patient095_frame01 mean_dice 0.936926 mean_hd95 1.000000
2026-01-19 17:18:04 - idx 5 case patient095_frame12 mean_dice 0.862852 mean_hd95 1.804738
2026-01-19 17:18:05 - idx 6 case patient047_frame01 mean_dice 0.928402 mean_hd95 1.000000
2026-01-19 17:18:06 - idx 7 case patient047_frame09 mean_dice 0.854946 mean_hd95 1.666667
2026-01-19 17:18:07 - idx 8 case patient044_frame01 mean_dice 0.926451 mean_hd95 1.000000
2026-01-19 17:18:07 - idx 9 case patient044_frame11 mean_dice 0.879811 mean_hd95 1.138071
2026-01-19 17:18:09 - idx 10 case patient064_frame01 mean_dice 0.955969 mean_hd95 1.000000
2026-01-19 17:18:10 - idx 11 case patient064_frame12 mean_dice 0.936696 mean_hd95 1.000000
2026-01-19 17:18:10 - idx 12 case patient017_frame01 mean_dice 0.909208 mean_hd95 1.000000
2026-01-19 17:18:11 - idx 13 case patient017_frame09 mean_dice 0.937373 mean_hd95 1.000000
2026-01-19 17:18:12 - idx 14 case patient039_frame01 mean_dice 0.940913 mean_hd95 1.000000
2026-01-19 17:18:13 - idx 15 case patient039_frame10 mean_dice 0.841266 mean_hd95 1.244017
2026-01-19 17:18:14 - idx 16 case patient041_frame01 mean_dice 0.912300 mean_hd95 1.000000
2026-01-19 17:18:14 - idx 17 case patient041_frame11 mean_dice 0.867284 mean_hd95 1.333333
2026-01-19 17:18:15 - idx 18 case patient067_frame01 mean_dice 0.918549 mean_hd95 1.000000
2026-01-19 17:18:16 - idx 19 case patient067_frame10 mean_dice 0.923347 mean_hd95 1.000000
2026-01-19 17:18:16 - Mean class 1 mean_dice 0.870269 mean_hd95 3.164263
2026-01-19 17:18:16 - Mean class 2 mean_dice 0.874591 mean_hd95 1.202262
2026-01-19 17:18:16 - Mean class 3 mean_dice 0.917012 mean_hd95 2.722618
2026-01-19 17:18:16 - val epoch: 80, mean_dice: 0.8872909787439235, mean_hd95: 2.3630476749017064, time(s): 19.09
2026-01-19 17:18:17 - train: epoch 81, iter:0, loss: 0.0779, lr: 0.00010453658778440112
2026-01-19 17:18:20 - train: epoch 81, iter:10, loss: 0.0764, lr: 0.00010453658778440112
2026-01-19 17:18:23 - train: epoch 81, iter:20, loss: 0.0724, lr: 0.00010453658778440112
2026-01-19 17:18:25 - train: epoch 81, iter:30, loss: 0.0752, lr: 0.00010453658778440112
2026-01-19 17:18:28 - train: epoch 81, iter:40, loss: 0.0772, lr: 0.00010453658778440112
2026-01-19 17:18:31 - train: epoch 81, iter:50, loss: 0.0874, lr: 0.00010453658778440112
2026-01-19 17:18:34 - train: epoch 81, iter:60, loss: 0.0814, lr: 0.00010453658778440112
2026-01-19 17:18:37 - train: epoch 81, iter:70, loss: 0.0714, lr: 0.00010453658778440112
2026-01-19 17:18:39 - train: epoch 81, iter:80, loss: 0.0780, lr: 0.00010453658778440112
2026-01-19 17:18:39 - Finish one epoch train: epoch 81, loss: 0.0802, time(s): 22.53
2026-01-19 17:18:41 - idx 0 case patient050_frame01 mean_dice 0.881918 mean_hd95 6.597454
2026-01-19 17:18:42 - idx 1 case patient050_frame12 mean_dice 0.802813 mean_hd95 9.413306
2026-01-19 17:18:42 - idx 2 case patient037_frame01 mean_dice 0.853013 mean_hd95 6.752022
2026-01-19 17:18:43 - idx 3 case patient037_frame12 mean_dice 0.682483 mean_hd95 8.128977
2026-01-19 17:18:44 - idx 4 case patient095_frame01 mean_dice 0.937111 mean_hd95 1.000000
2026-01-19 17:18:46 - idx 5 case patient095_frame12 mean_dice 0.859332 mean_hd95 1.858830
2026-01-19 17:18:47 - idx 6 case patient047_frame01 mean_dice 0.928651 mean_hd95 1.000000
2026-01-19 17:18:48 - idx 7 case patient047_frame09 mean_dice 0.856848 mean_hd95 1.666667
2026-01-19 17:18:49 - idx 8 case patient044_frame01 mean_dice 0.926316 mean_hd95 1.000000
2026-01-19 17:18:50 - idx 9 case patient044_frame11 mean_dice 0.879638 mean_hd95 1.138071
2026-01-19 17:18:51 - idx 10 case patient064_frame01 mean_dice 0.955666 mean_hd95 1.000000
2026-01-19 17:18:52 - idx 11 case patient064_frame12 mean_dice 0.934163 mean_hd95 1.000000
2026-01-19 17:18:53 - idx 12 case patient017_frame01 mean_dice 0.915870 mean_hd95 1.000000
2026-01-19 17:18:54 - idx 13 case patient017_frame09 mean_dice 0.940859 mean_hd95 1.000000
2026-01-19 17:18:54 - idx 14 case patient039_frame01 mean_dice 0.938790 mean_hd95 1.000000
2026-01-19 17:18:55 - idx 15 case patient039_frame10 mean_dice 0.840450 mean_hd95 1.222828
2026-01-19 17:18:56 - idx 16 case patient041_frame01 mean_dice 0.911740 mean_hd95 1.000000
2026-01-19 17:18:56 - idx 17 case patient041_frame11 mean_dice 0.871741 mean_hd95 1.333333
2026-01-19 17:18:57 - idx 18 case patient067_frame01 mean_dice 0.922768 mean_hd95 1.000000
2026-01-19 17:18:59 - idx 19 case patient067_frame10 mean_dice 0.921754 mean_hd95 1.000000
2026-01-19 17:18:59 - Mean class 1 mean_dice 0.867905 mean_hd95 3.378346
2026-01-19 17:18:59 - Mean class 2 mean_dice 0.879072 mean_hd95 1.270051
2026-01-19 17:18:59 - Mean class 3 mean_dice 0.917312 mean_hd95 2.718326
2026-01-19 17:18:59 - val epoch: 81, mean_dice: 0.8880963519110899, mean_hd95: 2.455574404266508, time(s): 19.19
2026-01-19 17:18:59 - train: epoch 82, iter:0, loss: 0.0815, lr: 9.5595115734092e-05
2026-01-19 17:19:02 - train: epoch 82, iter:10, loss: 0.0768, lr: 9.5595115734092e-05
2026-01-19 17:19:05 - train: epoch 82, iter:20, loss: 0.0674, lr: 9.5595115734092e-05
2026-01-19 17:19:08 - train: epoch 82, iter:30, loss: 0.0820, lr: 9.5595115734092e-05
2026-01-19 17:19:11 - train: epoch 82, iter:40, loss: 0.0787, lr: 9.5595115734092e-05
2026-01-19 17:19:13 - train: epoch 82, iter:50, loss: 0.0820, lr: 9.5595115734092e-05
2026-01-19 17:19:16 - train: epoch 82, iter:60, loss: 0.0799, lr: 9.5595115734092e-05
2026-01-19 17:19:19 - train: epoch 82, iter:70, loss: 0.0760, lr: 9.5595115734092e-05
2026-01-19 17:19:22 - train: epoch 82, iter:80, loss: 0.0735, lr: 9.5595115734092e-05
2026-01-19 17:19:22 - Finish one epoch train: epoch 82, loss: 0.0776, time(s): 22.68
2026-01-19 17:19:23 - idx 0 case patient050_frame01 mean_dice 0.882716 mean_hd95 6.956803
2026-01-19 17:19:24 - idx 1 case patient050_frame12 mean_dice 0.811864 mean_hd95 9.188651
2026-01-19 17:19:25 - idx 2 case patient037_frame01 mean_dice 0.854501 mean_hd95 6.533474
2026-01-19 17:19:26 - idx 3 case patient037_frame12 mean_dice 0.677315 mean_hd95 7.462870
2026-01-19 17:19:27 - idx 4 case patient095_frame01 mean_dice 0.935876 mean_hd95 1.000000
2026-01-19 17:19:28 - idx 5 case patient095_frame12 mean_dice 0.845475 mean_hd95 1.772208
2026-01-19 17:19:29 - idx 6 case patient047_frame01 mean_dice 0.925952 mean_hd95 1.000000
2026-01-19 17:19:30 - idx 7 case patient047_frame09 mean_dice 0.866555 mean_hd95 1.666667
2026-01-19 17:19:31 - idx 8 case patient044_frame01 mean_dice 0.925974 mean_hd95 1.000000
2026-01-19 17:19:32 - idx 9 case patient044_frame11 mean_dice 0.884109 mean_hd95 1.138071
2026-01-19 17:19:33 - idx 10 case patient064_frame01 mean_dice 0.955334 mean_hd95 1.000000
2026-01-19 17:19:34 - idx 11 case patient064_frame12 mean_dice 0.934357 mean_hd95 1.000000
2026-01-19 17:19:35 - idx 12 case patient017_frame01 mean_dice 0.910094 mean_hd95 1.000000
2026-01-19 17:19:36 - idx 13 case patient017_frame09 mean_dice 0.937884 mean_hd95 1.000000
2026-01-19 17:19:37 - idx 14 case patient039_frame01 mean_dice 0.937328 mean_hd95 1.000000
2026-01-19 17:19:38 - idx 15 case patient039_frame10 mean_dice 0.838928 mean_hd95 1.244017
2026-01-19 17:19:39 - idx 16 case patient041_frame01 mean_dice 0.912599 mean_hd95 1.000000
2026-01-19 17:19:39 - idx 17 case patient041_frame11 mean_dice 0.868718 mean_hd95 1.333333
2026-01-19 17:19:40 - idx 18 case patient067_frame01 mean_dice 0.918582 mean_hd95 1.000000
2026-01-19 17:19:41 - idx 19 case patient067_frame10 mean_dice 0.921551 mean_hd95 1.000000
2026-01-19 17:19:41 - Mean class 1 mean_dice 0.868257 mean_hd95 3.361086
2026-01-19 17:19:41 - Mean class 2 mean_dice 0.876772 mean_hd95 1.191591
2026-01-19 17:19:41 - Mean class 3 mean_dice 0.916829 mean_hd95 2.691737
2026-01-19 17:19:41 - val epoch: 82, mean_dice: 0.8872856290933894, mean_hd95: 2.4148046838157917, time(s): 19.69
2026-01-19 17:19:42 - train: epoch 83, iter:0, loss: 0.0784, lr: 8.705767687650269e-05
2026-01-19 17:19:45 - train: epoch 83, iter:10, loss: 0.0909, lr: 8.705767687650269e-05
2026-01-19 17:19:48 - train: epoch 83, iter:20, loss: 0.0770, lr: 8.705767687650269e-05
2026-01-19 17:19:51 - train: epoch 83, iter:30, loss: 0.0763, lr: 8.705767687650269e-05
2026-01-19 17:19:53 - train: epoch 83, iter:40, loss: 0.0889, lr: 8.705767687650269e-05
2026-01-19 17:19:56 - train: epoch 83, iter:50, loss: 0.0805, lr: 8.705767687650269e-05
2026-01-19 17:19:59 - train: epoch 83, iter:60, loss: 0.0660, lr: 8.705767687650269e-05
2026-01-19 17:20:02 - train: epoch 83, iter:70, loss: 0.0784, lr: 8.705767687650269e-05
2026-01-19 17:20:04 - train: epoch 83, iter:80, loss: 0.0838, lr: 8.705767687650269e-05
2026-01-19 17:20:05 - Finish one epoch train: epoch 83, loss: 0.0775, time(s): 22.71
2026-01-19 17:20:06 - idx 0 case patient050_frame01 mean_dice 0.885422 mean_hd95 6.468461
2026-01-19 17:20:07 - idx 1 case patient050_frame12 mean_dice 0.812993 mean_hd95 9.012321
2026-01-19 17:20:08 - idx 2 case patient037_frame01 mean_dice 0.853190 mean_hd95 6.756477
2026-01-19 17:20:08 - idx 3 case patient037_frame12 mean_dice 0.684730 mean_hd95 7.811407
2026-01-19 17:20:10 - idx 4 case patient095_frame01 mean_dice 0.937697 mean_hd95 1.000000
2026-01-19 17:20:11 - idx 5 case patient095_frame12 mean_dice 0.861920 mean_hd95 1.858830
2026-01-19 17:20:12 - idx 6 case patient047_frame01 mean_dice 0.928542 mean_hd95 1.000000
2026-01-19 17:20:13 - idx 7 case patient047_frame09 mean_dice 0.865954 mean_hd95 1.609476
2026-01-19 17:20:14 - idx 8 case patient044_frame01 mean_dice 0.928316 mean_hd95 1.000000
2026-01-19 17:20:15 - idx 9 case patient044_frame11 mean_dice 0.886782 mean_hd95 1.138071
2026-01-19 17:20:16 - idx 10 case patient064_frame01 mean_dice 0.954726 mean_hd95 1.000000
2026-01-19 17:20:17 - idx 11 case patient064_frame12 mean_dice 0.934945 mean_hd95 1.000000
2026-01-19 17:20:18 - idx 12 case patient017_frame01 mean_dice 0.915972 mean_hd95 1.000000
2026-01-19 17:20:19 - idx 13 case patient017_frame09 mean_dice 0.939509 mean_hd95 1.000000
2026-01-19 17:20:20 - idx 14 case patient039_frame01 mean_dice 0.940062 mean_hd95 1.000000
2026-01-19 17:20:21 - idx 15 case patient039_frame10 mean_dice 0.838197 mean_hd95 1.333333
2026-01-19 17:20:22 - idx 16 case patient041_frame01 mean_dice 0.914167 mean_hd95 1.000000
2026-01-19 17:20:22 - idx 17 case patient041_frame11 mean_dice 0.870246 mean_hd95 1.333333
2026-01-19 17:20:23 - idx 18 case patient067_frame01 mean_dice 0.924500 mean_hd95 1.000000
2026-01-19 17:20:24 - idx 19 case patient067_frame10 mean_dice 0.921689 mean_hd95 1.000000
2026-01-19 17:20:24 - Mean class 1 mean_dice 0.871550 mean_hd95 3.274379
2026-01-19 17:20:24 - Mean class 2 mean_dice 0.882003 mean_hd95 1.245619
2026-01-19 17:20:24 - Mean class 3 mean_dice 0.916381 mean_hd95 2.728259
2026-01-19 17:20:24 - val epoch: 83, mean_dice: 0.8899779030650171, mean_hd95: 2.4160855033423565, time(s): 19.76
2026-01-19 17:20:25 - train: epoch 84, iter:0, loss: 0.0723, lr: 7.893269663304787e-05
2026-01-19 17:20:28 - train: epoch 84, iter:10, loss: 0.0787, lr: 7.893269663304787e-05
2026-01-19 17:20:31 - train: epoch 84, iter:20, loss: 0.0736, lr: 7.893269663304787e-05
2026-01-19 17:20:34 - train: epoch 84, iter:30, loss: 0.0788, lr: 7.893269663304787e-05
2026-01-19 17:20:36 - train: epoch 84, iter:40, loss: 0.0798, lr: 7.893269663304787e-05
2026-01-19 17:20:39 - train: epoch 84, iter:50, loss: 0.0695, lr: 7.893269663304787e-05
2026-01-19 17:20:42 - train: epoch 84, iter:60, loss: 0.0815, lr: 7.893269663304787e-05
2026-01-19 17:20:45 - train: epoch 84, iter:70, loss: 0.0742, lr: 7.893269663304787e-05
2026-01-19 17:20:48 - train: epoch 84, iter:80, loss: 0.0703, lr: 7.893269663304787e-05
2026-01-19 17:20:48 - Finish one epoch train: epoch 84, loss: 0.0771, time(s): 23.32
2026-01-19 17:20:49 - idx 0 case patient050_frame01 mean_dice 0.885075 mean_hd95 6.592638
2026-01-19 17:20:50 - idx 1 case patient050_frame12 mean_dice 0.809976 mean_hd95 9.336348
2026-01-19 17:20:51 - idx 2 case patient037_frame01 mean_dice 0.854857 mean_hd95 6.649343
2026-01-19 17:20:52 - idx 3 case patient037_frame12 mean_dice 0.685757 mean_hd95 7.466579
2026-01-19 17:20:53 - idx 4 case patient095_frame01 mean_dice 0.937189 mean_hd95 1.000000
2026-01-19 17:20:55 - idx 5 case patient095_frame12 mean_dice 0.851400 mean_hd95 1.858830
2026-01-19 17:20:56 - idx 6 case patient047_frame01 mean_dice 0.929686 mean_hd95 1.000000
2026-01-19 17:20:57 - idx 7 case patient047_frame09 mean_dice 0.875258 mean_hd95 1.666667
2026-01-19 17:20:58 - idx 8 case patient044_frame01 mean_dice 0.927529 mean_hd95 1.000000
2026-01-19 17:20:58 - idx 9 case patient044_frame11 mean_dice 0.883296 mean_hd95 1.138071
2026-01-19 17:21:00 - idx 10 case patient064_frame01 mean_dice 0.955966 mean_hd95 1.000000
2026-01-19 17:21:01 - idx 11 case patient064_frame12 mean_dice 0.936314 mean_hd95 1.000000
2026-01-19 17:21:02 - idx 12 case patient017_frame01 mean_dice 0.915203 mean_hd95 1.000000
2026-01-19 17:21:02 - idx 13 case patient017_frame09 mean_dice 0.940762 mean_hd95 1.000000
2026-01-19 17:21:03 - idx 14 case patient039_frame01 mean_dice 0.939796 mean_hd95 1.000000
2026-01-19 17:21:04 - idx 15 case patient039_frame10 mean_dice 0.840885 mean_hd95 1.244017
2026-01-19 17:21:05 - idx 16 case patient041_frame01 mean_dice 0.912453 mean_hd95 1.000000
2026-01-19 17:21:05 - idx 17 case patient041_frame11 mean_dice 0.871695 mean_hd95 1.333333
2026-01-19 17:21:07 - idx 18 case patient067_frame01 mean_dice 0.922041 mean_hd95 1.000000
2026-01-19 17:21:08 - idx 19 case patient067_frame10 mean_dice 0.919728 mean_hd95 1.000000
2026-01-19 17:21:08 - Mean class 1 mean_dice 0.871372 mean_hd95 3.352683
2026-01-19 17:21:08 - Mean class 2 mean_dice 0.879311 mean_hd95 1.175699
2026-01-19 17:21:08 - Mean class 3 mean_dice 0.918547 mean_hd95 2.714492
2026-01-19 17:21:08 - val epoch: 84, mean_dice: 0.8897432831898365, mean_hd95: 2.414291320789014, time(s): 19.74
2026-01-19 17:21:09 - train: epoch 85, iter:0, loss: 0.0799, lr: 7.122819337828756e-05
2026-01-19 17:21:12 - train: epoch 85, iter:10, loss: 0.0634, lr: 7.122819337828756e-05
2026-01-19 17:21:14 - train: epoch 85, iter:20, loss: 0.0681, lr: 7.122819337828756e-05
2026-01-19 17:21:17 - train: epoch 85, iter:30, loss: 0.0691, lr: 7.122819337828756e-05
2026-01-19 17:21:20 - train: epoch 85, iter:40, loss: 0.0765, lr: 7.122819337828756e-05
2026-01-19 17:21:23 - train: epoch 85, iter:50, loss: 0.0852, lr: 7.122819337828756e-05
2026-01-19 17:21:26 - train: epoch 85, iter:60, loss: 0.0808, lr: 7.122819337828756e-05
2026-01-19 17:21:28 - train: epoch 85, iter:70, loss: 0.0792, lr: 7.122819337828756e-05
2026-01-19 17:21:31 - train: epoch 85, iter:80, loss: 0.0889, lr: 7.122819337828756e-05
2026-01-19 17:21:31 - Finish one epoch train: epoch 85, loss: 0.0767, time(s): 22.74
2026-01-19 17:21:32 - idx 0 case patient050_frame01 mean_dice 0.885682 mean_hd95 6.161060
2026-01-19 17:21:33 - idx 1 case patient050_frame12 mean_dice 0.814069 mean_hd95 8.444871
2026-01-19 17:21:34 - idx 2 case patient037_frame01 mean_dice 0.855327 mean_hd95 6.552306
2026-01-19 17:21:35 - idx 3 case patient037_frame12 mean_dice 0.681085 mean_hd95 7.339794
2026-01-19 17:21:36 - idx 4 case patient095_frame01 mean_dice 0.937251 mean_hd95 1.000000
2026-01-19 17:21:37 - idx 5 case patient095_frame12 mean_dice 0.852598 mean_hd95 1.858830
2026-01-19 17:21:38 - idx 6 case patient047_frame01 mean_dice 0.929101 mean_hd95 1.000000
2026-01-19 17:21:39 - idx 7 case patient047_frame09 mean_dice 0.873262 mean_hd95 1.666667
2026-01-19 17:21:40 - idx 8 case patient044_frame01 mean_dice 0.927366 mean_hd95 1.000000
2026-01-19 17:21:41 - idx 9 case patient044_frame11 mean_dice 0.881317 mean_hd95 1.138071
2026-01-19 17:21:42 - idx 10 case patient064_frame01 mean_dice 0.955675 mean_hd95 1.000000
2026-01-19 17:21:43 - idx 11 case patient064_frame12 mean_dice 0.934709 mean_hd95 1.000000
2026-01-19 17:21:44 - idx 12 case patient017_frame01 mean_dice 0.911408 mean_hd95 1.000000
2026-01-19 17:21:45 - idx 13 case patient017_frame09 mean_dice 0.939611 mean_hd95 1.000000
2026-01-19 17:21:46 - idx 14 case patient039_frame01 mean_dice 0.939111 mean_hd95 1.000000
2026-01-19 17:21:47 - idx 15 case patient039_frame10 mean_dice 0.839995 mean_hd95 1.244017
2026-01-19 17:21:47 - idx 16 case patient041_frame01 mean_dice 0.914353 mean_hd95 1.000000
2026-01-19 17:21:48 - idx 17 case patient041_frame11 mean_dice 0.866284 mean_hd95 1.333333
2026-01-19 17:21:49 - idx 18 case patient067_frame01 mean_dice 0.919125 mean_hd95 1.000000
2026-01-19 17:21:50 - idx 19 case patient067_frame10 mean_dice 0.919998 mean_hd95 1.000000
2026-01-19 17:21:50 - Mean class 1 mean_dice 0.870405 mean_hd95 3.122441
2026-01-19 17:21:50 - Mean class 2 mean_dice 0.877625 mean_hd95 1.179788
2026-01-19 17:21:50 - Mean class 3 mean_dice 0.918569 mean_hd95 2.708614
2026-01-19 17:21:50 - val epoch: 85, mean_dice: 0.8888663630719086, mean_hd95: 2.3369475206293813, time(s): 19.02
2026-01-19 17:21:51 - train: epoch 86, iter:0, loss: 0.0848, lr: 6.395177052675798e-05
2026-01-19 17:21:54 - train: epoch 86, iter:10, loss: 0.0745, lr: 6.395177052675798e-05
2026-01-19 17:21:57 - train: epoch 86, iter:20, loss: 0.0764, lr: 6.395177052675798e-05
2026-01-19 17:21:59 - train: epoch 86, iter:30, loss: 0.0775, lr: 6.395177052675798e-05
2026-01-19 17:22:02 - train: epoch 86, iter:40, loss: 0.0781, lr: 6.395177052675798e-05
2026-01-19 17:22:05 - train: epoch 86, iter:50, loss: 0.0752, lr: 6.395177052675798e-05
2026-01-19 17:22:08 - train: epoch 86, iter:60, loss: 0.0745, lr: 6.395177052675798e-05
2026-01-19 17:22:10 - train: epoch 86, iter:70, loss: 0.0801, lr: 6.395177052675798e-05
2026-01-19 17:22:13 - train: epoch 86, iter:80, loss: 0.0690, lr: 6.395177052675798e-05
2026-01-19 17:22:13 - Finish one epoch train: epoch 86, loss: 0.0769, time(s): 22.62
2026-01-19 17:22:14 - idx 0 case patient050_frame01 mean_dice 0.887357 mean_hd95 5.623682
2026-01-19 17:22:16 - idx 1 case patient050_frame12 mean_dice 0.807249 mean_hd95 9.154850
2026-01-19 17:22:16 - idx 2 case patient037_frame01 mean_dice 0.850544 mean_hd95 6.740144
2026-01-19 17:22:17 - idx 3 case patient037_frame12 mean_dice 0.686125 mean_hd95 7.504289
2026-01-19 17:22:18 - idx 4 case patient095_frame01 mean_dice 0.937772 mean_hd95 1.000000
2026-01-19 17:22:20 - idx 5 case patient095_frame12 mean_dice 0.864860 mean_hd95 1.804738
2026-01-19 17:22:21 - idx 6 case patient047_frame01 mean_dice 0.928946 mean_hd95 1.000000
2026-01-19 17:22:22 - idx 7 case patient047_frame09 mean_dice 0.859525 mean_hd95 1.666667
2026-01-19 17:22:23 - idx 8 case patient044_frame01 mean_dice 0.929433 mean_hd95 1.000000
2026-01-19 17:22:24 - idx 9 case patient044_frame11 mean_dice 0.884161 mean_hd95 1.138071
2026-01-19 17:22:25 - idx 10 case patient064_frame01 mean_dice 0.956463 mean_hd95 1.000000
2026-01-19 17:22:26 - idx 11 case patient064_frame12 mean_dice 0.936561 mean_hd95 1.000000
2026-01-19 17:22:27 - idx 12 case patient017_frame01 mean_dice 0.917408 mean_hd95 1.000000
2026-01-19 17:22:28 - idx 13 case patient017_frame09 mean_dice 0.940020 mean_hd95 1.000000
2026-01-19 17:22:28 - idx 14 case patient039_frame01 mean_dice 0.940546 mean_hd95 1.000000
2026-01-19 17:22:29 - idx 15 case patient039_frame10 mean_dice 0.838154 mean_hd95 1.244017
2026-01-19 17:22:30 - idx 16 case patient041_frame01 mean_dice 0.914591 mean_hd95 1.000000
2026-01-19 17:22:30 - idx 17 case patient041_frame11 mean_dice 0.859722 mean_hd95 1.333333
2026-01-19 17:22:32 - idx 18 case patient067_frame01 mean_dice 0.923782 mean_hd95 1.000000
2026-01-19 17:22:33 - idx 19 case patient067_frame10 mean_dice 0.920811 mean_hd95 1.000000
2026-01-19 17:22:33 - Mean class 1 mean_dice 0.870687 mean_hd95 3.185398
2026-01-19 17:22:33 - Mean class 2 mean_dice 0.879759 mean_hd95 1.183169
2026-01-19 17:22:33 - Mean class 3 mean_dice 0.917159 mean_hd95 2.712902
2026-01-19 17:22:33 - val epoch: 86, mean_dice: 0.8892015903223699, mean_hd95: 2.3604895791241405, time(s): 19.35
2026-01-19 17:22:33 - train: epoch 87, iter:0, loss: 0.0699, lr: 5.711060902932045e-05
2026-01-19 17:22:36 - train: epoch 87, iter:10, loss: 0.0986, lr: 5.711060902932045e-05
2026-01-19 17:22:39 - train: epoch 87, iter:20, loss: 0.0749, lr: 5.711060902932045e-05
2026-01-19 17:22:42 - train: epoch 87, iter:30, loss: 0.0821, lr: 5.711060902932045e-05
2026-01-19 17:22:44 - train: epoch 87, iter:40, loss: 0.0724, lr: 5.711060902932045e-05
2026-01-19 17:22:47 - train: epoch 87, iter:50, loss: 0.0911, lr: 5.711060902932045e-05
2026-01-19 17:22:50 - train: epoch 87, iter:60, loss: 0.0716, lr: 5.711060902932045e-05
2026-01-19 17:22:53 - train: epoch 87, iter:70, loss: 0.0816, lr: 5.711060902932045e-05
2026-01-19 17:22:55 - train: epoch 87, iter:80, loss: 0.0851, lr: 5.711060902932045e-05
2026-01-19 17:22:56 - Finish one epoch train: epoch 87, loss: 0.0766, time(s): 22.52
2026-01-19 17:22:57 - idx 0 case patient050_frame01 mean_dice 0.885725 mean_hd95 5.495154
2026-01-19 17:22:58 - idx 1 case patient050_frame12 mean_dice 0.817571 mean_hd95 7.789175
2026-01-19 17:22:59 - idx 2 case patient037_frame01 mean_dice 0.854591 mean_hd95 6.537447
2026-01-19 17:22:59 - idx 3 case patient037_frame12 mean_dice 0.654035 mean_hd95 7.787723
2026-01-19 17:23:01 - idx 4 case patient095_frame01 mean_dice 0.938228 mean_hd95 1.000000
2026-01-19 17:23:02 - idx 5 case patient095_frame12 mean_dice 0.862188 mean_hd95 1.858830
2026-01-19 17:23:03 - idx 6 case patient047_frame01 mean_dice 0.926763 mean_hd95 1.000000
2026-01-19 17:23:04 - idx 7 case patient047_frame09 mean_dice 0.867743 mean_hd95 1.666667
2026-01-19 17:23:05 - idx 8 case patient044_frame01 mean_dice 0.928499 mean_hd95 1.000000
2026-01-19 17:23:06 - idx 9 case patient044_frame11 mean_dice 0.885068 mean_hd95 1.138071
2026-01-19 17:23:07 - idx 10 case patient064_frame01 mean_dice 0.955428 mean_hd95 1.000000
2026-01-19 17:23:08 - idx 11 case patient064_frame12 mean_dice 0.935770 mean_hd95 1.000000
2026-01-19 17:23:09 - idx 12 case patient017_frame01 mean_dice 0.916334 mean_hd95 1.000000
2026-01-19 17:23:10 - idx 13 case patient017_frame09 mean_dice 0.939922 mean_hd95 1.000000
2026-01-19 17:23:10 - idx 14 case patient039_frame01 mean_dice 0.941707 mean_hd95 1.000000
2026-01-19 17:23:11 - idx 15 case patient039_frame10 mean_dice 0.839479 mean_hd95 1.244017
2026-01-19 17:23:12 - idx 16 case patient041_frame01 mean_dice 0.914454 mean_hd95 1.000000
2026-01-19 17:23:12 - idx 17 case patient041_frame11 mean_dice 0.860457 mean_hd95 1.471405
2026-01-19 17:23:14 - idx 18 case patient067_frame01 mean_dice 0.923872 mean_hd95 1.000000
2026-01-19 17:23:15 - idx 19 case patient067_frame10 mean_dice 0.922286 mean_hd95 1.000000
2026-01-19 17:23:15 - Mean class 1 mean_dice 0.868337 mean_hd95 2.978289
2026-01-19 17:23:15 - Mean class 2 mean_dice 0.880584 mean_hd95 1.186370
2026-01-19 17:23:15 - Mean class 3 mean_dice 0.916597 mean_hd95 2.733614
2026-01-19 17:23:15 - val epoch: 87, mean_dice: 0.8885060756590552, mean_hd95: 2.299424448475522, time(s): 19.01
2026-01-19 17:23:15 - train: epoch 88, iter:0, loss: 0.0739, lr: 5.071146028642948e-05
2026-01-19 17:23:18 - train: epoch 88, iter:10, loss: 0.0707, lr: 5.071146028642948e-05
2026-01-19 17:23:21 - train: epoch 88, iter:20, loss: 0.0773, lr: 5.071146028642948e-05
2026-01-19 17:23:24 - train: epoch 88, iter:30, loss: 0.0717, lr: 5.071146028642948e-05
2026-01-19 17:23:27 - train: epoch 88, iter:40, loss: 0.0783, lr: 5.071146028642948e-05
2026-01-19 17:23:29 - train: epoch 88, iter:50, loss: 0.0701, lr: 5.071146028642948e-05
2026-01-19 17:23:32 - train: epoch 88, iter:60, loss: 0.0691, lr: 5.071146028642948e-05
2026-01-19 17:23:35 - train: epoch 88, iter:70, loss: 0.0813, lr: 5.071146028642948e-05
2026-01-19 17:23:38 - train: epoch 88, iter:80, loss: 0.0748, lr: 5.071146028642948e-05
2026-01-19 17:23:38 - Finish one epoch train: epoch 88, loss: 0.0760, time(s): 22.82
2026-01-19 17:23:39 - idx 0 case patient050_frame01 mean_dice 0.888181 mean_hd95 5.921782
2026-01-19 17:23:40 - idx 1 case patient050_frame12 mean_dice 0.824599 mean_hd95 6.995589
2026-01-19 17:23:41 - idx 2 case patient037_frame01 mean_dice 0.855769 mean_hd95 6.530494
2026-01-19 17:23:42 - idx 3 case patient037_frame12 mean_dice 0.648518 mean_hd95 7.770675
2026-01-19 17:23:43 - idx 4 case patient095_frame01 mean_dice 0.937097 mean_hd95 1.000000
2026-01-19 17:23:45 - idx 5 case patient095_frame12 mean_dice 0.842642 mean_hd95 1.720759
2026-01-19 17:23:46 - idx 6 case patient047_frame01 mean_dice 0.927697 mean_hd95 1.000000
2026-01-19 17:23:46 - idx 7 case patient047_frame09 mean_dice 0.875915 mean_hd95 1.666667
2026-01-19 17:23:47 - idx 8 case patient044_frame01 mean_dice 0.927041 mean_hd95 1.000000
2026-01-19 17:23:48 - idx 9 case patient044_frame11 mean_dice 0.884891 mean_hd95 1.138071
2026-01-19 17:23:49 - idx 10 case patient064_frame01 mean_dice 0.956138 mean_hd95 1.000000
2026-01-19 17:23:51 - idx 11 case patient064_frame12 mean_dice 0.933207 mean_hd95 1.000000
2026-01-19 17:23:52 - idx 12 case patient017_frame01 mean_dice 0.910464 mean_hd95 1.000000
2026-01-19 17:23:52 - idx 13 case patient017_frame09 mean_dice 0.938845 mean_hd95 1.000000
2026-01-19 17:23:53 - idx 14 case patient039_frame01 mean_dice 0.937373 mean_hd95 1.000000
2026-01-19 17:23:54 - idx 15 case patient039_frame10 mean_dice 0.830629 mean_hd95 1.333333
2026-01-19 17:23:55 - idx 16 case patient041_frame01 mean_dice 0.920445 mean_hd95 1.000000
2026-01-19 17:23:55 - idx 17 case patient041_frame11 mean_dice 0.864780 mean_hd95 1.333333
2026-01-19 17:23:56 - idx 18 case patient067_frame01 mean_dice 0.921543 mean_hd95 1.000000
2026-01-19 17:23:58 - idx 19 case patient067_frame10 mean_dice 0.921709 mean_hd95 1.000000
2026-01-19 17:23:58 - Mean class 1 mean_dice 0.867164 mean_hd95 2.915467
2026-01-19 17:23:58 - Mean class 2 mean_dice 0.879316 mean_hd95 1.191591
2026-01-19 17:23:58 - Mean class 3 mean_dice 0.915643 mean_hd95 2.704547
2026-01-19 17:23:58 - val epoch: 88, mean_dice: 0.8873741810737977, mean_hd95: 2.270535234665319, time(s): 19.58
2026-01-19 17:23:58 - train: epoch 89, iter:0, loss: 0.0746, lr: 4.476063948531561e-05
2026-01-19 17:24:01 - train: epoch 89, iter:10, loss: 0.0648, lr: 4.476063948531561e-05
2026-01-19 17:24:04 - train: epoch 89, iter:20, loss: 0.0710, lr: 4.476063948531561e-05
2026-01-19 17:24:07 - train: epoch 89, iter:30, loss: 0.0782, lr: 4.476063948531561e-05
2026-01-19 17:24:09 - train: epoch 89, iter:40, loss: 0.0703, lr: 4.476063948531561e-05
2026-01-19 17:24:12 - train: epoch 89, iter:50, loss: 0.0781, lr: 4.476063948531561e-05
2026-01-19 17:24:15 - train: epoch 89, iter:60, loss: 0.0884, lr: 4.476063948531561e-05
2026-01-19 17:24:18 - train: epoch 89, iter:70, loss: 0.0800, lr: 4.476063948531561e-05
2026-01-19 17:24:20 - train: epoch 89, iter:80, loss: 0.0795, lr: 4.476063948531561e-05
2026-01-19 17:24:21 - Finish one epoch train: epoch 89, loss: 0.0769, time(s): 22.62
2026-01-19 17:24:22 - idx 0 case patient050_frame01 mean_dice 0.891639 mean_hd95 4.881087
2026-01-19 17:24:23 - idx 1 case patient050_frame12 mean_dice 0.813127 mean_hd95 9.076782
2026-01-19 17:24:23 - idx 2 case patient037_frame01 mean_dice 0.852927 mean_hd95 6.530494
2026-01-19 17:24:24 - idx 3 case patient037_frame12 mean_dice 0.664728 mean_hd95 7.840419
2026-01-19 17:24:26 - idx 4 case patient095_frame01 mean_dice 0.937582 mean_hd95 1.000000
2026-01-19 17:24:27 - idx 5 case patient095_frame12 mean_dice 0.854177 mean_hd95 1.858830
2026-01-19 17:24:28 - idx 6 case patient047_frame01 mean_dice 0.928122 mean_hd95 1.000000
2026-01-19 17:24:29 - idx 7 case patient047_frame09 mean_dice 0.868485 mean_hd95 1.666667
2026-01-19 17:24:30 - idx 8 case patient044_frame01 mean_dice 0.928630 mean_hd95 1.000000
2026-01-19 17:24:31 - idx 9 case patient044_frame11 mean_dice 0.885507 mean_hd95 1.138071
2026-01-19 17:24:32 - idx 10 case patient064_frame01 mean_dice 0.956232 mean_hd95 1.000000
2026-01-19 17:24:33 - idx 11 case patient064_frame12 mean_dice 0.934751 mean_hd95 1.000000
2026-01-19 17:24:34 - idx 12 case patient017_frame01 mean_dice 0.914291 mean_hd95 1.000000
2026-01-19 17:24:35 - idx 13 case patient017_frame09 mean_dice 0.939945 mean_hd95 1.000000
2026-01-19 17:24:36 - idx 14 case patient039_frame01 mean_dice 0.939289 mean_hd95 1.000000
2026-01-19 17:24:36 - idx 15 case patient039_frame10 mean_dice 0.833659 mean_hd95 1.333333
2026-01-19 17:24:37 - idx 16 case patient041_frame01 mean_dice 0.919136 mean_hd95 1.000000
2026-01-19 17:24:37 - idx 17 case patient041_frame11 mean_dice 0.864340 mean_hd95 1.333333
2026-01-19 17:24:39 - idx 18 case patient067_frame01 mean_dice 0.923821 mean_hd95 1.000000
2026-01-19 17:24:40 - idx 19 case patient067_frame10 mean_dice 0.921706 mean_hd95 1.000000
2026-01-19 17:24:40 - Mean class 1 mean_dice 0.870484 mean_hd95 3.051794
2026-01-19 17:24:40 - Mean class 2 mean_dice 0.880061 mean_hd95 1.222010
2026-01-19 17:24:40 - Mean class 3 mean_dice 0.915269 mean_hd95 2.725049
2026-01-19 17:24:40 - val epoch: 89, mean_dice: 0.8886046044254057, mean_hd95: 2.3329508518431314, time(s): 19.14
2026-01-19 17:24:40 - train: epoch 90, iter:0, loss: 0.0684, lr: 3.9264019367658426e-05
2026-01-19 17:24:43 - train: epoch 90, iter:10, loss: 0.0672, lr: 3.9264019367658426e-05
2026-01-19 17:24:46 - train: epoch 90, iter:20, loss: 0.0832, lr: 3.9264019367658426e-05
2026-01-19 17:24:49 - train: epoch 90, iter:30, loss: 0.0780, lr: 3.9264019367658426e-05
2026-01-19 17:24:52 - train: epoch 90, iter:40, loss: 0.0758, lr: 3.9264019367658426e-05
2026-01-19 17:24:54 - train: epoch 90, iter:50, loss: 0.0641, lr: 3.9264019367658426e-05
2026-01-19 17:24:57 - train: epoch 90, iter:60, loss: 0.0904, lr: 3.9264019367658426e-05
2026-01-19 17:25:00 - train: epoch 90, iter:70, loss: 0.0841, lr: 3.9264019367658426e-05
2026-01-19 17:25:03 - train: epoch 90, iter:80, loss: 0.0786, lr: 3.9264019367658426e-05
2026-01-19 17:25:03 - Finish one epoch train: epoch 90, loss: 0.0763, time(s): 22.80
2026-01-19 17:25:04 - idx 0 case patient050_frame01 mean_dice 0.884040 mean_hd95 6.333883
2026-01-19 17:25:05 - idx 1 case patient050_frame12 mean_dice 0.815167 mean_hd95 7.550666
2026-01-19 17:25:06 - idx 2 case patient037_frame01 mean_dice 0.855506 mean_hd95 6.559730
2026-01-19 17:25:07 - idx 3 case patient037_frame12 mean_dice 0.661159 mean_hd95 7.632773
2026-01-19 17:25:08 - idx 4 case patient095_frame01 mean_dice 0.937449 mean_hd95 1.000000
2026-01-19 17:25:10 - idx 5 case patient095_frame12 mean_dice 0.841052 mean_hd95 1.858830
2026-01-19 17:25:11 - idx 6 case patient047_frame01 mean_dice 0.925771 mean_hd95 1.000000
2026-01-19 17:25:12 - idx 7 case patient047_frame09 mean_dice 0.870313 mean_hd95 1.666667
2026-01-19 17:25:13 - idx 8 case patient044_frame01 mean_dice 0.927747 mean_hd95 1.000000
2026-01-19 17:25:14 - idx 9 case patient044_frame11 mean_dice 0.881312 mean_hd95 1.138071
2026-01-19 17:25:15 - idx 10 case patient064_frame01 mean_dice 0.955876 mean_hd95 1.000000
2026-01-19 17:25:16 - idx 11 case patient064_frame12 mean_dice 0.935157 mean_hd95 1.000000
2026-01-19 17:25:17 - idx 12 case patient017_frame01 mean_dice 0.914012 mean_hd95 1.000000
2026-01-19 17:25:18 - idx 13 case patient017_frame09 mean_dice 0.939963 mean_hd95 1.000000
2026-01-19 17:25:19 - idx 14 case patient039_frame01 mean_dice 0.941965 mean_hd95 1.000000
2026-01-19 17:25:20 - idx 15 case patient039_frame10 mean_dice 0.840873 mean_hd95 1.333333
2026-01-19 17:25:21 - idx 16 case patient041_frame01 mean_dice 0.917508 mean_hd95 1.000000
2026-01-19 17:25:21 - idx 17 case patient041_frame11 mean_dice 0.868309 mean_hd95 1.333333
2026-01-19 17:25:22 - idx 18 case patient067_frame01 mean_dice 0.923453 mean_hd95 1.000000
2026-01-19 17:25:23 - idx 19 case patient067_frame10 mean_dice 0.921500 mean_hd95 1.000000
2026-01-19 17:25:23 - Mean class 1 mean_dice 0.866596 mean_hd95 3.052430
2026-01-19 17:25:23 - Mean class 2 mean_dice 0.880152 mean_hd95 1.179788
2026-01-19 17:25:23 - Mean class 3 mean_dice 0.916972 mean_hd95 2.728875
2026-01-19 17:25:23 - val epoch: 90, mean_dice: 0.8879065207282896, mean_hd95: 2.3203643187633287, time(s): 20.40
2026-01-19 17:25:24 - train: epoch 91, iter:0, loss: 0.0719, lr: 3.4227024433899026e-05
2026-01-19 17:25:27 - train: epoch 91, iter:10, loss: 0.0692, lr: 3.4227024433899026e-05
2026-01-19 17:25:30 - train: epoch 91, iter:20, loss: 0.0687, lr: 3.4227024433899026e-05
2026-01-19 17:25:33 - train: epoch 91, iter:30, loss: 0.0867, lr: 3.4227024433899026e-05
2026-01-19 17:25:36 - train: epoch 91, iter:40, loss: 0.0861, lr: 3.4227024433899026e-05
2026-01-19 17:25:38 - train: epoch 91, iter:50, loss: 0.0850, lr: 3.4227024433899026e-05
2026-01-19 17:25:41 - train: epoch 91, iter:60, loss: 0.0660, lr: 3.4227024433899026e-05
2026-01-19 17:25:44 - train: epoch 91, iter:70, loss: 0.0740, lr: 3.4227024433899026e-05
2026-01-19 17:25:47 - train: epoch 91, iter:80, loss: 0.0841, lr: 3.4227024433899026e-05
2026-01-19 17:25:47 - Finish one epoch train: epoch 91, loss: 0.0761, time(s): 23.02
2026-01-19 17:25:48 - idx 0 case patient050_frame01 mean_dice 0.885659 mean_hd95 6.128176
2026-01-19 17:25:49 - idx 1 case patient050_frame12 mean_dice 0.812423 mean_hd95 8.108203
2026-01-19 17:25:50 - idx 2 case patient037_frame01 mean_dice 0.854936 mean_hd95 6.544882
2026-01-19 17:25:51 - idx 3 case patient037_frame12 mean_dice 0.655486 mean_hd95 7.739665
2026-01-19 17:25:52 - idx 4 case patient095_frame01 mean_dice 0.937583 mean_hd95 1.000000
2026-01-19 17:25:54 - idx 5 case patient095_frame12 mean_dice 0.847442 mean_hd95 1.858830
2026-01-19 17:25:55 - idx 6 case patient047_frame01 mean_dice 0.926665 mean_hd95 1.000000
2026-01-19 17:25:56 - idx 7 case patient047_frame09 mean_dice 0.875796 mean_hd95 1.483163
2026-01-19 17:25:56 - idx 8 case patient044_frame01 mean_dice 0.927650 mean_hd95 1.000000
2026-01-19 17:25:57 - idx 9 case patient044_frame11 mean_dice 0.883923 mean_hd95 1.138071
2026-01-19 17:25:59 - idx 10 case patient064_frame01 mean_dice 0.955744 mean_hd95 1.000000
2026-01-19 17:26:00 - idx 11 case patient064_frame12 mean_dice 0.933909 mean_hd95 1.000000
2026-01-19 17:26:00 - idx 12 case patient017_frame01 mean_dice 0.911710 mean_hd95 1.000000
2026-01-19 17:26:01 - idx 13 case patient017_frame09 mean_dice 0.939331 mean_hd95 1.000000
2026-01-19 17:26:02 - idx 14 case patient039_frame01 mean_dice 0.939490 mean_hd95 1.000000
2026-01-19 17:26:03 - idx 15 case patient039_frame10 mean_dice 0.835777 mean_hd95 1.244017
2026-01-19 17:26:04 - idx 16 case patient041_frame01 mean_dice 0.914084 mean_hd95 1.000000
2026-01-19 17:26:04 - idx 17 case patient041_frame11 mean_dice 0.868789 mean_hd95 1.333333
2026-01-19 17:26:05 - idx 18 case patient067_frame01 mean_dice 0.921961 mean_hd95 1.000000
2026-01-19 17:26:07 - idx 19 case patient067_frame10 mean_dice 0.921517 mean_hd95 1.000000
2026-01-19 17:26:07 - Mean class 1 mean_dice 0.866862 mean_hd95 3.085793
2026-01-19 17:26:07 - Mean class 2 mean_dice 0.879436 mean_hd95 1.186870
2026-01-19 17:26:07 - Mean class 3 mean_dice 0.916183 mean_hd95 2.714089
2026-01-19 17:26:07 - val epoch: 91, mean_dice: 0.8874938749645954, mean_hd95: 2.328917031456223, time(s): 19.79
2026-01-19 17:26:07 - train: epoch 92, iter:0, loss: 0.0771, lr: 2.9654625589913258e-05
2026-01-19 17:26:10 - train: epoch 92, iter:10, loss: 0.0890, lr: 2.9654625589913258e-05
2026-01-19 17:26:13 - train: epoch 92, iter:20, loss: 0.0772, lr: 2.9654625589913258e-05
2026-01-19 17:26:16 - train: epoch 92, iter:30, loss: 0.0796, lr: 2.9654625589913258e-05
2026-01-19 17:26:19 - train: epoch 92, iter:40, loss: 0.0784, lr: 2.9654625589913258e-05
2026-01-19 17:26:22 - train: epoch 92, iter:50, loss: 0.0756, lr: 2.9654625589913258e-05
2026-01-19 17:26:24 - train: epoch 92, iter:60, loss: 0.0708, lr: 2.9654625589913258e-05
2026-01-19 17:26:27 - train: epoch 92, iter:70, loss: 0.0823, lr: 2.9654625589913258e-05
2026-01-19 17:26:30 - train: epoch 92, iter:80, loss: 0.0748, lr: 2.9654625589913258e-05
2026-01-19 17:26:30 - Finish one epoch train: epoch 92, loss: 0.0760, time(s): 23.06
2026-01-19 17:26:31 - idx 0 case patient050_frame01 mean_dice 0.885960 mean_hd95 6.537998
2026-01-19 17:26:32 - idx 1 case patient050_frame12 mean_dice 0.811393 mean_hd95 8.127329
2026-01-19 17:26:33 - idx 2 case patient037_frame01 mean_dice 0.852289 mean_hd95 6.530991
2026-01-19 17:26:34 - idx 3 case patient037_frame12 mean_dice 0.658724 mean_hd95 7.635566
2026-01-19 17:26:35 - idx 4 case patient095_frame01 mean_dice 0.937064 mean_hd95 1.000000
2026-01-19 17:26:37 - idx 5 case patient095_frame12 mean_dice 0.851119 mean_hd95 1.858830
2026-01-19 17:26:38 - idx 6 case patient047_frame01 mean_dice 0.927592 mean_hd95 1.000000
2026-01-19 17:26:39 - idx 7 case patient047_frame09 mean_dice 0.872847 mean_hd95 1.666667
2026-01-19 17:26:40 - idx 8 case patient044_frame01 mean_dice 0.928746 mean_hd95 1.000000
2026-01-19 17:26:41 - idx 9 case patient044_frame11 mean_dice 0.886456 mean_hd95 1.138071
2026-01-19 17:26:42 - idx 10 case patient064_frame01 mean_dice 0.955949 mean_hd95 1.000000
2026-01-19 17:26:43 - idx 11 case patient064_frame12 mean_dice 0.933426 mean_hd95 1.000000
2026-01-19 17:26:44 - idx 12 case patient017_frame01 mean_dice 0.910386 mean_hd95 1.138071
2026-01-19 17:26:45 - idx 13 case patient017_frame09 mean_dice 0.939060 mean_hd95 1.000000
2026-01-19 17:26:45 - idx 14 case patient039_frame01 mean_dice 0.938377 mean_hd95 1.000000
2026-01-19 17:26:46 - idx 15 case patient039_frame10 mean_dice 0.836210 mean_hd95 1.324402
2026-01-19 17:26:47 - idx 16 case patient041_frame01 mean_dice 0.914409 mean_hd95 1.000000
2026-01-19 17:26:47 - idx 17 case patient041_frame11 mean_dice 0.868146 mean_hd95 1.333333
2026-01-19 17:26:48 - idx 18 case patient067_frame01 mean_dice 0.920496 mean_hd95 1.000000
2026-01-19 17:26:50 - idx 19 case patient067_frame10 mean_dice 0.921805 mean_hd95 1.000000
2026-01-19 17:26:50 - Mean class 1 mean_dice 0.869690 mean_hd95 3.169547
2026-01-19 17:26:50 - Mean class 2 mean_dice 0.877435 mean_hd95 1.200498
2026-01-19 17:26:50 - Mean class 3 mean_dice 0.915444 mean_hd95 2.723644
2026-01-19 17:26:50 - val epoch: 92, mean_dice: 0.8875228034308726, mean_hd95: 2.3645629095951324, time(s): 19.36
2026-01-19 17:26:50 - train: epoch 93, iter:0, loss: 0.0702, lr: 2.5551335241327692e-05
2026-01-19 17:26:53 - train: epoch 93, iter:10, loss: 0.0819, lr: 2.5551335241327692e-05
2026-01-19 17:26:56 - train: epoch 93, iter:20, loss: 0.0744, lr: 2.5551335241327692e-05
2026-01-19 17:26:59 - train: epoch 93, iter:30, loss: 0.0712, lr: 2.5551335241327692e-05
2026-01-19 17:27:01 - train: epoch 93, iter:40, loss: 0.0759, lr: 2.5551335241327692e-05
2026-01-19 17:27:04 - train: epoch 93, iter:50, loss: 0.0741, lr: 2.5551335241327692e-05
2026-01-19 17:27:07 - train: epoch 93, iter:60, loss: 0.0743, lr: 2.5551335241327692e-05
2026-01-19 17:27:10 - train: epoch 93, iter:70, loss: 0.0749, lr: 2.5551335241327692e-05
2026-01-19 17:27:13 - train: epoch 93, iter:80, loss: 0.0758, lr: 2.5551335241327692e-05
2026-01-19 17:27:13 - Finish one epoch train: epoch 93, loss: 0.0762, time(s): 22.78
2026-01-19 17:27:14 - idx 0 case patient050_frame01 mean_dice 0.883241 mean_hd95 6.660062
2026-01-19 17:27:15 - idx 1 case patient050_frame12 mean_dice 0.801676 mean_hd95 9.148453
2026-01-19 17:27:16 - idx 2 case patient037_frame01 mean_dice 0.854890 mean_hd95 6.530494
2026-01-19 17:27:16 - idx 3 case patient037_frame12 mean_dice 0.657828 mean_hd95 7.582746
2026-01-19 17:27:18 - idx 4 case patient095_frame01 mean_dice 0.936700 mean_hd95 1.000000
2026-01-19 17:27:19 - idx 5 case patient095_frame12 mean_dice 0.843639 mean_hd95 1.838120
2026-01-19 17:27:20 - idx 6 case patient047_frame01 mean_dice 0.927174 mean_hd95 1.000000
2026-01-19 17:27:21 - idx 7 case patient047_frame09 mean_dice 0.875465 mean_hd95 1.666667
2026-01-19 17:27:22 - idx 8 case patient044_frame01 mean_dice 0.927760 mean_hd95 1.000000
2026-01-19 17:27:23 - idx 9 case patient044_frame11 mean_dice 0.885909 mean_hd95 1.138071
2026-01-19 17:27:24 - idx 10 case patient064_frame01 mean_dice 0.955779 mean_hd95 1.000000
2026-01-19 17:27:25 - idx 11 case patient064_frame12 mean_dice 0.932724 mean_hd95 1.000000
2026-01-19 17:27:26 - idx 12 case patient017_frame01 mean_dice 0.912708 mean_hd95 1.000000
2026-01-19 17:27:27 - idx 13 case patient017_frame09 mean_dice 0.939980 mean_hd95 1.000000
2026-01-19 17:27:28 - idx 14 case patient039_frame01 mean_dice 0.938241 mean_hd95 1.000000
2026-01-19 17:27:29 - idx 15 case patient039_frame10 mean_dice 0.835326 mean_hd95 1.244017
2026-01-19 17:27:30 - idx 16 case patient041_frame01 mean_dice 0.916481 mean_hd95 1.000000
2026-01-19 17:27:30 - idx 17 case patient041_frame11 mean_dice 0.868639 mean_hd95 1.333333
2026-01-19 17:27:32 - idx 18 case patient067_frame01 mean_dice 0.921509 mean_hd95 1.000000
2026-01-19 17:27:33 - idx 19 case patient067_frame10 mean_dice 0.921544 mean_hd95 1.000000
2026-01-19 17:27:33 - Mean class 1 mean_dice 0.866262 mean_hd95 3.335341
2026-01-19 17:27:33 - Mean class 2 mean_dice 0.878974 mean_hd95 1.185472
2026-01-19 17:27:33 - Mean class 3 mean_dice 0.915346 mean_hd95 2.700482
2026-01-19 17:27:33 - val epoch: 93, mean_dice: 0.8868606450163316, mean_hd95: 2.407098144519052, time(s): 19.97
2026-01-19 17:27:34 - train: epoch 94, iter:0, loss: 0.0707, lr: 2.192120284032009e-05
2026-01-19 17:27:36 - train: epoch 94, iter:10, loss: 0.0814, lr: 2.192120284032009e-05
2026-01-19 17:27:39 - train: epoch 94, iter:20, loss: 0.0683, lr: 2.192120284032009e-05
2026-01-19 17:27:42 - train: epoch 94, iter:30, loss: 0.0749, lr: 2.192120284032009e-05
2026-01-19 17:27:45 - train: epoch 94, iter:40, loss: 0.0786, lr: 2.192120284032009e-05
2026-01-19 17:27:48 - train: epoch 94, iter:50, loss: 0.0730, lr: 2.192120284032009e-05
2026-01-19 17:27:50 - train: epoch 94, iter:60, loss: 0.0817, lr: 2.192120284032009e-05
2026-01-19 17:27:53 - train: epoch 94, iter:70, loss: 0.0648, lr: 2.192120284032009e-05
2026-01-19 17:27:56 - train: epoch 94, iter:80, loss: 0.0787, lr: 2.192120284032009e-05
2026-01-19 17:27:56 - Finish one epoch train: epoch 94, loss: 0.0754, time(s): 22.82
2026-01-19 17:27:57 - idx 0 case patient050_frame01 mean_dice 0.884476 mean_hd95 6.585676
2026-01-19 17:27:58 - idx 1 case patient050_frame12 mean_dice 0.808273 mean_hd95 8.841742
2026-01-19 17:27:59 - idx 2 case patient037_frame01 mean_dice 0.855222 mean_hd95 6.530494
2026-01-19 17:28:00 - idx 3 case patient037_frame12 mean_dice 0.658668 mean_hd95 7.631377
2026-01-19 17:28:01 - idx 4 case patient095_frame01 mean_dice 0.936279 mean_hd95 1.000000
2026-01-19 17:28:03 - idx 5 case patient095_frame12 mean_dice 0.841223 mean_hd95 1.858830
2026-01-19 17:28:04 - idx 6 case patient047_frame01 mean_dice 0.927249 mean_hd95 1.000000
2026-01-19 17:28:04 - idx 7 case patient047_frame09 mean_dice 0.871948 mean_hd95 1.666667
2026-01-19 17:28:05 - idx 8 case patient044_frame01 mean_dice 0.927511 mean_hd95 1.000000
2026-01-19 17:28:06 - idx 9 case patient044_frame11 mean_dice 0.885618 mean_hd95 1.138071
2026-01-19 17:28:07 - idx 10 case patient064_frame01 mean_dice 0.955630 mean_hd95 1.000000
2026-01-19 17:28:08 - idx 11 case patient064_frame12 mean_dice 0.933972 mean_hd95 1.000000
2026-01-19 17:28:09 - idx 12 case patient017_frame01 mean_dice 0.911885 mean_hd95 1.000000
2026-01-19 17:28:10 - idx 13 case patient017_frame09 mean_dice 0.939700 mean_hd95 1.000000
2026-01-19 17:28:11 - idx 14 case patient039_frame01 mean_dice 0.938619 mean_hd95 1.000000
2026-01-19 17:28:12 - idx 15 case patient039_frame10 mean_dice 0.835822 mean_hd95 1.244017
2026-01-19 17:28:12 - idx 16 case patient041_frame01 mean_dice 0.916881 mean_hd95 1.000000
2026-01-19 17:28:13 - idx 17 case patient041_frame11 mean_dice 0.868537 mean_hd95 1.333333
2026-01-19 17:28:14 - idx 18 case patient067_frame01 mean_dice 0.921577 mean_hd95 1.000000
2026-01-19 17:28:15 - idx 19 case patient067_frame10 mean_dice 0.921365 mean_hd95 1.000000
2026-01-19 17:28:15 - Mean class 1 mean_dice 0.865830 mean_hd95 3.283860
2026-01-19 17:28:15 - Mean class 2 mean_dice 0.878759 mean_hd95 1.179788
2026-01-19 17:28:15 - Mean class 3 mean_dice 0.916479 mean_hd95 2.710883
2026-01-19 17:28:15 - val epoch: 94, mean_dice: 0.8870227356971142, mean_hd95: 2.3915103517436753, time(s): 19.16
2026-01-19 17:28:16 - train: epoch 95, iter:0, loss: 0.0721, lr: 1.8767810889299096e-05
2026-01-19 17:28:19 - train: epoch 95, iter:10, loss: 0.0804, lr: 1.8767810889299096e-05
2026-01-19 17:28:21 - train: epoch 95, iter:20, loss: 0.0691, lr: 1.8767810889299096e-05
2026-01-19 17:28:24 - train: epoch 95, iter:30, loss: 0.0751, lr: 1.8767810889299096e-05
2026-01-19 17:28:27 - train: epoch 95, iter:40, loss: 0.0772, lr: 1.8767810889299096e-05
2026-01-19 17:28:30 - train: epoch 95, iter:50, loss: 0.0800, lr: 1.8767810889299096e-05
2026-01-19 17:28:32 - train: epoch 95, iter:60, loss: 0.0762, lr: 1.8767810889299096e-05
2026-01-19 17:28:35 - train: epoch 95, iter:70, loss: 0.0638, lr: 1.8767810889299096e-05
2026-01-19 17:28:38 - train: epoch 95, iter:80, loss: 0.0785, lr: 1.8767810889299096e-05
2026-01-19 17:28:38 - Finish one epoch train: epoch 95, loss: 0.0758, time(s): 22.39
2026-01-19 17:28:39 - idx 0 case patient050_frame01 mean_dice 0.884161 mean_hd95 6.747823
2026-01-19 17:28:40 - idx 1 case patient050_frame12 mean_dice 0.807931 mean_hd95 9.005845
2026-01-19 17:28:41 - idx 2 case patient037_frame01 mean_dice 0.851778 mean_hd95 6.493042
2026-01-19 17:28:42 - idx 3 case patient037_frame12 mean_dice 0.658065 mean_hd95 7.391725
2026-01-19 17:28:43 - idx 4 case patient095_frame01 mean_dice 0.935907 mean_hd95 1.000000
2026-01-19 17:28:44 - idx 5 case patient095_frame12 mean_dice 0.844940 mean_hd95 1.720759
2026-01-19 17:28:45 - idx 6 case patient047_frame01 mean_dice 0.926821 mean_hd95 1.000000
2026-01-19 17:28:46 - idx 7 case patient047_frame09 mean_dice 0.873250 mean_hd95 1.666667
2026-01-19 17:28:47 - idx 8 case patient044_frame01 mean_dice 0.927408 mean_hd95 1.000000
2026-01-19 17:28:48 - idx 9 case patient044_frame11 mean_dice 0.887568 mean_hd95 1.138071
2026-01-19 17:28:49 - idx 10 case patient064_frame01 mean_dice 0.956053 mean_hd95 1.000000
2026-01-19 17:28:50 - idx 11 case patient064_frame12 mean_dice 0.932141 mean_hd95 1.000000
2026-01-19 17:28:51 - idx 12 case patient017_frame01 mean_dice 0.909366 mean_hd95 1.000000
2026-01-19 17:28:52 - idx 13 case patient017_frame09 mean_dice 0.938169 mean_hd95 1.000000
2026-01-19 17:28:53 - idx 14 case patient039_frame01 mean_dice 0.935938 mean_hd95 1.000000
2026-01-19 17:28:54 - idx 15 case patient039_frame10 mean_dice 0.832224 mean_hd95 1.333333
2026-01-19 17:28:54 - idx 16 case patient041_frame01 mean_dice 0.914910 mean_hd95 1.000000
2026-01-19 17:28:55 - idx 17 case patient041_frame11 mean_dice 0.870895 mean_hd95 1.333333
2026-01-19 17:28:56 - idx 18 case patient067_frame01 mean_dice 0.919503 mean_hd95 1.000000
2026-01-19 17:28:57 - idx 19 case patient067_frame10 mean_dice 0.921848 mean_hd95 1.000000
2026-01-19 17:28:57 - Mean class 1 mean_dice 0.867855 mean_hd95 3.305272
2026-01-19 17:28:57 - Mean class 2 mean_dice 0.877037 mean_hd95 1.179788
2026-01-19 17:28:57 - Mean class 3 mean_dice 0.914439 mean_hd95 2.689530
2026-01-19 17:28:57 - val epoch: 95, mean_dice: 0.8864437165314166, mean_hd95: 2.391529960865793, time(s): 19.05
2026-01-19 17:28:58 - train: epoch 96, iter:0, loss: 0.0699, lr: 1.609427140540687e-05
2026-01-19 17:29:01 - train: epoch 96, iter:10, loss: 0.0724, lr: 1.609427140540687e-05
2026-01-19 17:29:03 - train: epoch 96, iter:20, loss: 0.0793, lr: 1.609427140540687e-05
2026-01-19 17:29:06 - train: epoch 96, iter:30, loss: 0.0799, lr: 1.609427140540687e-05
2026-01-19 17:29:09 - train: epoch 96, iter:40, loss: 0.0643, lr: 1.609427140540687e-05
2026-01-19 17:29:12 - train: epoch 96, iter:50, loss: 0.0877, lr: 1.609427140540687e-05
2026-01-19 17:29:15 - train: epoch 96, iter:60, loss: 0.0776, lr: 1.609427140540687e-05
2026-01-19 17:29:17 - train: epoch 96, iter:70, loss: 0.0785, lr: 1.609427140540687e-05
2026-01-19 17:29:20 - train: epoch 96, iter:80, loss: 0.0689, lr: 1.609427140540687e-05
2026-01-19 17:29:20 - Finish one epoch train: epoch 96, loss: 0.0757, time(s): 22.55
2026-01-19 17:29:21 - idx 0 case patient050_frame01 mean_dice 0.884483 mean_hd95 6.567512
2026-01-19 17:29:22 - idx 1 case patient050_frame12 mean_dice 0.809912 mean_hd95 9.174950
2026-01-19 17:29:23 - idx 2 case patient037_frame01 mean_dice 0.852676 mean_hd95 6.532977
2026-01-19 17:29:24 - idx 3 case patient037_frame12 mean_dice 0.659211 mean_hd95 7.632308
2026-01-19 17:29:25 - idx 4 case patient095_frame01 mean_dice 0.936534 mean_hd95 1.000000
2026-01-19 17:29:26 - idx 5 case patient095_frame12 mean_dice 0.846617 mean_hd95 1.858830
2026-01-19 17:29:27 - idx 6 case patient047_frame01 mean_dice 0.925544 mean_hd95 1.000000
2026-01-19 17:29:28 - idx 7 case patient047_frame09 mean_dice 0.874411 mean_hd95 1.666667
2026-01-19 17:29:30 - idx 8 case patient044_frame01 mean_dice 0.927577 mean_hd95 1.000000
2026-01-19 17:29:30 - idx 9 case patient044_frame11 mean_dice 0.885798 mean_hd95 1.138071
2026-01-19 17:29:32 - idx 10 case patient064_frame01 mean_dice 0.955595 mean_hd95 1.000000
2026-01-19 17:29:33 - idx 11 case patient064_frame12 mean_dice 0.933298 mean_hd95 1.000000
2026-01-19 17:29:33 - idx 12 case patient017_frame01 mean_dice 0.910865 mean_hd95 1.000000
2026-01-19 17:29:34 - idx 13 case patient017_frame09 mean_dice 0.939027 mean_hd95 1.000000
2026-01-19 17:29:35 - idx 14 case patient039_frame01 mean_dice 0.937414 mean_hd95 1.000000
2026-01-19 17:29:36 - idx 15 case patient039_frame10 mean_dice 0.833303 mean_hd95 1.244017
2026-01-19 17:29:37 - idx 16 case patient041_frame01 mean_dice 0.916965 mean_hd95 1.000000
2026-01-19 17:29:37 - idx 17 case patient041_frame11 mean_dice 0.869582 mean_hd95 1.333333
2026-01-19 17:29:38 - idx 18 case patient067_frame01 mean_dice 0.920472 mean_hd95 1.000000
2026-01-19 17:29:39 - idx 19 case patient067_frame10 mean_dice 0.920992 mean_hd95 1.000000
2026-01-19 17:29:39 - Mean class 1 mean_dice 0.865812 mean_hd95 3.331117
2026-01-19 17:29:39 - Mean class 2 mean_dice 0.878951 mean_hd95 1.179788
2026-01-19 17:29:39 - Mean class 3 mean_dice 0.916278 mean_hd95 2.711395
2026-01-19 17:29:39 - val epoch: 96, mean_dice: 0.8870138318950334, mean_hd95: 2.407433258877562, time(s): 19.35
2026-01-19 17:29:40 - train: epoch 97, iter:0, loss: 0.0749, lr: 1.3903222849333514e-05
2026-01-19 17:29:43 - train: epoch 97, iter:10, loss: 0.0915, lr: 1.3903222849333514e-05
2026-01-19 17:29:46 - train: epoch 97, iter:20, loss: 0.0680, lr: 1.3903222849333514e-05
2026-01-19 17:29:49 - train: epoch 97, iter:30, loss: 0.0851, lr: 1.3903222849333514e-05
2026-01-19 17:29:51 - train: epoch 97, iter:40, loss: 0.0934, lr: 1.3903222849333514e-05
2026-01-19 17:29:54 - train: epoch 97, iter:50, loss: 0.0779, lr: 1.3903222849333514e-05
2026-01-19 17:29:57 - train: epoch 97, iter:60, loss: 0.0834, lr: 1.3903222849333514e-05
2026-01-19 17:30:00 - train: epoch 97, iter:70, loss: 0.0702, lr: 1.3903222849333514e-05
2026-01-19 17:30:02 - train: epoch 97, iter:80, loss: 0.0747, lr: 1.3903222849333514e-05
2026-01-19 17:30:02 - Finish one epoch train: epoch 97, loss: 0.0754, time(s): 22.53
2026-01-19 17:30:04 - idx 0 case patient050_frame01 mean_dice 0.887146 mean_hd95 6.347186
2026-01-19 17:30:05 - idx 1 case patient050_frame12 mean_dice 0.808714 mean_hd95 9.304549
2026-01-19 17:30:05 - idx 2 case patient037_frame01 mean_dice 0.852288 mean_hd95 6.536951
2026-01-19 17:30:06 - idx 3 case patient037_frame12 mean_dice 0.657593 mean_hd95 7.636497
2026-01-19 17:30:07 - idx 4 case patient095_frame01 mean_dice 0.937068 mean_hd95 1.000000
2026-01-19 17:30:09 - idx 5 case patient095_frame12 mean_dice 0.850672 mean_hd95 1.720759
2026-01-19 17:30:10 - idx 6 case patient047_frame01 mean_dice 0.926833 mean_hd95 1.000000
2026-01-19 17:30:11 - idx 7 case patient047_frame09 mean_dice 0.874374 mean_hd95 1.666667
2026-01-19 17:30:12 - idx 8 case patient044_frame01 mean_dice 0.927685 mean_hd95 1.000000
2026-01-19 17:30:13 - idx 9 case patient044_frame11 mean_dice 0.886479 mean_hd95 1.138071
2026-01-19 17:30:14 - idx 10 case patient064_frame01 mean_dice 0.956460 mean_hd95 1.000000
2026-01-19 17:30:15 - idx 11 case patient064_frame12 mean_dice 0.933261 mean_hd95 1.000000
2026-01-19 17:30:16 - idx 12 case patient017_frame01 mean_dice 0.912045 mean_hd95 1.000000
2026-01-19 17:30:17 - idx 13 case patient017_frame09 mean_dice 0.939360 mean_hd95 1.000000
2026-01-19 17:30:17 - idx 14 case patient039_frame01 mean_dice 0.938001 mean_hd95 1.000000
2026-01-19 17:30:18 - idx 15 case patient039_frame10 mean_dice 0.833444 mean_hd95 1.333333
2026-01-19 17:30:19 - idx 16 case patient041_frame01 mean_dice 0.916234 mean_hd95 1.000000
2026-01-19 17:30:19 - idx 17 case patient041_frame11 mean_dice 0.870086 mean_hd95 1.333333
2026-01-19 17:30:20 - idx 18 case patient067_frame01 mean_dice 0.921370 mean_hd95 1.000000
2026-01-19 17:30:22 - idx 19 case patient067_frame10 mean_dice 0.921609 mean_hd95 1.000000
2026-01-19 17:30:22 - Mean class 1 mean_dice 0.867300 mean_hd95 3.317508
2026-01-19 17:30:22 - Mean class 2 mean_dice 0.879655 mean_hd95 1.179788
2026-01-19 17:30:22 - Mean class 3 mean_dice 0.915653 mean_hd95 2.705306
2026-01-19 17:30:22 - val epoch: 97, mean_dice: 0.8875360202758188, mean_hd95: 2.4008672840983265, time(s): 19.11
2026-01-19 17:30:22 - train: epoch 98, iter:0, loss: 0.0732, lr: 1.2196827521475406e-05
2026-01-19 17:30:25 - train: epoch 98, iter:10, loss: 0.0734, lr: 1.2196827521475406e-05
2026-01-19 17:30:28 - train: epoch 98, iter:20, loss: 0.0676, lr: 1.2196827521475406e-05
2026-01-19 17:30:31 - train: epoch 98, iter:30, loss: 0.0882, lr: 1.2196827521475406e-05
2026-01-19 17:30:33 - train: epoch 98, iter:40, loss: 0.0738, lr: 1.2196827521475406e-05
2026-01-19 17:30:36 - train: epoch 98, iter:50, loss: 0.0739, lr: 1.2196827521475406e-05
2026-01-19 17:30:39 - train: epoch 98, iter:60, loss: 0.0776, lr: 1.2196827521475406e-05
2026-01-19 17:30:42 - train: epoch 98, iter:70, loss: 0.0681, lr: 1.2196827521475406e-05
2026-01-19 17:30:45 - train: epoch 98, iter:80, loss: 0.0791, lr: 1.2196827521475406e-05
2026-01-19 17:30:45 - Finish one epoch train: epoch 98, loss: 0.0754, time(s): 22.77
2026-01-19 17:30:46 - idx 0 case patient050_frame01 mean_dice 0.885288 mean_hd95 6.502326
2026-01-19 17:30:47 - idx 1 case patient050_frame12 mean_dice 0.807197 mean_hd95 9.400648
2026-01-19 17:30:48 - idx 2 case patient037_frame01 mean_dice 0.853384 mean_hd95 6.531984
2026-01-19 17:30:49 - idx 3 case patient037_frame12 mean_dice 0.663362 mean_hd95 7.576048
2026-01-19 17:30:50 - idx 4 case patient095_frame01 mean_dice 0.937054 mean_hd95 1.000000
2026-01-19 17:30:51 - idx 5 case patient095_frame12 mean_dice 0.848976 mean_hd95 1.858830
2026-01-19 17:30:53 - idx 6 case patient047_frame01 mean_dice 0.928536 mean_hd95 1.000000
2026-01-19 17:30:53 - idx 7 case patient047_frame09 mean_dice 0.871305 mean_hd95 1.666667
2026-01-19 17:30:54 - idx 8 case patient044_frame01 mean_dice 0.927239 mean_hd95 1.000000
2026-01-19 17:30:56 - idx 9 case patient044_frame11 mean_dice 0.885049 mean_hd95 1.138071
2026-01-19 17:30:57 - idx 10 case patient064_frame01 mean_dice 0.955857 mean_hd95 1.000000
2026-01-19 17:30:58 - idx 11 case patient064_frame12 mean_dice 0.934215 mean_hd95 1.000000
2026-01-19 17:30:59 - idx 12 case patient017_frame01 mean_dice 0.912326 mean_hd95 1.000000
2026-01-19 17:31:00 - idx 13 case patient017_frame09 mean_dice 0.939550 mean_hd95 1.000000
2026-01-19 17:31:01 - idx 14 case patient039_frame01 mean_dice 0.938357 mean_hd95 1.000000
2026-01-19 17:31:01 - idx 15 case patient039_frame10 mean_dice 0.834735 mean_hd95 1.324402
2026-01-19 17:31:02 - idx 16 case patient041_frame01 mean_dice 0.916036 mean_hd95 1.000000
2026-01-19 17:31:03 - idx 17 case patient041_frame11 mean_dice 0.868812 mean_hd95 1.333333
2026-01-19 17:31:04 - idx 18 case patient067_frame01 mean_dice 0.920872 mean_hd95 1.000000
2026-01-19 17:31:05 - idx 19 case patient067_frame10 mean_dice 0.921370 mean_hd95 1.000000
2026-01-19 17:31:05 - Mean class 1 mean_dice 0.867750 mean_hd95 3.346615
2026-01-19 17:31:05 - Mean class 2 mean_dice 0.878218 mean_hd95 1.179788
2026-01-19 17:31:05 - Mean class 3 mean_dice 0.916460 mean_hd95 2.723444
2026-01-19 17:31:05 - val epoch: 98, mean_dice: 0.8874761252509217, mean_hd95: 2.4166154175796954, time(s): 20.13
2026-01-19 17:31:06 - train: epoch 99, iter:0, loss: 0.0728, lr: 1.097676942800558e-05
2026-01-19 17:31:08 - train: epoch 99, iter:10, loss: 0.0792, lr: 1.097676942800558e-05
2026-01-19 17:31:11 - train: epoch 99, iter:20, loss: 0.0724, lr: 1.097676942800558e-05
2026-01-19 17:31:14 - train: epoch 99, iter:30, loss: 0.0712, lr: 1.097676942800558e-05
2026-01-19 17:31:17 - train: epoch 99, iter:40, loss: 0.0778, lr: 1.097676942800558e-05
2026-01-19 17:31:20 - train: epoch 99, iter:50, loss: 0.0861, lr: 1.097676942800558e-05
2026-01-19 17:31:22 - train: epoch 99, iter:60, loss: 0.0757, lr: 1.097676942800558e-05
2026-01-19 17:31:25 - train: epoch 99, iter:70, loss: 0.0818, lr: 1.097676942800558e-05
2026-01-19 17:31:28 - train: epoch 99, iter:80, loss: 0.0676, lr: 1.097676942800558e-05
2026-01-19 17:31:28 - Finish one epoch train: epoch 99, loss: 0.0752, time(s): 22.64
2026-01-19 17:31:29 - idx 0 case patient050_frame01 mean_dice 0.884676 mean_hd95 6.387909
2026-01-19 17:31:30 - idx 1 case patient050_frame12 mean_dice 0.807200 mean_hd95 9.391037
2026-01-19 17:31:31 - idx 2 case patient037_frame01 mean_dice 0.853585 mean_hd95 6.532977
2026-01-19 17:31:32 - idx 3 case patient037_frame12 mean_dice 0.663865 mean_hd95 7.452062
2026-01-19 17:31:33 - idx 4 case patient095_frame01 mean_dice 0.937281 mean_hd95 1.000000
2026-01-19 17:31:34 - idx 5 case patient095_frame12 mean_dice 0.852092 mean_hd95 1.858830
2026-01-19 17:31:35 - idx 6 case patient047_frame01 mean_dice 0.927692 mean_hd95 1.000000
2026-01-19 17:31:36 - idx 7 case patient047_frame09 mean_dice 0.867884 mean_hd95 1.666667
2026-01-19 17:31:37 - idx 8 case patient044_frame01 mean_dice 0.927609 mean_hd95 1.000000
2026-01-19 17:31:38 - idx 9 case patient044_frame11 mean_dice 0.885463 mean_hd95 1.138071
2026-01-19 17:31:39 - idx 10 case patient064_frame01 mean_dice 0.955662 mean_hd95 1.000000
2026-01-19 17:31:40 - idx 11 case patient064_frame12 mean_dice 0.934187 mean_hd95 1.000000
2026-01-19 17:31:41 - idx 12 case patient017_frame01 mean_dice 0.911671 mean_hd95 1.000000
2026-01-19 17:31:42 - idx 13 case patient017_frame09 mean_dice 0.938960 mean_hd95 1.000000
2026-01-19 17:31:43 - idx 14 case patient039_frame01 mean_dice 0.938253 mean_hd95 1.000000
2026-01-19 17:31:44 - idx 15 case patient039_frame10 mean_dice 0.835110 mean_hd95 1.324402
2026-01-19 17:31:44 - idx 16 case patient041_frame01 mean_dice 0.915404 mean_hd95 1.000000
2026-01-19 17:31:45 - idx 17 case patient041_frame11 mean_dice 0.868242 mean_hd95 1.333333
2026-01-19 17:31:46 - idx 18 case patient067_frame01 mean_dice 0.921687 mean_hd95 1.000000
2026-01-19 17:31:47 - idx 19 case patient067_frame10 mean_dice 0.922177 mean_hd95 1.000000
2026-01-19 17:31:47 - Mean class 1 mean_dice 0.866925 mean_hd95 3.309064
2026-01-19 17:31:47 - Mean class 2 mean_dice 0.878895 mean_hd95 1.179788
2026-01-19 17:31:47 - Mean class 3 mean_dice 0.916485 mean_hd95 2.723942
2026-01-19 17:31:47 - val epoch: 99, mean_dice: 0.8874350029402099, mean_hd95: 2.4042644788017538, time(s): 18.86
2026-01-19 17:31:48 - train: epoch 100, iter:0, loss: 0.0721, lr: 1.024425261896286e-05
2026-01-19 17:31:50 - train: epoch 100, iter:10, loss: 0.0876, lr: 1.024425261896286e-05
2026-01-19 17:31:53 - train: epoch 100, iter:20, loss: 0.0749, lr: 1.024425261896286e-05
2026-01-19 17:31:56 - train: epoch 100, iter:30, loss: 0.0697, lr: 1.024425261896286e-05
2026-01-19 17:31:59 - train: epoch 100, iter:40, loss: 0.0707, lr: 1.024425261896286e-05
2026-01-19 17:32:02 - train: epoch 100, iter:50, loss: 0.0806, lr: 1.024425261896286e-05
2026-01-19 17:32:04 - train: epoch 100, iter:60, loss: 0.0797, lr: 1.024425261896286e-05
2026-01-19 17:32:07 - train: epoch 100, iter:70, loss: 0.0676, lr: 1.024425261896286e-05
2026-01-19 17:32:10 - train: epoch 100, iter:80, loss: 0.0733, lr: 1.024425261896286e-05
2026-01-19 17:32:10 - Finish one epoch train: epoch 100, loss: 0.0750, time(s): 22.68
2026-01-19 17:32:11 - idx 0 case patient050_frame01 mean_dice 0.887445 mean_hd95 6.137217
2026-01-19 17:32:12 - idx 1 case patient050_frame12 mean_dice 0.810410 mean_hd95 9.100632
2026-01-19 17:32:13 - idx 2 case patient037_frame01 mean_dice 0.850692 mean_hd95 6.531984
2026-01-19 17:32:14 - idx 3 case patient037_frame12 mean_dice 0.655354 mean_hd95 7.638824
2026-01-19 17:32:15 - idx 4 case patient095_frame01 mean_dice 0.936042 mean_hd95 1.000000
2026-01-19 17:32:16 - idx 5 case patient095_frame12 mean_dice 0.846421 mean_hd95 1.720759
2026-01-19 17:32:17 - idx 6 case patient047_frame01 mean_dice 0.926280 mean_hd95 1.000000
2026-01-19 17:32:18 - idx 7 case patient047_frame09 mean_dice 0.876037 mean_hd95 1.483163
2026-01-19 17:32:19 - idx 8 case patient044_frame01 mean_dice 0.927215 mean_hd95 1.000000
2026-01-19 17:32:20 - idx 9 case patient044_frame11 mean_dice 0.885781 mean_hd95 1.138071
2026-01-19 17:32:21 - idx 10 case patient064_frame01 mean_dice 0.956124 mean_hd95 1.000000
2026-01-19 17:32:22 - idx 11 case patient064_frame12 mean_dice 0.933326 mean_hd95 1.000000
2026-01-19 17:32:23 - idx 12 case patient017_frame01 mean_dice 0.910595 mean_hd95 1.000000
2026-01-19 17:32:24 - idx 13 case patient017_frame09 mean_dice 0.939173 mean_hd95 1.000000
2026-01-19 17:32:25 - idx 14 case patient039_frame01 mean_dice 0.936674 mean_hd95 1.000000
2026-01-19 17:32:26 - idx 15 case patient039_frame10 mean_dice 0.833202 mean_hd95 1.333333
2026-01-19 17:32:26 - idx 16 case patient041_frame01 mean_dice 0.915506 mean_hd95 1.000000
2026-01-19 17:32:27 - idx 17 case patient041_frame11 mean_dice 0.870513 mean_hd95 1.333333
2026-01-19 17:32:28 - idx 18 case patient067_frame01 mean_dice 0.919822 mean_hd95 1.000000
2026-01-19 17:32:29 - idx 19 case patient067_frame10 mean_dice 0.921151 mean_hd95 1.000000
2026-01-19 17:32:29 - Mean class 1 mean_dice 0.866201 mean_hd95 3.227899
2026-01-19 17:32:29 - Mean class 2 mean_dice 0.878798 mean_hd95 1.179788
2026-01-19 17:32:29 - Mean class 3 mean_dice 0.915665 mean_hd95 2.704911
2026-01-19 17:32:29 - val epoch: 100, mean_dice: 0.8868880788092088, mean_hd95: 2.3708659078458223, time(s): 19.10
2026-01-19 17:32:31 - idx 0 case patient072_frame01 mean_dice 0.950650 mean_hd95 1.000000
2026-01-19 17:32:31 - idx 1 case patient072_frame11 mean_dice 0.934306 mean_hd95 1.000000
2026-01-19 17:32:33 - idx 2 case patient081_frame01 mean_dice 0.925363 mean_hd95 1.138071
2026-01-19 17:32:35 - idx 3 case patient081_frame07 mean_dice 0.881419 mean_hd95 1.483163
2026-01-19 17:32:36 - idx 4 case patient019_frame01 mean_dice 0.955632 mean_hd95 1.000000
2026-01-19 17:32:37 - idx 5 case patient019_frame11 mean_dice 0.943677 mean_hd95 1.000000
2026-01-19 17:32:39 - idx 6 case patient027_frame01 mean_dice 0.878276 mean_hd95 1.276142
2026-01-19 17:32:40 - idx 7 case patient027_frame11 mean_dice 0.811524 mean_hd95 2.788582
2026-01-19 17:32:41 - idx 8 case patient056_frame01 mean_dice 0.945041 mean_hd95 1.000000
2026-01-19 17:32:42 - idx 9 case patient056_frame12 mean_dice 0.894324 mean_hd95 1.000000
2026-01-19 17:32:43 - idx 10 case patient052_frame01 mean_dice 0.874197 mean_hd95 1.471405
2026-01-19 17:32:44 - idx 11 case patient052_frame09 mean_dice 0.818709 mean_hd95 1.471405
2026-01-19 17:32:45 - idx 12 case patient028_frame01 mean_dice 0.926759 mean_hd95 1.000000
2026-01-19 17:32:46 - idx 13 case patient028_frame09 mean_dice 0.852244 mean_hd95 1.666667
2026-01-19 17:32:48 - idx 14 case patient099_frame01 mean_dice 0.941673 mean_hd95 1.000000
2026-01-19 17:32:49 - idx 15 case patient099_frame09 mean_dice 0.906359 mean_hd95 1.000000
2026-01-19 17:32:50 - idx 16 case patient007_frame01 mean_dice 0.941223 mean_hd95 1.000000
2026-01-19 17:32:51 - idx 17 case patient007_frame07 mean_dice 0.910521 mean_hd95 1.000000
2026-01-19 17:32:52 - idx 18 case patient076_frame01 mean_dice 0.923685 mean_hd95 1.000000
2026-01-19 17:32:53 - idx 19 case patient076_frame12 mean_dice 0.909506 mean_hd95 1.000000
2026-01-19 17:32:55 - idx 20 case patient084_frame01 mean_dice 0.848646 mean_hd95 2.157379
2026-01-19 17:32:56 - idx 21 case patient084_frame10 mean_dice 0.821816 mean_hd95 1.621234
2026-01-19 17:32:57 - idx 22 case patient008_frame01 mean_dice 0.931265 mean_hd95 1.000000
2026-01-19 17:32:59 - idx 23 case patient008_frame13 mean_dice 0.895575 mean_hd95 1.333333
2026-01-19 17:33:00 - idx 24 case patient085_frame01 mean_dice 0.903636 mean_hd95 1.333333
2026-01-19 17:33:02 - idx 25 case patient085_frame09 mean_dice 0.889990 mean_hd95 2.041035
2026-01-19 17:33:04 - idx 26 case patient021_frame13 mean_dice 0.813446 mean_hd95 1.471405
2026-01-19 17:33:05 - idx 27 case patient021_frame01 mean_dice 0.933014 mean_hd95 1.000000
2026-01-19 17:33:06 - idx 28 case patient054_frame01 mean_dice 0.907971 mean_hd95 1.138071
2026-01-19 17:33:07 - idx 29 case patient054_frame12 mean_dice 0.841584 mean_hd95 2.368210
2026-01-19 17:33:08 - idx 30 case patient026_frame01 mean_dice 0.921099 mean_hd95 1.000000
2026-01-19 17:33:09 - idx 31 case patient026_frame12 mean_dice 0.873089 mean_hd95 1.609476
2026-01-19 17:33:10 - idx 32 case patient059_frame01 mean_dice 0.955993 mean_hd95 1.000000
2026-01-19 17:33:11 - idx 33 case patient059_frame09 mean_dice 0.907368 mean_hd95 1.138071
2026-01-19 17:33:12 - idx 34 case patient073_frame01 mean_dice 0.940424 mean_hd95 1.000000
2026-01-19 17:33:13 - idx 35 case patient073_frame10 mean_dice 0.849370 mean_hd95 1.276142
2026-01-19 17:33:14 - idx 36 case patient029_frame01 mean_dice 0.936565 mean_hd95 1.000000
2026-01-19 17:33:15 - idx 37 case patient029_frame12 mean_dice 0.863421 mean_hd95 1.550094
2026-01-19 17:33:16 - idx 38 case patient068_frame01 mean_dice 0.932212 mean_hd95 1.000000
2026-01-19 17:33:17 - idx 39 case patient068_frame12 mean_dice 0.932020 mean_hd95 1.000000
2026-01-19 17:33:17 - Mean class 1 mean_dice 0.872227 mean_hd95 1.566748
2026-01-19 17:33:17 - Mean class 2 mean_dice 0.893337 mean_hd95 1.072487
2026-01-19 17:33:17 - Mean class 3 mean_dice 0.936205 mean_hd95 1.210756
2026-01-19 17:33:17 - val epoch: 100, mean_dice: 0.9005898321447267, mean_hd95: 1.2833304545986681, time(s): 47.40
