2026-01-19 21:09:30 - #----------Config info----------#
2026-01-19 21:09:30 - network: vmunet,
2026-01-19 21:09:30 - model_config: {'num_classes': 4, 'input_channels': 1, 'depths': [2, 2, 2, 2], 'depths_decoder': [2, 2, 2, 1], 'drop_path_rate': 0.2, 'load_ckpt_path': './pre_trained_weights/vmamba_small_e238_ema.pth'},
2026-01-19 21:09:30 - datasets_name: acdc,
2026-01-19 21:09:30 - input_size_h: 256,
2026-01-19 21:09:30 - input_size_w: 256,
2026-01-19 21:09:30 - data_path: ../Synapse/train_npz/,
2026-01-19 21:09:30 - datasets: <class 'datasets.dataset.Synapse_dataset'>,
2026-01-19 21:09:30 - list_dir: ../Synapse/lists/lists_Synapse/,
2026-01-19 21:09:30 - volume_path: ../Synapse/test_vol_h5/,
2026-01-19 21:09:30 - pretrained_path: ,
2026-01-19 21:09:30 - num_classes: 4,
2026-01-19 21:09:30 - loss_weight: [1, 1],
2026-01-19 21:09:30 - criterion: CeDiceLoss(
  (celoss): CrossEntropyLoss()
  (diceloss): nDiceLoss()
),
2026-01-19 21:09:30 - z_spacing: 1,
2026-01-19 21:09:30 - input_channels: 1,
2026-01-19 21:09:30 - distributed: False,
2026-01-19 21:09:30 - local_rank: -1,
2026-01-19 21:09:30 - num_workers: 0,
2026-01-19 21:09:30 - seed: 42,
2026-01-19 21:09:30 - world_size: None,
2026-01-19 21:09:30 - rank: None,
2026-01-19 21:09:30 - amp: False,
2026-01-19 21:09:30 - batch_size: 16,
2026-01-19 21:09:30 - epochs: 100,
2026-01-19 21:09:30 - work_dir: results/vmunet_acdc_Monday_19_January_2026_21h_09m_30s/,
2026-01-19 21:09:30 - print_interval: 10,
2026-01-19 21:09:30 - val_interval: 1,
2026-01-19 21:09:30 - threshold: 0.5,
2026-01-19 21:09:30 - only_test_and_save_figs: False,
2026-01-19 21:09:30 - best_ckpt_path: results/acdc/checkpoints/best.pth,
2026-01-19 21:09:30 - img_save_path: imagesacdc,
2026-01-19 21:09:30 - opt: AdamW,
2026-01-19 21:09:30 - lr: 0.001,
2026-01-19 21:09:30 - betas: (0.9, 0.999),
2026-01-19 21:09:30 - eps: 1e-08,
2026-01-19 21:09:30 - weight_decay: 0.01,
2026-01-19 21:09:30 - amsgrad: False,
2026-01-19 21:09:30 - sch: CosineAnnealingLR,
2026-01-19 21:09:30 - T_max: 100,
2026-01-19 21:09:30 - eta_min: 1e-05,
2026-01-19 21:09:30 - last_epoch: -1,
2026-01-19 21:09:32 - train: epoch 1, iter:0, loss: 4.7812, lr: 0.001
2026-01-19 21:09:35 - train: epoch 1, iter:10, loss: 2.5847, lr: 0.001
2026-01-19 21:09:38 - train: epoch 1, iter:20, loss: 2.0063, lr: 0.001
2026-01-19 21:09:41 - train: epoch 1, iter:30, loss: 1.7284, lr: 0.001
2026-01-19 21:09:44 - train: epoch 1, iter:40, loss: 1.6262, lr: 0.001
2026-01-19 21:09:47 - train: epoch 1, iter:50, loss: 1.5330, lr: 0.001
2026-01-19 21:09:51 - train: epoch 1, iter:60, loss: 1.3139, lr: 0.001
2026-01-19 21:09:54 - train: epoch 1, iter:70, loss: 1.0083, lr: 0.001
2026-01-19 21:09:57 - train: epoch 1, iter:80, loss: 1.0430, lr: 0.001
2026-01-19 21:09:57 - Finish one epoch train: epoch 1, loss: 1.7932, time(s): 26.66
2026-01-19 21:09:59 - idx 0 case patient050_frame01 mean_dice 0.685960 mean_hd95 43.147993
2026-01-19 21:10:00 - idx 1 case patient050_frame12 mean_dice 0.578725 mean_hd95 51.227784
2026-01-19 21:10:01 - idx 2 case patient037_frame01 mean_dice 0.269541 mean_hd95 54.449446
2026-01-19 21:10:02 - idx 3 case patient037_frame12 mean_dice 0.192113 mean_hd95 60.103557
2026-01-19 21:10:04 - idx 4 case patient095_frame01 mean_dice 0.686524 mean_hd95 19.482100
2026-01-19 21:10:05 - idx 5 case patient095_frame12 mean_dice 0.588110 mean_hd95 30.965537
2026-01-19 21:10:07 - idx 6 case patient047_frame01 mean_dice 0.308499 mean_hd95 59.376497
2026-01-19 21:10:08 - idx 7 case patient047_frame09 mean_dice 0.293357 mean_hd95 62.129906
2026-01-19 21:10:09 - idx 8 case patient044_frame01 mean_dice 0.272348 mean_hd95 41.646872
2026-01-19 21:10:10 - idx 9 case patient044_frame11 mean_dice 0.240856 mean_hd95 43.592014
2026-01-19 21:10:11 - idx 10 case patient064_frame01 mean_dice 0.585141 mean_hd95 41.790549
2026-01-19 21:10:13 - idx 11 case patient064_frame12 mean_dice 0.425642 mean_hd95 61.579603
2026-01-19 21:10:14 - idx 12 case patient017_frame01 mean_dice 0.635586 mean_hd95 21.523656
2026-01-19 21:10:15 - idx 13 case patient017_frame09 mean_dice 0.610978 mean_hd95 27.469037
2026-01-19 21:10:16 - idx 14 case patient039_frame01 mean_dice 0.410873 mean_hd95 94.051272
2026-01-19 21:10:17 - idx 15 case patient039_frame10 mean_dice 0.283333 mean_hd95 104.928022
2026-01-19 21:10:18 - idx 16 case patient041_frame01 mean_dice 0.654604 mean_hd95 27.174792
2026-01-19 21:10:18 - idx 17 case patient041_frame11 mean_dice 0.492882 mean_hd95 31.561016
2026-01-19 21:10:20 - idx 18 case patient067_frame01 mean_dice 0.480451 mean_hd95 21.563794
2026-01-19 21:10:21 - idx 19 case patient067_frame10 mean_dice 0.425521 mean_hd95 51.194073
2026-01-19 21:10:21 - Mean class 1 mean_dice 0.389484 mean_hd95 28.069648
2026-01-19 21:10:21 - Mean class 2 mean_dice 0.516998 mean_hd95 33.796928
2026-01-19 21:10:21 - Mean class 3 mean_dice 0.461675 mean_hd95 80.477051
2026-01-19 21:10:21 - val epoch: 1, mean_dice: 0.4560522059344772, mean_hd95: 47.44787595258709, time(s): 23.44
2026-01-19 21:10:22 - train: epoch 2, iter:0, loss: 0.9991, lr: 0.0009997557473810372
2026-01-19 21:10:25 - train: epoch 2, iter:10, loss: 1.0048, lr: 0.0009997557473810372
2026-01-19 21:10:28 - train: epoch 2, iter:20, loss: 0.7035, lr: 0.0009997557473810372
2026-01-19 21:10:31 - train: epoch 2, iter:30, loss: 0.6113, lr: 0.0009997557473810372
2026-01-19 21:10:34 - train: epoch 2, iter:40, loss: 0.6448, lr: 0.0009997557473810372
2026-01-19 21:10:37 - train: epoch 2, iter:50, loss: 0.5802, lr: 0.0009997557473810372
2026-01-19 21:10:40 - train: epoch 2, iter:60, loss: 0.6853, lr: 0.0009997557473810372
2026-01-19 21:10:43 - train: epoch 2, iter:70, loss: 0.4733, lr: 0.0009997557473810372
2026-01-19 21:10:46 - train: epoch 2, iter:80, loss: 0.5395, lr: 0.0009997557473810372
2026-01-19 21:10:47 - Finish one epoch train: epoch 2, loss: 0.6671, time(s): 25.09
2026-01-19 21:10:48 - idx 0 case patient050_frame01 mean_dice 0.697433 mean_hd95 26.300662
2026-01-19 21:10:49 - idx 1 case patient050_frame12 mean_dice 0.662067 mean_hd95 30.923273
2026-01-19 21:10:50 - idx 2 case patient037_frame01 mean_dice 0.674598 mean_hd95 8.872541
2026-01-19 21:10:51 - idx 3 case patient037_frame12 mean_dice 0.456876 mean_hd95 14.329814
2026-01-19 21:10:52 - idx 4 case patient095_frame01 mean_dice 0.797530 mean_hd95 2.966326
2026-01-19 21:10:54 - idx 5 case patient095_frame12 mean_dice 0.772988 mean_hd95 3.041035
2026-01-19 21:10:55 - idx 6 case patient047_frame01 mean_dice 0.579210 mean_hd95 10.848314
2026-01-19 21:10:56 - idx 7 case patient047_frame09 mean_dice 0.490735 mean_hd95 12.088702
2026-01-19 21:10:57 - idx 8 case patient044_frame01 mean_dice 0.802383 mean_hd95 2.992575
2026-01-19 21:10:59 - idx 9 case patient044_frame11 mean_dice 0.710641 mean_hd95 7.170926
2026-01-19 21:11:00 - idx 10 case patient064_frame01 mean_dice 0.840702 mean_hd95 2.138071
2026-01-19 21:11:01 - idx 11 case patient064_frame12 mean_dice 0.728092 mean_hd95 4.165269
2026-01-19 21:11:02 - idx 12 case patient017_frame01 mean_dice 0.764248 mean_hd95 4.050994
2026-01-19 21:11:03 - idx 13 case patient017_frame09 mean_dice 0.786759 mean_hd95 3.494093
2026-01-19 21:11:04 - idx 14 case patient039_frame01 mean_dice 0.696550 mean_hd95 6.093821
2026-01-19 21:11:05 - idx 15 case patient039_frame10 mean_dice 0.528172 mean_hd95 13.473843
2026-01-19 21:11:06 - idx 16 case patient041_frame01 mean_dice 0.837462 mean_hd95 1.138071
2026-01-19 21:11:07 - idx 17 case patient041_frame11 mean_dice 0.733607 mean_hd95 3.568190
2026-01-19 21:11:08 - idx 18 case patient067_frame01 mean_dice 0.795199 mean_hd95 5.346682
2026-01-19 21:11:09 - idx 19 case patient067_frame10 mean_dice 0.766461 mean_hd95 4.643185
2026-01-19 21:11:09 - Mean class 1 mean_dice 0.620104 mean_hd95 16.520468
2026-01-19 21:11:09 - Mean class 2 mean_dice 0.701777 mean_hd95 4.058192
2026-01-19 21:11:09 - Mean class 3 mean_dice 0.796377 mean_hd95 4.568298
2026-01-19 21:11:09 - val epoch: 2, mean_dice: 0.7060856327309453, mean_hd95: 8.382319428185303, time(s): 22.71
2026-01-19 21:11:10 - train: epoch 3, iter:0, loss: 0.4717, lr: 0.0009990232305719946
2026-01-19 21:11:14 - train: epoch 3, iter:10, loss: 0.4422, lr: 0.0009990232305719946
2026-01-19 21:11:17 - train: epoch 3, iter:20, loss: 0.4627, lr: 0.0009990232305719946
2026-01-19 21:11:20 - train: epoch 3, iter:30, loss: 0.5340, lr: 0.0009990232305719946
2026-01-19 21:11:23 - train: epoch 3, iter:40, loss: 0.4065, lr: 0.0009990232305719946
2026-01-19 21:11:26 - train: epoch 3, iter:50, loss: 0.4191, lr: 0.0009990232305719946
2026-01-19 21:11:29 - train: epoch 3, iter:60, loss: 0.4249, lr: 0.0009990232305719946
2026-01-19 21:11:32 - train: epoch 3, iter:70, loss: 0.3336, lr: 0.0009990232305719946
2026-01-19 21:11:36 - train: epoch 3, iter:80, loss: 0.3772, lr: 0.0009990232305719946
2026-01-19 21:11:36 - Finish one epoch train: epoch 3, loss: 0.4210, time(s): 25.67
2026-01-19 21:11:37 - idx 0 case patient050_frame01 mean_dice 0.809193 mean_hd95 2.564043
2026-01-19 21:11:39 - idx 1 case patient050_frame12 mean_dice 0.727722 mean_hd95 3.326877
2026-01-19 21:11:40 - idx 2 case patient037_frame01 mean_dice 0.708611 mean_hd95 9.447188
2026-01-19 21:11:40 - idx 3 case patient037_frame12 mean_dice 0.558917 mean_hd95 8.663363
2026-01-19 21:11:42 - idx 4 case patient095_frame01 mean_dice 0.867778 mean_hd95 1.910684
2026-01-19 21:11:44 - idx 5 case patient095_frame12 mean_dice 0.817786 mean_hd95 3.054327
2026-01-19 21:11:45 - idx 6 case patient047_frame01 mean_dice 0.754962 mean_hd95 3.027588
2026-01-19 21:11:46 - idx 7 case patient047_frame09 mean_dice 0.623917 mean_hd95 5.678328
2026-01-19 21:11:47 - idx 8 case patient044_frame01 mean_dice 0.790580 mean_hd95 6.651718
2026-01-19 21:11:48 - idx 9 case patient044_frame11 mean_dice 0.674068 mean_hd95 14.198047
2026-01-19 21:11:50 - idx 10 case patient064_frame01 mean_dice 0.882558 mean_hd95 1.666667
2026-01-19 21:11:51 - idx 11 case patient064_frame12 mean_dice 0.767036 mean_hd95 46.075809
2026-01-19 21:11:52 - idx 12 case patient017_frame01 mean_dice 0.788216 mean_hd95 2.763703
2026-01-19 21:11:53 - idx 13 case patient017_frame09 mean_dice 0.829127 mean_hd95 2.707702
2026-01-19 21:11:54 - idx 14 case patient039_frame01 mean_dice 0.868426 mean_hd95 1.688165
2026-01-19 21:11:55 - idx 15 case patient039_frame10 mean_dice 0.678076 mean_hd95 3.660210
2026-01-19 21:11:56 - idx 16 case patient041_frame01 mean_dice 0.837133 mean_hd95 1.333333
2026-01-19 21:11:57 - idx 17 case patient041_frame11 mean_dice 0.692284 mean_hd95 4.149163
2026-01-19 21:11:58 - idx 18 case patient067_frame01 mean_dice 0.804827 mean_hd95 3.976702
2026-01-19 21:11:59 - idx 19 case patient067_frame10 mean_dice 0.814443 mean_hd95 3.000000
2026-01-19 21:11:59 - Mean class 1 mean_dice 0.689283 mean_hd95 4.305343
2026-01-19 21:11:59 - Mean class 2 mean_dice 0.751162 mean_hd95 7.062454
2026-01-19 21:11:59 - Mean class 3 mean_dice 0.853904 mean_hd95 8.063746
2026-01-19 21:11:59 - val epoch: 3, mean_dice: 0.764783095215801, mean_hd95: 6.477180828926936, time(s): 23.41
2026-01-19 21:12:00 - train: epoch 4, iter:0, loss: 0.3198, lr: 0.0009978031724785247
2026-01-19 21:12:03 - train: epoch 4, iter:10, loss: 0.3295, lr: 0.0009978031724785247
2026-01-19 21:12:06 - train: epoch 4, iter:20, loss: 0.3078, lr: 0.0009978031724785247
2026-01-19 21:12:09 - train: epoch 4, iter:30, loss: 0.2536, lr: 0.0009978031724785247
2026-01-19 21:12:13 - train: epoch 4, iter:40, loss: 0.3325, lr: 0.0009978031724785247
2026-01-19 21:12:16 - train: epoch 4, iter:50, loss: 0.2721, lr: 0.0009978031724785247
2026-01-19 21:12:19 - train: epoch 4, iter:60, loss: 0.3274, lr: 0.0009978031724785247
2026-01-19 21:12:22 - train: epoch 4, iter:70, loss: 0.2952, lr: 0.0009978031724785247
2026-01-19 21:12:25 - train: epoch 4, iter:80, loss: 0.3236, lr: 0.0009978031724785247
2026-01-19 21:12:25 - Finish one epoch train: epoch 4, loss: 0.3364, time(s): 25.03
2026-01-19 21:12:26 - idx 0 case patient050_frame01 mean_dice 0.790534 mean_hd95 4.140934
2026-01-19 21:12:27 - idx 1 case patient050_frame12 mean_dice 0.714589 mean_hd95 10.661385
2026-01-19 21:12:28 - idx 2 case patient037_frame01 mean_dice 0.691944 mean_hd95 9.437078
2026-01-19 21:12:29 - idx 3 case patient037_frame12 mean_dice 0.582247 mean_hd95 15.994015
2026-01-19 21:12:31 - idx 4 case patient095_frame01 mean_dice 0.873901 mean_hd95 2.078689
2026-01-19 21:12:32 - idx 5 case patient095_frame12 mean_dice 0.821531 mean_hd95 3.052565
2026-01-19 21:12:33 - idx 6 case patient047_frame01 mean_dice 0.629181 mean_hd95 13.736740
2026-01-19 21:12:34 - idx 7 case patient047_frame09 mean_dice 0.574959 mean_hd95 16.721099
2026-01-19 21:12:36 - idx 8 case patient044_frame01 mean_dice 0.773914 mean_hd95 13.198114
2026-01-19 21:12:37 - idx 9 case patient044_frame11 mean_dice 0.652314 mean_hd95 26.736919
2026-01-19 21:12:38 - idx 10 case patient064_frame01 mean_dice 0.911187 mean_hd95 1.138071
2026-01-19 21:12:39 - idx 11 case patient064_frame12 mean_dice 0.805021 mean_hd95 31.233602
2026-01-19 21:12:40 - idx 12 case patient017_frame01 mean_dice 0.851545 mean_hd95 10.356733
2026-01-19 21:12:41 - idx 13 case patient017_frame09 mean_dice 0.856680 mean_hd95 12.195049
2026-01-19 21:12:42 - idx 14 case patient039_frame01 mean_dice 0.871098 mean_hd95 2.618205
2026-01-19 21:12:43 - idx 15 case patient039_frame10 mean_dice 0.662493 mean_hd95 11.102993
2026-01-19 21:12:44 - idx 16 case patient041_frame01 mean_dice 0.814392 mean_hd95 1.520159
2026-01-19 21:12:45 - idx 17 case patient041_frame11 mean_dice 0.682072 mean_hd95 3.862246
2026-01-19 21:12:46 - idx 18 case patient067_frame01 mean_dice 0.758697 mean_hd95 13.190615
2026-01-19 21:12:47 - idx 19 case patient067_frame10 mean_dice 0.786013 mean_hd95 11.463681
2026-01-19 21:12:47 - Mean class 1 mean_dice 0.665835 mean_hd95 9.370614
2026-01-19 21:12:47 - Mean class 2 mean_dice 0.753576 mean_hd95 7.616706
2026-01-19 21:12:47 - Mean class 3 mean_dice 0.846237 mean_hd95 15.178514
2026-01-19 21:12:47 - val epoch: 4, mean_dice: 0.7552156179264998, mean_hd95: 10.721944667208684, time(s): 22.18
2026-01-19 21:12:48 - train: epoch 5, iter:0, loss: 0.3110, lr: 0.0009960967771506667
2026-01-19 21:12:51 - train: epoch 5, iter:10, loss: 0.2911, lr: 0.0009960967771506667
2026-01-19 21:12:54 - train: epoch 5, iter:20, loss: 0.2542, lr: 0.0009960967771506667
2026-01-19 21:12:57 - train: epoch 5, iter:30, loss: 0.3044, lr: 0.0009960967771506667
2026-01-19 21:13:00 - train: epoch 5, iter:40, loss: 0.2482, lr: 0.0009960967771506667
2026-01-19 21:13:03 - train: epoch 5, iter:50, loss: 0.2082, lr: 0.0009960967771506667
2026-01-19 21:13:06 - train: epoch 5, iter:60, loss: 0.3239, lr: 0.0009960967771506667
2026-01-19 21:13:09 - train: epoch 5, iter:70, loss: 0.2476, lr: 0.0009960967771506667
2026-01-19 21:13:13 - train: epoch 5, iter:80, loss: 0.2212, lr: 0.0009960967771506667
2026-01-19 21:13:13 - Finish one epoch train: epoch 5, loss: 0.2757, time(s): 25.27
2026-01-19 21:13:14 - idx 0 case patient050_frame01 mean_dice 0.835778 mean_hd95 2.149830
2026-01-19 21:13:16 - idx 1 case patient050_frame12 mean_dice 0.761507 mean_hd95 3.146323
2026-01-19 21:13:17 - idx 2 case patient037_frame01 mean_dice 0.758957 mean_hd95 6.599663
2026-01-19 21:13:17 - idx 3 case patient037_frame12 mean_dice 0.491958 mean_hd95 6.830808
2026-01-19 21:13:19 - idx 4 case patient095_frame01 mean_dice 0.891553 mean_hd95 1.488034
2026-01-19 21:13:21 - idx 5 case patient095_frame12 mean_dice 0.847447 mean_hd95 2.265515
2026-01-19 21:13:22 - idx 6 case patient047_frame01 mean_dice 0.729657 mean_hd95 8.451665
2026-01-19 21:13:23 - idx 7 case patient047_frame09 mean_dice 0.575584 mean_hd95 11.765935
2026-01-19 21:13:24 - idx 8 case patient044_frame01 mean_dice 0.851962 mean_hd95 1.883427
2026-01-19 21:13:25 - idx 9 case patient044_frame11 mean_dice 0.770937 mean_hd95 3.336485
2026-01-19 21:13:26 - idx 10 case patient064_frame01 mean_dice 0.933096 mean_hd95 1.000000
2026-01-19 21:13:28 - idx 11 case patient064_frame12 mean_dice 0.867528 mean_hd95 1.609476
2026-01-19 21:13:29 - idx 12 case patient017_frame01 mean_dice 0.879983 mean_hd95 1.471405
2026-01-19 21:13:30 - idx 13 case patient017_frame09 mean_dice 0.892510 mean_hd95 1.333333
2026-01-19 21:13:31 - idx 14 case patient039_frame01 mean_dice 0.900791 mean_hd95 1.333333
2026-01-19 21:13:32 - idx 15 case patient039_frame10 mean_dice 0.764940 mean_hd95 3.735873
2026-01-19 21:13:32 - idx 16 case patient041_frame01 mean_dice 0.852847 mean_hd95 1.138071
2026-01-19 21:13:33 - idx 17 case patient041_frame11 mean_dice 0.728062 mean_hd95 2.613873
2026-01-19 21:13:34 - idx 18 case patient067_frame01 mean_dice 0.853351 mean_hd95 2.186826
2026-01-19 21:13:36 - idx 19 case patient067_frame10 mean_dice 0.826758 mean_hd95 3.415055
2026-01-19 21:13:36 - Mean class 1 mean_dice 0.710107 mean_hd95 5.525964
2026-01-19 21:13:36 - Mean class 2 mean_dice 0.795169 mean_hd95 2.265623
2026-01-19 21:13:36 - Mean class 3 mean_dice 0.897005 mean_hd95 2.371653
2026-01-19 21:13:36 - val epoch: 5, mean_dice: 0.8007603200366038, mean_hd95: 3.387746506247962, time(s): 22.76
2026-01-19 21:13:37 - train: epoch 6, iter:0, loss: 0.1996, lr: 0.0009939057285945933
2026-01-19 21:13:40 - train: epoch 6, iter:10, loss: 0.2512, lr: 0.0009939057285945933
2026-01-19 21:13:43 - train: epoch 6, iter:20, loss: 0.2354, lr: 0.0009939057285945933
2026-01-19 21:13:47 - train: epoch 6, iter:30, loss: 0.3534, lr: 0.0009939057285945933
2026-01-19 21:13:50 - train: epoch 6, iter:40, loss: 0.2447, lr: 0.0009939057285945933
2026-01-19 21:13:53 - train: epoch 6, iter:50, loss: 0.2359, lr: 0.0009939057285945933
2026-01-19 21:13:56 - train: epoch 6, iter:60, loss: 0.3666, lr: 0.0009939057285945933
2026-01-19 21:13:59 - train: epoch 6, iter:70, loss: 0.1966, lr: 0.0009939057285945933
2026-01-19 21:14:02 - train: epoch 6, iter:80, loss: 0.2824, lr: 0.0009939057285945933
2026-01-19 21:14:02 - Finish one epoch train: epoch 6, loss: 0.2476, time(s): 25.81
2026-01-19 21:14:04 - idx 0 case patient050_frame01 mean_dice 0.839733 mean_hd95 4.956946
2026-01-19 21:14:05 - idx 1 case patient050_frame12 mean_dice 0.734116 mean_hd95 9.168384
2026-01-19 21:14:06 - idx 2 case patient037_frame01 mean_dice 0.597289 mean_hd95 6.972351
2026-01-19 21:14:06 - idx 3 case patient037_frame12 mean_dice 0.136222 mean_hd95 27.308762
2026-01-19 21:14:08 - idx 4 case patient095_frame01 mean_dice 0.883580 mean_hd95 1.804738
2026-01-19 21:14:10 - idx 5 case patient095_frame12 mean_dice 0.851334 mean_hd95 1.885618
2026-01-19 21:14:11 - idx 6 case patient047_frame01 mean_dice 0.860826 mean_hd95 1.550094
2026-01-19 21:14:12 - idx 7 case patient047_frame09 mean_dice 0.761104 mean_hd95 2.016225
2026-01-19 21:14:13 - idx 8 case patient044_frame01 mean_dice 0.846353 mean_hd95 2.051957
2026-01-19 21:14:15 - idx 9 case patient044_frame11 mean_dice 0.784409 mean_hd95 2.939113
2026-01-19 21:14:16 - idx 10 case patient064_frame01 mean_dice 0.922187 mean_hd95 1.138071
2026-01-19 21:14:17 - idx 11 case patient064_frame12 mean_dice 0.824124 mean_hd95 1.883427
2026-01-19 21:14:18 - idx 12 case patient017_frame01 mean_dice 0.876583 mean_hd95 1.471405
2026-01-19 21:14:19 - idx 13 case patient017_frame09 mean_dice 0.892353 mean_hd95 1.244017
2026-01-19 21:14:20 - idx 14 case patient039_frame01 mean_dice 0.899079 mean_hd95 1.138071
2026-01-19 21:14:21 - idx 15 case patient039_frame10 mean_dice 0.720301 mean_hd95 2.412023
2026-01-19 21:14:22 - idx 16 case patient041_frame01 mean_dice 0.875317 mean_hd95 1.000000
2026-01-19 21:14:23 - idx 17 case patient041_frame11 mean_dice 0.775633 mean_hd95 1.883427
2026-01-19 21:14:24 - idx 18 case patient067_frame01 mean_dice 0.816114 mean_hd95 2.471405
2026-01-19 21:14:25 - idx 19 case patient067_frame10 mean_dice 0.848059 mean_hd95 2.433521
2026-01-19 21:14:25 - Mean class 1 mean_dice 0.707760 mean_hd95 7.877447
2026-01-19 21:14:25 - Mean class 2 mean_dice 0.795851 mean_hd95 2.000333
2026-01-19 21:14:25 - Mean class 3 mean_dice 0.858096 mean_hd95 1.781654
2026-01-19 21:14:25 - val epoch: 6, mean_dice: 0.7872357583705644, mean_hd95: 3.886477642529986, time(s): 22.73
2026-01-19 21:14:26 - train: epoch 7, iter:0, loss: 0.2025, lr: 0.0009912321891107012
2026-01-19 21:14:29 - train: epoch 7, iter:10, loss: 0.2092, lr: 0.0009912321891107012
2026-01-19 21:14:32 - train: epoch 7, iter:20, loss: 0.2137, lr: 0.0009912321891107012
2026-01-19 21:14:35 - train: epoch 7, iter:30, loss: 0.1781, lr: 0.0009912321891107012
2026-01-19 21:14:38 - train: epoch 7, iter:40, loss: 0.2233, lr: 0.0009912321891107012
2026-01-19 21:14:41 - train: epoch 7, iter:50, loss: 0.1818, lr: 0.0009912321891107012
2026-01-19 21:14:44 - train: epoch 7, iter:60, loss: 0.2200, lr: 0.0009912321891107012
2026-01-19 21:14:47 - train: epoch 7, iter:70, loss: 0.2000, lr: 0.0009912321891107012
2026-01-19 21:14:50 - train: epoch 7, iter:80, loss: 0.1977, lr: 0.0009912321891107012
2026-01-19 21:14:51 - Finish one epoch train: epoch 7, loss: 0.2185, time(s): 25.04
2026-01-19 21:14:52 - idx 0 case patient050_frame01 mean_dice 0.822341 mean_hd95 7.185307
2026-01-19 21:14:53 - idx 1 case patient050_frame12 mean_dice 0.724852 mean_hd95 10.785950
2026-01-19 21:14:54 - idx 2 case patient037_frame01 mean_dice 0.802269 mean_hd95 1.868517
2026-01-19 21:14:55 - idx 3 case patient037_frame12 mean_dice 0.763963 mean_hd95 1.991564
2026-01-19 21:14:56 - idx 4 case patient095_frame01 mean_dice 0.905195 mean_hd95 1.471405
2026-01-19 21:14:58 - idx 5 case patient095_frame12 mean_dice 0.881566 mean_hd95 1.609476
2026-01-19 21:14:59 - idx 6 case patient047_frame01 mean_dice 0.868767 mean_hd95 1.804738
2026-01-19 21:15:00 - idx 7 case patient047_frame09 mean_dice 0.820820 mean_hd95 1.910279
2026-01-19 21:15:01 - idx 8 case patient044_frame01 mean_dice 0.872802 mean_hd95 1.550094
2026-01-19 21:15:02 - idx 9 case patient044_frame11 mean_dice 0.802882 mean_hd95 2.418089
2026-01-19 21:15:03 - idx 10 case patient064_frame01 mean_dice 0.928900 mean_hd95 1.000000
2026-01-19 21:15:05 - idx 11 case patient064_frame12 mean_dice 0.848289 mean_hd95 1.414214
2026-01-19 21:15:06 - idx 12 case patient017_frame01 mean_dice 0.840147 mean_hd95 2.078689
2026-01-19 21:15:07 - idx 13 case patient017_frame09 mean_dice 0.860993 mean_hd95 1.609476
2026-01-19 21:15:08 - idx 14 case patient039_frame01 mean_dice 0.911585 mean_hd95 1.412023
2026-01-19 21:15:09 - idx 15 case patient039_frame10 mean_dice 0.814707 mean_hd95 2.048755
2026-01-19 21:15:09 - idx 16 case patient041_frame01 mean_dice 0.890155 mean_hd95 1.000000
2026-01-19 21:15:10 - idx 17 case patient041_frame11 mean_dice 0.792637 mean_hd95 1.794111
2026-01-19 21:15:11 - idx 18 case patient067_frame01 mean_dice 0.896599 mean_hd95 1.244017
2026-01-19 21:15:12 - idx 19 case patient067_frame10 mean_dice 0.865551 mean_hd95 2.868517
2026-01-19 21:15:12 - Mean class 1 mean_dice 0.802863 mean_hd95 4.154107
2026-01-19 21:15:12 - Mean class 2 mean_dice 0.827424 mean_hd95 1.813025
2026-01-19 21:15:12 - Mean class 3 mean_dice 0.906966 mean_hd95 1.392650
2026-01-19 21:15:12 - val epoch: 7, mean_dice: 0.845751064682296, mean_hd95: 2.4532609294752463, time(s): 21.81
2026-01-19 21:15:13 - train: epoch 8, iter:0, loss: 0.2222, lr: 0.0009880787971596802
2026-01-19 21:15:17 - train: epoch 8, iter:10, loss: 0.1924, lr: 0.0009880787971596802
2026-01-19 21:15:20 - train: epoch 8, iter:20, loss: 0.3001, lr: 0.0009880787971596802
2026-01-19 21:15:23 - train: epoch 8, iter:30, loss: 0.2154, lr: 0.0009880787971596802
2026-01-19 21:15:26 - train: epoch 8, iter:40, loss: 0.1657, lr: 0.0009880787971596802
2026-01-19 21:15:29 - train: epoch 8, iter:50, loss: 0.1879, lr: 0.0009880787971596802
2026-01-19 21:15:32 - train: epoch 8, iter:60, loss: 0.1502, lr: 0.0009880787971596802
2026-01-19 21:15:35 - train: epoch 8, iter:70, loss: 0.1885, lr: 0.0009880787971596802
2026-01-19 21:15:38 - train: epoch 8, iter:80, loss: 0.2159, lr: 0.0009880787971596802
2026-01-19 21:15:38 - Finish one epoch train: epoch 8, loss: 0.2078, time(s): 24.68
2026-01-19 21:15:39 - idx 0 case patient050_frame01 mean_dice 0.859620 mean_hd95 1.550094
2026-01-19 21:15:40 - idx 1 case patient050_frame12 mean_dice 0.759713 mean_hd95 9.678753
2026-01-19 21:15:41 - idx 2 case patient037_frame01 mean_dice 0.807831 mean_hd95 2.910254
2026-01-19 21:15:42 - idx 3 case patient037_frame12 mean_dice 0.722930 mean_hd95 2.544805
2026-01-19 21:15:43 - idx 4 case patient095_frame01 mean_dice 0.905668 mean_hd95 1.138071
2026-01-19 21:15:45 - idx 5 case patient095_frame12 mean_dice 0.883484 mean_hd95 1.414214
2026-01-19 21:15:46 - idx 6 case patient047_frame01 mean_dice 0.869632 mean_hd95 9.918218
2026-01-19 21:15:47 - idx 7 case patient047_frame09 mean_dice 0.787128 mean_hd95 10.432832
2026-01-19 21:15:48 - idx 8 case patient044_frame01 mean_dice 0.890273 mean_hd95 1.276142
2026-01-19 21:15:49 - idx 9 case patient044_frame11 mean_dice 0.815813 mean_hd95 2.100747
2026-01-19 21:15:51 - idx 10 case patient064_frame01 mean_dice 0.925742 mean_hd95 1.000000
2026-01-19 21:15:52 - idx 11 case patient064_frame12 mean_dice 0.854142 mean_hd95 1.666667
2026-01-19 21:15:53 - idx 12 case patient017_frame01 mean_dice 0.884252 mean_hd95 1.471405
2026-01-19 21:15:54 - idx 13 case patient017_frame09 mean_dice 0.892835 mean_hd95 1.244017
2026-01-19 21:15:55 - idx 14 case patient039_frame01 mean_dice 0.897183 mean_hd95 8.510792
2026-01-19 21:15:56 - idx 15 case patient039_frame10 mean_dice 0.746006 mean_hd95 41.140731
2026-01-19 21:15:56 - idx 16 case patient041_frame01 mean_dice 0.883056 mean_hd95 1.000000
2026-01-19 21:15:57 - idx 17 case patient041_frame11 mean_dice 0.786925 mean_hd95 1.954568
2026-01-19 21:15:58 - idx 18 case patient067_frame01 mean_dice 0.884942 mean_hd95 1.550094
2026-01-19 21:15:59 - idx 19 case patient067_frame10 mean_dice 0.858218 mean_hd95 4.662383
2026-01-19 21:15:59 - Mean class 1 mean_dice 0.810769 mean_hd95 5.975234
2026-01-19 21:15:59 - Mean class 2 mean_dice 0.825759 mean_hd95 2.023437
2026-01-19 21:15:59 - Mean class 3 mean_dice 0.900780 mean_hd95 8.076047
2026-01-19 21:15:59 - val epoch: 8, mean_dice: 0.8457695839930223, mean_hd95: 5.35823927585653, time(s): 21.66
2026-01-19 21:16:01 - train: epoch 9, iter:0, loss: 0.1701, lr: 0.0009844486647586726
2026-01-19 21:16:04 - train: epoch 9, iter:10, loss: 0.2319, lr: 0.0009844486647586726
2026-01-19 21:16:07 - train: epoch 9, iter:20, loss: 0.1983, lr: 0.0009844486647586726
2026-01-19 21:16:10 - train: epoch 9, iter:30, loss: 0.2206, lr: 0.0009844486647586726
2026-01-19 21:16:13 - train: epoch 9, iter:40, loss: 0.1680, lr: 0.0009844486647586726
2026-01-19 21:16:16 - train: epoch 9, iter:50, loss: 0.2772, lr: 0.0009844486647586726
2026-01-19 21:16:19 - train: epoch 9, iter:60, loss: 0.2115, lr: 0.0009844486647586726
2026-01-19 21:16:22 - train: epoch 9, iter:70, loss: 0.1763, lr: 0.0009844486647586726
2026-01-19 21:16:25 - train: epoch 9, iter:80, loss: 0.1660, lr: 0.0009844486647586726
2026-01-19 21:16:25 - Finish one epoch train: epoch 9, loss: 0.1997, time(s): 24.72
2026-01-19 21:16:26 - idx 0 case patient050_frame01 mean_dice 0.874128 mean_hd95 1.382088
2026-01-19 21:16:27 - idx 1 case patient050_frame12 mean_dice 0.739612 mean_hd95 10.250933
2026-01-19 21:16:28 - idx 2 case patient037_frame01 mean_dice 0.786629 mean_hd95 1.868517
2026-01-19 21:16:29 - idx 3 case patient037_frame12 mean_dice 0.633715 mean_hd95 6.119466
2026-01-19 21:16:31 - idx 4 case patient095_frame01 mean_dice 0.904353 mean_hd95 1.276142
2026-01-19 21:16:32 - idx 5 case patient095_frame12 mean_dice 0.881399 mean_hd95 1.520159
2026-01-19 21:16:34 - idx 6 case patient047_frame01 mean_dice 0.787660 mean_hd95 13.841080
2026-01-19 21:16:35 - idx 7 case patient047_frame09 mean_dice 0.691832 mean_hd95 15.353481
2026-01-19 21:16:36 - idx 8 case patient044_frame01 mean_dice 0.896953 mean_hd95 1.000000
2026-01-19 21:16:37 - idx 9 case patient044_frame11 mean_dice 0.830047 mean_hd95 2.650511
2026-01-19 21:16:38 - idx 10 case patient064_frame01 mean_dice 0.935444 mean_hd95 1.000000
2026-01-19 21:16:39 - idx 11 case patient064_frame12 mean_dice 0.846767 mean_hd95 2.527525
2026-01-19 21:16:40 - idx 12 case patient017_frame01 mean_dice 0.894026 mean_hd95 1.138071
2026-01-19 21:16:41 - idx 13 case patient017_frame09 mean_dice 0.905487 mean_hd95 1.000000
2026-01-19 21:16:42 - idx 14 case patient039_frame01 mean_dice 0.910997 mean_hd95 1.138071
2026-01-19 21:16:43 - idx 15 case patient039_frame10 mean_dice 0.782751 mean_hd95 3.804738
2026-01-19 21:16:44 - idx 16 case patient041_frame01 mean_dice 0.882394 mean_hd95 1.000000
2026-01-19 21:16:44 - idx 17 case patient041_frame11 mean_dice 0.748278 mean_hd95 2.840227
2026-01-19 21:16:46 - idx 18 case patient067_frame01 mean_dice 0.897008 mean_hd95 1.471405
2026-01-19 21:16:47 - idx 19 case patient067_frame10 mean_dice 0.875102 mean_hd95 1.471405
2026-01-19 21:16:47 - Mean class 1 mean_dice 0.786021 mean_hd95 6.818776
2026-01-19 21:16:47 - Mean class 2 mean_dice 0.824917 mean_hd95 2.040827
2026-01-19 21:16:47 - Mean class 3 mean_dice 0.894749 mean_hd95 2.038470
2026-01-19 21:16:47 - val epoch: 9, mean_dice: 0.835229104183887, mean_hd95: 3.6326909841514756, time(s): 22.01
2026-01-19 21:16:48 - train: epoch 10, iter:0, loss: 0.2143, lr: 0.000980345374410087
2026-01-19 21:16:51 - train: epoch 10, iter:10, loss: 0.2106, lr: 0.000980345374410087
2026-01-19 21:16:54 - train: epoch 10, iter:20, loss: 0.2125, lr: 0.000980345374410087
2026-01-19 21:16:57 - train: epoch 10, iter:30, loss: 0.2072, lr: 0.000980345374410087
2026-01-19 21:17:00 - train: epoch 10, iter:40, loss: 0.1569, lr: 0.000980345374410087
2026-01-19 21:17:04 - train: epoch 10, iter:50, loss: 0.1455, lr: 0.000980345374410087
2026-01-19 21:17:07 - train: epoch 10, iter:60, loss: 0.1728, lr: 0.000980345374410087
2026-01-19 21:17:10 - train: epoch 10, iter:70, loss: 0.1833, lr: 0.000980345374410087
2026-01-19 21:17:13 - train: epoch 10, iter:80, loss: 0.1702, lr: 0.000980345374410087
2026-01-19 21:17:13 - Finish one epoch train: epoch 10, loss: 0.1789, time(s): 25.46
2026-01-19 21:17:14 - idx 0 case patient050_frame01 mean_dice 0.862140 mean_hd95 1.745356
2026-01-19 21:17:15 - idx 1 case patient050_frame12 mean_dice 0.762089 mean_hd95 8.095016
2026-01-19 21:17:16 - idx 2 case patient037_frame01 mean_dice 0.821864 mean_hd95 1.666667
2026-01-19 21:17:17 - idx 3 case patient037_frame12 mean_dice 0.654305 mean_hd95 3.975320
2026-01-19 21:17:19 - idx 4 case patient095_frame01 mean_dice 0.920075 mean_hd95 1.000000
2026-01-19 21:17:20 - idx 5 case patient095_frame12 mean_dice 0.891343 mean_hd95 1.520159
2026-01-19 21:17:21 - idx 6 case patient047_frame01 mean_dice 0.868074 mean_hd95 1.471405
2026-01-19 21:17:22 - idx 7 case patient047_frame09 mean_dice 0.812376 mean_hd95 3.034392
2026-01-19 21:17:23 - idx 8 case patient044_frame01 mean_dice 0.905300 mean_hd95 1.000000
2026-01-19 21:17:24 - idx 9 case patient044_frame11 mean_dice 0.867201 mean_hd95 1.804738
2026-01-19 21:17:26 - idx 10 case patient064_frame01 mean_dice 0.944342 mean_hd95 1.000000
2026-01-19 21:17:27 - idx 11 case patient064_frame12 mean_dice 0.858413 mean_hd95 1.514829
2026-01-19 21:17:28 - idx 12 case patient017_frame01 mean_dice 0.884549 mean_hd95 1.609476
2026-01-19 21:17:29 - idx 13 case patient017_frame09 mean_dice 0.904141 mean_hd95 1.333333
2026-01-19 21:17:30 - idx 14 case patient039_frame01 mean_dice 0.915762 mean_hd95 1.138071
2026-01-19 21:17:31 - idx 15 case patient039_frame10 mean_dice 0.664283 mean_hd95 2.942809
2026-01-19 21:17:32 - idx 16 case patient041_frame01 mean_dice 0.876492 mean_hd95 1.000000
2026-01-19 21:17:32 - idx 17 case patient041_frame11 mean_dice 0.760667 mean_hd95 2.412023
2026-01-19 21:17:34 - idx 18 case patient067_frame01 mean_dice 0.909150 mean_hd95 1.138071
2026-01-19 21:17:35 - idx 19 case patient067_frame10 mean_dice 0.876597 mean_hd95 1.276142
2026-01-19 21:17:35 - Mean class 1 mean_dice 0.810873 mean_hd95 3.254968
2026-01-19 21:17:35 - Mean class 2 mean_dice 0.837616 mean_hd95 1.518980
2026-01-19 21:17:35 - Mean class 3 mean_dice 0.895386 mean_hd95 1.327723
2026-01-19 21:17:35 - val epoch: 10, mean_dice: 0.8479581417061689, mean_hd95: 2.033890337220599, time(s): 21.75
2026-01-19 21:17:36 - train: epoch 11, iter:0, loss: 0.1693, lr: 0.0009757729755661012
2026-01-19 21:17:39 - train: epoch 11, iter:10, loss: 0.1536, lr: 0.0009757729755661012
2026-01-19 21:17:42 - train: epoch 11, iter:20, loss: 0.1551, lr: 0.0009757729755661012
2026-01-19 21:17:45 - train: epoch 11, iter:30, loss: 0.2645, lr: 0.0009757729755661012
2026-01-19 21:17:48 - train: epoch 11, iter:40, loss: 0.1477, lr: 0.0009757729755661012
2026-01-19 21:17:51 - train: epoch 11, iter:50, loss: 0.1886, lr: 0.0009757729755661012
2026-01-19 21:17:54 - train: epoch 11, iter:60, loss: 0.1628, lr: 0.0009757729755661012
2026-01-19 21:17:57 - train: epoch 11, iter:70, loss: 0.2055, lr: 0.0009757729755661012
2026-01-19 21:18:00 - train: epoch 11, iter:80, loss: 0.1414, lr: 0.0009757729755661012
2026-01-19 21:18:00 - Finish one epoch train: epoch 11, loss: 0.1717, time(s): 24.92
2026-01-19 21:18:02 - idx 0 case patient050_frame01 mean_dice 0.888238 mean_hd95 1.333333
2026-01-19 21:18:03 - idx 1 case patient050_frame12 mean_dice 0.758356 mean_hd95 10.165151
2026-01-19 21:18:04 - idx 2 case patient037_frame01 mean_dice 0.808366 mean_hd95 2.000000
2026-01-19 21:18:04 - idx 3 case patient037_frame12 mean_dice 0.728576 mean_hd95 2.701543
2026-01-19 21:18:06 - idx 4 case patient095_frame01 mean_dice 0.917774 mean_hd95 1.000000
2026-01-19 21:18:08 - idx 5 case patient095_frame12 mean_dice 0.888765 mean_hd95 1.609476
2026-01-19 21:18:09 - idx 6 case patient047_frame01 mean_dice 0.857646 mean_hd95 1.910684
2026-01-19 21:18:10 - idx 7 case patient047_frame09 mean_dice 0.806429 mean_hd95 5.994983
2026-01-19 21:18:11 - idx 8 case patient044_frame01 mean_dice 0.904258 mean_hd95 1.000000
2026-01-19 21:18:12 - idx 9 case patient044_frame11 mean_dice 0.812892 mean_hd95 2.317178
2026-01-19 21:18:13 - idx 10 case patient064_frame01 mean_dice 0.942680 mean_hd95 1.000000
2026-01-19 21:18:14 - idx 11 case patient064_frame12 mean_dice 0.903681 mean_hd95 1.000000
2026-01-19 21:18:15 - idx 12 case patient017_frame01 mean_dice 0.901664 mean_hd95 1.138071
2026-01-19 21:18:16 - idx 13 case patient017_frame09 mean_dice 0.909062 mean_hd95 1.138071
2026-01-19 21:18:17 - idx 14 case patient039_frame01 mean_dice 0.917293 mean_hd95 1.138071
2026-01-19 21:18:18 - idx 15 case patient039_frame10 mean_dice 0.738344 mean_hd95 2.394865
2026-01-19 21:18:19 - idx 16 case patient041_frame01 mean_dice 0.894716 mean_hd95 1.000000
2026-01-19 21:18:20 - idx 17 case patient041_frame11 mean_dice 0.755734 mean_hd95 2.507505
2026-01-19 21:18:21 - idx 18 case patient067_frame01 mean_dice 0.909502 mean_hd95 1.138071
2026-01-19 21:18:22 - idx 19 case patient067_frame10 mean_dice 0.856802 mean_hd95 4.364456
2026-01-19 21:18:22 - Mean class 1 mean_dice 0.807440 mean_hd95 3.881817
2026-01-19 21:18:22 - Mean class 2 mean_dice 0.843382 mean_hd95 1.658507
2026-01-19 21:18:22 - Mean class 3 mean_dice 0.914295 mean_hd95 1.487395
2026-01-19 21:18:22 - val epoch: 11, mean_dice: 0.8550388608667238, mean_hd95: 2.342572960539699, time(s): 21.64
2026-01-19 21:18:23 - train: epoch 12, iter:0, loss: 0.1665, lr: 0.0009707359806323418
2026-01-19 21:18:26 - train: epoch 12, iter:10, loss: 0.1381, lr: 0.0009707359806323418
2026-01-19 21:18:29 - train: epoch 12, iter:20, loss: 0.1109, lr: 0.0009707359806323418
2026-01-19 21:18:32 - train: epoch 12, iter:30, loss: 0.1435, lr: 0.0009707359806323418
2026-01-19 21:18:35 - train: epoch 12, iter:40, loss: 0.1971, lr: 0.0009707359806323418
2026-01-19 21:18:38 - train: epoch 12, iter:50, loss: 0.1648, lr: 0.0009707359806323418
2026-01-19 21:18:41 - train: epoch 12, iter:60, loss: 0.1772, lr: 0.0009707359806323418
2026-01-19 21:18:44 - train: epoch 12, iter:70, loss: 0.1792, lr: 0.0009707359806323418
2026-01-19 21:18:47 - train: epoch 12, iter:80, loss: 0.1744, lr: 0.0009707359806323418
2026-01-19 21:18:48 - Finish one epoch train: epoch 12, loss: 0.1719, time(s): 24.77
2026-01-19 21:18:49 - idx 0 case patient050_frame01 mean_dice 0.880002 mean_hd95 1.382088
2026-01-19 21:18:50 - idx 1 case patient050_frame12 mean_dice 0.749974 mean_hd95 11.065930
2026-01-19 21:18:51 - idx 2 case patient037_frame01 mean_dice 0.829241 mean_hd95 1.666667
2026-01-19 21:18:52 - idx 3 case patient037_frame12 mean_dice 0.581628 mean_hd95 6.106887
2026-01-19 21:18:53 - idx 4 case patient095_frame01 mean_dice 0.925488 mean_hd95 1.000000
2026-01-19 21:18:55 - idx 5 case patient095_frame12 mean_dice 0.879740 mean_hd95 1.609476
2026-01-19 21:18:56 - idx 6 case patient047_frame01 mean_dice 0.836714 mean_hd95 10.232828
2026-01-19 21:18:57 - idx 7 case patient047_frame09 mean_dice 0.722927 mean_hd95 11.705787
2026-01-19 21:18:58 - idx 8 case patient044_frame01 mean_dice 0.903531 mean_hd95 1.000000
2026-01-19 21:18:59 - idx 9 case patient044_frame11 mean_dice 0.788642 mean_hd95 2.707702
2026-01-19 21:19:00 - idx 10 case patient064_frame01 mean_dice 0.931115 mean_hd95 1.000000
2026-01-19 21:19:01 - idx 11 case patient064_frame12 mean_dice 0.842890 mean_hd95 1.471405
2026-01-19 21:19:02 - idx 12 case patient017_frame01 mean_dice 0.892320 mean_hd95 1.333333
2026-01-19 21:19:03 - idx 13 case patient017_frame09 mean_dice 0.907580 mean_hd95 1.244017
2026-01-19 21:19:04 - idx 14 case patient039_frame01 mean_dice 0.922803 mean_hd95 1.000000
2026-01-19 21:19:05 - idx 15 case patient039_frame10 mean_dice 0.714719 mean_hd95 11.064922
2026-01-19 21:19:06 - idx 16 case patient041_frame01 mean_dice 0.878641 mean_hd95 1.000000
2026-01-19 21:19:07 - idx 17 case patient041_frame11 mean_dice 0.747789 mean_hd95 2.412023
2026-01-19 21:19:08 - idx 18 case patient067_frame01 mean_dice 0.904337 mean_hd95 1.244017
2026-01-19 21:19:09 - idx 19 case patient067_frame10 mean_dice 0.885989 mean_hd95 1.138071
2026-01-19 21:19:09 - Mean class 1 mean_dice 0.794057 mean_hd95 5.671526
2026-01-19 21:19:09 - Mean class 2 mean_dice 0.828130 mean_hd95 1.805263
2026-01-19 21:19:09 - Mean class 3 mean_dice 0.886724 mean_hd95 3.230984
2026-01-19 21:19:09 - val epoch: 12, mean_dice: 0.8363035896133582, mean_hd95: 3.5692576184592077, time(s): 21.56
2026-01-19 21:19:10 - train: epoch 13, iter:0, loss: 0.1507, lr: 0.0009652393605146846
2026-01-19 21:19:13 - train: epoch 13, iter:10, loss: 0.1458, lr: 0.0009652393605146846
2026-01-19 21:19:16 - train: epoch 13, iter:20, loss: 0.1397, lr: 0.0009652393605146846
2026-01-19 21:19:19 - train: epoch 13, iter:30, loss: 0.1721, lr: 0.0009652393605146846
2026-01-19 21:19:22 - train: epoch 13, iter:40, loss: 0.1345, lr: 0.0009652393605146846
2026-01-19 21:19:25 - train: epoch 13, iter:50, loss: 0.1868, lr: 0.0009652393605146846
2026-01-19 21:19:28 - train: epoch 13, iter:60, loss: 0.1407, lr: 0.0009652393605146846
2026-01-19 21:19:31 - train: epoch 13, iter:70, loss: 0.1796, lr: 0.0009652393605146846
2026-01-19 21:19:34 - train: epoch 13, iter:80, loss: 0.1659, lr: 0.0009652393605146846
2026-01-19 21:19:35 - Finish one epoch train: epoch 13, loss: 0.1639, time(s): 24.90
2026-01-19 21:19:36 - idx 0 case patient050_frame01 mean_dice 0.883954 mean_hd95 2.078689
2026-01-19 21:19:37 - idx 1 case patient050_frame12 mean_dice 0.733160 mean_hd95 10.296736
2026-01-19 21:19:38 - idx 2 case patient037_frame01 mean_dice 0.812883 mean_hd95 1.811535
2026-01-19 21:19:39 - idx 3 case patient037_frame12 mean_dice 0.726224 mean_hd95 2.580746
2026-01-19 21:19:40 - idx 4 case patient095_frame01 mean_dice 0.926005 mean_hd95 1.000000
2026-01-19 21:19:42 - idx 5 case patient095_frame12 mean_dice 0.890963 mean_hd95 1.414214
2026-01-19 21:19:43 - idx 6 case patient047_frame01 mean_dice 0.884385 mean_hd95 1.276142
2026-01-19 21:19:44 - idx 7 case patient047_frame09 mean_dice 0.835344 mean_hd95 2.748388
2026-01-19 21:19:45 - idx 8 case patient044_frame01 mean_dice 0.905776 mean_hd95 1.000000
2026-01-19 21:19:46 - idx 9 case patient044_frame11 mean_dice 0.827142 mean_hd95 2.228519
2026-01-19 21:19:47 - idx 10 case patient064_frame01 mean_dice 0.942307 mean_hd95 1.000000
2026-01-19 21:19:49 - idx 11 case patient064_frame12 mean_dice 0.861091 mean_hd95 1.382088
2026-01-19 21:19:50 - idx 12 case patient017_frame01 mean_dice 0.920786 mean_hd95 1.000000
2026-01-19 21:19:51 - idx 13 case patient017_frame09 mean_dice 0.918381 mean_hd95 1.000000
2026-01-19 21:19:52 - idx 14 case patient039_frame01 mean_dice 0.928387 mean_hd95 1.000000
2026-01-19 21:19:53 - idx 15 case patient039_frame10 mean_dice 0.817406 mean_hd95 10.659547
2026-01-19 21:19:53 - idx 16 case patient041_frame01 mean_dice 0.873076 mean_hd95 1.138071
2026-01-19 21:19:54 - idx 17 case patient041_frame11 mean_dice 0.751288 mean_hd95 2.412443
2026-01-19 21:19:55 - idx 18 case patient067_frame01 mean_dice 0.891707 mean_hd95 1.382088
2026-01-19 21:19:56 - idx 19 case patient067_frame10 mean_dice 0.908545 mean_hd95 1.000000
2026-01-19 21:19:56 - Mean class 1 mean_dice 0.827658 mean_hd95 3.197705
2026-01-19 21:19:56 - Mean class 2 mean_dice 0.841830 mean_hd95 1.621922
2026-01-19 21:19:56 - Mean class 3 mean_dice 0.916334 mean_hd95 2.441754
2026-01-19 21:19:56 - val epoch: 13, mean_dice: 0.8619405919896831, mean_hd95: 2.4204603741338357, time(s): 21.93
2026-01-19 21:19:57 - train: epoch 14, iter:0, loss: 0.1376, lr: 0.0009592885397135708
2026-01-19 21:20:01 - train: epoch 14, iter:10, loss: 0.3329, lr: 0.0009592885397135708
2026-01-19 21:20:04 - train: epoch 14, iter:20, loss: 0.1608, lr: 0.0009592885397135708
2026-01-19 21:20:07 - train: epoch 14, iter:30, loss: 0.1825, lr: 0.0009592885397135708
2026-01-19 21:20:10 - train: epoch 14, iter:40, loss: 0.1549, lr: 0.0009592885397135708
2026-01-19 21:20:13 - train: epoch 14, iter:50, loss: 0.1481, lr: 0.0009592885397135708
2026-01-19 21:20:16 - train: epoch 14, iter:60, loss: 0.1724, lr: 0.0009592885397135708
2026-01-19 21:20:19 - train: epoch 14, iter:70, loss: 0.1271, lr: 0.0009592885397135708
2026-01-19 21:20:22 - train: epoch 14, iter:80, loss: 0.1471, lr: 0.0009592885397135708
2026-01-19 21:20:22 - Finish one epoch train: epoch 14, loss: 0.1688, time(s): 24.78
2026-01-19 21:20:23 - idx 0 case patient050_frame01 mean_dice 0.842882 mean_hd95 1.879653
2026-01-19 21:20:25 - idx 1 case patient050_frame12 mean_dice 0.775844 mean_hd95 8.266885
2026-01-19 21:20:25 - idx 2 case patient037_frame01 mean_dice 0.816655 mean_hd95 2.041035
2026-01-19 21:20:26 - idx 3 case patient037_frame12 mean_dice 0.663451 mean_hd95 4.864851
2026-01-19 21:20:28 - idx 4 case patient095_frame01 mean_dice 0.921176 mean_hd95 1.000000
2026-01-19 21:20:29 - idx 5 case patient095_frame12 mean_dice 0.879695 mean_hd95 1.471405
2026-01-19 21:20:30 - idx 6 case patient047_frame01 mean_dice 0.902786 mean_hd95 1.138071
2026-01-19 21:20:31 - idx 7 case patient047_frame09 mean_dice 0.870464 mean_hd95 1.412023
2026-01-19 21:20:32 - idx 8 case patient044_frame01 mean_dice 0.875281 mean_hd95 1.666667
2026-01-19 21:20:34 - idx 9 case patient044_frame11 mean_dice 0.838939 mean_hd95 2.006588
2026-01-19 21:20:35 - idx 10 case patient064_frame01 mean_dice 0.934424 mean_hd95 1.000000
2026-01-19 21:20:36 - idx 11 case patient064_frame12 mean_dice 0.858612 mean_hd95 1.577350
2026-01-19 21:20:37 - idx 12 case patient017_frame01 mean_dice 0.882276 mean_hd95 1.333333
2026-01-19 21:20:38 - idx 13 case patient017_frame09 mean_dice 0.910913 mean_hd95 1.000000
2026-01-19 21:20:39 - idx 14 case patient039_frame01 mean_dice 0.913725 mean_hd95 1.138071
2026-01-19 21:20:40 - idx 15 case patient039_frame10 mean_dice 0.831162 mean_hd95 1.715421
2026-01-19 21:20:41 - idx 16 case patient041_frame01 mean_dice 0.898836 mean_hd95 1.000000
2026-01-19 21:20:41 - idx 17 case patient041_frame11 mean_dice 0.820044 mean_hd95 1.276142
2026-01-19 21:20:43 - idx 18 case patient067_frame01 mean_dice 0.890026 mean_hd95 1.276142
2026-01-19 21:20:44 - idx 19 case patient067_frame10 mean_dice 0.905033 mean_hd95 1.138071
2026-01-19 21:20:44 - Mean class 1 mean_dice 0.825146 mean_hd95 3.164297
2026-01-19 21:20:44 - Mean class 2 mean_dice 0.843074 mean_hd95 1.408646
2026-01-19 21:20:44 - Mean class 3 mean_dice 0.916613 mean_hd95 1.157313
2026-01-19 21:20:44 - val epoch: 14, mean_dice: 0.8616111916370962, mean_hd95: 1.9100854846610822, time(s): 21.87
2026-01-19 21:20:45 - train: epoch 15, iter:0, loss: 0.1595, lr: 0.0009528893909706799
2026-01-19 21:20:48 - train: epoch 15, iter:10, loss: 0.2073, lr: 0.0009528893909706799
2026-01-19 21:20:51 - train: epoch 15, iter:20, loss: 0.1368, lr: 0.0009528893909706799
2026-01-19 21:20:54 - train: epoch 15, iter:30, loss: 0.1277, lr: 0.0009528893909706799
2026-01-19 21:20:58 - train: epoch 15, iter:40, loss: 0.1925, lr: 0.0009528893909706799
2026-01-19 21:21:01 - train: epoch 15, iter:50, loss: 0.1235, lr: 0.0009528893909706799
2026-01-19 21:21:04 - train: epoch 15, iter:60, loss: 0.1619, lr: 0.0009528893909706799
2026-01-19 21:21:07 - train: epoch 15, iter:70, loss: 0.1408, lr: 0.0009528893909706799
2026-01-19 21:21:10 - train: epoch 15, iter:80, loss: 0.1340, lr: 0.0009528893909706799
2026-01-19 21:21:10 - Finish one epoch train: epoch 15, loss: 0.1577, time(s): 25.67
2026-01-19 21:21:11 - idx 0 case patient050_frame01 mean_dice 0.872747 mean_hd95 39.428977
2026-01-19 21:21:13 - idx 1 case patient050_frame12 mean_dice 0.709267 mean_hd95 42.430594
2026-01-19 21:21:13 - idx 2 case patient037_frame01 mean_dice 0.801522 mean_hd95 2.041035
2026-01-19 21:21:14 - idx 3 case patient037_frame12 mean_dice 0.697075 mean_hd95 3.452828
2026-01-19 21:21:16 - idx 4 case patient095_frame01 mean_dice 0.923429 mean_hd95 1.000000
2026-01-19 21:21:18 - idx 5 case patient095_frame12 mean_dice 0.898763 mean_hd95 1.276142
2026-01-19 21:21:19 - idx 6 case patient047_frame01 mean_dice 0.873181 mean_hd95 6.932997
2026-01-19 21:21:20 - idx 7 case patient047_frame09 mean_dice 0.790177 mean_hd95 8.337357
2026-01-19 21:21:21 - idx 8 case patient044_frame01 mean_dice 0.895486 mean_hd95 1.000000
2026-01-19 21:21:22 - idx 9 case patient044_frame11 mean_dice 0.812524 mean_hd95 2.006588
2026-01-19 21:21:24 - idx 10 case patient064_frame01 mean_dice 0.946950 mean_hd95 1.000000
2026-01-19 21:21:25 - idx 11 case patient064_frame12 mean_dice 0.904645 mean_hd95 1.276142
2026-01-19 21:21:26 - idx 12 case patient017_frame01 mean_dice 0.892023 mean_hd95 1.276142
2026-01-19 21:21:27 - idx 13 case patient017_frame09 mean_dice 0.908631 mean_hd95 1.138071
2026-01-19 21:21:28 - idx 14 case patient039_frame01 mean_dice 0.908127 mean_hd95 1.138071
2026-01-19 21:21:29 - idx 15 case patient039_frame10 mean_dice 0.736441 mean_hd95 6.688840
2026-01-19 21:21:30 - idx 16 case patient041_frame01 mean_dice 0.890271 mean_hd95 1.000000
2026-01-19 21:21:30 - idx 17 case patient041_frame11 mean_dice 0.810474 mean_hd95 1.471405
2026-01-19 21:21:32 - idx 18 case patient067_frame01 mean_dice 0.913503 mean_hd95 1.000000
2026-01-19 21:21:33 - idx 19 case patient067_frame10 mean_dice 0.899002 mean_hd95 1.000000
2026-01-19 21:21:33 - Mean class 1 mean_dice 0.800915 mean_hd95 16.228766
2026-01-19 21:21:33 - Mean class 2 mean_dice 0.849047 mean_hd95 1.302288
2026-01-19 21:21:33 - Mean class 3 mean_dice 0.912674 mean_hd95 1.203225
2026-01-19 21:21:33 - val epoch: 15, mean_dice: 0.854211910585413, mean_hd95: 6.244759480698886, time(s): 22.86
2026-01-19 21:21:34 - train: epoch 16, iter:0, loss: 0.1483, lr: 0.0009460482294732424
2026-01-19 21:21:37 - train: epoch 16, iter:10, loss: 0.1389, lr: 0.0009460482294732424
2026-01-19 21:21:40 - train: epoch 16, iter:20, loss: 0.1178, lr: 0.0009460482294732424
2026-01-19 21:21:43 - train: epoch 16, iter:30, loss: 0.1618, lr: 0.0009460482294732424
2026-01-19 21:21:46 - train: epoch 16, iter:40, loss: 0.1565, lr: 0.0009460482294732424
2026-01-19 21:21:49 - train: epoch 16, iter:50, loss: 0.1401, lr: 0.0009460482294732424
2026-01-19 21:21:53 - train: epoch 16, iter:60, loss: 0.1301, lr: 0.0009460482294732424
2026-01-19 21:21:56 - train: epoch 16, iter:70, loss: 0.1548, lr: 0.0009460482294732424
2026-01-19 21:21:59 - train: epoch 16, iter:80, loss: 0.2023, lr: 0.0009460482294732424
2026-01-19 21:21:59 - Finish one epoch train: epoch 16, loss: 0.1473, time(s): 25.36
2026-01-19 21:22:00 - idx 0 case patient050_frame01 mean_dice 0.864263 mean_hd95 1.471405
2026-01-19 21:22:01 - idx 1 case patient050_frame12 mean_dice 0.747771 mean_hd95 9.854247
2026-01-19 21:22:02 - idx 2 case patient037_frame01 mean_dice 0.843077 mean_hd95 1.609476
2026-01-19 21:22:03 - idx 3 case patient037_frame12 mean_dice 0.613060 mean_hd95 5.863887
2026-01-19 21:22:04 - idx 4 case patient095_frame01 mean_dice 0.928983 mean_hd95 1.000000
2026-01-19 21:22:06 - idx 5 case patient095_frame12 mean_dice 0.893555 mean_hd95 1.382088
2026-01-19 21:22:07 - idx 6 case patient047_frame01 mean_dice 0.887908 mean_hd95 1.276142
2026-01-19 21:22:08 - idx 7 case patient047_frame09 mean_dice 0.854317 mean_hd95 2.333333
2026-01-19 21:22:09 - idx 8 case patient044_frame01 mean_dice 0.897096 mean_hd95 1.244017
2026-01-19 21:22:10 - idx 9 case patient044_frame11 mean_dice 0.857039 mean_hd95 1.621234
2026-01-19 21:22:12 - idx 10 case patient064_frame01 mean_dice 0.941950 mean_hd95 1.000000
2026-01-19 21:22:13 - idx 11 case patient064_frame12 mean_dice 0.866503 mean_hd95 1.382088
2026-01-19 21:22:14 - idx 12 case patient017_frame01 mean_dice 0.900288 mean_hd95 1.138071
2026-01-19 21:22:15 - idx 13 case patient017_frame09 mean_dice 0.916747 mean_hd95 1.138071
2026-01-19 21:22:16 - idx 14 case patient039_frame01 mean_dice 0.917613 mean_hd95 1.000000
2026-01-19 21:22:17 - idx 15 case patient039_frame10 mean_dice 0.771056 mean_hd95 5.310569
2026-01-19 21:22:17 - idx 16 case patient041_frame01 mean_dice 0.894872 mean_hd95 1.000000
2026-01-19 21:22:18 - idx 17 case patient041_frame11 mean_dice 0.802423 mean_hd95 1.804738
2026-01-19 21:22:19 - idx 18 case patient067_frame01 mean_dice 0.912617 mean_hd95 1.000000
2026-01-19 21:22:21 - idx 19 case patient067_frame10 mean_dice 0.869737 mean_hd95 2.666667
2026-01-19 21:22:21 - Mean class 1 mean_dice 0.815585 mean_hd95 3.932828
2026-01-19 21:22:21 - Mean class 2 mean_dice 0.850200 mean_hd95 1.482843
2026-01-19 21:22:21 - Mean class 3 mean_dice 0.911345 mean_hd95 1.348735
2026-01-19 21:22:21 - val epoch: 16, mean_dice: 0.859043623560516, mean_hd95: 2.2548016910769166, time(s): 21.78
2026-01-19 21:22:21 - train: epoch 17, iter:0, loss: 0.1467, lr: 0.0009387718066217127
2026-01-19 21:22:25 - train: epoch 17, iter:10, loss: 0.1499, lr: 0.0009387718066217127
2026-01-19 21:22:28 - train: epoch 17, iter:20, loss: 0.1343, lr: 0.0009387718066217127
2026-01-19 21:22:31 - train: epoch 17, iter:30, loss: 0.1276, lr: 0.0009387718066217127
2026-01-19 21:22:34 - train: epoch 17, iter:40, loss: 0.1658, lr: 0.0009387718066217127
2026-01-19 21:22:37 - train: epoch 17, iter:50, loss: 0.1167, lr: 0.0009387718066217127
2026-01-19 21:22:40 - train: epoch 17, iter:60, loss: 0.1234, lr: 0.0009387718066217127
2026-01-19 21:22:43 - train: epoch 17, iter:70, loss: 0.1287, lr: 0.0009387718066217127
2026-01-19 21:22:46 - train: epoch 17, iter:80, loss: 0.1505, lr: 0.0009387718066217127
2026-01-19 21:22:46 - Finish one epoch train: epoch 17, loss: 0.1406, time(s): 25.19
2026-01-19 21:22:48 - idx 0 case patient050_frame01 mean_dice 0.856191 mean_hd95 3.144024
2026-01-19 21:22:49 - idx 1 case patient050_frame12 mean_dice 0.759218 mean_hd95 9.465886
2026-01-19 21:22:50 - idx 2 case patient037_frame01 mean_dice 0.822199 mean_hd95 1.666667
2026-01-19 21:22:50 - idx 3 case patient037_frame12 mean_dice 0.615550 mean_hd95 3.138071
2026-01-19 21:22:52 - idx 4 case patient095_frame01 mean_dice 0.926221 mean_hd95 1.000000
2026-01-19 21:22:54 - idx 5 case patient095_frame12 mean_dice 0.874590 mean_hd95 1.794111
2026-01-19 21:22:55 - idx 6 case patient047_frame01 mean_dice 0.864599 mean_hd95 2.149830
2026-01-19 21:22:56 - idx 7 case patient047_frame09 mean_dice 0.806186 mean_hd95 7.881166
2026-01-19 21:22:57 - idx 8 case patient044_frame01 mean_dice 0.895727 mean_hd95 1.138071
2026-01-19 21:22:58 - idx 9 case patient044_frame11 mean_dice 0.849918 mean_hd95 1.959438
2026-01-19 21:22:59 - idx 10 case patient064_frame01 mean_dice 0.918515 mean_hd95 1.244017
2026-01-19 21:23:00 - idx 11 case patient064_frame12 mean_dice 0.852237 mean_hd95 1.244017
2026-01-19 21:23:01 - idx 12 case patient017_frame01 mean_dice 0.863119 mean_hd95 2.517564
2026-01-19 21:23:02 - idx 13 case patient017_frame09 mean_dice 0.888554 mean_hd95 1.759306
2026-01-19 21:23:03 - idx 14 case patient039_frame01 mean_dice 0.908690 mean_hd95 1.333333
2026-01-19 21:23:04 - idx 15 case patient039_frame10 mean_dice 0.772325 mean_hd95 2.471405
2026-01-19 21:23:05 - idx 16 case patient041_frame01 mean_dice 0.896716 mean_hd95 1.000000
2026-01-19 21:23:06 - idx 17 case patient041_frame11 mean_dice 0.800778 mean_hd95 1.471405
2026-01-19 21:23:07 - idx 18 case patient067_frame01 mean_dice 0.880452 mean_hd95 1.666667
2026-01-19 21:23:08 - idx 19 case patient067_frame10 mean_dice 0.896954 mean_hd95 1.000000
2026-01-19 21:23:08 - Mean class 1 mean_dice 0.808775 mean_hd95 4.283825
2026-01-19 21:23:08 - Mean class 2 mean_dice 0.835719 mean_hd95 1.758295
2026-01-19 21:23:08 - Mean class 3 mean_dice 0.897816 mean_hd95 1.314626
2026-01-19 21:23:08 - val epoch: 17, mean_dice: 0.8474368940117533, mean_hd95: 2.452248863541703, time(s): 21.95
2026-01-19 21:23:09 - train: epoch 18, iter:0, loss: 0.1822, lr: 0.0009310673033669524
2026-01-19 21:23:12 - train: epoch 18, iter:10, loss: 0.1460, lr: 0.0009310673033669524
2026-01-19 21:23:15 - train: epoch 18, iter:20, loss: 0.1281, lr: 0.0009310673033669524
2026-01-19 21:23:18 - train: epoch 18, iter:30, loss: 0.1114, lr: 0.0009310673033669524
2026-01-19 21:23:21 - train: epoch 18, iter:40, loss: 0.1034, lr: 0.0009310673033669524
2026-01-19 21:23:24 - train: epoch 18, iter:50, loss: 0.1377, lr: 0.0009310673033669524
2026-01-19 21:23:27 - train: epoch 18, iter:60, loss: 0.1702, lr: 0.0009310673033669524
2026-01-19 21:23:30 - train: epoch 18, iter:70, loss: 0.1238, lr: 0.0009310673033669524
2026-01-19 21:23:33 - train: epoch 18, iter:80, loss: 0.1273, lr: 0.0009310673033669524
2026-01-19 21:23:34 - Finish one epoch train: epoch 18, loss: 0.1435, time(s): 24.77
2026-01-19 21:23:35 - idx 0 case patient050_frame01 mean_dice 0.858699 mean_hd95 1.804738
2026-01-19 21:23:36 - idx 1 case patient050_frame12 mean_dice 0.795247 mean_hd95 2.463980
2026-01-19 21:23:37 - idx 2 case patient037_frame01 mean_dice 0.785188 mean_hd95 2.927443
2026-01-19 21:23:38 - idx 3 case patient037_frame12 mean_dice 0.515454 mean_hd95 1.138071
2026-01-19 21:23:40 - idx 4 case patient095_frame01 mean_dice 0.914755 mean_hd95 1.138071
2026-01-19 21:23:41 - idx 5 case patient095_frame12 mean_dice 0.781018 mean_hd95 1.804738
2026-01-19 21:23:42 - idx 6 case patient047_frame01 mean_dice 0.760978 mean_hd95 2.964985
2026-01-19 21:23:43 - idx 7 case patient047_frame09 mean_dice 0.644026 mean_hd95 7.300011
2026-01-19 21:23:44 - idx 8 case patient044_frame01 mean_dice 0.854369 mean_hd95 2.064942
2026-01-19 21:23:45 - idx 9 case patient044_frame11 mean_dice 0.848628 mean_hd95 1.858830
2026-01-19 21:23:47 - idx 10 case patient064_frame01 mean_dice 0.944378 mean_hd95 1.000000
2026-01-19 21:23:48 - idx 11 case patient064_frame12 mean_dice 0.855493 mean_hd95 1.520159
2026-01-19 21:23:49 - idx 12 case patient017_frame01 mean_dice 0.887496 mean_hd95 1.666667
2026-01-19 21:23:50 - idx 13 case patient017_frame09 mean_dice 0.908947 mean_hd95 1.483163
2026-01-19 21:23:51 - idx 14 case patient039_frame01 mean_dice 0.905108 mean_hd95 1.138071
2026-01-19 21:23:52 - idx 15 case patient039_frame10 mean_dice 0.689072 mean_hd95 3.658381
2026-01-19 21:23:52 - idx 16 case patient041_frame01 mean_dice 0.899371 mean_hd95 1.000000
2026-01-19 21:23:53 - idx 17 case patient041_frame11 mean_dice 0.825759 mean_hd95 1.138071
2026-01-19 21:23:54 - idx 18 case patient067_frame01 mean_dice 0.885414 mean_hd95 1.412023
2026-01-19 21:23:56 - idx 19 case patient067_frame10 mean_dice 0.895970 mean_hd95 1.000000
2026-01-19 21:23:56 - Mean class 1 mean_dice 0.703859 mean_hd95 3.522358
2026-01-19 21:23:56 - Mean class 2 mean_dice 0.856018 mean_hd95 1.382058
2026-01-19 21:23:56 - Mean class 3 mean_dice 0.908428 mean_hd95 1.167936
2026-01-19 21:23:56 - val epoch: 18, mean_dice: 0.822768564428009, mean_hd95: 2.024117233104544, time(s): 22.00
2026-01-19 21:23:57 - train: epoch 19, iter:0, loss: 0.1845, lr: 0.0009229423231234977
2026-01-19 21:24:00 - train: epoch 19, iter:10, loss: 0.1448, lr: 0.0009229423231234977
2026-01-19 21:24:03 - train: epoch 19, iter:20, loss: 0.1779, lr: 0.0009229423231234977
2026-01-19 21:24:06 - train: epoch 19, iter:30, loss: 0.1590, lr: 0.0009229423231234977
2026-01-19 21:24:09 - train: epoch 19, iter:40, loss: 0.1508, lr: 0.0009229423231234977
2026-01-19 21:24:12 - train: epoch 19, iter:50, loss: 0.1423, lr: 0.0009229423231234977
2026-01-19 21:24:15 - train: epoch 19, iter:60, loss: 0.1043, lr: 0.0009229423231234977
2026-01-19 21:24:18 - train: epoch 19, iter:70, loss: 0.1564, lr: 0.0009229423231234977
2026-01-19 21:24:21 - train: epoch 19, iter:80, loss: 0.1426, lr: 0.0009229423231234977
2026-01-19 21:24:21 - Finish one epoch train: epoch 19, loss: 0.1512, time(s): 25.31
2026-01-19 21:24:23 - idx 0 case patient050_frame01 mean_dice 0.864704 mean_hd95 2.414214
2026-01-19 21:24:24 - idx 1 case patient050_frame12 mean_dice 0.790500 mean_hd95 2.132782
2026-01-19 21:24:25 - idx 2 case patient037_frame01 mean_dice 0.831639 mean_hd95 1.666667
2026-01-19 21:24:26 - idx 3 case patient037_frame12 mean_dice 0.784761 mean_hd95 2.187760
2026-01-19 21:24:27 - idx 4 case patient095_frame01 mean_dice 0.933614 mean_hd95 1.000000
2026-01-19 21:24:29 - idx 5 case patient095_frame12 mean_dice 0.885691 mean_hd95 1.715421
2026-01-19 21:24:30 - idx 6 case patient047_frame01 mean_dice 0.842466 mean_hd95 1.656040
2026-01-19 21:24:31 - idx 7 case patient047_frame09 mean_dice 0.757759 mean_hd95 7.619674
2026-01-19 21:24:32 - idx 8 case patient044_frame01 mean_dice 0.890660 mean_hd95 1.158782
2026-01-19 21:24:33 - idx 9 case patient044_frame11 mean_dice 0.850777 mean_hd95 1.759306
2026-01-19 21:24:34 - idx 10 case patient064_frame01 mean_dice 0.946868 mean_hd95 1.000000
2026-01-19 21:24:36 - idx 11 case patient064_frame12 mean_dice 0.917123 mean_hd95 1.138071
2026-01-19 21:24:37 - idx 12 case patient017_frame01 mean_dice 0.911692 mean_hd95 1.138071
2026-01-19 21:24:38 - idx 13 case patient017_frame09 mean_dice 0.918938 mean_hd95 1.138071
2026-01-19 21:24:39 - idx 14 case patient039_frame01 mean_dice 0.932057 mean_hd95 1.000000
2026-01-19 21:24:40 - idx 15 case patient039_frame10 mean_dice 0.763736 mean_hd95 9.248407
2026-01-19 21:24:40 - idx 16 case patient041_frame01 mean_dice 0.886051 mean_hd95 1.000000
2026-01-19 21:24:41 - idx 17 case patient041_frame11 mean_dice 0.797645 mean_hd95 1.550094
2026-01-19 21:24:42 - idx 18 case patient067_frame01 mean_dice 0.899217 mean_hd95 1.138071
2026-01-19 21:24:44 - idx 19 case patient067_frame10 mean_dice 0.883555 mean_hd95 2.051957
2026-01-19 21:24:44 - Mean class 1 mean_dice 0.824235 mean_hd95 2.865500
2026-01-19 21:24:44 - Mean class 2 mean_dice 0.846259 mean_hd95 1.505513
2026-01-19 21:24:44 - Mean class 3 mean_dice 0.922924 mean_hd95 2.185996
2026-01-19 21:24:44 - val epoch: 19, mean_dice: 0.8644727288846078, mean_hd95: 2.185669316450993, time(s): 22.05
2026-01-19 21:24:45 - train: epoch 20, iter:0, loss: 0.1157, lr: 0.0009144048842659084
2026-01-19 21:24:48 - train: epoch 20, iter:10, loss: 0.1192, lr: 0.0009144048842659084
2026-01-19 21:24:51 - train: epoch 20, iter:20, loss: 0.1114, lr: 0.0009144048842659084
2026-01-19 21:24:54 - train: epoch 20, iter:30, loss: 0.1334, lr: 0.0009144048842659084
2026-01-19 21:24:57 - train: epoch 20, iter:40, loss: 0.1430, lr: 0.0009144048842659084
2026-01-19 21:25:00 - train: epoch 20, iter:50, loss: 0.1092, lr: 0.0009144048842659084
2026-01-19 21:25:03 - train: epoch 20, iter:60, loss: 0.1292, lr: 0.0009144048842659084
2026-01-19 21:25:06 - train: epoch 20, iter:70, loss: 0.1171, lr: 0.0009144048842659084
2026-01-19 21:25:09 - train: epoch 20, iter:80, loss: 0.1594, lr: 0.0009144048842659084
2026-01-19 21:25:09 - Finish one epoch train: epoch 20, loss: 0.1312, time(s): 24.90
2026-01-19 21:25:10 - idx 0 case patient050_frame01 mean_dice 0.893824 mean_hd95 1.244017
2026-01-19 21:25:12 - idx 1 case patient050_frame12 mean_dice 0.775878 mean_hd95 2.504411
2026-01-19 21:25:12 - idx 2 case patient037_frame01 mean_dice 0.792202 mean_hd95 5.593337
2026-01-19 21:25:13 - idx 3 case patient037_frame12 mean_dice 0.712862 mean_hd95 7.833809
2026-01-19 21:25:15 - idx 4 case patient095_frame01 mean_dice 0.924868 mean_hd95 1.000000
2026-01-19 21:25:16 - idx 5 case patient095_frame12 mean_dice 0.904539 mean_hd95 1.138071
2026-01-19 21:25:17 - idx 6 case patient047_frame01 mean_dice 0.851309 mean_hd95 10.656977
2026-01-19 21:25:18 - idx 7 case patient047_frame09 mean_dice 0.793727 mean_hd95 11.774998
2026-01-19 21:25:20 - idx 8 case patient044_frame01 mean_dice 0.906785 mean_hd95 1.333333
2026-01-19 21:25:21 - idx 9 case patient044_frame11 mean_dice 0.864330 mean_hd95 1.550094
2026-01-19 21:25:22 - idx 10 case patient064_frame01 mean_dice 0.944295 mean_hd95 1.000000
2026-01-19 21:25:23 - idx 11 case patient064_frame12 mean_dice 0.871987 mean_hd95 1.471405
2026-01-19 21:25:24 - idx 12 case patient017_frame01 mean_dice 0.885472 mean_hd95 2.041035
2026-01-19 21:25:25 - idx 13 case patient017_frame09 mean_dice 0.895465 mean_hd95 2.157379
2026-01-19 21:25:26 - idx 14 case patient039_frame01 mean_dice 0.908812 mean_hd95 1.333333
2026-01-19 21:25:27 - idx 15 case patient039_frame10 mean_dice 0.786882 mean_hd95 2.552285
2026-01-19 21:25:28 - idx 16 case patient041_frame01 mean_dice 0.896790 mean_hd95 1.000000
2026-01-19 21:25:28 - idx 17 case patient041_frame11 mean_dice 0.796706 mean_hd95 1.471405
2026-01-19 21:25:30 - idx 18 case patient067_frame01 mean_dice 0.922755 mean_hd95 1.000000
2026-01-19 21:25:31 - idx 19 case patient067_frame10 mean_dice 0.901995 mean_hd95 1.000000
2026-01-19 21:25:31 - Mean class 1 mean_dice 0.802327 mean_hd95 6.616806
2026-01-19 21:25:31 - Mean class 2 mean_dice 0.862536 mean_hd95 1.181577
2026-01-19 21:25:31 - Mean class 3 mean_dice 0.919859 mean_hd95 1.150000
2026-01-19 21:25:31 - val epoch: 20, mean_dice: 0.8615741676093035, mean_hd95: 2.98279438573457, time(s): 21.68
2026-01-19 21:25:32 - train: epoch 21, iter:0, loss: 0.1188, lr: 0.0009054634122155993
2026-01-19 21:25:35 - train: epoch 21, iter:10, loss: 0.1216, lr: 0.0009054634122155993
2026-01-19 21:25:38 - train: epoch 21, iter:20, loss: 0.1241, lr: 0.0009054634122155993
2026-01-19 21:25:41 - train: epoch 21, iter:30, loss: 0.1593, lr: 0.0009054634122155993
2026-01-19 21:25:44 - train: epoch 21, iter:40, loss: 0.1524, lr: 0.0009054634122155993
2026-01-19 21:25:47 - train: epoch 21, iter:50, loss: 0.1433, lr: 0.0009054634122155993
2026-01-19 21:25:50 - train: epoch 21, iter:60, loss: 0.1104, lr: 0.0009054634122155993
2026-01-19 21:25:53 - train: epoch 21, iter:70, loss: 0.1356, lr: 0.0009054634122155993
2026-01-19 21:25:56 - train: epoch 21, iter:80, loss: 0.2183, lr: 0.0009054634122155993
2026-01-19 21:25:57 - Finish one epoch train: epoch 21, loss: 0.1334, time(s): 25.18
2026-01-19 21:25:58 - idx 0 case patient050_frame01 mean_dice 0.887258 mean_hd95 1.138071
2026-01-19 21:25:59 - idx 1 case patient050_frame12 mean_dice 0.793813 mean_hd95 9.211254
2026-01-19 21:26:00 - idx 2 case patient037_frame01 mean_dice 0.847876 mean_hd95 1.244017
2026-01-19 21:26:01 - idx 3 case patient037_frame12 mean_dice 0.750865 mean_hd95 2.230710
2026-01-19 21:26:02 - idx 4 case patient095_frame01 mean_dice 0.931725 mean_hd95 1.000000
2026-01-19 21:26:04 - idx 5 case patient095_frame12 mean_dice 0.902384 mean_hd95 1.276142
2026-01-19 21:26:05 - idx 6 case patient047_frame01 mean_dice 0.865907 mean_hd95 1.471405
2026-01-19 21:26:06 - idx 7 case patient047_frame09 mean_dice 0.832567 mean_hd95 2.324897
2026-01-19 21:26:07 - idx 8 case patient044_frame01 mean_dice 0.896633 mean_hd95 1.333333
2026-01-19 21:26:08 - idx 9 case patient044_frame11 mean_dice 0.857538 mean_hd95 1.804738
2026-01-19 21:26:09 - idx 10 case patient064_frame01 mean_dice 0.945281 mean_hd95 1.000000
2026-01-19 21:26:10 - idx 11 case patient064_frame12 mean_dice 0.876516 mean_hd95 1.360899
2026-01-19 21:26:12 - idx 12 case patient017_frame01 mean_dice 0.869210 mean_hd95 1.804738
2026-01-19 21:26:13 - idx 13 case patient017_frame09 mean_dice 0.886924 mean_hd95 1.483163
2026-01-19 21:26:14 - idx 14 case patient039_frame01 mean_dice 0.924499 mean_hd95 1.000000
2026-01-19 21:26:15 - idx 15 case patient039_frame10 mean_dice 0.829338 mean_hd95 1.794111
2026-01-19 21:26:15 - idx 16 case patient041_frame01 mean_dice 0.897865 mean_hd95 1.000000
2026-01-19 21:26:16 - idx 17 case patient041_frame11 mean_dice 0.807346 mean_hd95 1.550094
2026-01-19 21:26:17 - idx 18 case patient067_frame01 mean_dice 0.892496 mean_hd95 1.333333
2026-01-19 21:26:18 - idx 19 case patient067_frame10 mean_dice 0.898630 mean_hd95 1.000000
2026-01-19 21:26:18 - Mean class 1 mean_dice 0.835771 mean_hd95 3.001632
2026-01-19 21:26:18 - Mean class 2 mean_dice 0.854833 mean_hd95 1.264091
2026-01-19 21:26:18 - Mean class 3 mean_dice 0.918597 mean_hd95 1.188413
2026-01-19 21:26:18 - val epoch: 21, mean_dice: 0.8697335332608107, mean_hd95: 1.8180452532924443, time(s): 21.73
2026-01-19 21:26:19 - train: epoch 22, iter:0, loss: 0.1006, lr: 0.000896126731125967
2026-01-19 21:26:23 - train: epoch 22, iter:10, loss: 0.1543, lr: 0.000896126731125967
2026-01-19 21:26:26 - train: epoch 22, iter:20, loss: 0.1310, lr: 0.000896126731125967
2026-01-19 21:26:29 - train: epoch 22, iter:30, loss: 0.1897, lr: 0.000896126731125967
2026-01-19 21:26:32 - train: epoch 22, iter:40, loss: 0.1229, lr: 0.000896126731125967
2026-01-19 21:26:35 - train: epoch 22, iter:50, loss: 0.0989, lr: 0.000896126731125967
2026-01-19 21:26:38 - train: epoch 22, iter:60, loss: 0.1588, lr: 0.000896126731125967
2026-01-19 21:26:41 - train: epoch 22, iter:70, loss: 0.1309, lr: 0.000896126731125967
2026-01-19 21:26:44 - train: epoch 22, iter:80, loss: 0.1311, lr: 0.000896126731125967
2026-01-19 21:26:44 - Finish one epoch train: epoch 22, loss: 0.1326, time(s): 24.97
2026-01-19 21:26:45 - idx 0 case patient050_frame01 mean_dice 0.857565 mean_hd95 1.727180
2026-01-19 21:26:46 - idx 1 case patient050_frame12 mean_dice 0.781571 mean_hd95 8.788011
2026-01-19 21:26:47 - idx 2 case patient037_frame01 mean_dice 0.831270 mean_hd95 1.720759
2026-01-19 21:26:48 - idx 3 case patient037_frame12 mean_dice 0.754222 mean_hd95 2.217888
2026-01-19 21:26:50 - idx 4 case patient095_frame01 mean_dice 0.932557 mean_hd95 1.000000
2026-01-19 21:26:51 - idx 5 case patient095_frame12 mean_dice 0.902594 mean_hd95 1.276142
2026-01-19 21:26:52 - idx 6 case patient047_frame01 mean_dice 0.885114 mean_hd95 1.276142
2026-01-19 21:26:53 - idx 7 case patient047_frame09 mean_dice 0.831930 mean_hd95 2.285052
2026-01-19 21:26:54 - idx 8 case patient044_frame01 mean_dice 0.915848 mean_hd95 1.000000
2026-01-19 21:26:56 - idx 9 case patient044_frame11 mean_dice 0.869646 mean_hd95 1.471405
2026-01-19 21:26:57 - idx 10 case patient064_frame01 mean_dice 0.947886 mean_hd95 1.000000
2026-01-19 21:26:58 - idx 11 case patient064_frame12 mean_dice 0.874752 mean_hd95 1.138071
2026-01-19 21:26:59 - idx 12 case patient017_frame01 mean_dice 0.905935 mean_hd95 1.000000
2026-01-19 21:27:00 - idx 13 case patient017_frame09 mean_dice 0.915222 mean_hd95 1.000000
2026-01-19 21:27:01 - idx 14 case patient039_frame01 mean_dice 0.926582 mean_hd95 1.000000
2026-01-19 21:27:02 - idx 15 case patient039_frame10 mean_dice 0.760989 mean_hd95 17.542434
2026-01-19 21:27:02 - idx 16 case patient041_frame01 mean_dice 0.900261 mean_hd95 1.000000
2026-01-19 21:27:03 - idx 17 case patient041_frame11 mean_dice 0.821241 mean_hd95 1.333333
2026-01-19 21:27:04 - idx 18 case patient067_frame01 mean_dice 0.924505 mean_hd95 1.000000
2026-01-19 21:27:06 - idx 19 case patient067_frame10 mean_dice 0.874103 mean_hd95 3.581355
2026-01-19 21:27:06 - Mean class 1 mean_dice 0.850681 mean_hd95 3.421875
2026-01-19 21:27:06 - Mean class 2 mean_dice 0.853880 mean_hd95 1.773211
2026-01-19 21:27:06 - Mean class 3 mean_dice 0.907508 mean_hd95 2.658580
2026-01-19 21:27:06 - val epoch: 22, mean_dice: 0.8706897373728397, mean_hd95: 2.617888635925072, time(s): 21.66
2026-01-19 21:27:07 - train: epoch 23, iter:0, loss: 0.1004, lr: 0.000886404055174016
2026-01-19 21:27:10 - train: epoch 23, iter:10, loss: 0.1669, lr: 0.000886404055174016
2026-01-19 21:27:13 - train: epoch 23, iter:20, loss: 0.1595, lr: 0.000886404055174016
2026-01-19 21:27:16 - train: epoch 23, iter:30, loss: 0.1255, lr: 0.000886404055174016
2026-01-19 21:27:19 - train: epoch 23, iter:40, loss: 0.1393, lr: 0.000886404055174016
2026-01-19 21:27:22 - train: epoch 23, iter:50, loss: 0.1281, lr: 0.000886404055174016
2026-01-19 21:27:25 - train: epoch 23, iter:60, loss: 0.1614, lr: 0.000886404055174016
2026-01-19 21:27:28 - train: epoch 23, iter:70, loss: 0.1063, lr: 0.000886404055174016
2026-01-19 21:27:31 - train: epoch 23, iter:80, loss: 0.1518, lr: 0.000886404055174016
2026-01-19 21:27:31 - Finish one epoch train: epoch 23, loss: 0.1351, time(s): 25.16
2026-01-19 21:27:33 - idx 0 case patient050_frame01 mean_dice 0.876522 mean_hd95 1.244017
2026-01-19 21:27:34 - idx 1 case patient050_frame12 mean_dice 0.828482 mean_hd95 2.054093
2026-01-19 21:27:35 - idx 2 case patient037_frame01 mean_dice 0.873801 mean_hd95 1.138071
2026-01-19 21:27:36 - idx 3 case patient037_frame12 mean_dice 0.495371 mean_hd95 8.610173
2026-01-19 21:27:37 - idx 4 case patient095_frame01 mean_dice 0.929613 mean_hd95 1.000000
2026-01-19 21:27:39 - idx 5 case patient095_frame12 mean_dice 0.874389 mean_hd95 1.804738
2026-01-19 21:27:40 - idx 6 case patient047_frame01 mean_dice 0.824515 mean_hd95 10.927594
2026-01-19 21:27:41 - idx 7 case patient047_frame09 mean_dice 0.673208 mean_hd95 11.534238
2026-01-19 21:27:42 - idx 8 case patient044_frame01 mean_dice 0.906517 mean_hd95 1.000000
2026-01-19 21:27:43 - idx 9 case patient044_frame11 mean_dice 0.861511 mean_hd95 1.550094
2026-01-19 21:27:44 - idx 10 case patient064_frame01 mean_dice 0.940881 mean_hd95 1.000000
2026-01-19 21:27:45 - idx 11 case patient064_frame12 mean_dice 0.869505 mean_hd95 1.138071
2026-01-19 21:27:46 - idx 12 case patient017_frame01 mean_dice 0.907730 mean_hd95 1.000000
2026-01-19 21:27:47 - idx 13 case patient017_frame09 mean_dice 0.923398 mean_hd95 1.000000
2026-01-19 21:27:48 - idx 14 case patient039_frame01 mean_dice 0.917488 mean_hd95 1.138071
2026-01-19 21:27:49 - idx 15 case patient039_frame10 mean_dice 0.684790 mean_hd95 13.460186
2026-01-19 21:27:50 - idx 16 case patient041_frame01 mean_dice 0.903494 mean_hd95 1.000000
2026-01-19 21:27:51 - idx 17 case patient041_frame11 mean_dice 0.846382 mean_hd95 1.138071
2026-01-19 21:27:52 - idx 18 case patient067_frame01 mean_dice 0.914003 mean_hd95 1.000000
2026-01-19 21:27:53 - idx 19 case patient067_frame10 mean_dice 0.906896 mean_hd95 1.000000
2026-01-19 21:27:53 - Mean class 1 mean_dice 0.785350 mean_hd95 5.434238
2026-01-19 21:27:53 - Mean class 2 mean_dice 0.856155 mean_hd95 1.657132
2026-01-19 21:27:53 - Mean class 3 mean_dice 0.902270 mean_hd95 2.469243
2026-01-19 21:27:53 - val epoch: 23, mean_dice: 0.8479248330603988, mean_hd95: 3.186870823795235, time(s): 21.66
2026-01-19 21:27:54 - train: epoch 24, iter:0, loss: 0.1053, lr: 0.0008763049794670778
2026-01-19 21:27:57 - train: epoch 24, iter:10, loss: 0.1542, lr: 0.0008763049794670778
2026-01-19 21:28:00 - train: epoch 24, iter:20, loss: 0.1817, lr: 0.0008763049794670778
2026-01-19 21:28:03 - train: epoch 24, iter:30, loss: 0.1160, lr: 0.0008763049794670778
2026-01-19 21:28:06 - train: epoch 24, iter:40, loss: 0.1371, lr: 0.0008763049794670778
2026-01-19 21:28:09 - train: epoch 24, iter:50, loss: 0.1320, lr: 0.0008763049794670778
2026-01-19 21:28:12 - train: epoch 24, iter:60, loss: 0.1227, lr: 0.0008763049794670778
2026-01-19 21:28:15 - train: epoch 24, iter:70, loss: 0.1477, lr: 0.0008763049794670778
2026-01-19 21:28:18 - train: epoch 24, iter:80, loss: 0.1797, lr: 0.0008763049794670778
2026-01-19 21:28:19 - Finish one epoch train: epoch 24, loss: 0.1369, time(s): 24.81
2026-01-19 21:28:20 - idx 0 case patient050_frame01 mean_dice 0.880045 mean_hd95 1.276142
2026-01-19 21:28:21 - idx 1 case patient050_frame12 mean_dice 0.777372 mean_hd95 9.898016
2026-01-19 21:28:22 - idx 2 case patient037_frame01 mean_dice 0.845377 mean_hd95 1.412023
2026-01-19 21:28:23 - idx 3 case patient037_frame12 mean_dice 0.735184 mean_hd95 3.511798
2026-01-19 21:28:24 - idx 4 case patient095_frame01 mean_dice 0.928335 mean_hd95 1.000000
2026-01-19 21:28:26 - idx 5 case patient095_frame12 mean_dice 0.875840 mean_hd95 1.688165
2026-01-19 21:28:27 - idx 6 case patient047_frame01 mean_dice 0.828348 mean_hd95 8.845735
2026-01-19 21:28:28 - idx 7 case patient047_frame09 mean_dice 0.780106 mean_hd95 9.606405
2026-01-19 21:28:29 - idx 8 case patient044_frame01 mean_dice 0.880260 mean_hd95 1.666667
2026-01-19 21:28:30 - idx 9 case patient044_frame11 mean_dice 0.806549 mean_hd95 3.185352
2026-01-19 21:28:31 - idx 10 case patient064_frame01 mean_dice 0.945777 mean_hd95 1.000000
2026-01-19 21:28:32 - idx 11 case patient064_frame12 mean_dice 0.923309 mean_hd95 1.000000
2026-01-19 21:28:33 - idx 12 case patient017_frame01 mean_dice 0.917859 mean_hd95 1.000000
2026-01-19 21:28:34 - idx 13 case patient017_frame09 mean_dice 0.921018 mean_hd95 1.000000
2026-01-19 21:28:35 - idx 14 case patient039_frame01 mean_dice 0.925183 mean_hd95 1.000000
2026-01-19 21:28:36 - idx 15 case patient039_frame10 mean_dice 0.873961 mean_hd95 1.577350
2026-01-19 21:28:37 - idx 16 case patient041_frame01 mean_dice 0.886915 mean_hd95 1.000000
2026-01-19 21:28:38 - idx 17 case patient041_frame11 mean_dice 0.808869 mean_hd95 1.577350
2026-01-19 21:28:39 - idx 18 case patient067_frame01 mean_dice 0.870185 mean_hd95 1.853493
2026-01-19 21:28:40 - idx 19 case patient067_frame10 mean_dice 0.886895 mean_hd95 1.138071
2026-01-19 21:28:40 - Mean class 1 mean_dice 0.816328 mean_hd95 5.451617
2026-01-19 21:28:40 - Mean class 2 mean_dice 0.850527 mean_hd95 1.400365
2026-01-19 21:28:40 - Mean class 3 mean_dice 0.927753 mean_hd95 1.283502
2026-01-19 21:28:40 - val epoch: 24, mean_dice: 0.8648693927844185, mean_hd95: 2.711828339115316, time(s): 21.76
2026-01-19 21:28:41 - train: epoch 25, iter:0, loss: 0.1138, lr: 0.000865839470573599
2026-01-19 21:28:44 - train: epoch 25, iter:10, loss: 0.1026, lr: 0.000865839470573599
2026-01-19 21:28:47 - train: epoch 25, iter:20, loss: 0.1059, lr: 0.000865839470573599
2026-01-19 21:28:50 - train: epoch 25, iter:30, loss: 0.1387, lr: 0.000865839470573599
2026-01-19 21:28:53 - train: epoch 25, iter:40, loss: 0.1068, lr: 0.000865839470573599
2026-01-19 21:28:57 - train: epoch 25, iter:50, loss: 0.1322, lr: 0.000865839470573599
2026-01-19 21:29:00 - train: epoch 25, iter:60, loss: 0.1245, lr: 0.000865839470573599
2026-01-19 21:29:03 - train: epoch 25, iter:70, loss: 0.1328, lr: 0.000865839470573599
2026-01-19 21:29:06 - train: epoch 25, iter:80, loss: 0.1529, lr: 0.000865839470573599
2026-01-19 21:29:06 - Finish one epoch train: epoch 25, loss: 0.1246, time(s): 25.09
2026-01-19 21:29:07 - idx 0 case patient050_frame01 mean_dice 0.878912 mean_hd95 1.656040
2026-01-19 21:29:08 - idx 1 case patient050_frame12 mean_dice 0.845467 mean_hd95 1.913886
2026-01-19 21:29:09 - idx 2 case patient037_frame01 mean_dice 0.854734 mean_hd95 1.412023
2026-01-19 21:29:10 - idx 3 case patient037_frame12 mean_dice 0.679689 mean_hd95 2.745356
2026-01-19 21:29:11 - idx 4 case patient095_frame01 mean_dice 0.927960 mean_hd95 1.000000
2026-01-19 21:29:13 - idx 5 case patient095_frame12 mean_dice 0.859898 mean_hd95 1.804738
2026-01-19 21:29:14 - idx 6 case patient047_frame01 mean_dice 0.870106 mean_hd95 8.614759
2026-01-19 21:29:15 - idx 7 case patient047_frame09 mean_dice 0.793489 mean_hd95 10.127945
2026-01-19 21:29:16 - idx 8 case patient044_frame01 mean_dice 0.912334 mean_hd95 1.138071
2026-01-19 21:29:17 - idx 9 case patient044_frame11 mean_dice 0.857293 mean_hd95 1.858830
2026-01-19 21:29:19 - idx 10 case patient064_frame01 mean_dice 0.945287 mean_hd95 1.000000
2026-01-19 21:29:20 - idx 11 case patient064_frame12 mean_dice 0.873956 mean_hd95 1.244017
2026-01-19 21:29:21 - idx 12 case patient017_frame01 mean_dice 0.895628 mean_hd95 1.333333
2026-01-19 21:29:22 - idx 13 case patient017_frame09 mean_dice 0.910207 mean_hd95 1.244017
2026-01-19 21:29:23 - idx 14 case patient039_frame01 mean_dice 0.921254 mean_hd95 1.000000
2026-01-19 21:29:24 - idx 15 case patient039_frame10 mean_dice 0.667931 mean_hd95 13.830767
2026-01-19 21:29:24 - idx 16 case patient041_frame01 mean_dice 0.899597 mean_hd95 1.000000
2026-01-19 21:29:25 - idx 17 case patient041_frame11 mean_dice 0.820102 mean_hd95 1.989373
2026-01-19 21:29:26 - idx 18 case patient067_frame01 mean_dice 0.906432 mean_hd95 1.138071
2026-01-19 21:29:28 - idx 19 case patient067_frame10 mean_dice 0.901267 mean_hd95 1.000000
2026-01-19 21:29:28 - Mean class 1 mean_dice 0.815164 mean_hd95 4.187042
2026-01-19 21:29:28 - Mean class 2 mean_dice 0.858035 mean_hd95 1.857754
2026-01-19 21:29:28 - Mean class 3 mean_dice 0.910033 mean_hd95 2.512888
2026-01-19 21:29:28 - val epoch: 25, mean_dice: 0.8610772294594046, mean_hd95: 2.852561278896243, time(s): 21.75
2026-01-19 21:29:29 - train: epoch 26, iter:0, loss: 0.1356, lr: 0.0008550178566873413
2026-01-19 21:29:32 - train: epoch 26, iter:10, loss: 0.1243, lr: 0.0008550178566873413
2026-01-19 21:29:35 - train: epoch 26, iter:20, loss: 0.1470, lr: 0.0008550178566873413
2026-01-19 21:29:38 - train: epoch 26, iter:30, loss: 0.1126, lr: 0.0008550178566873413
2026-01-19 21:29:41 - train: epoch 26, iter:40, loss: 0.1437, lr: 0.0008550178566873413
2026-01-19 21:29:45 - train: epoch 26, iter:50, loss: 0.1192, lr: 0.0008550178566873413
2026-01-19 21:29:48 - train: epoch 26, iter:60, loss: 0.1140, lr: 0.0008550178566873413
2026-01-19 21:29:51 - train: epoch 26, iter:70, loss: 0.1367, lr: 0.0008550178566873413
2026-01-19 21:29:54 - train: epoch 26, iter:80, loss: 0.1666, lr: 0.0008550178566873413
2026-01-19 21:29:55 - Finish one epoch train: epoch 26, loss: 0.1316, time(s): 26.46
2026-01-19 21:29:56 - idx 0 case patient050_frame01 mean_dice 0.896623 mean_hd95 1.000000
2026-01-19 21:29:57 - idx 1 case patient050_frame12 mean_dice 0.785692 mean_hd95 8.169337
2026-01-19 21:29:58 - idx 2 case patient037_frame01 mean_dice 0.845355 mean_hd95 2.000000
2026-01-19 21:29:59 - idx 3 case patient037_frame12 mean_dice 0.680622 mean_hd95 6.460619
2026-01-19 21:30:01 - idx 4 case patient095_frame01 mean_dice 0.927933 mean_hd95 1.000000
2026-01-19 21:30:02 - idx 5 case patient095_frame12 mean_dice 0.913512 mean_hd95 1.138071
2026-01-19 21:30:03 - idx 6 case patient047_frame01 mean_dice 0.858631 mean_hd95 10.535314
2026-01-19 21:30:04 - idx 7 case patient047_frame09 mean_dice 0.797102 mean_hd95 11.248769
2026-01-19 21:30:05 - idx 8 case patient044_frame01 mean_dice 0.917113 mean_hd95 1.000000
2026-01-19 21:30:07 - idx 9 case patient044_frame11 mean_dice 0.869196 mean_hd95 1.745356
2026-01-19 21:30:08 - idx 10 case patient064_frame01 mean_dice 0.943882 mean_hd95 1.000000
2026-01-19 21:30:09 - idx 11 case patient064_frame12 mean_dice 0.881164 mean_hd95 1.138071
2026-01-19 21:30:10 - idx 12 case patient017_frame01 mean_dice 0.903346 mean_hd95 1.000000
2026-01-19 21:30:11 - idx 13 case patient017_frame09 mean_dice 0.917524 mean_hd95 1.000000
2026-01-19 21:30:12 - idx 14 case patient039_frame01 mean_dice 0.931348 mean_hd95 1.000000
2026-01-19 21:30:13 - idx 15 case patient039_frame10 mean_dice 0.818674 mean_hd95 1.333333
2026-01-19 21:30:14 - idx 16 case patient041_frame01 mean_dice 0.898898 mean_hd95 1.000000
2026-01-19 21:30:14 - idx 17 case patient041_frame11 mean_dice 0.795448 mean_hd95 2.157379
2026-01-19 21:30:16 - idx 18 case patient067_frame01 mean_dice 0.905369 mean_hd95 1.138071
2026-01-19 21:30:17 - idx 19 case patient067_frame10 mean_dice 0.898963 mean_hd95 1.000000
2026-01-19 21:30:17 - Mean class 1 mean_dice 0.840294 mean_hd95 5.885543
2026-01-19 21:30:17 - Mean class 2 mean_dice 0.855075 mean_hd95 1.341591
2026-01-19 21:30:17 - Mean class 3 mean_dice 0.912591 mean_hd95 1.182514
2026-01-19 21:30:17 - val epoch: 26, mean_dice: 0.8693197253868771, mean_hd95: 2.803216023425863, time(s): 22.16
2026-01-19 21:30:18 - train: epoch 27, iter:0, loss: 0.1135, lr: 0.0008438508174347012
2026-01-19 21:30:21 - train: epoch 27, iter:10, loss: 0.1061, lr: 0.0008438508174347012
2026-01-19 21:30:24 - train: epoch 27, iter:20, loss: 0.1216, lr: 0.0008438508174347012
2026-01-19 21:30:27 - train: epoch 27, iter:30, loss: 0.1098, lr: 0.0008438508174347012
2026-01-19 21:30:30 - train: epoch 27, iter:40, loss: 0.1488, lr: 0.0008438508174347012
2026-01-19 21:30:33 - train: epoch 27, iter:50, loss: 0.1456, lr: 0.0008438508174347012
2026-01-19 21:30:36 - train: epoch 27, iter:60, loss: 0.1284, lr: 0.0008438508174347012
2026-01-19 21:30:40 - train: epoch 27, iter:70, loss: 0.1272, lr: 0.0008438508174347012
2026-01-19 21:30:43 - train: epoch 27, iter:80, loss: 0.0927, lr: 0.0008438508174347012
2026-01-19 21:30:43 - Finish one epoch train: epoch 27, loss: 0.1236, time(s): 25.53
2026-01-19 21:30:44 - idx 0 case patient050_frame01 mean_dice 0.871835 mean_hd95 7.215101
2026-01-19 21:30:45 - idx 1 case patient050_frame12 mean_dice 0.741822 mean_hd95 8.558168
2026-01-19 21:30:46 - idx 2 case patient037_frame01 mean_dice 0.850860 mean_hd95 1.412023
2026-01-19 21:30:47 - idx 3 case patient037_frame12 mean_dice 0.775790 mean_hd95 2.385290
2026-01-19 21:30:49 - idx 4 case patient095_frame01 mean_dice 0.931882 mean_hd95 1.000000
2026-01-19 21:30:50 - idx 5 case patient095_frame12 mean_dice 0.905272 mean_hd95 1.276142
2026-01-19 21:30:52 - idx 6 case patient047_frame01 mean_dice 0.882230 mean_hd95 1.276142
2026-01-19 21:30:53 - idx 7 case patient047_frame09 mean_dice 0.842005 mean_hd95 1.804738
2026-01-19 21:30:54 - idx 8 case patient044_frame01 mean_dice 0.916367 mean_hd95 1.000000
2026-01-19 21:30:55 - idx 9 case patient044_frame11 mean_dice 0.838939 mean_hd95 5.656040
2026-01-19 21:30:56 - idx 10 case patient064_frame01 mean_dice 0.949665 mean_hd95 1.000000
2026-01-19 21:30:57 - idx 11 case patient064_frame12 mean_dice 0.885237 mean_hd95 1.138071
2026-01-19 21:30:58 - idx 12 case patient017_frame01 mean_dice 0.901855 mean_hd95 1.333333
2026-01-19 21:30:59 - idx 13 case patient017_frame09 mean_dice 0.918390 mean_hd95 1.138071
2026-01-19 21:31:00 - idx 14 case patient039_frame01 mean_dice 0.920634 mean_hd95 1.138071
2026-01-19 21:31:01 - idx 15 case patient039_frame10 mean_dice 0.805519 mean_hd95 3.425399
2026-01-19 21:31:02 - idx 16 case patient041_frame01 mean_dice 0.894739 mean_hd95 1.000000
2026-01-19 21:31:03 - idx 17 case patient041_frame11 mean_dice 0.777315 mean_hd95 2.759306
2026-01-19 21:31:04 - idx 18 case patient067_frame01 mean_dice 0.910768 mean_hd95 1.000000
2026-01-19 21:31:05 - idx 19 case patient067_frame10 mean_dice 0.906423 mean_hd95 1.000000
2026-01-19 21:31:05 - Mean class 1 mean_dice 0.838292 mean_hd95 3.732240
2026-01-19 21:31:05 - Mean class 2 mean_dice 0.860338 mean_hd95 1.410538
2026-01-19 21:31:05 - Mean class 3 mean_dice 0.915501 mean_hd95 1.834607
2026-01-19 21:31:05 - val epoch: 27, mean_dice: 0.8713772435914082, mean_hd95: 2.3257948002092594, time(s): 22.19
2026-01-19 21:31:06 - train: epoch 28, iter:0, loss: 0.1188, lr: 0.000832349373335208
2026-01-19 21:31:09 - train: epoch 28, iter:10, loss: 0.1316, lr: 0.000832349373335208
2026-01-19 21:31:12 - train: epoch 28, iter:20, loss: 0.1272, lr: 0.000832349373335208
2026-01-19 21:31:15 - train: epoch 28, iter:30, loss: 0.1141, lr: 0.000832349373335208
2026-01-19 21:31:19 - train: epoch 28, iter:40, loss: 0.1037, lr: 0.000832349373335208
2026-01-19 21:31:22 - train: epoch 28, iter:50, loss: 0.1301, lr: 0.000832349373335208
2026-01-19 21:31:25 - train: epoch 28, iter:60, loss: 0.0902, lr: 0.000832349373335208
2026-01-19 21:31:28 - train: epoch 28, iter:70, loss: 0.1024, lr: 0.000832349373335208
2026-01-19 21:31:31 - train: epoch 28, iter:80, loss: 0.0995, lr: 0.000832349373335208
2026-01-19 21:31:31 - Finish one epoch train: epoch 28, loss: 0.1168, time(s): 25.09
2026-01-19 21:31:32 - idx 0 case patient050_frame01 mean_dice 0.853751 mean_hd95 7.525049
2026-01-19 21:31:33 - idx 1 case patient050_frame12 mean_dice 0.754356 mean_hd95 9.886027
2026-01-19 21:31:34 - idx 2 case patient037_frame01 mean_dice 0.868744 mean_hd95 1.412023
2026-01-19 21:31:35 - idx 3 case patient037_frame12 mean_dice 0.761789 mean_hd95 2.339922
2026-01-19 21:31:37 - idx 4 case patient095_frame01 mean_dice 0.936335 mean_hd95 1.000000
2026-01-19 21:31:38 - idx 5 case patient095_frame12 mean_dice 0.884491 mean_hd95 1.804738
2026-01-19 21:31:39 - idx 6 case patient047_frame01 mean_dice 0.847553 mean_hd95 4.998632
2026-01-19 21:31:40 - idx 7 case patient047_frame09 mean_dice 0.748397 mean_hd95 6.956803
2026-01-19 21:31:42 - idx 8 case patient044_frame01 mean_dice 0.917842 mean_hd95 1.000000
2026-01-19 21:31:43 - idx 9 case patient044_frame11 mean_dice 0.871059 mean_hd95 1.382088
2026-01-19 21:31:44 - idx 10 case patient064_frame01 mean_dice 0.948168 mean_hd95 1.000000
2026-01-19 21:31:45 - idx 11 case patient064_frame12 mean_dice 0.894722 mean_hd95 1.138071
2026-01-19 21:31:46 - idx 12 case patient017_frame01 mean_dice 0.901377 mean_hd95 1.138071
2026-01-19 21:31:47 - idx 13 case patient017_frame09 mean_dice 0.921566 mean_hd95 1.138071
2026-01-19 21:31:48 - idx 14 case patient039_frame01 mean_dice 0.926547 mean_hd95 1.000000
2026-01-19 21:31:50 - idx 15 case patient039_frame10 mean_dice 0.722545 mean_hd95 13.243890
2026-01-19 21:31:50 - idx 16 case patient041_frame01 mean_dice 0.891461 mean_hd95 1.000000
2026-01-19 21:31:51 - idx 17 case patient041_frame11 mean_dice 0.874045 mean_hd95 1.138071
2026-01-19 21:31:52 - idx 18 case patient067_frame01 mean_dice 0.911135 mean_hd95 1.000000
2026-01-19 21:31:53 - idx 19 case patient067_frame10 mean_dice 0.897322 mean_hd95 1.000000
2026-01-19 21:31:53 - Mean class 1 mean_dice 0.822864 mean_hd95 5.157097
2026-01-19 21:31:53 - Mean class 2 mean_dice 0.860379 mean_hd95 1.496037
2026-01-19 21:31:53 - Mean class 3 mean_dice 0.916738 mean_hd95 2.512084
2026-01-19 21:31:53 - val epoch: 28, mean_dice: 0.8666604051204151, mean_hd95: 3.0550727861120173, time(s): 22.46
2026-01-19 21:31:54 - train: epoch 29, iter:0, loss: 0.0908, lr: 0.0008205248749256018
2026-01-19 21:31:57 - train: epoch 29, iter:10, loss: 0.1014, lr: 0.0008205248749256018
2026-01-19 21:32:00 - train: epoch 29, iter:20, loss: 0.1243, lr: 0.0008205248749256018
2026-01-19 21:32:03 - train: epoch 29, iter:30, loss: 0.1186, lr: 0.0008205248749256018
2026-01-19 21:32:06 - train: epoch 29, iter:40, loss: 0.1036, lr: 0.0008205248749256018
2026-01-19 21:32:09 - train: epoch 29, iter:50, loss: 0.1048, lr: 0.0008205248749256018
2026-01-19 21:32:12 - train: epoch 29, iter:60, loss: 0.1162, lr: 0.0008205248749256018
2026-01-19 21:32:15 - train: epoch 29, iter:70, loss: 0.1101, lr: 0.0008205248749256018
2026-01-19 21:32:19 - train: epoch 29, iter:80, loss: 0.1168, lr: 0.0008205248749256018
2026-01-19 21:32:19 - Finish one epoch train: epoch 29, loss: 0.1201, time(s): 24.77
2026-01-19 21:32:20 - idx 0 case patient050_frame01 mean_dice 0.870984 mean_hd95 7.716571
2026-01-19 21:32:21 - idx 1 case patient050_frame12 mean_dice 0.777812 mean_hd95 10.597359
2026-01-19 21:32:22 - idx 2 case patient037_frame01 mean_dice 0.827565 mean_hd95 1.868517
2026-01-19 21:32:23 - idx 3 case patient037_frame12 mean_dice 0.554144 mean_hd95 6.823209
2026-01-19 21:32:24 - idx 4 case patient095_frame01 mean_dice 0.936917 mean_hd95 1.000000
2026-01-19 21:32:26 - idx 5 case patient095_frame12 mean_dice 0.882807 mean_hd95 1.666667
2026-01-19 21:32:27 - idx 6 case patient047_frame01 mean_dice 0.844439 mean_hd95 1.868517
2026-01-19 21:32:28 - idx 7 case patient047_frame09 mean_dice 0.705392 mean_hd95 6.567163
2026-01-19 21:32:29 - idx 8 case patient044_frame01 mean_dice 0.860977 mean_hd95 1.276142
2026-01-19 21:32:30 - idx 9 case patient044_frame11 mean_dice 0.831552 mean_hd95 1.621234
2026-01-19 21:32:31 - idx 10 case patient064_frame01 mean_dice 0.946653 mean_hd95 1.000000
2026-01-19 21:32:32 - idx 11 case patient064_frame12 mean_dice 0.860745 mean_hd95 1.244017
2026-01-19 21:32:33 - idx 12 case patient017_frame01 mean_dice 0.889899 mean_hd95 1.412023
2026-01-19 21:32:35 - idx 13 case patient017_frame09 mean_dice 0.909326 mean_hd95 1.333333
2026-01-19 21:32:36 - idx 14 case patient039_frame01 mean_dice 0.923170 mean_hd95 1.000000
2026-01-19 21:32:37 - idx 15 case patient039_frame10 mean_dice 0.635303 mean_hd95 3.622662
2026-01-19 21:32:37 - idx 16 case patient041_frame01 mean_dice 0.901163 mean_hd95 1.000000
2026-01-19 21:32:38 - idx 17 case patient041_frame11 mean_dice 0.860707 mean_hd95 1.333333
2026-01-19 21:32:39 - idx 18 case patient067_frame01 mean_dice 0.714228 mean_hd95 4.488030
2026-01-19 21:32:40 - idx 19 case patient067_frame10 mean_dice 0.906364 mean_hd95 1.000000
2026-01-19 21:32:40 - Mean class 1 mean_dice 0.733860 mean_hd95 6.242977
2026-01-19 21:32:40 - Mean class 2 mean_dice 0.851037 mean_hd95 1.312630
2026-01-19 21:32:40 - Mean class 3 mean_dice 0.911125 mean_hd95 1.210209
2026-01-19 21:32:40 - val epoch: 29, mean_dice: 0.8320074185357731, mean_hd95: 2.9219388698978026, time(s): 21.50
2026-01-19 21:32:41 - train: epoch 30, iter:0, loss: 0.1343, lr: 0.0008083889915582238
2026-01-19 21:32:44 - train: epoch 30, iter:10, loss: 0.1709, lr: 0.0008083889915582238
2026-01-19 21:32:47 - train: epoch 30, iter:20, loss: 0.1082, lr: 0.0008083889915582238
2026-01-19 21:32:50 - train: epoch 30, iter:30, loss: 0.1429, lr: 0.0008083889915582238
2026-01-19 21:32:54 - train: epoch 30, iter:40, loss: 0.1273, lr: 0.0008083889915582238
2026-01-19 21:32:57 - train: epoch 30, iter:50, loss: 0.1290, lr: 0.0008083889915582238
2026-01-19 21:33:00 - train: epoch 30, iter:60, loss: 0.1220, lr: 0.0008083889915582238
2026-01-19 21:33:03 - train: epoch 30, iter:70, loss: 0.1262, lr: 0.0008083889915582238
2026-01-19 21:33:06 - train: epoch 30, iter:80, loss: 0.1202, lr: 0.0008083889915582238
2026-01-19 21:33:06 - Finish one epoch train: epoch 30, loss: 0.1388, time(s): 25.62
2026-01-19 21:33:08 - idx 0 case patient050_frame01 mean_dice 0.875415 mean_hd95 1.883427
2026-01-19 21:33:09 - idx 1 case patient050_frame12 mean_dice 0.751841 mean_hd95 3.905874
2026-01-19 21:33:10 - idx 2 case patient037_frame01 mean_dice 0.850702 mean_hd95 1.333333
2026-01-19 21:33:10 - idx 3 case patient037_frame12 mean_dice 0.733172 mean_hd95 2.433521
2026-01-19 21:33:12 - idx 4 case patient095_frame01 mean_dice 0.933274 mean_hd95 1.000000
2026-01-19 21:33:13 - idx 5 case patient095_frame12 mean_dice 0.900246 mean_hd95 1.276142
2026-01-19 21:33:15 - idx 6 case patient047_frame01 mean_dice 0.874643 mean_hd95 1.577350
2026-01-19 21:33:16 - idx 7 case patient047_frame09 mean_dice 0.835892 mean_hd95 2.414214
2026-01-19 21:33:17 - idx 8 case patient044_frame01 mean_dice 0.908377 mean_hd95 1.000000
2026-01-19 21:33:18 - idx 9 case patient044_frame11 mean_dice 0.841213 mean_hd95 4.718864
2026-01-19 21:33:19 - idx 10 case patient064_frame01 mean_dice 0.949967 mean_hd95 1.000000
2026-01-19 21:33:20 - idx 11 case patient064_frame12 mean_dice 0.886131 mean_hd95 1.138071
2026-01-19 21:33:21 - idx 12 case patient017_frame01 mean_dice 0.914264 mean_hd95 1.000000
2026-01-19 21:33:22 - idx 13 case patient017_frame09 mean_dice 0.933158 mean_hd95 1.000000
2026-01-19 21:33:23 - idx 14 case patient039_frame01 mean_dice 0.931542 mean_hd95 1.000000
2026-01-19 21:33:24 - idx 15 case patient039_frame10 mean_dice 0.825702 mean_hd95 2.078689
2026-01-19 21:33:25 - idx 16 case patient041_frame01 mean_dice 0.895784 mean_hd95 1.000000
2026-01-19 21:33:25 - idx 17 case patient041_frame11 mean_dice 0.822831 mean_hd95 1.333333
2026-01-19 21:33:27 - idx 18 case patient067_frame01 mean_dice 0.907030 mean_hd95 1.138071
2026-01-19 21:33:28 - idx 19 case patient067_frame10 mean_dice 0.906583 mean_hd95 1.000000
2026-01-19 21:33:28 - Mean class 1 mean_dice 0.854082 mean_hd95 1.715196
2026-01-19 21:33:28 - Mean class 2 mean_dice 0.856351 mean_hd95 1.517290
2026-01-19 21:33:28 - Mean class 3 mean_dice 0.911232 mean_hd95 1.752147
2026-01-19 21:33:28 - val epoch: 30, mean_dice: 0.8738883326109165, mean_hd95: 1.6615445694862674, time(s): 21.68
2026-01-19 21:33:29 - train: epoch 31, iter:0, loss: 0.1131, lr: 0.0007959536998847747
2026-01-19 21:33:32 - train: epoch 31, iter:10, loss: 0.1247, lr: 0.0007959536998847747
2026-01-19 21:33:35 - train: epoch 31, iter:20, loss: 0.1152, lr: 0.0007959536998847747
2026-01-19 21:33:38 - train: epoch 31, iter:30, loss: 0.1083, lr: 0.0007959536998847747
2026-01-19 21:33:41 - train: epoch 31, iter:40, loss: 0.1372, lr: 0.0007959536998847747
2026-01-19 21:33:45 - train: epoch 31, iter:50, loss: 0.0902, lr: 0.0007959536998847747
2026-01-19 21:33:48 - train: epoch 31, iter:60, loss: 0.0959, lr: 0.0007959536998847747
2026-01-19 21:33:51 - train: epoch 31, iter:70, loss: 0.1153, lr: 0.0007959536998847747
2026-01-19 21:33:54 - train: epoch 31, iter:80, loss: 0.1170, lr: 0.0007959536998847747
2026-01-19 21:33:54 - Finish one epoch train: epoch 31, loss: 0.1220, time(s): 25.34
2026-01-19 21:33:55 - idx 0 case patient050_frame01 mean_dice 0.894020 mean_hd95 1.333333
2026-01-19 21:33:57 - idx 1 case patient050_frame12 mean_dice 0.776092 mean_hd95 9.304381
2026-01-19 21:33:57 - idx 2 case patient037_frame01 mean_dice 0.848286 mean_hd95 1.333333
2026-01-19 21:33:58 - idx 3 case patient037_frame12 mean_dice 0.745687 mean_hd95 7.095598
2026-01-19 21:34:00 - idx 4 case patient095_frame01 mean_dice 0.935036 mean_hd95 1.000000
2026-01-19 21:34:01 - idx 5 case patient095_frame12 mean_dice 0.893582 mean_hd95 1.609476
2026-01-19 21:34:02 - idx 6 case patient047_frame01 mean_dice 0.878436 mean_hd95 1.804738
2026-01-19 21:34:03 - idx 7 case patient047_frame09 mean_dice 0.838586 mean_hd95 6.072758
2026-01-19 21:34:05 - idx 8 case patient044_frame01 mean_dice 0.924627 mean_hd95 1.000000
2026-01-19 21:34:06 - idx 9 case patient044_frame11 mean_dice 0.827036 mean_hd95 3.006588
2026-01-19 21:34:07 - idx 10 case patient064_frame01 mean_dice 0.950687 mean_hd95 1.000000
2026-01-19 21:34:08 - idx 11 case patient064_frame12 mean_dice 0.935050 mean_hd95 1.000000
2026-01-19 21:34:09 - idx 12 case patient017_frame01 mean_dice 0.917526 mean_hd95 1.000000
2026-01-19 21:34:10 - idx 13 case patient017_frame09 mean_dice 0.933560 mean_hd95 1.000000
2026-01-19 21:34:11 - idx 14 case patient039_frame01 mean_dice 0.924644 mean_hd95 1.138071
2026-01-19 21:34:12 - idx 15 case patient039_frame10 mean_dice 0.821979 mean_hd95 12.156959
2026-01-19 21:34:13 - idx 16 case patient041_frame01 mean_dice 0.900335 mean_hd95 1.000000
2026-01-19 21:34:13 - idx 17 case patient041_frame11 mean_dice 0.840815 mean_hd95 1.333333
2026-01-19 21:34:15 - idx 18 case patient067_frame01 mean_dice 0.914518 mean_hd95 1.138071
2026-01-19 21:34:16 - idx 19 case patient067_frame10 mean_dice 0.876366 mean_hd95 2.280540
2026-01-19 21:34:16 - Mean class 1 mean_dice 0.847868 mean_hd95 3.565673
2026-01-19 21:34:16 - Mean class 2 mean_dice 0.866187 mean_hd95 1.502585
2026-01-19 21:34:16 - Mean class 3 mean_dice 0.922475 mean_hd95 3.422819
2026-01-19 21:34:16 - val epoch: 31, mean_dice: 0.8788433685039833, mean_hd95: 2.83035899629135, time(s): 21.82
2026-01-19 21:34:17 - train: epoch 32, iter:0, loss: 0.1283, lr: 0.0007832312720368051
2026-01-19 21:34:20 - train: epoch 32, iter:10, loss: 0.0983, lr: 0.0007832312720368051
2026-01-19 21:34:23 - train: epoch 32, iter:20, loss: 0.1090, lr: 0.0007832312720368051
2026-01-19 21:34:26 - train: epoch 32, iter:30, loss: 0.1264, lr: 0.0007832312720368051
2026-01-19 21:34:30 - train: epoch 32, iter:40, loss: 0.1044, lr: 0.0007832312720368051
2026-01-19 21:34:33 - train: epoch 32, iter:50, loss: 0.1557, lr: 0.0007832312720368051
2026-01-19 21:34:36 - train: epoch 32, iter:60, loss: 0.0995, lr: 0.0007832312720368051
2026-01-19 21:34:40 - train: epoch 32, iter:70, loss: 0.0982, lr: 0.0007832312720368051
2026-01-19 21:34:43 - train: epoch 32, iter:80, loss: 0.1227, lr: 0.0007832312720368051
2026-01-19 21:34:43 - Finish one epoch train: epoch 32, loss: 0.1127, time(s): 26.46
2026-01-19 21:34:45 - idx 0 case patient050_frame01 mean_dice 0.861458 mean_hd95 4.835168
2026-01-19 21:34:46 - idx 1 case patient050_frame12 mean_dice 0.759310 mean_hd95 10.604026
2026-01-19 21:34:47 - idx 2 case patient037_frame01 mean_dice 0.831906 mean_hd95 6.563935
2026-01-19 21:34:48 - idx 3 case patient037_frame12 mean_dice 0.720374 mean_hd95 4.253572
2026-01-19 21:34:49 - idx 4 case patient095_frame01 mean_dice 0.933579 mean_hd95 1.000000
2026-01-19 21:34:51 - idx 5 case patient095_frame12 mean_dice 0.904454 mean_hd95 1.138071
2026-01-19 21:34:52 - idx 6 case patient047_frame01 mean_dice 0.900750 mean_hd95 1.000000
2026-01-19 21:34:53 - idx 7 case patient047_frame09 mean_dice 0.800127 mean_hd95 2.138071
2026-01-19 21:34:54 - idx 8 case patient044_frame01 mean_dice 0.920378 mean_hd95 1.138071
2026-01-19 21:34:56 - idx 9 case patient044_frame11 mean_dice 0.869969 mean_hd95 1.412023
2026-01-19 21:34:57 - idx 10 case patient064_frame01 mean_dice 0.947447 mean_hd95 1.000000
2026-01-19 21:34:58 - idx 11 case patient064_frame12 mean_dice 0.873181 mean_hd95 1.138071
2026-01-19 21:34:59 - idx 12 case patient017_frame01 mean_dice 0.908257 mean_hd95 1.000000
2026-01-19 21:35:00 - idx 13 case patient017_frame09 mean_dice 0.929898 mean_hd95 1.000000
2026-01-19 21:35:01 - idx 14 case patient039_frame01 mean_dice 0.916117 mean_hd95 1.000000
2026-01-19 21:35:03 - idx 15 case patient039_frame10 mean_dice 0.752720 mean_hd95 10.086577
2026-01-19 21:35:03 - idx 16 case patient041_frame01 mean_dice 0.902046 mean_hd95 1.000000
2026-01-19 21:35:04 - idx 17 case patient041_frame11 mean_dice 0.846563 mean_hd95 1.333333
2026-01-19 21:35:05 - idx 18 case patient067_frame01 mean_dice 0.922468 mean_hd95 1.000000
2026-01-19 21:35:06 - idx 19 case patient067_frame10 mean_dice 0.896415 mean_hd95 1.333333
2026-01-19 21:35:06 - Mean class 1 mean_dice 0.836600 mean_hd95 4.463767
2026-01-19 21:35:06 - Mean class 2 mean_dice 0.861733 mean_hd95 1.310477
2026-01-19 21:35:06 - Mean class 3 mean_dice 0.911280 mean_hd95 2.321894
2026-01-19 21:35:06 - val epoch: 32, mean_dice: 0.8698708328485111, mean_hd95: 2.6987126261214374, time(s): 23.25
2026-01-19 21:35:07 - train: epoch 33, iter:0, loss: 0.1620, lr: 0.0007702342635146037
2026-01-19 21:35:10 - train: epoch 33, iter:10, loss: 0.1181, lr: 0.0007702342635146037
2026-01-19 21:35:13 - train: epoch 33, iter:20, loss: 0.0971, lr: 0.0007702342635146037
2026-01-19 21:35:16 - train: epoch 33, iter:30, loss: 0.1089, lr: 0.0007702342635146037
2026-01-19 21:35:19 - train: epoch 33, iter:40, loss: 0.1118, lr: 0.0007702342635146037
2026-01-19 21:35:22 - train: epoch 33, iter:50, loss: 0.0968, lr: 0.0007702342635146037
2026-01-19 21:35:25 - train: epoch 33, iter:60, loss: 0.0910, lr: 0.0007702342635146037
2026-01-19 21:35:28 - train: epoch 33, iter:70, loss: 0.0929, lr: 0.0007702342635146037
2026-01-19 21:35:32 - train: epoch 33, iter:80, loss: 0.1729, lr: 0.0007702342635146037
2026-01-19 21:35:32 - Finish one epoch train: epoch 33, loss: 0.1133, time(s): 24.85
2026-01-19 21:35:33 - idx 0 case patient050_frame01 mean_dice 0.881511 mean_hd95 5.546061
2026-01-19 21:35:34 - idx 1 case patient050_frame12 mean_dice 0.829520 mean_hd95 2.330235
2026-01-19 21:35:35 - idx 2 case patient037_frame01 mean_dice 0.870591 mean_hd95 1.483163
2026-01-19 21:35:36 - idx 3 case patient037_frame12 mean_dice 0.740454 mean_hd95 3.011815
2026-01-19 21:35:37 - idx 4 case patient095_frame01 mean_dice 0.932832 mean_hd95 1.000000
2026-01-19 21:35:39 - idx 5 case patient095_frame12 mean_dice 0.820330 mean_hd95 1.666667
2026-01-19 21:35:40 - idx 6 case patient047_frame01 mean_dice 0.892786 mean_hd95 1.550094
2026-01-19 21:35:41 - idx 7 case patient047_frame09 mean_dice 0.802591 mean_hd95 2.138071
2026-01-19 21:35:42 - idx 8 case patient044_frame01 mean_dice 0.930439 mean_hd95 1.000000
2026-01-19 21:35:43 - idx 9 case patient044_frame11 mean_dice 0.875092 mean_hd95 1.550094
2026-01-19 21:35:44 - idx 10 case patient064_frame01 mean_dice 0.946924 mean_hd95 1.000000
2026-01-19 21:35:45 - idx 11 case patient064_frame12 mean_dice 0.879950 mean_hd95 1.244017
2026-01-19 21:35:47 - idx 12 case patient017_frame01 mean_dice 0.903608 mean_hd95 1.333333
2026-01-19 21:35:48 - idx 13 case patient017_frame09 mean_dice 0.922983 mean_hd95 1.000000
2026-01-19 21:35:49 - idx 14 case patient039_frame01 mean_dice 0.903815 mean_hd95 1.138071
2026-01-19 21:35:50 - idx 15 case patient039_frame10 mean_dice 0.768594 mean_hd95 1.609476
2026-01-19 21:35:50 - idx 16 case patient041_frame01 mean_dice 0.904459 mean_hd95 1.000000
2026-01-19 21:35:51 - idx 17 case patient041_frame11 mean_dice 0.872429 mean_hd95 1.138071
2026-01-19 21:35:52 - idx 18 case patient067_frame01 mean_dice 0.922550 mean_hd95 1.000000
2026-01-19 21:35:53 - idx 19 case patient067_frame10 mean_dice 0.901876 mean_hd95 1.000000
2026-01-19 21:35:53 - Mean class 1 mean_dice 0.837795 mean_hd95 2.500802
2026-01-19 21:35:53 - Mean class 2 mean_dice 0.869672 mean_hd95 1.261667
2026-01-19 21:35:53 - Mean class 3 mean_dice 0.918033 mean_hd95 1.148406
2026-01-19 21:35:53 - val epoch: 33, mean_dice: 0.8751665389374014, mean_hd95: 1.6369584045145187, time(s): 21.55
2026-01-19 21:35:54 - train: epoch 34, iter:0, loss: 0.1288, lr: 0.0007569755007964342
2026-01-19 21:35:57 - train: epoch 34, iter:10, loss: 0.1061, lr: 0.0007569755007964342
2026-01-19 21:36:00 - train: epoch 34, iter:20, loss: 0.1920, lr: 0.0007569755007964342
2026-01-19 21:36:03 - train: epoch 34, iter:30, loss: 0.1459, lr: 0.0007569755007964342
2026-01-19 21:36:06 - train: epoch 34, iter:40, loss: 0.1085, lr: 0.0007569755007964342
2026-01-19 21:36:09 - train: epoch 34, iter:50, loss: 0.1298, lr: 0.0007569755007964342
2026-01-19 21:36:12 - train: epoch 34, iter:60, loss: 0.1203, lr: 0.0007569755007964342
2026-01-19 21:36:15 - train: epoch 34, iter:70, loss: 0.0935, lr: 0.0007569755007964342
2026-01-19 21:36:19 - train: epoch 34, iter:80, loss: 0.1463, lr: 0.0007569755007964342
2026-01-19 21:36:19 - Finish one epoch train: epoch 34, loss: 0.1117, time(s): 25.00
2026-01-19 21:36:20 - idx 0 case patient050_frame01 mean_dice 0.890917 mean_hd95 1.483163
2026-01-19 21:36:21 - idx 1 case patient050_frame12 mean_dice 0.771253 mean_hd95 2.512229
2026-01-19 21:36:22 - idx 2 case patient037_frame01 mean_dice 0.874562 mean_hd95 6.214439
2026-01-19 21:36:22 - idx 3 case patient037_frame12 mean_dice 0.757266 mean_hd95 8.549957
2026-01-19 21:36:24 - idx 4 case patient095_frame01 mean_dice 0.938066 mean_hd95 1.000000
2026-01-19 21:36:26 - idx 5 case patient095_frame12 mean_dice 0.887819 mean_hd95 1.804738
2026-01-19 21:36:27 - idx 6 case patient047_frame01 mean_dice 0.889436 mean_hd95 5.777635
2026-01-19 21:36:28 - idx 7 case patient047_frame09 mean_dice 0.819037 mean_hd95 4.260642
2026-01-19 21:36:29 - idx 8 case patient044_frame01 mean_dice 0.926709 mean_hd95 1.000000
2026-01-19 21:36:30 - idx 9 case patient044_frame11 mean_dice 0.865314 mean_hd95 1.483163
2026-01-19 21:36:31 - idx 10 case patient064_frame01 mean_dice 0.950833 mean_hd95 1.000000
2026-01-19 21:36:32 - idx 11 case patient064_frame12 mean_dice 0.886828 mean_hd95 1.138071
2026-01-19 21:36:33 - idx 12 case patient017_frame01 mean_dice 0.916700 mean_hd95 1.000000
2026-01-19 21:36:34 - idx 13 case patient017_frame09 mean_dice 0.927435 mean_hd95 1.000000
2026-01-19 21:36:35 - idx 14 case patient039_frame01 mean_dice 0.936106 mean_hd95 1.000000
2026-01-19 21:36:36 - idx 15 case patient039_frame10 mean_dice 0.708408 mean_hd95 1.794111
2026-01-19 21:36:37 - idx 16 case patient041_frame01 mean_dice 0.905496 mean_hd95 1.000000
2026-01-19 21:36:38 - idx 17 case patient041_frame11 mean_dice 0.854331 mean_hd95 1.276142
2026-01-19 21:36:39 - idx 18 case patient067_frame01 mean_dice 0.927174 mean_hd95 1.000000
2026-01-19 21:36:40 - idx 19 case patient067_frame10 mean_dice 0.887419 mean_hd95 2.006588
2026-01-19 21:36:40 - Mean class 1 mean_dice 0.837596 mean_hd95 4.394165
2026-01-19 21:36:40 - Mean class 2 mean_dice 0.867525 mean_hd95 1.300034
2026-01-19 21:36:40 - Mean class 3 mean_dice 0.923046 mean_hd95 1.250933
2026-01-19 21:36:40 - val epoch: 34, mean_dice: 0.8760554320857089, mean_hd95: 2.3150439694926592, time(s): 21.47
2026-01-19 21:36:41 - train: epoch 35, iter:0, loss: 0.0905, lr: 0.0007434680686803494
2026-01-19 21:36:44 - train: epoch 35, iter:10, loss: 0.1461, lr: 0.0007434680686803494
2026-01-19 21:36:47 - train: epoch 35, iter:20, loss: 0.1025, lr: 0.0007434680686803494
2026-01-19 21:36:50 - train: epoch 35, iter:30, loss: 0.0966, lr: 0.0007434680686803494
2026-01-19 21:36:53 - train: epoch 35, iter:40, loss: 0.1061, lr: 0.0007434680686803494
2026-01-19 21:36:56 - train: epoch 35, iter:50, loss: 0.1545, lr: 0.0007434680686803494
2026-01-19 21:36:59 - train: epoch 35, iter:60, loss: 0.1010, lr: 0.0007434680686803494
2026-01-19 21:37:02 - train: epoch 35, iter:70, loss: 0.0986, lr: 0.0007434680686803494
2026-01-19 21:37:05 - train: epoch 35, iter:80, loss: 0.0990, lr: 0.0007434680686803494
2026-01-19 21:37:06 - Finish one epoch train: epoch 35, loss: 0.1144, time(s): 24.79
2026-01-19 21:37:07 - idx 0 case patient050_frame01 mean_dice 0.871104 mean_hd95 1.942809
2026-01-19 21:37:08 - idx 1 case patient050_frame12 mean_dice 0.758191 mean_hd95 4.821033
2026-01-19 21:37:09 - idx 2 case patient037_frame01 mean_dice 0.844661 mean_hd95 7.333333
2026-01-19 21:37:10 - idx 3 case patient037_frame12 mean_dice 0.745681 mean_hd95 9.468309
2026-01-19 21:37:11 - idx 4 case patient095_frame01 mean_dice 0.934183 mean_hd95 1.000000
2026-01-19 21:37:13 - idx 5 case patient095_frame12 mean_dice 0.903498 mean_hd95 1.276142
2026-01-19 21:37:14 - idx 6 case patient047_frame01 mean_dice 0.877693 mean_hd95 2.138071
2026-01-19 21:37:15 - idx 7 case patient047_frame09 mean_dice 0.821891 mean_hd95 3.659682
2026-01-19 21:37:16 - idx 8 case patient044_frame01 mean_dice 0.917325 mean_hd95 1.000000
2026-01-19 21:37:17 - idx 9 case patient044_frame11 mean_dice 0.863264 mean_hd95 1.747547
2026-01-19 21:37:18 - idx 10 case patient064_frame01 mean_dice 0.949351 mean_hd95 1.000000
2026-01-19 21:37:20 - idx 11 case patient064_frame12 mean_dice 0.885102 mean_hd95 1.138071
2026-01-19 21:37:21 - idx 12 case patient017_frame01 mean_dice 0.905527 mean_hd95 1.333333
2026-01-19 21:37:22 - idx 13 case patient017_frame09 mean_dice 0.921539 mean_hd95 1.138071
2026-01-19 21:37:23 - idx 14 case patient039_frame01 mean_dice 0.929268 mean_hd95 1.000000
2026-01-19 21:37:24 - idx 15 case patient039_frame10 mean_dice 0.781368 mean_hd95 3.079825
2026-01-19 21:37:24 - idx 16 case patient041_frame01 mean_dice 0.885780 mean_hd95 1.138071
2026-01-19 21:37:25 - idx 17 case patient041_frame11 mean_dice 0.821010 mean_hd95 1.550094
2026-01-19 21:37:26 - idx 18 case patient067_frame01 mean_dice 0.917881 mean_hd95 1.000000
2026-01-19 21:37:27 - idx 19 case patient067_frame10 mean_dice 0.909603 mean_hd95 1.000000
2026-01-19 21:37:27 - Mean class 1 mean_dice 0.835939 mean_hd95 4.744715
2026-01-19 21:37:27 - Mean class 2 mean_dice 0.859960 mean_hd95 1.291920
2026-01-19 21:37:27 - Mean class 3 mean_dice 0.920689 mean_hd95 1.128024
2026-01-19 21:37:27 - val epoch: 35, mean_dice: 0.8721959434125109, mean_hd95: 2.3882196159557334, time(s): 21.72
2026-01-19 21:37:28 - train: epoch 36, iter:0, loss: 0.1082, lr: 0.0007297252973710761
2026-01-19 21:37:31 - train: epoch 36, iter:10, loss: 0.1697, lr: 0.0007297252973710761
2026-01-19 21:37:34 - train: epoch 36, iter:20, loss: 0.0960, lr: 0.0007297252973710761
2026-01-19 21:37:37 - train: epoch 36, iter:30, loss: 0.1346, lr: 0.0007297252973710761
2026-01-19 21:37:40 - train: epoch 36, iter:40, loss: 0.0980, lr: 0.0007297252973710761
2026-01-19 21:37:43 - train: epoch 36, iter:50, loss: 0.1289, lr: 0.0007297252973710761
2026-01-19 21:37:46 - train: epoch 36, iter:60, loss: 0.0952, lr: 0.0007297252973710761
2026-01-19 21:37:50 - train: epoch 36, iter:70, loss: 0.1186, lr: 0.0007297252973710761
2026-01-19 21:37:53 - train: epoch 36, iter:80, loss: 0.1194, lr: 0.0007297252973710761
2026-01-19 21:37:53 - Finish one epoch train: epoch 36, loss: 0.1133, time(s): 25.09
2026-01-19 21:37:54 - idx 0 case patient050_frame01 mean_dice 0.907328 mean_hd95 1.138071
2026-01-19 21:37:55 - idx 1 case patient050_frame12 mean_dice 0.822143 mean_hd95 9.847844
2026-01-19 21:37:56 - idx 2 case patient037_frame01 mean_dice 0.885708 mean_hd95 1.333333
2026-01-19 21:37:57 - idx 3 case patient037_frame12 mean_dice 0.720058 mean_hd95 6.200490
2026-01-19 21:37:59 - idx 4 case patient095_frame01 mean_dice 0.934940 mean_hd95 1.000000
2026-01-19 21:38:00 - idx 5 case patient095_frame12 mean_dice 0.803670 mean_hd95 1.804738
2026-01-19 21:38:01 - idx 6 case patient047_frame01 mean_dice 0.876177 mean_hd95 7.756156
2026-01-19 21:38:02 - idx 7 case patient047_frame09 mean_dice 0.819111 mean_hd95 9.097975
2026-01-19 21:38:03 - idx 8 case patient044_frame01 mean_dice 0.920302 mean_hd95 1.000000
2026-01-19 21:38:04 - idx 9 case patient044_frame11 mean_dice 0.842882 mean_hd95 1.550094
2026-01-19 21:38:06 - idx 10 case patient064_frame01 mean_dice 0.949610 mean_hd95 1.000000
2026-01-19 21:38:07 - idx 11 case patient064_frame12 mean_dice 0.883901 mean_hd95 1.138071
2026-01-19 21:38:08 - idx 12 case patient017_frame01 mean_dice 0.897988 mean_hd95 1.333333
2026-01-19 21:38:09 - idx 13 case patient017_frame09 mean_dice 0.918333 mean_hd95 1.244017
2026-01-19 21:38:10 - idx 14 case patient039_frame01 mean_dice 0.930194 mean_hd95 1.000000
2026-01-19 21:38:11 - idx 15 case patient039_frame10 mean_dice 0.866259 mean_hd95 9.215857
2026-01-19 21:38:11 - idx 16 case patient041_frame01 mean_dice 0.899789 mean_hd95 1.000000
2026-01-19 21:38:12 - idx 17 case patient041_frame11 mean_dice 0.801544 mean_hd95 2.632993
2026-01-19 21:38:13 - idx 18 case patient067_frame01 mean_dice 0.923027 mean_hd95 1.000000
2026-01-19 21:38:15 - idx 19 case patient067_frame10 mean_dice 0.907080 mean_hd95 1.000000
2026-01-19 21:38:15 - Mean class 1 mean_dice 0.835944 mean_hd95 4.991570
2026-01-19 21:38:15 - Mean class 2 mean_dice 0.869564 mean_hd95 1.246739
2026-01-19 21:38:15 - Mean class 3 mean_dice 0.920999 mean_hd95 2.955637
2026-01-19 21:38:15 - val epoch: 36, mean_dice: 0.8755022968185814, mean_hd95: 3.0646486446748042, time(s): 21.62
2026-01-19 21:38:15 - train: epoch 37, iter:0, loss: 0.1006, lr: 0.0007157607493247114
2026-01-19 21:38:19 - train: epoch 37, iter:10, loss: 0.1014, lr: 0.0007157607493247114
2026-01-19 21:38:22 - train: epoch 37, iter:20, loss: 0.1058, lr: 0.0007157607493247114
2026-01-19 21:38:25 - train: epoch 37, iter:30, loss: 0.1223, lr: 0.0007157607493247114
2026-01-19 21:38:28 - train: epoch 37, iter:40, loss: 0.0984, lr: 0.0007157607493247114
2026-01-19 21:38:31 - train: epoch 37, iter:50, loss: 0.0929, lr: 0.0007157607493247114
2026-01-19 21:38:34 - train: epoch 37, iter:60, loss: 0.0906, lr: 0.0007157607493247114
2026-01-19 21:38:37 - train: epoch 37, iter:70, loss: 0.1040, lr: 0.0007157607493247114
2026-01-19 21:38:40 - train: epoch 37, iter:80, loss: 0.1062, lr: 0.0007157607493247114
2026-01-19 21:38:40 - Finish one epoch train: epoch 37, loss: 0.1070, time(s): 25.06
2026-01-19 21:38:41 - idx 0 case patient050_frame01 mean_dice 0.896633 mean_hd95 1.471405
2026-01-19 21:38:43 - idx 1 case patient050_frame12 mean_dice 0.788225 mean_hd95 9.691603
2026-01-19 21:38:43 - idx 2 case patient037_frame01 mean_dice 0.878180 mean_hd95 1.333333
2026-01-19 21:38:44 - idx 3 case patient037_frame12 mean_dice 0.725051 mean_hd95 2.287901
2026-01-19 21:38:46 - idx 4 case patient095_frame01 mean_dice 0.936975 mean_hd95 1.000000
2026-01-19 21:38:47 - idx 5 case patient095_frame12 mean_dice 0.897704 mean_hd95 1.609476
2026-01-19 21:38:48 - idx 6 case patient047_frame01 mean_dice 0.881674 mean_hd95 1.747547
2026-01-19 21:38:50 - idx 7 case patient047_frame09 mean_dice 0.824022 mean_hd95 4.387077
2026-01-19 21:38:51 - idx 8 case patient044_frame01 mean_dice 0.918547 mean_hd95 1.000000
2026-01-19 21:38:52 - idx 9 case patient044_frame11 mean_dice 0.861688 mean_hd95 1.412023
2026-01-19 21:38:53 - idx 10 case patient064_frame01 mean_dice 0.946989 mean_hd95 1.000000
2026-01-19 21:38:54 - idx 11 case patient064_frame12 mean_dice 0.878094 mean_hd95 1.138071
2026-01-19 21:38:55 - idx 12 case patient017_frame01 mean_dice 0.897808 mean_hd95 1.333333
2026-01-19 21:38:56 - idx 13 case patient017_frame09 mean_dice 0.916507 mean_hd95 1.138071
2026-01-19 21:38:57 - idx 14 case patient039_frame01 mean_dice 0.915367 mean_hd95 1.138071
2026-01-19 21:38:58 - idx 15 case patient039_frame10 mean_dice 0.690384 mean_hd95 2.483163
2026-01-19 21:38:59 - idx 16 case patient041_frame01 mean_dice 0.896166 mean_hd95 1.000000
2026-01-19 21:38:59 - idx 17 case patient041_frame11 mean_dice 0.823141 mean_hd95 2.048755
2026-01-19 21:39:01 - idx 18 case patient067_frame01 mean_dice 0.926327 mean_hd95 1.000000
2026-01-19 21:39:02 - idx 19 case patient067_frame10 mean_dice 0.876367 mean_hd95 2.868517
2026-01-19 21:39:02 - Mean class 1 mean_dice 0.834654 mean_hd95 3.256448
2026-01-19 21:39:02 - Mean class 2 mean_dice 0.862735 mean_hd95 1.483831
2026-01-19 21:39:02 - Mean class 3 mean_dice 0.908988 mean_hd95 1.422973
2026-01-19 21:39:02 - val epoch: 37, mean_dice: 0.8687924598947067, mean_hd95: 2.0544173180616703, time(s): 21.74
2026-01-19 21:39:03 - train: epoch 38, iter:0, loss: 0.0887, lr: 0.0007015882058642168
2026-01-19 21:39:06 - train: epoch 38, iter:10, loss: 0.1708, lr: 0.0007015882058642168
2026-01-19 21:39:09 - train: epoch 38, iter:20, loss: 0.1016, lr: 0.0007015882058642168
2026-01-19 21:39:12 - train: epoch 38, iter:30, loss: 0.1052, lr: 0.0007015882058642168
2026-01-19 21:39:15 - train: epoch 38, iter:40, loss: 0.0900, lr: 0.0007015882058642168
2026-01-19 21:39:18 - train: epoch 38, iter:50, loss: 0.1624, lr: 0.0007015882058642168
2026-01-19 21:39:21 - train: epoch 38, iter:60, loss: 0.1151, lr: 0.0007015882058642168
2026-01-19 21:39:24 - train: epoch 38, iter:70, loss: 0.0923, lr: 0.0007015882058642168
2026-01-19 21:39:27 - train: epoch 38, iter:80, loss: 0.0801, lr: 0.0007015882058642168
2026-01-19 21:39:27 - Finish one epoch train: epoch 38, loss: 0.1079, time(s): 24.58
2026-01-19 21:39:28 - idx 0 case patient050_frame01 mean_dice 0.899063 mean_hd95 1.471405
2026-01-19 21:39:30 - idx 1 case patient050_frame12 mean_dice 0.804663 mean_hd95 10.243841
2026-01-19 21:39:30 - idx 2 case patient037_frame01 mean_dice 0.896283 mean_hd95 1.000000
2026-01-19 21:39:31 - idx 3 case patient037_frame12 mean_dice 0.580554 mean_hd95 4.497959
2026-01-19 21:39:33 - idx 4 case patient095_frame01 mean_dice 0.932923 mean_hd95 1.000000
2026-01-19 21:39:34 - idx 5 case patient095_frame12 mean_dice 0.872608 mean_hd95 1.609476
2026-01-19 21:39:35 - idx 6 case patient047_frame01 mean_dice 0.892056 mean_hd95 6.749402
2026-01-19 21:39:36 - idx 7 case patient047_frame09 mean_dice 0.826666 mean_hd95 8.873883
2026-01-19 21:39:37 - idx 8 case patient044_frame01 mean_dice 0.918724 mean_hd95 1.000000
2026-01-19 21:39:39 - idx 9 case patient044_frame11 mean_dice 0.878049 mean_hd95 1.333333
2026-01-19 21:39:40 - idx 10 case patient064_frame01 mean_dice 0.948495 mean_hd95 1.000000
2026-01-19 21:39:41 - idx 11 case patient064_frame12 mean_dice 0.879232 mean_hd95 1.138071
2026-01-19 21:39:42 - idx 12 case patient017_frame01 mean_dice 0.898053 mean_hd95 1.333333
2026-01-19 21:39:43 - idx 13 case patient017_frame09 mean_dice 0.917040 mean_hd95 1.138071
2026-01-19 21:39:44 - idx 14 case patient039_frame01 mean_dice 0.932016 mean_hd95 1.000000
2026-01-19 21:39:45 - idx 15 case patient039_frame10 mean_dice 0.810440 mean_hd95 1.471405
2026-01-19 21:39:46 - idx 16 case patient041_frame01 mean_dice 0.900325 mean_hd95 1.000000
2026-01-19 21:39:46 - idx 17 case patient041_frame11 mean_dice 0.858974 mean_hd95 1.244017
2026-01-19 21:39:47 - idx 18 case patient067_frame01 mean_dice 0.911872 mean_hd95 1.000000
2026-01-19 21:39:49 - idx 19 case patient067_frame10 mean_dice 0.909699 mean_hd95 1.000000
2026-01-19 21:39:49 - Mean class 1 mean_dice 0.832372 mean_hd95 5.077417
2026-01-19 21:39:49 - Mean class 2 mean_dice 0.870734 mean_hd95 1.123935
2026-01-19 21:39:49 - Mean class 3 mean_dice 0.917054 mean_hd95 1.164277
2026-01-19 21:39:49 - val epoch: 38, mean_dice: 0.8733867361606361, mean_hd95: 2.455209802259412, time(s): 21.64
2026-01-19 21:39:50 - train: epoch 39, iter:0, loss: 0.1086, lr: 0.0006872216535789162
2026-01-19 21:39:53 - train: epoch 39, iter:10, loss: 0.1037, lr: 0.0006872216535789162
2026-01-19 21:39:56 - train: epoch 39, iter:20, loss: 0.1140, lr: 0.0006872216535789162
2026-01-19 21:39:59 - train: epoch 39, iter:30, loss: 0.1027, lr: 0.0006872216535789162
2026-01-19 21:40:02 - train: epoch 39, iter:40, loss: 0.0964, lr: 0.0006872216535789162
2026-01-19 21:40:05 - train: epoch 39, iter:50, loss: 0.0865, lr: 0.0006872216535789162
2026-01-19 21:40:08 - train: epoch 39, iter:60, loss: 0.1211, lr: 0.0006872216535789162
2026-01-19 21:40:11 - train: epoch 39, iter:70, loss: 0.1596, lr: 0.0006872216535789162
2026-01-19 21:40:14 - train: epoch 39, iter:80, loss: 0.1209, lr: 0.0006872216535789162
2026-01-19 21:40:14 - Finish one epoch train: epoch 39, loss: 0.1094, time(s): 25.13
2026-01-19 21:40:16 - idx 0 case patient050_frame01 mean_dice 0.902624 mean_hd95 1.244017
2026-01-19 21:40:17 - idx 1 case patient050_frame12 mean_dice 0.773888 mean_hd95 9.573369
2026-01-19 21:40:18 - idx 2 case patient037_frame01 mean_dice 0.845383 mean_hd95 1.483163
2026-01-19 21:40:18 - idx 3 case patient037_frame12 mean_dice 0.753129 mean_hd95 5.330017
2026-01-19 21:40:20 - idx 4 case patient095_frame01 mean_dice 0.936272 mean_hd95 1.000000
2026-01-19 21:40:21 - idx 5 case patient095_frame12 mean_dice 0.887997 mean_hd95 1.688165
2026-01-19 21:40:23 - idx 6 case patient047_frame01 mean_dice 0.859703 mean_hd95 1.804738
2026-01-19 21:40:24 - idx 7 case patient047_frame09 mean_dice 0.723169 mean_hd95 4.832420
2026-01-19 21:40:25 - idx 8 case patient044_frame01 mean_dice 0.913712 mean_hd95 1.000000
2026-01-19 21:40:26 - idx 9 case patient044_frame11 mean_dice 0.836644 mean_hd95 1.688165
2026-01-19 21:40:27 - idx 10 case patient064_frame01 mean_dice 0.946648 mean_hd95 1.000000
2026-01-19 21:40:28 - idx 11 case patient064_frame12 mean_dice 0.918432 mean_hd95 1.000000
2026-01-19 21:40:29 - idx 12 case patient017_frame01 mean_dice 0.913876 mean_hd95 1.000000
2026-01-19 21:40:30 - idx 13 case patient017_frame09 mean_dice 0.925998 mean_hd95 1.000000
2026-01-19 21:40:31 - idx 14 case patient039_frame01 mean_dice 0.924111 mean_hd95 1.333333
2026-01-19 21:40:32 - idx 15 case patient039_frame10 mean_dice 0.847549 mean_hd95 10.325602
2026-01-19 21:40:33 - idx 16 case patient041_frame01 mean_dice 0.894821 mean_hd95 1.000000
2026-01-19 21:40:34 - idx 17 case patient041_frame11 mean_dice 0.756937 mean_hd95 3.352761
2026-01-19 21:40:35 - idx 18 case patient067_frame01 mean_dice 0.914025 mean_hd95 1.000000
2026-01-19 21:40:36 - idx 19 case patient067_frame10 mean_dice 0.894869 mean_hd95 1.138071
2026-01-19 21:40:36 - Mean class 1 mean_dice 0.814545 mean_hd95 3.431749
2026-01-19 21:40:36 - Mean class 2 mean_dice 0.867603 mean_hd95 1.290095
2026-01-19 21:40:36 - Mean class 3 mean_dice 0.923321 mean_hd95 3.047229
2026-01-19 21:40:36 - val epoch: 39, mean_dice: 0.8684893080926903, mean_hd95: 2.589691037354537, time(s): 21.69
2026-01-19 21:40:37 - train: epoch 40, iter:0, loss: 0.0962, lr: 0.0006726752705214198
2026-01-19 21:40:40 - train: epoch 40, iter:10, loss: 0.1076, lr: 0.0006726752705214198
2026-01-19 21:40:43 - train: epoch 40, iter:20, loss: 0.0938, lr: 0.0006726752705214198
2026-01-19 21:40:46 - train: epoch 40, iter:30, loss: 0.1320, lr: 0.0006726752705214198
2026-01-19 21:40:50 - train: epoch 40, iter:40, loss: 0.0924, lr: 0.0006726752705214198
2026-01-19 21:40:53 - train: epoch 40, iter:50, loss: 0.0959, lr: 0.0006726752705214198
2026-01-19 21:40:56 - train: epoch 40, iter:60, loss: 0.0867, lr: 0.0006726752705214198
2026-01-19 21:40:59 - train: epoch 40, iter:70, loss: 0.0924, lr: 0.0006726752705214198
2026-01-19 21:41:02 - train: epoch 40, iter:80, loss: 0.0971, lr: 0.0006726752705214198
2026-01-19 21:41:02 - Finish one epoch train: epoch 40, loss: 0.1085, time(s): 24.98
2026-01-19 21:41:03 - idx 0 case patient050_frame01 mean_dice 0.907566 mean_hd95 1.138071
2026-01-19 21:41:04 - idx 1 case patient050_frame12 mean_dice 0.787652 mean_hd95 2.776764
2026-01-19 21:41:05 - idx 2 case patient037_frame01 mean_dice 0.839216 mean_hd95 6.924098
2026-01-19 21:41:06 - idx 3 case patient037_frame12 mean_dice 0.692592 mean_hd95 9.276257
2026-01-19 21:41:08 - idx 4 case patient095_frame01 mean_dice 0.936614 mean_hd95 1.000000
2026-01-19 21:41:09 - idx 5 case patient095_frame12 mean_dice 0.900609 mean_hd95 1.138071
2026-01-19 21:41:10 - idx 6 case patient047_frame01 mean_dice 0.906098 mean_hd95 1.138071
2026-01-19 21:41:11 - idx 7 case patient047_frame09 mean_dice 0.848569 mean_hd95 2.794947
2026-01-19 21:41:12 - idx 8 case patient044_frame01 mean_dice 0.923767 mean_hd95 1.000000
2026-01-19 21:41:13 - idx 9 case patient044_frame11 mean_dice 0.876298 mean_hd95 1.244017
2026-01-19 21:41:15 - idx 10 case patient064_frame01 mean_dice 0.951730 mean_hd95 1.000000
2026-01-19 21:41:16 - idx 11 case patient064_frame12 mean_dice 0.920459 mean_hd95 1.000000
2026-01-19 21:41:17 - idx 12 case patient017_frame01 mean_dice 0.919223 mean_hd95 1.000000
2026-01-19 21:41:18 - idx 13 case patient017_frame09 mean_dice 0.931984 mean_hd95 1.000000
2026-01-19 21:41:19 - idx 14 case patient039_frame01 mean_dice 0.929317 mean_hd95 1.138071
2026-01-19 21:41:20 - idx 15 case patient039_frame10 mean_dice 0.832542 mean_hd95 2.748388
2026-01-19 21:41:21 - idx 16 case patient041_frame01 mean_dice 0.900376 mean_hd95 1.000000
2026-01-19 21:41:21 - idx 17 case patient041_frame11 mean_dice 0.823594 mean_hd95 1.471405
2026-01-19 21:41:22 - idx 18 case patient067_frame01 mean_dice 0.916196 mean_hd95 1.000000
2026-01-19 21:41:24 - idx 19 case patient067_frame10 mean_dice 0.906536 mean_hd95 1.000000
2026-01-19 21:41:24 - Mean class 1 mean_dice 0.838648 mean_hd95 3.932157
2026-01-19 21:41:24 - Mean class 2 mean_dice 0.878668 mean_hd95 1.082843
2026-01-19 21:41:24 - Mean class 3 mean_dice 0.930324 mean_hd95 1.103225
2026-01-19 21:41:24 - val epoch: 40, mean_dice: 0.8825468809090543, mean_hd95: 2.0394080549453304, time(s): 21.81
2026-01-19 21:41:25 - train: epoch 41, iter:0, loss: 0.1240, lr: 0.0006579634122155995
2026-01-19 21:41:28 - train: epoch 41, iter:10, loss: 0.0992, lr: 0.0006579634122155995
2026-01-19 21:41:31 - train: epoch 41, iter:20, loss: 0.1044, lr: 0.0006579634122155995
2026-01-19 21:41:34 - train: epoch 41, iter:30, loss: 0.0920, lr: 0.0006579634122155995
2026-01-19 21:41:37 - train: epoch 41, iter:40, loss: 0.0783, lr: 0.0006579634122155995
2026-01-19 21:41:40 - train: epoch 41, iter:50, loss: 0.0879, lr: 0.0006579634122155995
2026-01-19 21:41:43 - train: epoch 41, iter:60, loss: 0.0863, lr: 0.0006579634122155995
2026-01-19 21:41:46 - train: epoch 41, iter:70, loss: 0.1038, lr: 0.0006579634122155995
2026-01-19 21:41:49 - train: epoch 41, iter:80, loss: 0.0902, lr: 0.0006579634122155995
2026-01-19 21:41:49 - Finish one epoch train: epoch 41, loss: 0.1008, time(s): 24.60
2026-01-19 21:41:50 - idx 0 case patient050_frame01 mean_dice 0.888299 mean_hd95 1.382088
2026-01-19 21:41:51 - idx 1 case patient050_frame12 mean_dice 0.816462 mean_hd95 1.745356
2026-01-19 21:41:52 - idx 2 case patient037_frame01 mean_dice 0.889906 mean_hd95 1.333333
2026-01-19 21:41:53 - idx 3 case patient037_frame12 mean_dice 0.788821 mean_hd95 2.000000
2026-01-19 21:41:54 - idx 4 case patient095_frame01 mean_dice 0.933585 mean_hd95 1.000000
2026-01-19 21:41:56 - idx 5 case patient095_frame12 mean_dice 0.901435 mean_hd95 1.412023
2026-01-19 21:41:57 - idx 6 case patient047_frame01 mean_dice 0.891420 mean_hd95 1.138071
2026-01-19 21:41:58 - idx 7 case patient047_frame09 mean_dice 0.873797 mean_hd95 1.621234
2026-01-19 21:41:59 - idx 8 case patient044_frame01 mean_dice 0.924850 mean_hd95 1.000000
2026-01-19 21:42:00 - idx 9 case patient044_frame11 mean_dice 0.866694 mean_hd95 1.550094
2026-01-19 21:42:02 - idx 10 case patient064_frame01 mean_dice 0.952248 mean_hd95 1.000000
2026-01-19 21:42:03 - idx 11 case patient064_frame12 mean_dice 0.891048 mean_hd95 1.138071
2026-01-19 21:42:04 - idx 12 case patient017_frame01 mean_dice 0.902077 mean_hd95 1.333333
2026-01-19 21:42:05 - idx 13 case patient017_frame09 mean_dice 0.911485 mean_hd95 1.412023
2026-01-19 21:42:06 - idx 14 case patient039_frame01 mean_dice 0.935349 mean_hd95 1.000000
2026-01-19 21:42:07 - idx 15 case patient039_frame10 mean_dice 0.842441 mean_hd95 1.471405
2026-01-19 21:42:08 - idx 16 case patient041_frame01 mean_dice 0.897991 mean_hd95 1.000000
2026-01-19 21:42:08 - idx 17 case patient041_frame11 mean_dice 0.853917 mean_hd95 1.333333
2026-01-19 21:42:10 - idx 18 case patient067_frame01 mean_dice 0.913571 mean_hd95 1.000000
2026-01-19 21:42:11 - idx 19 case patient067_frame10 mean_dice 0.904949 mean_hd95 1.000000
2026-01-19 21:42:11 - Mean class 1 mean_dice 0.865207 mean_hd95 1.628595
2026-01-19 21:42:11 - Mean class 2 mean_dice 0.872990 mean_hd95 1.181249
2026-01-19 21:42:11 - Mean class 3 mean_dice 0.928855 mean_hd95 1.070711
2026-01-19 21:42:11 - val epoch: 41, mean_dice: 0.8890173649854395, mean_hd95: 1.2935182305764965, time(s): 21.88
2026-01-19 21:42:12 - train: epoch 42, iter:0, loss: 0.0936, lr: 0.000643100597489419
2026-01-19 21:42:15 - train: epoch 42, iter:10, loss: 0.0888, lr: 0.000643100597489419
2026-01-19 21:42:18 - train: epoch 42, iter:20, loss: 0.0854, lr: 0.000643100597489419
2026-01-19 21:42:21 - train: epoch 42, iter:30, loss: 0.0962, lr: 0.000643100597489419
2026-01-19 21:42:24 - train: epoch 42, iter:40, loss: 0.1123, lr: 0.000643100597489419
2026-01-19 21:42:27 - train: epoch 42, iter:50, loss: 0.1073, lr: 0.000643100597489419
2026-01-19 21:42:30 - train: epoch 42, iter:60, loss: 0.1118, lr: 0.000643100597489419
2026-01-19 21:42:33 - train: epoch 42, iter:70, loss: 0.0918, lr: 0.000643100597489419
2026-01-19 21:42:36 - train: epoch 42, iter:80, loss: 0.1597, lr: 0.000643100597489419
2026-01-19 21:42:36 - Finish one epoch train: epoch 42, loss: 0.1033, time(s): 24.65
2026-01-19 21:42:37 - idx 0 case patient050_frame01 mean_dice 0.865071 mean_hd95 7.088596
2026-01-19 21:42:39 - idx 1 case patient050_frame12 mean_dice 0.777631 mean_hd95 8.811679
2026-01-19 21:42:39 - idx 2 case patient037_frame01 mean_dice 0.861601 mean_hd95 1.666667
2026-01-19 21:42:40 - idx 3 case patient037_frame12 mean_dice 0.723775 mean_hd95 8.615793
2026-01-19 21:42:42 - idx 4 case patient095_frame01 mean_dice 0.934927 mean_hd95 1.000000
2026-01-19 21:42:43 - idx 5 case patient095_frame12 mean_dice 0.900336 mean_hd95 1.382088
2026-01-19 21:42:44 - idx 6 case patient047_frame01 mean_dice 0.904682 mean_hd95 1.138071
2026-01-19 21:42:45 - idx 7 case patient047_frame09 mean_dice 0.842319 mean_hd95 1.804738
2026-01-19 21:42:46 - idx 8 case patient044_frame01 mean_dice 0.923348 mean_hd95 1.000000
2026-01-19 21:42:48 - idx 9 case patient044_frame11 mean_dice 0.865760 mean_hd95 1.514684
2026-01-19 21:42:49 - idx 10 case patient064_frame01 mean_dice 0.953794 mean_hd95 1.000000
2026-01-19 21:42:50 - idx 11 case patient064_frame12 mean_dice 0.888714 mean_hd95 1.138071
2026-01-19 21:42:51 - idx 12 case patient017_frame01 mean_dice 0.901875 mean_hd95 1.333333
2026-01-19 21:42:52 - idx 13 case patient017_frame09 mean_dice 0.918428 mean_hd95 1.138071
2026-01-19 21:42:53 - idx 14 case patient039_frame01 mean_dice 0.933730 mean_hd95 1.000000
2026-01-19 21:42:54 - idx 15 case patient039_frame10 mean_dice 0.862145 mean_hd95 1.276142
2026-01-19 21:42:55 - idx 16 case patient041_frame01 mean_dice 0.899660 mean_hd95 1.000000
2026-01-19 21:42:55 - idx 17 case patient041_frame11 mean_dice 0.850488 mean_hd95 1.520159
2026-01-19 21:42:57 - idx 18 case patient067_frame01 mean_dice 0.931187 mean_hd95 1.000000
2026-01-19 21:42:58 - idx 19 case patient067_frame10 mean_dice 0.869731 mean_hd95 3.502757
2026-01-19 21:42:58 - Mean class 1 mean_dice 0.845234 mean_hd95 4.504613
2026-01-19 21:42:58 - Mean class 2 mean_dice 0.873344 mean_hd95 1.317022
2026-01-19 21:42:58 - Mean class 3 mean_dice 0.922802 mean_hd95 1.367993
2026-01-19 21:42:58 - val epoch: 42, mean_dice: 0.8804601217576647, mean_hd95: 2.3965425222386854, time(s): 21.69
2026-01-19 21:42:59 - train: epoch 43, iter:0, loss: 0.0982, lr: 0.0006281014941466035
2026-01-19 21:43:02 - train: epoch 43, iter:10, loss: 0.1003, lr: 0.0006281014941466035
2026-01-19 21:43:05 - train: epoch 43, iter:20, loss: 0.0979, lr: 0.0006281014941466035
2026-01-19 21:43:08 - train: epoch 43, iter:30, loss: 0.1100, lr: 0.0006281014941466035
2026-01-19 21:43:11 - train: epoch 43, iter:40, loss: 0.1131, lr: 0.0006281014941466035
2026-01-19 21:43:14 - train: epoch 43, iter:50, loss: 0.0992, lr: 0.0006281014941466035
2026-01-19 21:43:17 - train: epoch 43, iter:60, loss: 0.0888, lr: 0.0006281014941466035
2026-01-19 21:43:20 - train: epoch 43, iter:70, loss: 0.0916, lr: 0.0006281014941466035
2026-01-19 21:43:23 - train: epoch 43, iter:80, loss: 0.0819, lr: 0.0006281014941466035
2026-01-19 21:43:23 - Finish one epoch train: epoch 43, loss: 0.1024, time(s): 24.69
2026-01-19 21:43:24 - idx 0 case patient050_frame01 mean_dice 0.872035 mean_hd95 5.407596
2026-01-19 21:43:26 - idx 1 case patient050_frame12 mean_dice 0.782914 mean_hd95 6.635690
2026-01-19 21:43:26 - idx 2 case patient037_frame01 mean_dice 0.897962 mean_hd95 1.000000
2026-01-19 21:43:27 - idx 3 case patient037_frame12 mean_dice 0.766649 mean_hd95 2.192164
2026-01-19 21:43:29 - idx 4 case patient095_frame01 mean_dice 0.937679 mean_hd95 1.000000
2026-01-19 21:43:30 - idx 5 case patient095_frame12 mean_dice 0.901606 mean_hd95 1.138071
2026-01-19 21:43:31 - idx 6 case patient047_frame01 mean_dice 0.897978 mean_hd95 1.000000
2026-01-19 21:43:32 - idx 7 case patient047_frame09 mean_dice 0.848668 mean_hd95 1.858830
2026-01-19 21:43:33 - idx 8 case patient044_frame01 mean_dice 0.921310 mean_hd95 1.000000
2026-01-19 21:43:35 - idx 9 case patient044_frame11 mean_dice 0.878495 mean_hd95 1.244017
2026-01-19 21:43:36 - idx 10 case patient064_frame01 mean_dice 0.954159 mean_hd95 1.000000
2026-01-19 21:43:37 - idx 11 case patient064_frame12 mean_dice 0.934032 mean_hd95 1.000000
2026-01-19 21:43:38 - idx 12 case patient017_frame01 mean_dice 0.919815 mean_hd95 1.000000
2026-01-19 21:43:39 - idx 13 case patient017_frame09 mean_dice 0.928236 mean_hd95 1.000000
2026-01-19 21:43:40 - idx 14 case patient039_frame01 mean_dice 0.938077 mean_hd95 1.000000
2026-01-19 21:43:41 - idx 15 case patient039_frame10 mean_dice 0.878173 mean_hd95 1.303757
2026-01-19 21:43:42 - idx 16 case patient041_frame01 mean_dice 0.899564 mean_hd95 1.000000
2026-01-19 21:43:42 - idx 17 case patient041_frame11 mean_dice 0.842277 mean_hd95 1.333333
2026-01-19 21:43:43 - idx 18 case patient067_frame01 mean_dice 0.930063 mean_hd95 1.000000
2026-01-19 21:43:45 - idx 19 case patient067_frame10 mean_dice 0.868656 mean_hd95 3.811659
2026-01-19 21:43:45 - Mean class 1 mean_dice 0.859288 mean_hd95 2.772721
2026-01-19 21:43:45 - Mean class 2 mean_dice 0.878567 mean_hd95 1.303966
2026-01-19 21:43:45 - Mean class 3 mean_dice 0.931898 mean_hd95 1.312081
2026-01-19 21:43:45 - val epoch: 43, mean_dice: 0.8899173899114473, mean_hd95: 1.796255877938617, time(s): 21.63
2026-01-19 21:43:46 - train: epoch 44, iter:0, loss: 0.0901, lr: 0.000612980904491289
2026-01-19 21:43:49 - train: epoch 44, iter:10, loss: 0.0932, lr: 0.000612980904491289
2026-01-19 21:43:52 - train: epoch 44, iter:20, loss: 0.1069, lr: 0.000612980904491289
2026-01-19 21:43:55 - train: epoch 44, iter:30, loss: 0.0939, lr: 0.000612980904491289
2026-01-19 21:43:58 - train: epoch 44, iter:40, loss: 0.1160, lr: 0.000612980904491289
2026-01-19 21:44:01 - train: epoch 44, iter:50, loss: 0.0853, lr: 0.000612980904491289
2026-01-19 21:44:04 - train: epoch 44, iter:60, loss: 0.0929, lr: 0.000612980904491289
2026-01-19 21:44:07 - train: epoch 44, iter:70, loss: 0.0911, lr: 0.000612980904491289
2026-01-19 21:44:10 - train: epoch 44, iter:80, loss: 0.0834, lr: 0.000612980904491289
2026-01-19 21:44:10 - Finish one epoch train: epoch 44, loss: 0.1021, time(s): 24.71
2026-01-19 21:44:11 - idx 0 case patient050_frame01 mean_dice 0.890322 mean_hd95 5.212727
2026-01-19 21:44:13 - idx 1 case patient050_frame12 mean_dice 0.786034 mean_hd95 9.710104
2026-01-19 21:44:13 - idx 2 case patient037_frame01 mean_dice 0.866395 mean_hd95 1.333333
2026-01-19 21:44:14 - idx 3 case patient037_frame12 mean_dice 0.759472 mean_hd95 2.364087
2026-01-19 21:44:16 - idx 4 case patient095_frame01 mean_dice 0.942051 mean_hd95 1.000000
2026-01-19 21:44:17 - idx 5 case patient095_frame12 mean_dice 0.903813 mean_hd95 1.276142
2026-01-19 21:44:18 - idx 6 case patient047_frame01 mean_dice 0.863408 mean_hd95 1.333333
2026-01-19 21:44:20 - idx 7 case patient047_frame09 mean_dice 0.787783 mean_hd95 2.859543
2026-01-19 21:44:21 - idx 8 case patient044_frame01 mean_dice 0.924503 mean_hd95 1.000000
2026-01-19 21:44:22 - idx 9 case patient044_frame11 mean_dice 0.871389 mean_hd95 1.244017
2026-01-19 21:44:23 - idx 10 case patient064_frame01 mean_dice 0.951891 mean_hd95 1.000000
2026-01-19 21:44:24 - idx 11 case patient064_frame12 mean_dice 0.899399 mean_hd95 1.000000
2026-01-19 21:44:25 - idx 12 case patient017_frame01 mean_dice 0.914737 mean_hd95 1.333333
2026-01-19 21:44:26 - idx 13 case patient017_frame09 mean_dice 0.928175 mean_hd95 1.000000
2026-01-19 21:44:27 - idx 14 case patient039_frame01 mean_dice 0.938757 mean_hd95 1.000000
2026-01-19 21:44:28 - idx 15 case patient039_frame10 mean_dice 0.889404 mean_hd95 1.000000
2026-01-19 21:44:29 - idx 16 case patient041_frame01 mean_dice 0.903464 mean_hd95 1.000000
2026-01-19 21:44:29 - idx 17 case patient041_frame11 mean_dice 0.873339 mean_hd95 1.138071
2026-01-19 21:44:31 - idx 18 case patient067_frame01 mean_dice 0.923572 mean_hd95 1.000000
2026-01-19 21:44:32 - idx 19 case patient067_frame10 mean_dice 0.902652 mean_hd95 1.000000
2026-01-19 21:44:32 - Mean class 1 mean_dice 0.847684 mean_hd95 3.526058
2026-01-19 21:44:32 - Mean class 2 mean_dice 0.882315 mean_hd95 1.062132
2026-01-19 21:44:32 - Mean class 3 mean_dice 0.928085 mean_hd95 1.082514
2026-01-19 21:44:32 - val epoch: 44, mean_dice: 0.8860280205567458, mean_hd95: 1.8902345789320478, time(s): 21.80
2026-01-19 21:44:33 - train: epoch 45, iter:0, loss: 0.0789, lr: 0.0005977537507199342
2026-01-19 21:44:36 - train: epoch 45, iter:10, loss: 0.0881, lr: 0.0005977537507199342
2026-01-19 21:44:39 - train: epoch 45, iter:20, loss: 0.1137, lr: 0.0005977537507199342
2026-01-19 21:44:42 - train: epoch 45, iter:30, loss: 0.1102, lr: 0.0005977537507199342
2026-01-19 21:44:45 - train: epoch 45, iter:40, loss: 0.0812, lr: 0.0005977537507199342
2026-01-19 21:44:48 - train: epoch 45, iter:50, loss: 0.0913, lr: 0.0005977537507199342
2026-01-19 21:44:51 - train: epoch 45, iter:60, loss: 0.1020, lr: 0.0005977537507199342
2026-01-19 21:44:55 - train: epoch 45, iter:70, loss: 0.0936, lr: 0.0005977537507199342
2026-01-19 21:44:58 - train: epoch 45, iter:80, loss: 0.1121, lr: 0.0005977537507199342
2026-01-19 21:44:58 - Finish one epoch train: epoch 45, loss: 0.1010, time(s): 25.27
2026-01-19 21:44:59 - idx 0 case patient050_frame01 mean_dice 0.881526 mean_hd95 6.750743
2026-01-19 21:45:00 - idx 1 case patient050_frame12 mean_dice 0.836325 mean_hd95 5.853407
2026-01-19 21:45:01 - idx 2 case patient037_frame01 mean_dice 0.882426 mean_hd95 1.000000
2026-01-19 21:45:02 - idx 3 case patient037_frame12 mean_dice 0.740864 mean_hd95 5.859557
2026-01-19 21:45:03 - idx 4 case patient095_frame01 mean_dice 0.937267 mean_hd95 1.000000
2026-01-19 21:45:05 - idx 5 case patient095_frame12 mean_dice 0.853654 mean_hd95 1.747547
2026-01-19 21:45:06 - idx 6 case patient047_frame01 mean_dice 0.814575 mean_hd95 1.666667
2026-01-19 21:45:07 - idx 7 case patient047_frame09 mean_dice 0.746901 mean_hd95 2.080880
2026-01-19 21:45:08 - idx 8 case patient044_frame01 mean_dice 0.913801 mean_hd95 1.000000
2026-01-19 21:45:09 - idx 9 case patient044_frame11 mean_dice 0.860191 mean_hd95 1.550094
2026-01-19 21:45:11 - idx 10 case patient064_frame01 mean_dice 0.947211 mean_hd95 1.000000
2026-01-19 21:45:12 - idx 11 case patient064_frame12 mean_dice 0.914898 mean_hd95 1.000000
2026-01-19 21:45:13 - idx 12 case patient017_frame01 mean_dice 0.890531 mean_hd95 1.666667
2026-01-19 21:45:14 - idx 13 case patient017_frame09 mean_dice 0.909439 mean_hd95 1.333333
2026-01-19 21:45:15 - idx 14 case patient039_frame01 mean_dice 0.917209 mean_hd95 1.138071
2026-01-19 21:45:16 - idx 15 case patient039_frame10 mean_dice 0.833700 mean_hd95 1.550094
2026-01-19 21:45:17 - idx 16 case patient041_frame01 mean_dice 0.916868 mean_hd95 1.000000
2026-01-19 21:45:17 - idx 17 case patient041_frame11 mean_dice 0.881386 mean_hd95 1.138071
2026-01-19 21:45:18 - idx 18 case patient067_frame01 mean_dice 0.904080 mean_hd95 1.000000
2026-01-19 21:45:20 - idx 19 case patient067_frame10 mean_dice 0.901062 mean_hd95 1.000000
2026-01-19 21:45:20 - Mean class 1 mean_dice 0.829705 mean_hd95 3.209204
2026-01-19 21:45:20 - Mean class 2 mean_dice 0.867454 mean_hd95 1.173935
2026-01-19 21:45:20 - Mean class 3 mean_dice 0.925428 mean_hd95 1.667130
2026-01-19 21:45:20 - val epoch: 45, mean_dice: 0.8741956358610197, mean_hd95: 2.016756527551798, time(s): 21.85
2026-01-19 21:45:20 - train: epoch 46, iter:0, loss: 0.1166, lr: 0.0005824350601949147
2026-01-19 21:45:23 - train: epoch 46, iter:10, loss: 0.1093, lr: 0.0005824350601949147
2026-01-19 21:45:27 - train: epoch 46, iter:20, loss: 0.0895, lr: 0.0005824350601949147
2026-01-19 21:45:30 - train: epoch 46, iter:30, loss: 0.0907, lr: 0.0005824350601949147
2026-01-19 21:45:33 - train: epoch 46, iter:40, loss: 0.0928, lr: 0.0005824350601949147
2026-01-19 21:45:36 - train: epoch 46, iter:50, loss: 0.1137, lr: 0.0005824350601949147
2026-01-19 21:45:39 - train: epoch 46, iter:60, loss: 0.0933, lr: 0.0005824350601949147
2026-01-19 21:45:42 - train: epoch 46, iter:70, loss: 0.0865, lr: 0.0005824350601949147
2026-01-19 21:45:45 - train: epoch 46, iter:80, loss: 0.0822, lr: 0.0005824350601949147
2026-01-19 21:45:45 - Finish one epoch train: epoch 46, loss: 0.1025, time(s): 25.29
2026-01-19 21:45:47 - idx 0 case patient050_frame01 mean_dice 0.907684 mean_hd95 1.138071
2026-01-19 21:45:48 - idx 1 case patient050_frame12 mean_dice 0.802391 mean_hd95 9.435298
2026-01-19 21:45:49 - idx 2 case patient037_frame01 mean_dice 0.842413 mean_hd95 1.412023
2026-01-19 21:45:49 - idx 3 case patient037_frame12 mean_dice 0.772235 mean_hd95 7.047712
2026-01-19 21:45:51 - idx 4 case patient095_frame01 mean_dice 0.937305 mean_hd95 1.000000
2026-01-19 21:45:53 - idx 5 case patient095_frame12 mean_dice 0.907262 mean_hd95 1.138071
2026-01-19 21:45:54 - idx 6 case patient047_frame01 mean_dice 0.911558 mean_hd95 1.000000
2026-01-19 21:45:55 - idx 7 case patient047_frame09 mean_dice 0.866485 mean_hd95 1.804738
2026-01-19 21:45:56 - idx 8 case patient044_frame01 mean_dice 0.930857 mean_hd95 1.000000
2026-01-19 21:45:57 - idx 9 case patient044_frame11 mean_dice 0.882844 mean_hd95 1.244017
2026-01-19 21:45:58 - idx 10 case patient064_frame01 mean_dice 0.950794 mean_hd95 1.000000
2026-01-19 21:46:00 - idx 11 case patient064_frame12 mean_dice 0.930427 mean_hd95 1.000000
2026-01-19 21:46:01 - idx 12 case patient017_frame01 mean_dice 0.928123 mean_hd95 1.000000
2026-01-19 21:46:02 - idx 13 case patient017_frame09 mean_dice 0.935744 mean_hd95 1.000000
2026-01-19 21:46:03 - idx 14 case patient039_frame01 mean_dice 0.938446 mean_hd95 1.000000
2026-01-19 21:46:04 - idx 15 case patient039_frame10 mean_dice 0.869020 mean_hd95 1.804738
2026-01-19 21:46:04 - idx 16 case patient041_frame01 mean_dice 0.898546 mean_hd95 1.000000
2026-01-19 21:46:05 - idx 17 case patient041_frame11 mean_dice 0.853008 mean_hd95 1.333333
2026-01-19 21:46:06 - idx 18 case patient067_frame01 mean_dice 0.925183 mean_hd95 1.000000
2026-01-19 21:46:07 - idx 19 case patient067_frame10 mean_dice 0.910132 mean_hd95 1.000000
2026-01-19 21:46:07 - Mean class 1 mean_dice 0.866859 mean_hd95 3.409054
2026-01-19 21:46:07 - Mean class 2 mean_dice 0.883584 mean_hd95 1.062132
2026-01-19 21:46:07 - Mean class 3 mean_dice 0.934626 mean_hd95 1.132514
2026-01-19 21:46:07 - val epoch: 46, mean_dice: 0.8950227947964663, mean_hd95: 1.8679000522483602, time(s): 21.89
2026-01-19 21:46:08 - train: epoch 47, iter:0, loss: 0.0780, lr: 0.000567039950614331
2026-01-19 21:46:11 - train: epoch 47, iter:10, loss: 0.1532, lr: 0.000567039950614331
2026-01-19 21:46:14 - train: epoch 47, iter:20, loss: 0.0946, lr: 0.000567039950614331
2026-01-19 21:46:17 - train: epoch 47, iter:30, loss: 0.1057, lr: 0.000567039950614331
2026-01-19 21:46:20 - train: epoch 47, iter:40, loss: 0.1112, lr: 0.000567039950614331
2026-01-19 21:46:23 - train: epoch 47, iter:50, loss: 0.0890, lr: 0.000567039950614331
2026-01-19 21:46:26 - train: epoch 47, iter:60, loss: 0.1184, lr: 0.000567039950614331
2026-01-19 21:46:29 - train: epoch 47, iter:70, loss: 0.1022, lr: 0.000567039950614331
2026-01-19 21:46:32 - train: epoch 47, iter:80, loss: 0.0891, lr: 0.000567039950614331
2026-01-19 21:46:33 - Finish one epoch train: epoch 47, loss: 0.1018, time(s): 24.62
2026-01-19 21:46:34 - idx 0 case patient050_frame01 mean_dice 0.886212 mean_hd95 1.483163
2026-01-19 21:46:35 - idx 1 case patient050_frame12 mean_dice 0.822446 mean_hd95 1.910684
2026-01-19 21:46:36 - idx 2 case patient037_frame01 mean_dice 0.892668 mean_hd95 1.244017
2026-01-19 21:46:37 - idx 3 case patient037_frame12 mean_dice 0.765390 mean_hd95 2.454906
2026-01-19 21:46:38 - idx 4 case patient095_frame01 mean_dice 0.938216 mean_hd95 1.000000
2026-01-19 21:46:40 - idx 5 case patient095_frame12 mean_dice 0.906988 mean_hd95 1.333333
2026-01-19 21:46:41 - idx 6 case patient047_frame01 mean_dice 0.885805 mean_hd95 8.480095
2026-01-19 21:46:42 - idx 7 case patient047_frame09 mean_dice 0.819553 mean_hd95 9.773527
2026-01-19 21:46:43 - idx 8 case patient044_frame01 mean_dice 0.924214 mean_hd95 1.000000
2026-01-19 21:46:44 - idx 9 case patient044_frame11 mean_dice 0.874189 mean_hd95 1.244017
2026-01-19 21:46:45 - idx 10 case patient064_frame01 mean_dice 0.947994 mean_hd95 1.000000
2026-01-19 21:46:46 - idx 11 case patient064_frame12 mean_dice 0.914987 mean_hd95 1.138071
2026-01-19 21:46:47 - idx 12 case patient017_frame01 mean_dice 0.910723 mean_hd95 1.138071
2026-01-19 21:46:49 - idx 13 case patient017_frame09 mean_dice 0.929822 mean_hd95 1.000000
2026-01-19 21:46:50 - idx 14 case patient039_frame01 mean_dice 0.933202 mean_hd95 1.000000
2026-01-19 21:46:51 - idx 15 case patient039_frame10 mean_dice 0.819029 mean_hd95 2.268218
2026-01-19 21:46:51 - idx 16 case patient041_frame01 mean_dice 0.902799 mean_hd95 1.000000
2026-01-19 21:46:52 - idx 17 case patient041_frame11 mean_dice 0.871543 mean_hd95 1.138071
2026-01-19 21:46:53 - idx 18 case patient067_frame01 mean_dice 0.922455 mean_hd95 1.000000
2026-01-19 21:46:54 - idx 19 case patient067_frame10 mean_dice 0.903705 mean_hd95 1.000000
2026-01-19 21:46:54 - Mean class 1 mean_dice 0.867145 mean_hd95 3.850600
2026-01-19 21:46:54 - Mean class 2 mean_dice 0.869351 mean_hd95 1.287101
2026-01-19 21:46:54 - Mean class 3 mean_dice 0.929294 mean_hd95 1.103225
2026-01-19 21:46:54 - val epoch: 47, mean_dice: 0.8885969649097735, mean_hd95: 2.0803086923363447, time(s): 21.63
2026-01-19 21:46:55 - train: epoch 48, iter:0, loss: 0.0784, lr: 0.0005515836150926649
2026-01-19 21:46:58 - train: epoch 48, iter:10, loss: 0.0966, lr: 0.0005515836150926649
2026-01-19 21:47:01 - train: epoch 48, iter:20, loss: 0.1011, lr: 0.0005515836150926649
2026-01-19 21:47:04 - train: epoch 48, iter:30, loss: 0.0900, lr: 0.0005515836150926649
2026-01-19 21:47:07 - train: epoch 48, iter:40, loss: 0.0946, lr: 0.0005515836150926649
2026-01-19 21:47:11 - train: epoch 48, iter:50, loss: 0.1090, lr: 0.0005515836150926649
2026-01-19 21:47:14 - train: epoch 48, iter:60, loss: 0.1076, lr: 0.0005515836150926649
2026-01-19 21:47:17 - train: epoch 48, iter:70, loss: 0.1079, lr: 0.0005515836150926649
2026-01-19 21:47:20 - train: epoch 48, iter:80, loss: 0.0873, lr: 0.0005515836150926649
2026-01-19 21:47:20 - Finish one epoch train: epoch 48, loss: 0.0965, time(s): 25.51
2026-01-19 21:47:22 - idx 0 case patient050_frame01 mean_dice 0.874189 mean_hd95 6.901142
2026-01-19 21:47:23 - idx 1 case patient050_frame12 mean_dice 0.811441 mean_hd95 3.365120
2026-01-19 21:47:24 - idx 2 case patient037_frame01 mean_dice 0.863356 mean_hd95 1.412023
2026-01-19 21:47:25 - idx 3 case patient037_frame12 mean_dice 0.733828 mean_hd95 8.362849
2026-01-19 21:47:26 - idx 4 case patient095_frame01 mean_dice 0.937104 mean_hd95 1.000000
2026-01-19 21:47:28 - idx 5 case patient095_frame12 mean_dice 0.910700 mean_hd95 1.138071
2026-01-19 21:47:29 - idx 6 case patient047_frame01 mean_dice 0.899427 mean_hd95 1.138071
2026-01-19 21:47:30 - idx 7 case patient047_frame09 mean_dice 0.853879 mean_hd95 2.000000
2026-01-19 21:47:31 - idx 8 case patient044_frame01 mean_dice 0.926716 mean_hd95 1.000000
2026-01-19 21:47:32 - idx 9 case patient044_frame11 mean_dice 0.875667 mean_hd95 1.412023
2026-01-19 21:47:34 - idx 10 case patient064_frame01 mean_dice 0.946011 mean_hd95 1.000000
2026-01-19 21:47:35 - idx 11 case patient064_frame12 mean_dice 0.907263 mean_hd95 1.000000
2026-01-19 21:47:36 - idx 12 case patient017_frame01 mean_dice 0.899579 mean_hd95 1.244017
2026-01-19 21:47:37 - idx 13 case patient017_frame09 mean_dice 0.917260 mean_hd95 1.000000
2026-01-19 21:47:38 - idx 14 case patient039_frame01 mean_dice 0.926014 mean_hd95 1.000000
2026-01-19 21:47:39 - idx 15 case patient039_frame10 mean_dice 0.862685 mean_hd95 2.017930
2026-01-19 21:47:40 - idx 16 case patient041_frame01 mean_dice 0.893486 mean_hd95 1.000000
2026-01-19 21:47:40 - idx 17 case patient041_frame11 mean_dice 0.836968 mean_hd95 1.333333
2026-01-19 21:47:42 - idx 18 case patient067_frame01 mean_dice 0.919667 mean_hd95 1.000000
2026-01-19 21:47:43 - idx 19 case patient067_frame10 mean_dice 0.908514 mean_hd95 1.000000
2026-01-19 21:47:43 - Mean class 1 mean_dice 0.853098 mean_hd95 3.754041
2026-01-19 21:47:43 - Mean class 2 mean_dice 0.875541 mean_hd95 1.082843
2026-01-19 21:47:43 - Mean class 3 mean_dice 0.926924 mean_hd95 1.061803
2026-01-19 21:47:43 - val epoch: 48, mean_dice: 0.8851877409689424, mean_hd95: 1.9662289733416312, time(s): 22.61
2026-01-19 21:47:44 - train: epoch 49, iter:0, loss: 0.0971, lr: 0.0005360813071670105
2026-01-19 21:47:47 - train: epoch 49, iter:10, loss: 0.0897, lr: 0.0005360813071670105
2026-01-19 21:47:50 - train: epoch 49, iter:20, loss: 0.1173, lr: 0.0005360813071670105
2026-01-19 21:47:53 - train: epoch 49, iter:30, loss: 0.0847, lr: 0.0005360813071670105
2026-01-19 21:47:56 - train: epoch 49, iter:40, loss: 0.1045, lr: 0.0005360813071670105
2026-01-19 21:47:59 - train: epoch 49, iter:50, loss: 0.0893, lr: 0.0005360813071670105
2026-01-19 21:48:02 - train: epoch 49, iter:60, loss: 0.0925, lr: 0.0005360813071670105
2026-01-19 21:48:05 - train: epoch 49, iter:70, loss: 0.1083, lr: 0.0005360813071670105
2026-01-19 21:48:08 - train: epoch 49, iter:80, loss: 0.1063, lr: 0.0005360813071670105
2026-01-19 21:48:08 - Finish one epoch train: epoch 49, loss: 0.0953, time(s): 24.85
2026-01-19 21:48:10 - idx 0 case patient050_frame01 mean_dice 0.865587 mean_hd95 7.152515
2026-01-19 21:48:11 - idx 1 case patient050_frame12 mean_dice 0.775699 mean_hd95 9.260503
2026-01-19 21:48:12 - idx 2 case patient037_frame01 mean_dice 0.854039 mean_hd95 1.412023
2026-01-19 21:48:12 - idx 3 case patient037_frame12 mean_dice 0.742381 mean_hd95 2.418611
2026-01-19 21:48:14 - idx 4 case patient095_frame01 mean_dice 0.940270 mean_hd95 1.000000
2026-01-19 21:48:15 - idx 5 case patient095_frame12 mean_dice 0.892630 mean_hd95 1.412023
2026-01-19 21:48:17 - idx 6 case patient047_frame01 mean_dice 0.898080 mean_hd95 1.333333
2026-01-19 21:48:18 - idx 7 case patient047_frame09 mean_dice 0.865022 mean_hd95 1.471405
2026-01-19 21:48:19 - idx 8 case patient044_frame01 mean_dice 0.927024 mean_hd95 1.000000
2026-01-19 21:48:20 - idx 9 case patient044_frame11 mean_dice 0.871976 mean_hd95 1.333333
2026-01-19 21:48:21 - idx 10 case patient064_frame01 mean_dice 0.949337 mean_hd95 1.000000
2026-01-19 21:48:22 - idx 11 case patient064_frame12 mean_dice 0.930212 mean_hd95 1.000000
2026-01-19 21:48:23 - idx 12 case patient017_frame01 mean_dice 0.911757 mean_hd95 1.000000
2026-01-19 21:48:24 - idx 13 case patient017_frame09 mean_dice 0.927860 mean_hd95 1.000000
2026-01-19 21:48:25 - idx 14 case patient039_frame01 mean_dice 0.931092 mean_hd95 1.000000
2026-01-19 21:48:26 - idx 15 case patient039_frame10 mean_dice 0.862423 mean_hd95 1.276142
2026-01-19 21:48:27 - idx 16 case patient041_frame01 mean_dice 0.897069 mean_hd95 1.000000
2026-01-19 21:48:28 - idx 17 case patient041_frame11 mean_dice 0.852707 mean_hd95 1.138071
2026-01-19 21:48:29 - idx 18 case patient067_frame01 mean_dice 0.925806 mean_hd95 1.000000
2026-01-19 21:48:30 - idx 19 case patient067_frame10 mean_dice 0.909068 mean_hd95 1.000000
2026-01-19 21:48:30 - Mean class 1 mean_dice 0.847901 mean_hd95 3.565837
2026-01-19 21:48:30 - Mean class 2 mean_dice 0.879724 mean_hd95 1.103553
2026-01-19 21:48:30 - Mean class 3 mean_dice 0.931880 mean_hd95 1.061803
2026-01-19 21:48:30 - val epoch: 49, mean_dice: 0.886501846223623, mean_hd95: 1.9103979566749267, time(s): 21.75
2026-01-19 21:48:31 - train: epoch 50, iter:0, loss: 0.0905, lr: 0.0005205483257436738
2026-01-19 21:48:34 - train: epoch 50, iter:10, loss: 0.1075, lr: 0.0005205483257436738
2026-01-19 21:48:37 - train: epoch 50, iter:20, loss: 0.1134, lr: 0.0005205483257436738
2026-01-19 21:48:40 - train: epoch 50, iter:30, loss: 0.0989, lr: 0.0005205483257436738
2026-01-19 21:48:43 - train: epoch 50, iter:40, loss: 0.0829, lr: 0.0005205483257436738
2026-01-19 21:48:46 - train: epoch 50, iter:50, loss: 0.0817, lr: 0.0005205483257436738
2026-01-19 21:48:49 - train: epoch 50, iter:60, loss: 0.0783, lr: 0.0005205483257436738
2026-01-19 21:48:52 - train: epoch 50, iter:70, loss: 0.0936, lr: 0.0005205483257436738
2026-01-19 21:48:55 - train: epoch 50, iter:80, loss: 0.0854, lr: 0.0005205483257436738
2026-01-19 21:48:55 - Finish one epoch train: epoch 50, loss: 0.0955, time(s): 24.72
2026-01-19 21:48:57 - idx 0 case patient050_frame01 mean_dice 0.875940 mean_hd95 2.149830
2026-01-19 21:48:58 - idx 1 case patient050_frame12 mean_dice 0.811407 mean_hd95 3.513618
2026-01-19 21:48:59 - idx 2 case patient037_frame01 mean_dice 0.874898 mean_hd95 1.333333
2026-01-19 21:48:59 - idx 3 case patient037_frame12 mean_dice 0.771492 mean_hd95 2.392679
2026-01-19 21:49:01 - idx 4 case patient095_frame01 mean_dice 0.939406 mean_hd95 1.000000
2026-01-19 21:49:03 - idx 5 case patient095_frame12 mean_dice 0.857972 mean_hd95 1.747547
2026-01-19 21:49:04 - idx 6 case patient047_frame01 mean_dice 0.786533 mean_hd95 1.868517
2026-01-19 21:49:05 - idx 7 case patient047_frame09 mean_dice 0.679417 mean_hd95 5.163637
2026-01-19 21:49:06 - idx 8 case patient044_frame01 mean_dice 0.906569 mean_hd95 1.000000
2026-01-19 21:49:07 - idx 9 case patient044_frame11 mean_dice 0.848045 mean_hd95 2.558301
2026-01-19 21:49:08 - idx 10 case patient064_frame01 mean_dice 0.948970 mean_hd95 1.000000
2026-01-19 21:49:10 - idx 11 case patient064_frame12 mean_dice 0.924910 mean_hd95 1.000000
2026-01-19 21:49:11 - idx 12 case patient017_frame01 mean_dice 0.896606 mean_hd95 1.138071
2026-01-19 21:49:12 - idx 13 case patient017_frame09 mean_dice 0.924677 mean_hd95 1.000000
2026-01-19 21:49:13 - idx 14 case patient039_frame01 mean_dice 0.924699 mean_hd95 1.000000
2026-01-19 21:49:14 - idx 15 case patient039_frame10 mean_dice 0.824903 mean_hd95 2.462793
2026-01-19 21:49:14 - idx 16 case patient041_frame01 mean_dice 0.898048 mean_hd95 1.000000
2026-01-19 21:49:15 - idx 17 case patient041_frame11 mean_dice 0.849101 mean_hd95 1.276142
2026-01-19 21:49:16 - idx 18 case patient067_frame01 mean_dice 0.908724 mean_hd95 1.000000
2026-01-19 21:49:18 - idx 19 case patient067_frame10 mean_dice 0.928361 mean_hd95 1.000000
2026-01-19 21:49:18 - Mean class 1 mean_dice 0.808727 mean_hd95 2.710187
2026-01-19 21:49:18 - Mean class 2 mean_dice 0.867758 mean_hd95 1.205317
2026-01-19 21:49:18 - Mean class 3 mean_dice 0.930616 mean_hd95 1.275166
2026-01-19 21:49:18 - val epoch: 50, mean_dice: 0.8690338611025838, mean_hd95: 1.7302234215064114, time(s): 22.29
2026-01-19 21:49:19 - train: epoch 51, iter:0, loss: 0.0884, lr: 0.0005050000000000002
2026-01-19 21:49:22 - train: epoch 51, iter:10, loss: 0.0787, lr: 0.0005050000000000002
2026-01-19 21:49:25 - train: epoch 51, iter:20, loss: 0.0971, lr: 0.0005050000000000002
2026-01-19 21:49:28 - train: epoch 51, iter:30, loss: 0.0897, lr: 0.0005050000000000002
2026-01-19 21:49:31 - train: epoch 51, iter:40, loss: 0.0832, lr: 0.0005050000000000002
2026-01-19 21:49:34 - train: epoch 51, iter:50, loss: 0.0750, lr: 0.0005050000000000002
2026-01-19 21:49:37 - train: epoch 51, iter:60, loss: 0.0974, lr: 0.0005050000000000002
2026-01-19 21:49:40 - train: epoch 51, iter:70, loss: 0.0820, lr: 0.0005050000000000002
2026-01-19 21:49:43 - train: epoch 51, iter:80, loss: 0.1014, lr: 0.0005050000000000002
2026-01-19 21:49:43 - Finish one epoch train: epoch 51, loss: 0.0926, time(s): 24.96
2026-01-19 21:49:44 - idx 0 case patient050_frame01 mean_dice 0.875664 mean_hd95 4.857986
2026-01-19 21:49:46 - idx 1 case patient050_frame12 mean_dice 0.780214 mean_hd95 3.276984
2026-01-19 21:49:46 - idx 2 case patient037_frame01 mean_dice 0.869848 mean_hd95 1.333333
2026-01-19 21:49:47 - idx 3 case patient037_frame12 mean_dice 0.686498 mean_hd95 2.591129
2026-01-19 21:49:49 - idx 4 case patient095_frame01 mean_dice 0.939037 mean_hd95 1.000000
2026-01-19 21:49:50 - idx 5 case patient095_frame12 mean_dice 0.879631 mean_hd95 1.621234
2026-01-19 21:49:51 - idx 6 case patient047_frame01 mean_dice 0.880146 mean_hd95 1.138071
2026-01-19 21:49:52 - idx 7 case patient047_frame09 mean_dice 0.748855 mean_hd95 2.832325
2026-01-19 21:49:53 - idx 8 case patient044_frame01 mean_dice 0.911861 mean_hd95 1.000000
2026-01-19 21:49:54 - idx 9 case patient044_frame11 mean_dice 0.869417 mean_hd95 1.382088
2026-01-19 21:49:56 - idx 10 case patient064_frame01 mean_dice 0.951427 mean_hd95 1.000000
2026-01-19 21:49:57 - idx 11 case patient064_frame12 mean_dice 0.898775 mean_hd95 1.138071
2026-01-19 21:49:58 - idx 12 case patient017_frame01 mean_dice 0.902503 mean_hd95 1.333333
2026-01-19 21:49:59 - idx 13 case patient017_frame09 mean_dice 0.918995 mean_hd95 1.138071
2026-01-19 21:50:00 - idx 14 case patient039_frame01 mean_dice 0.930020 mean_hd95 1.000000
2026-01-19 21:50:01 - idx 15 case patient039_frame10 mean_dice 0.796023 mean_hd95 2.138071
2026-01-19 21:50:01 - idx 16 case patient041_frame01 mean_dice 0.896540 mean_hd95 1.000000
2026-01-19 21:50:02 - idx 17 case patient041_frame11 mean_dice 0.879418 mean_hd95 1.138071
2026-01-19 21:50:03 - idx 18 case patient067_frame01 mean_dice 0.914493 mean_hd95 1.000000
2026-01-19 21:50:04 - idx 19 case patient067_frame10 mean_dice 0.924166 mean_hd95 1.000000
2026-01-19 21:50:04 - Mean class 1 mean_dice 0.824339 mean_hd95 2.539945
2026-01-19 21:50:04 - Mean class 2 mean_dice 0.868097 mean_hd95 1.273935
2026-01-19 21:50:04 - Mean class 3 mean_dice 0.925593 mean_hd95 1.123935
2026-01-19 21:50:04 - val epoch: 51, mean_dice: 0.872676555553957, mean_hd95: 1.6459384771563224, time(s): 21.31
2026-01-19 21:50:05 - train: epoch 52, iter:0, loss: 0.1208, lr: 0.0004894516742563267
2026-01-19 21:50:08 - train: epoch 52, iter:10, loss: 0.0833, lr: 0.0004894516742563267
2026-01-19 21:50:12 - train: epoch 52, iter:20, loss: 0.0784, lr: 0.0004894516742563267
2026-01-19 21:50:15 - train: epoch 52, iter:30, loss: 0.0828, lr: 0.0004894516742563267
2026-01-19 21:50:18 - train: epoch 52, iter:40, loss: 0.0780, lr: 0.0004894516742563267
2026-01-19 21:50:21 - train: epoch 52, iter:50, loss: 0.0828, lr: 0.0004894516742563267
2026-01-19 21:50:24 - train: epoch 52, iter:60, loss: 0.1163, lr: 0.0004894516742563267
2026-01-19 21:50:27 - train: epoch 52, iter:70, loss: 0.0884, lr: 0.0004894516742563267
2026-01-19 21:50:30 - train: epoch 52, iter:80, loss: 0.0907, lr: 0.0004894516742563267
2026-01-19 21:50:30 - Finish one epoch train: epoch 52, loss: 0.0911, time(s): 25.06
2026-01-19 21:50:31 - idx 0 case patient050_frame01 mean_dice 0.869950 mean_hd95 7.525049
2026-01-19 21:50:33 - idx 1 case patient050_frame12 mean_dice 0.769823 mean_hd95 9.862709
2026-01-19 21:50:33 - idx 2 case patient037_frame01 mean_dice 0.884257 mean_hd95 1.244017
2026-01-19 21:50:34 - idx 3 case patient037_frame12 mean_dice 0.763891 mean_hd95 2.216761
2026-01-19 21:50:36 - idx 4 case patient095_frame01 mean_dice 0.941137 mean_hd95 1.000000
2026-01-19 21:50:37 - idx 5 case patient095_frame12 mean_dice 0.918973 mean_hd95 1.000000
2026-01-19 21:50:38 - idx 6 case patient047_frame01 mean_dice 0.876426 mean_hd95 1.412023
2026-01-19 21:50:39 - idx 7 case patient047_frame09 mean_dice 0.828172 mean_hd95 1.858830
2026-01-19 21:50:41 - idx 8 case patient044_frame01 mean_dice 0.920414 mean_hd95 1.000000
2026-01-19 21:50:42 - idx 9 case patient044_frame11 mean_dice 0.869787 mean_hd95 1.412023
2026-01-19 21:50:43 - idx 10 case patient064_frame01 mean_dice 0.950977 mean_hd95 1.000000
2026-01-19 21:50:44 - idx 11 case patient064_frame12 mean_dice 0.934617 mean_hd95 1.000000
2026-01-19 21:50:45 - idx 12 case patient017_frame01 mean_dice 0.908503 mean_hd95 1.333333
2026-01-19 21:50:46 - idx 13 case patient017_frame09 mean_dice 0.926770 mean_hd95 1.000000
2026-01-19 21:50:47 - idx 14 case patient039_frame01 mean_dice 0.931821 mean_hd95 1.000000
2026-01-19 21:50:48 - idx 15 case patient039_frame10 mean_dice 0.847703 mean_hd95 1.414214
2026-01-19 21:50:49 - idx 16 case patient041_frame01 mean_dice 0.900127 mean_hd95 1.000000
2026-01-19 21:50:49 - idx 17 case patient041_frame11 mean_dice 0.864323 mean_hd95 1.138071
2026-01-19 21:50:50 - idx 18 case patient067_frame01 mean_dice 0.919436 mean_hd95 1.000000
2026-01-19 21:50:52 - idx 19 case patient067_frame10 mean_dice 0.924575 mean_hd95 1.000000
2026-01-19 21:50:52 - Mean class 1 mean_dice 0.850030 mean_hd95 3.669502
2026-01-19 21:50:52 - Mean class 2 mean_dice 0.880563 mean_hd95 1.160538
2026-01-19 21:50:52 - Mean class 3 mean_dice 0.932160 mean_hd95 1.082514
2026-01-19 21:50:52 - val epoch: 52, mean_dice: 0.8875841405720722, mean_hd95: 1.970851492489697, time(s): 21.64
2026-01-19 21:50:53 - train: epoch 53, iter:0, loss: 0.0889, lr: 0.0004739186928329901
2026-01-19 21:50:56 - train: epoch 53, iter:10, loss: 0.0912, lr: 0.0004739186928329901
2026-01-19 21:50:59 - train: epoch 53, iter:20, loss: 0.0954, lr: 0.0004739186928329901
2026-01-19 21:51:02 - train: epoch 53, iter:30, loss: 0.0839, lr: 0.0004739186928329901
2026-01-19 21:51:05 - train: epoch 53, iter:40, loss: 0.1074, lr: 0.0004739186928329901
2026-01-19 21:51:08 - train: epoch 53, iter:50, loss: 0.0809, lr: 0.0004739186928329901
2026-01-19 21:51:11 - train: epoch 53, iter:60, loss: 0.0871, lr: 0.0004739186928329901
2026-01-19 21:51:14 - train: epoch 53, iter:70, loss: 0.1208, lr: 0.0004739186928329901
2026-01-19 21:51:17 - train: epoch 53, iter:80, loss: 0.0910, lr: 0.0004739186928329901
2026-01-19 21:51:17 - Finish one epoch train: epoch 53, loss: 0.0938, time(s): 24.77
2026-01-19 21:51:18 - idx 0 case patient050_frame01 mean_dice 0.885659 mean_hd95 1.550094
2026-01-19 21:51:19 - idx 1 case patient050_frame12 mean_dice 0.785760 mean_hd95 6.849957
2026-01-19 21:51:20 - idx 2 case patient037_frame01 mean_dice 0.884343 mean_hd95 1.333333
2026-01-19 21:51:21 - idx 3 case patient037_frame12 mean_dice 0.758700 mean_hd95 1.816497
2026-01-19 21:51:23 - idx 4 case patient095_frame01 mean_dice 0.938973 mean_hd95 1.000000
2026-01-19 21:51:24 - idx 5 case patient095_frame12 mean_dice 0.888347 mean_hd95 1.621234
2026-01-19 21:51:25 - idx 6 case patient047_frame01 mean_dice 0.900123 mean_hd95 1.244017
2026-01-19 21:51:26 - idx 7 case patient047_frame09 mean_dice 0.869630 mean_hd95 1.471405
2026-01-19 21:51:27 - idx 8 case patient044_frame01 mean_dice 0.928065 mean_hd95 1.000000
2026-01-19 21:51:28 - idx 9 case patient044_frame11 mean_dice 0.864165 mean_hd95 1.412023
2026-01-19 21:51:29 - idx 10 case patient064_frame01 mean_dice 0.952140 mean_hd95 1.000000
2026-01-19 21:51:31 - idx 11 case patient064_frame12 mean_dice 0.915799 mean_hd95 1.000000
2026-01-19 21:51:32 - idx 12 case patient017_frame01 mean_dice 0.913477 mean_hd95 1.138071
2026-01-19 21:51:33 - idx 13 case patient017_frame09 mean_dice 0.925071 mean_hd95 1.000000
2026-01-19 21:51:34 - idx 14 case patient039_frame01 mean_dice 0.936417 mean_hd95 1.000000
2026-01-19 21:51:35 - idx 15 case patient039_frame10 mean_dice 0.814731 mean_hd95 1.706490
2026-01-19 21:51:35 - idx 16 case patient041_frame01 mean_dice 0.908330 mean_hd95 1.000000
2026-01-19 21:51:36 - idx 17 case patient041_frame11 mean_dice 0.868908 mean_hd95 1.207107
2026-01-19 21:51:37 - idx 18 case patient067_frame01 mean_dice 0.920901 mean_hd95 1.000000
2026-01-19 21:51:39 - idx 19 case patient067_frame10 mean_dice 0.934588 mean_hd95 1.000000
2026-01-19 21:51:39 - Mean class 1 mean_dice 0.864005 mean_hd95 2.260676
2026-01-19 21:51:39 - Mean class 2 mean_dice 0.876598 mean_hd95 1.200437
2026-01-19 21:51:39 - Mean class 3 mean_dice 0.928517 mean_hd95 1.091421
2026-01-19 21:51:39 - val epoch: 53, mean_dice: 0.889706405430732, mean_hd95: 1.5175113793156205, time(s): 21.51
2026-01-19 21:51:39 - train: epoch 54, iter:0, loss: 0.0933, lr: 0.00045841638490733556
2026-01-19 21:51:42 - train: epoch 54, iter:10, loss: 0.0972, lr: 0.00045841638490733556
2026-01-19 21:51:45 - train: epoch 54, iter:20, loss: 0.0849, lr: 0.00045841638490733556
2026-01-19 21:51:48 - train: epoch 54, iter:30, loss: 0.0831, lr: 0.00045841638490733556
2026-01-19 21:51:51 - train: epoch 54, iter:40, loss: 0.0864, lr: 0.00045841638490733556
2026-01-19 21:51:55 - train: epoch 54, iter:50, loss: 0.1191, lr: 0.00045841638490733556
2026-01-19 21:51:58 - train: epoch 54, iter:60, loss: 0.0927, lr: 0.00045841638490733556
2026-01-19 21:52:01 - train: epoch 54, iter:70, loss: 0.1003, lr: 0.00045841638490733556
2026-01-19 21:52:04 - train: epoch 54, iter:80, loss: 0.0894, lr: 0.00045841638490733556
2026-01-19 21:52:04 - Finish one epoch train: epoch 54, loss: 0.0918, time(s): 24.67
2026-01-19 21:52:05 - idx 0 case patient050_frame01 mean_dice 0.865855 mean_hd95 7.788724
2026-01-19 21:52:06 - idx 1 case patient050_frame12 mean_dice 0.774824 mean_hd95 10.046146
2026-01-19 21:52:07 - idx 2 case patient037_frame01 mean_dice 0.890790 mean_hd95 1.244017
2026-01-19 21:52:08 - idx 3 case patient037_frame12 mean_dice 0.689566 mean_hd95 2.385290
2026-01-19 21:52:09 - idx 4 case patient095_frame01 mean_dice 0.938639 mean_hd95 1.000000
2026-01-19 21:52:11 - idx 5 case patient095_frame12 mean_dice 0.896669 mean_hd95 1.609476
2026-01-19 21:52:12 - idx 6 case patient047_frame01 mean_dice 0.895179 mean_hd95 1.333333
2026-01-19 21:52:13 - idx 7 case patient047_frame09 mean_dice 0.817988 mean_hd95 1.804738
2026-01-19 21:52:14 - idx 8 case patient044_frame01 mean_dice 0.917949 mean_hd95 1.000000
2026-01-19 21:52:15 - idx 9 case patient044_frame11 mean_dice 0.866373 mean_hd95 1.412023
2026-01-19 21:52:16 - idx 10 case patient064_frame01 mean_dice 0.950207 mean_hd95 1.000000
2026-01-19 21:52:18 - idx 11 case patient064_frame12 mean_dice 0.904490 mean_hd95 1.000000
2026-01-19 21:52:19 - idx 12 case patient017_frame01 mean_dice 0.911302 mean_hd95 1.138071
2026-01-19 21:52:20 - idx 13 case patient017_frame09 mean_dice 0.928552 mean_hd95 1.000000
2026-01-19 21:52:21 - idx 14 case patient039_frame01 mean_dice 0.932426 mean_hd95 1.000000
2026-01-19 21:52:22 - idx 15 case patient039_frame10 mean_dice 0.807179 mean_hd95 1.609476
2026-01-19 21:52:22 - idx 16 case patient041_frame01 mean_dice 0.892145 mean_hd95 1.000000
2026-01-19 21:52:23 - idx 17 case patient041_frame11 mean_dice 0.838479 mean_hd95 1.609476
2026-01-19 21:52:24 - idx 18 case patient067_frame01 mean_dice 0.918303 mean_hd95 1.000000
2026-01-19 21:52:25 - idx 19 case patient067_frame10 mean_dice 0.921922 mean_hd95 1.000000
2026-01-19 21:52:25 - Mean class 1 mean_dice 0.836687 mean_hd95 3.729666
2026-01-19 21:52:25 - Mean class 2 mean_dice 0.871776 mean_hd95 1.305317
2026-01-19 21:52:25 - Mean class 3 mean_dice 0.925362 mean_hd95 1.112132
2026-01-19 21:52:25 - val epoch: 54, mean_dice: 0.877941854595995, mean_hd95: 2.0490384684477037, time(s): 21.67
2026-01-19 21:52:26 - train: epoch 55, iter:0, loss: 0.0798, lr: 0.0004429600493856696
2026-01-19 21:52:29 - train: epoch 55, iter:10, loss: 0.0892, lr: 0.0004429600493856696
2026-01-19 21:52:32 - train: epoch 55, iter:20, loss: 0.1052, lr: 0.0004429600493856696
2026-01-19 21:52:35 - train: epoch 55, iter:30, loss: 0.0672, lr: 0.0004429600493856696
2026-01-19 21:52:38 - train: epoch 55, iter:40, loss: 0.0819, lr: 0.0004429600493856696
2026-01-19 21:52:41 - train: epoch 55, iter:50, loss: 0.0932, lr: 0.0004429600493856696
2026-01-19 21:52:45 - train: epoch 55, iter:60, loss: 0.0770, lr: 0.0004429600493856696
2026-01-19 21:52:48 - train: epoch 55, iter:70, loss: 0.0892, lr: 0.0004429600493856696
2026-01-19 21:52:51 - train: epoch 55, iter:80, loss: 0.0803, lr: 0.0004429600493856696
2026-01-19 21:52:51 - Finish one epoch train: epoch 55, loss: 0.0887, time(s): 24.83
2026-01-19 21:52:52 - idx 0 case patient050_frame01 mean_dice 0.873565 mean_hd95 7.504324
2026-01-19 21:52:53 - idx 1 case patient050_frame12 mean_dice 0.756302 mean_hd95 10.510458
2026-01-19 21:52:54 - idx 2 case patient037_frame01 mean_dice 0.873294 mean_hd95 1.429808
2026-01-19 21:52:55 - idx 3 case patient037_frame12 mean_dice 0.700222 mean_hd95 2.341994
2026-01-19 21:52:56 - idx 4 case patient095_frame01 mean_dice 0.940590 mean_hd95 1.000000
2026-01-19 21:52:58 - idx 5 case patient095_frame12 mean_dice 0.898750 mean_hd95 1.382088
2026-01-19 21:52:59 - idx 6 case patient047_frame01 mean_dice 0.906148 mean_hd95 1.000000
2026-01-19 21:53:00 - idx 7 case patient047_frame09 mean_dice 0.857320 mean_hd95 1.799823
2026-01-19 21:53:01 - idx 8 case patient044_frame01 mean_dice 0.915710 mean_hd95 1.000000
2026-01-19 21:53:02 - idx 9 case patient044_frame11 mean_dice 0.873415 mean_hd95 1.412023
2026-01-19 21:53:03 - idx 10 case patient064_frame01 mean_dice 0.950423 mean_hd95 1.000000
2026-01-19 21:53:05 - idx 11 case patient064_frame12 mean_dice 0.890056 mean_hd95 1.138071
2026-01-19 21:53:06 - idx 12 case patient017_frame01 mean_dice 0.913621 mean_hd95 1.000000
2026-01-19 21:53:07 - idx 13 case patient017_frame09 mean_dice 0.930983 mean_hd95 1.000000
2026-01-19 21:53:08 - idx 14 case patient039_frame01 mean_dice 0.931496 mean_hd95 1.000000
2026-01-19 21:53:09 - idx 15 case patient039_frame10 mean_dice 0.772229 mean_hd95 2.387426
2026-01-19 21:53:09 - idx 16 case patient041_frame01 mean_dice 0.901121 mean_hd95 1.000000
2026-01-19 21:53:10 - idx 17 case patient041_frame11 mean_dice 0.849964 mean_hd95 1.414214
2026-01-19 21:53:11 - idx 18 case patient067_frame01 mean_dice 0.915050 mean_hd95 1.000000
2026-01-19 21:53:12 - idx 19 case patient067_frame10 mean_dice 0.909929 mean_hd95 1.000000
2026-01-19 21:53:12 - Mean class 1 mean_dice 0.852575 mean_hd95 3.725783
2026-01-19 21:53:12 - Mean class 2 mean_dice 0.866105 mean_hd95 1.287644
2026-01-19 21:53:12 - Mean class 3 mean_dice 0.915348 mean_hd95 1.184607
2026-01-19 21:53:12 - val epoch: 55, mean_dice: 0.8780094235533543, mean_hd95: 2.0660113930213835, time(s): 21.61
2026-01-19 21:53:13 - train: epoch 56, iter:0, loss: 0.0765, lr: 0.0004275649398050859
2026-01-19 21:53:16 - train: epoch 56, iter:10, loss: 0.0775, lr: 0.0004275649398050859
2026-01-19 21:53:19 - train: epoch 56, iter:20, loss: 0.0861, lr: 0.0004275649398050859
2026-01-19 21:53:23 - train: epoch 56, iter:30, loss: 0.0769, lr: 0.0004275649398050859
2026-01-19 21:53:26 - train: epoch 56, iter:40, loss: 0.0821, lr: 0.0004275649398050859
2026-01-19 21:53:29 - train: epoch 56, iter:50, loss: 0.0927, lr: 0.0004275649398050859
2026-01-19 21:53:33 - train: epoch 56, iter:60, loss: 0.0739, lr: 0.0004275649398050859
2026-01-19 21:53:36 - train: epoch 56, iter:70, loss: 0.0864, lr: 0.0004275649398050859
2026-01-19 21:53:39 - train: epoch 56, iter:80, loss: 0.0956, lr: 0.0004275649398050859
2026-01-19 21:53:39 - Finish one epoch train: epoch 56, loss: 0.0869, time(s): 26.21
2026-01-19 21:53:40 - idx 0 case patient050_frame01 mean_dice 0.874791 mean_hd95 6.336957
2026-01-19 21:53:42 - idx 1 case patient050_frame12 mean_dice 0.788248 mean_hd95 9.765116
2026-01-19 21:53:43 - idx 2 case patient037_frame01 mean_dice 0.893800 mean_hd95 1.244017
2026-01-19 21:53:43 - idx 3 case patient037_frame12 mean_dice 0.753539 mean_hd95 1.954568
2026-01-19 21:53:45 - idx 4 case patient095_frame01 mean_dice 0.942980 mean_hd95 1.000000
2026-01-19 21:53:47 - idx 5 case patient095_frame12 mean_dice 0.887518 mean_hd95 1.666667
2026-01-19 21:53:48 - idx 6 case patient047_frame01 mean_dice 0.891447 mean_hd95 1.138071
2026-01-19 21:53:49 - idx 7 case patient047_frame09 mean_dice 0.834987 mean_hd95 1.858830
2026-01-19 21:53:50 - idx 8 case patient044_frame01 mean_dice 0.926980 mean_hd95 1.000000
2026-01-19 21:53:51 - idx 9 case patient044_frame11 mean_dice 0.873565 mean_hd95 1.412023
2026-01-19 21:53:52 - idx 10 case patient064_frame01 mean_dice 0.951275 mean_hd95 1.000000
2026-01-19 21:53:53 - idx 11 case patient064_frame12 mean_dice 0.940527 mean_hd95 1.000000
2026-01-19 21:53:54 - idx 12 case patient017_frame01 mean_dice 0.915112 mean_hd95 1.000000
2026-01-19 21:53:55 - idx 13 case patient017_frame09 mean_dice 0.928492 mean_hd95 1.000000
2026-01-19 21:53:56 - idx 14 case patient039_frame01 mean_dice 0.935244 mean_hd95 1.000000
2026-01-19 21:53:57 - idx 15 case patient039_frame10 mean_dice 0.832919 mean_hd95 2.685599
2026-01-19 21:53:58 - idx 16 case patient041_frame01 mean_dice 0.906496 mean_hd95 1.000000
2026-01-19 21:53:59 - idx 17 case patient041_frame11 mean_dice 0.877868 mean_hd95 1.138071
2026-01-19 21:54:00 - idx 18 case patient067_frame01 mean_dice 0.919035 mean_hd95 1.000000
2026-01-19 21:54:01 - idx 19 case patient067_frame10 mean_dice 0.908112 mean_hd95 1.000000
2026-01-19 21:54:01 - Mean class 1 mean_dice 0.852269 mean_hd95 3.581253
2026-01-19 21:54:01 - Mean class 2 mean_dice 0.881144 mean_hd95 1.148735
2026-01-19 21:54:01 - Mean class 3 mean_dice 0.934027 mean_hd95 1.150000
2026-01-19 21:54:01 - val epoch: 56, mean_dice: 0.8891467463770426, mean_hd95: 1.9599959352163576, time(s): 21.94
2026-01-19 21:54:02 - train: epoch 57, iter:0, loss: 0.0903, lr: 0.0004122462492800665
2026-01-19 21:54:05 - train: epoch 57, iter:10, loss: 0.0897, lr: 0.0004122462492800665
2026-01-19 21:54:08 - train: epoch 57, iter:20, loss: 0.0786, lr: 0.0004122462492800665
2026-01-19 21:54:11 - train: epoch 57, iter:30, loss: 0.0789, lr: 0.0004122462492800665
2026-01-19 21:54:14 - train: epoch 57, iter:40, loss: 0.0833, lr: 0.0004122462492800665
2026-01-19 21:54:17 - train: epoch 57, iter:50, loss: 0.0943, lr: 0.0004122462492800665
2026-01-19 21:54:20 - train: epoch 57, iter:60, loss: 0.1013, lr: 0.0004122462492800665
2026-01-19 21:54:23 - train: epoch 57, iter:70, loss: 0.0913, lr: 0.0004122462492800665
2026-01-19 21:54:26 - train: epoch 57, iter:80, loss: 0.0868, lr: 0.0004122462492800665
2026-01-19 21:54:27 - Finish one epoch train: epoch 57, loss: 0.0906, time(s): 24.97
2026-01-19 21:54:28 - idx 0 case patient050_frame01 mean_dice 0.866377 mean_hd95 7.525049
2026-01-19 21:54:29 - idx 1 case patient050_frame12 mean_dice 0.772497 mean_hd95 10.174487
2026-01-19 21:54:30 - idx 2 case patient037_frame01 mean_dice 0.880824 mean_hd95 1.333333
2026-01-19 21:54:31 - idx 3 case patient037_frame12 mean_dice 0.692743 mean_hd95 2.418611
2026-01-19 21:54:32 - idx 4 case patient095_frame01 mean_dice 0.939534 mean_hd95 1.000000
2026-01-19 21:54:34 - idx 5 case patient095_frame12 mean_dice 0.882783 mean_hd95 1.609476
2026-01-19 21:54:35 - idx 6 case patient047_frame01 mean_dice 0.836290 mean_hd95 1.483163
2026-01-19 21:54:36 - idx 7 case patient047_frame09 mean_dice 0.746275 mean_hd95 2.471405
2026-01-19 21:54:37 - idx 8 case patient044_frame01 mean_dice 0.927275 mean_hd95 1.000000
2026-01-19 21:54:38 - idx 9 case patient044_frame11 mean_dice 0.864039 mean_hd95 1.412023
2026-01-19 21:54:39 - idx 10 case patient064_frame01 mean_dice 0.947599 mean_hd95 1.000000
2026-01-19 21:54:40 - idx 11 case patient064_frame12 mean_dice 0.887173 mean_hd95 1.138071
2026-01-19 21:54:41 - idx 12 case patient017_frame01 mean_dice 0.908210 mean_hd95 1.000000
2026-01-19 21:54:42 - idx 13 case patient017_frame09 mean_dice 0.928661 mean_hd95 1.000000
2026-01-19 21:54:43 - idx 14 case patient039_frame01 mean_dice 0.928125 mean_hd95 1.000000
2026-01-19 21:54:44 - idx 15 case patient039_frame10 mean_dice 0.764969 mean_hd95 13.155017
2026-01-19 21:54:45 - idx 16 case patient041_frame01 mean_dice 0.897721 mean_hd95 1.000000
2026-01-19 21:54:46 - idx 17 case patient041_frame11 mean_dice 0.866833 mean_hd95 1.138071
2026-01-19 21:54:47 - idx 18 case patient067_frame01 mean_dice 0.913519 mean_hd95 1.000000
2026-01-19 21:54:48 - idx 19 case patient067_frame10 mean_dice 0.918769 mean_hd95 1.000000
2026-01-19 21:54:48 - Mean class 1 mean_dice 0.815908 mean_hd95 4.349608
2026-01-19 21:54:48 - Mean class 2 mean_dice 0.870828 mean_hd95 1.225699
2026-01-19 21:54:48 - Mean class 3 mean_dice 0.918796 mean_hd95 2.353499
2026-01-19 21:54:48 - val epoch: 57, mean_dice: 0.8685108003992225, mean_hd95: 2.6429353176562804, time(s): 21.54
2026-01-19 21:54:49 - train: epoch 58, iter:0, loss: 0.1112, lr: 0.00039701909550871175
2026-01-19 21:54:52 - train: epoch 58, iter:10, loss: 0.0894, lr: 0.00039701909550871175
2026-01-19 21:54:55 - train: epoch 58, iter:20, loss: 0.0980, lr: 0.00039701909550871175
2026-01-19 21:54:58 - train: epoch 58, iter:30, loss: 0.1450, lr: 0.00039701909550871175
2026-01-19 21:55:02 - train: epoch 58, iter:40, loss: 0.1004, lr: 0.00039701909550871175
2026-01-19 21:55:05 - train: epoch 58, iter:50, loss: 0.0814, lr: 0.00039701909550871175
2026-01-19 21:55:08 - train: epoch 58, iter:60, loss: 0.1135, lr: 0.00039701909550871175
2026-01-19 21:55:11 - train: epoch 58, iter:70, loss: 0.0978, lr: 0.00039701909550871175
2026-01-19 21:55:14 - train: epoch 58, iter:80, loss: 0.1074, lr: 0.00039701909550871175
2026-01-19 21:55:14 - Finish one epoch train: epoch 58, loss: 0.0903, time(s): 25.68
2026-01-19 21:55:16 - idx 0 case patient050_frame01 mean_dice 0.905306 mean_hd95 1.000000
2026-01-19 21:55:17 - idx 1 case patient050_frame12 mean_dice 0.821981 mean_hd95 9.805049
2026-01-19 21:55:18 - idx 2 case patient037_frame01 mean_dice 0.892880 mean_hd95 1.138071
2026-01-19 21:55:18 - idx 3 case patient037_frame12 mean_dice 0.731548 mean_hd95 2.159570
2026-01-19 21:55:20 - idx 4 case patient095_frame01 mean_dice 0.944351 mean_hd95 1.000000
2026-01-19 21:55:22 - idx 5 case patient095_frame12 mean_dice 0.883558 mean_hd95 1.621234
2026-01-19 21:55:23 - idx 6 case patient047_frame01 mean_dice 0.888792 mean_hd95 1.138071
2026-01-19 21:55:24 - idx 7 case patient047_frame09 mean_dice 0.876840 mean_hd95 1.550094
2026-01-19 21:55:25 - idx 8 case patient044_frame01 mean_dice 0.923683 mean_hd95 1.000000
2026-01-19 21:55:26 - idx 9 case patient044_frame11 mean_dice 0.871748 mean_hd95 1.412023
2026-01-19 21:55:27 - idx 10 case patient064_frame01 mean_dice 0.952256 mean_hd95 1.000000
2026-01-19 21:55:28 - idx 11 case patient064_frame12 mean_dice 0.933652 mean_hd95 1.000000
2026-01-19 21:55:29 - idx 12 case patient017_frame01 mean_dice 0.919029 mean_hd95 1.000000
2026-01-19 21:55:30 - idx 13 case patient017_frame09 mean_dice 0.928553 mean_hd95 1.000000
2026-01-19 21:55:31 - idx 14 case patient039_frame01 mean_dice 0.932769 mean_hd95 1.000000
2026-01-19 21:55:32 - idx 15 case patient039_frame10 mean_dice 0.796283 mean_hd95 11.523946
2026-01-19 21:55:33 - idx 16 case patient041_frame01 mean_dice 0.901369 mean_hd95 1.000000
2026-01-19 21:55:34 - idx 17 case patient041_frame11 mean_dice 0.846599 mean_hd95 1.276142
2026-01-19 21:55:35 - idx 18 case patient067_frame01 mean_dice 0.927049 mean_hd95 1.000000
2026-01-19 21:55:36 - idx 19 case patient067_frame10 mean_dice 0.921219 mean_hd95 1.000000
2026-01-19 21:55:36 - Mean class 1 mean_dice 0.855251 mean_hd95 2.732195
2026-01-19 21:55:36 - Mean class 2 mean_dice 0.881523 mean_hd95 1.307936
2026-01-19 21:55:36 - Mean class 3 mean_dice 0.933145 mean_hd95 2.353499
2026-01-19 21:55:36 - val epoch: 58, mean_dice: 0.8899732070920593, mean_hd95: 2.1312100146248594, time(s): 21.73
2026-01-19 21:55:37 - train: epoch 59, iter:0, loss: 0.0859, lr: 0.000381898505853397
2026-01-19 21:55:40 - train: epoch 59, iter:10, loss: 0.1187, lr: 0.000381898505853397
2026-01-19 21:55:43 - train: epoch 59, iter:20, loss: 0.0831, lr: 0.000381898505853397
2026-01-19 21:55:47 - train: epoch 59, iter:30, loss: 0.0893, lr: 0.000381898505853397
2026-01-19 21:55:50 - train: epoch 59, iter:40, loss: 0.1060, lr: 0.000381898505853397
2026-01-19 21:55:53 - train: epoch 59, iter:50, loss: 0.0787, lr: 0.000381898505853397
2026-01-19 21:55:56 - train: epoch 59, iter:60, loss: 0.0787, lr: 0.000381898505853397
2026-01-19 21:55:59 - train: epoch 59, iter:70, loss: 0.1245, lr: 0.000381898505853397
2026-01-19 21:56:03 - train: epoch 59, iter:80, loss: 0.0764, lr: 0.000381898505853397
2026-01-19 21:56:03 - Finish one epoch train: epoch 59, loss: 0.0893, time(s): 26.25
2026-01-19 21:56:04 - idx 0 case patient050_frame01 mean_dice 0.875250 mean_hd95 7.576760
2026-01-19 21:56:06 - idx 1 case patient050_frame12 mean_dice 0.816763 mean_hd95 8.505589
2026-01-19 21:56:07 - idx 2 case patient037_frame01 mean_dice 0.904714 mean_hd95 1.000000
2026-01-19 21:56:07 - idx 3 case patient037_frame12 mean_dice 0.690607 mean_hd95 2.322302
2026-01-19 21:56:09 - idx 4 case patient095_frame01 mean_dice 0.939637 mean_hd95 1.000000
2026-01-19 21:56:10 - idx 5 case patient095_frame12 mean_dice 0.907403 mean_hd95 1.244017
2026-01-19 21:56:12 - idx 6 case patient047_frame01 mean_dice 0.907244 mean_hd95 1.000000
2026-01-19 21:56:13 - idx 7 case patient047_frame09 mean_dice 0.862278 mean_hd95 1.382088
2026-01-19 21:56:14 - idx 8 case patient044_frame01 mean_dice 0.918563 mean_hd95 1.000000
2026-01-19 21:56:15 - idx 9 case patient044_frame11 mean_dice 0.876221 mean_hd95 1.412023
2026-01-19 21:56:16 - idx 10 case patient064_frame01 mean_dice 0.941563 mean_hd95 1.000000
2026-01-19 21:56:17 - idx 11 case patient064_frame12 mean_dice 0.891772 mean_hd95 1.000000
2026-01-19 21:56:18 - idx 12 case patient017_frame01 mean_dice 0.906831 mean_hd95 1.333333
2026-01-19 21:56:19 - idx 13 case patient017_frame09 mean_dice 0.927621 mean_hd95 1.000000
2026-01-19 21:56:20 - idx 14 case patient039_frame01 mean_dice 0.939198 mean_hd95 1.000000
2026-01-19 21:56:21 - idx 15 case patient039_frame10 mean_dice 0.742193 mean_hd95 5.319985
2026-01-19 21:56:22 - idx 16 case patient041_frame01 mean_dice 0.903552 mean_hd95 1.000000
2026-01-19 21:56:23 - idx 17 case patient041_frame11 mean_dice 0.879890 mean_hd95 1.138071
2026-01-19 21:56:24 - idx 18 case patient067_frame01 mean_dice 0.917112 mean_hd95 1.000000
2026-01-19 21:56:25 - idx 19 case patient067_frame10 mean_dice 0.921488 mean_hd95 1.000000
2026-01-19 21:56:25 - Mean class 1 mean_dice 0.862386 mean_hd95 3.720757
2026-01-19 21:56:25 - Mean class 2 mean_dice 0.870390 mean_hd95 1.320051
2026-01-19 21:56:25 - Mean class 3 mean_dice 0.917709 mean_hd95 1.144317
2026-01-19 21:56:25 - val epoch: 59, mean_dice: 0.8834949592782363, mean_hd95: 2.0617084128679135, time(s): 22.28
2026-01-19 21:56:26 - train: epoch 60, iter:0, loss: 0.0992, lr: 0.00036689940251058173
2026-01-19 21:56:29 - train: epoch 60, iter:10, loss: 0.0748, lr: 0.00036689940251058173
2026-01-19 21:56:32 - train: epoch 60, iter:20, loss: 0.0803, lr: 0.00036689940251058173
2026-01-19 21:56:35 - train: epoch 60, iter:30, loss: 0.0731, lr: 0.00036689940251058173
2026-01-19 21:56:38 - train: epoch 60, iter:40, loss: 0.0966, lr: 0.00036689940251058173
2026-01-19 21:56:42 - train: epoch 60, iter:50, loss: 0.0825, lr: 0.00036689940251058173
2026-01-19 21:56:45 - train: epoch 60, iter:60, loss: 0.1024, lr: 0.00036689940251058173
2026-01-19 21:56:48 - train: epoch 60, iter:70, loss: 0.0903, lr: 0.00036689940251058173
2026-01-19 21:56:51 - train: epoch 60, iter:80, loss: 0.0825, lr: 0.00036689940251058173
2026-01-19 21:56:51 - Finish one epoch train: epoch 60, loss: 0.0851, time(s): 25.19
2026-01-19 21:56:52 - idx 0 case patient050_frame01 mean_dice 0.878209 mean_hd95 7.234084
2026-01-19 21:56:53 - idx 1 case patient050_frame12 mean_dice 0.846948 mean_hd95 2.000000
2026-01-19 21:56:54 - idx 2 case patient037_frame01 mean_dice 0.892076 mean_hd95 1.138071
2026-01-19 21:56:55 - idx 3 case patient037_frame12 mean_dice 0.768762 mean_hd95 1.954568
2026-01-19 21:56:57 - idx 4 case patient095_frame01 mean_dice 0.943428 mean_hd95 1.000000
2026-01-19 21:56:58 - idx 5 case patient095_frame12 mean_dice 0.898046 mean_hd95 1.412023
2026-01-19 21:56:59 - idx 6 case patient047_frame01 mean_dice 0.914457 mean_hd95 1.000000
2026-01-19 21:57:00 - idx 7 case patient047_frame09 mean_dice 0.872670 mean_hd95 1.471405
2026-01-19 21:57:02 - idx 8 case patient044_frame01 mean_dice 0.928242 mean_hd95 1.000000
2026-01-19 21:57:03 - idx 9 case patient044_frame11 mean_dice 0.876564 mean_hd95 1.333333
2026-01-19 21:57:04 - idx 10 case patient064_frame01 mean_dice 0.951044 mean_hd95 1.000000
2026-01-19 21:57:05 - idx 11 case patient064_frame12 mean_dice 0.905701 mean_hd95 1.138071
2026-01-19 21:57:06 - idx 12 case patient017_frame01 mean_dice 0.919167 mean_hd95 1.000000
2026-01-19 21:57:07 - idx 13 case patient017_frame09 mean_dice 0.933853 mean_hd95 1.000000
2026-01-19 21:57:08 - idx 14 case patient039_frame01 mean_dice 0.933301 mean_hd95 1.000000
2026-01-19 21:57:09 - idx 15 case patient039_frame10 mean_dice 0.794001 mean_hd95 9.950941
2026-01-19 21:57:10 - idx 16 case patient041_frame01 mean_dice 0.902876 mean_hd95 1.000000
2026-01-19 21:57:11 - idx 17 case patient041_frame11 mean_dice 0.847742 mean_hd95 1.138071
2026-01-19 21:57:12 - idx 18 case patient067_frame01 mean_dice 0.917961 mean_hd95 1.000000
2026-01-19 21:57:13 - idx 19 case patient067_frame10 mean_dice 0.932814 mean_hd95 1.000000
2026-01-19 21:57:13 - Mean class 1 mean_dice 0.876504 mean_hd95 2.219719
2026-01-19 21:57:13 - Mean class 2 mean_dice 0.876925 mean_hd95 1.253225
2026-01-19 21:57:13 - Mean class 3 mean_dice 0.925251 mean_hd95 2.342641
2026-01-19 21:57:13 - val epoch: 60, mean_dice: 0.8928931833549661, mean_hd95: 1.9385283419574215, time(s): 22.04
2026-01-19 21:57:14 - train: epoch 61, iter:0, loss: 0.0968, lr: 0.00035203658778440135
2026-01-19 21:57:17 - train: epoch 61, iter:10, loss: 0.0878, lr: 0.00035203658778440135
2026-01-19 21:57:20 - train: epoch 61, iter:20, loss: 0.0950, lr: 0.00035203658778440135
2026-01-19 21:57:23 - train: epoch 61, iter:30, loss: 0.0857, lr: 0.00035203658778440135
2026-01-19 21:57:26 - train: epoch 61, iter:40, loss: 0.0832, lr: 0.00035203658778440135
2026-01-19 21:57:29 - train: epoch 61, iter:50, loss: 0.0829, lr: 0.00035203658778440135
2026-01-19 21:57:32 - train: epoch 61, iter:60, loss: 0.0791, lr: 0.00035203658778440135
2026-01-19 21:57:35 - train: epoch 61, iter:70, loss: 0.0736, lr: 0.00035203658778440135
2026-01-19 21:57:38 - train: epoch 61, iter:80, loss: 0.0886, lr: 0.00035203658778440135
2026-01-19 21:57:38 - Finish one epoch train: epoch 61, loss: 0.0834, time(s): 24.44
2026-01-19 21:57:39 - idx 0 case patient050_frame01 mean_dice 0.873705 mean_hd95 7.314244
2026-01-19 21:57:40 - idx 1 case patient050_frame12 mean_dice 0.812088 mean_hd95 1.966326
2026-01-19 21:57:41 - idx 2 case patient037_frame01 mean_dice 0.886043 mean_hd95 1.333333
2026-01-19 21:57:42 - idx 3 case patient037_frame12 mean_dice 0.764410 mean_hd95 2.192164
2026-01-19 21:57:44 - idx 4 case patient095_frame01 mean_dice 0.938772 mean_hd95 1.000000
2026-01-19 21:57:45 - idx 5 case patient095_frame12 mean_dice 0.907505 mean_hd95 1.333333
2026-01-19 21:57:46 - idx 6 case patient047_frame01 mean_dice 0.908846 mean_hd95 1.000000
2026-01-19 21:57:47 - idx 7 case patient047_frame09 mean_dice 0.859801 mean_hd95 1.666667
2026-01-19 21:57:48 - idx 8 case patient044_frame01 mean_dice 0.925240 mean_hd95 1.000000
2026-01-19 21:57:49 - idx 9 case patient044_frame11 mean_dice 0.872220 mean_hd95 1.333333
2026-01-19 21:57:51 - idx 10 case patient064_frame01 mean_dice 0.950195 mean_hd95 1.000000
2026-01-19 21:57:52 - idx 11 case patient064_frame12 mean_dice 0.902167 mean_hd95 1.000000
2026-01-19 21:57:53 - idx 12 case patient017_frame01 mean_dice 0.912885 mean_hd95 1.244017
2026-01-19 21:57:54 - idx 13 case patient017_frame09 mean_dice 0.925526 mean_hd95 1.138071
2026-01-19 21:57:55 - idx 14 case patient039_frame01 mean_dice 0.934607 mean_hd95 1.000000
2026-01-19 21:57:56 - idx 15 case patient039_frame10 mean_dice 0.776195 mean_hd95 2.080880
2026-01-19 21:57:56 - idx 16 case patient041_frame01 mean_dice 0.903925 mean_hd95 1.000000
2026-01-19 21:57:57 - idx 17 case patient041_frame11 mean_dice 0.887008 mean_hd95 1.138071
2026-01-19 21:57:58 - idx 18 case patient067_frame01 mean_dice 0.921526 mean_hd95 1.000000
2026-01-19 21:57:59 - idx 19 case patient067_frame10 mean_dice 0.915684 mean_hd95 1.000000
2026-01-19 21:57:59 - Mean class 1 mean_dice 0.857386 mean_hd95 2.474696
2026-01-19 21:57:59 - Mean class 2 mean_dice 0.878769 mean_hd95 1.215660
2026-01-19 21:57:59 - Mean class 3 mean_dice 0.930597 mean_hd95 1.070711
2026-01-19 21:57:59 - val epoch: 61, mean_dice: 0.8889174056724204, mean_hd95: 1.5870220179872048, time(s): 21.42
2026-01-19 21:58:00 - train: epoch 62, iter:0, loss: 0.0759, lr: 0.00033732472947858096
2026-01-19 21:58:03 - train: epoch 62, iter:10, loss: 0.0725, lr: 0.00033732472947858096
2026-01-19 21:58:06 - train: epoch 62, iter:20, loss: 0.0688, lr: 0.00033732472947858096
2026-01-19 21:58:09 - train: epoch 62, iter:30, loss: 0.0766, lr: 0.00033732472947858096
2026-01-19 21:58:13 - train: epoch 62, iter:40, loss: 0.1162, lr: 0.00033732472947858096
2026-01-19 21:58:16 - train: epoch 62, iter:50, loss: 0.0939, lr: 0.00033732472947858096
2026-01-19 21:58:19 - train: epoch 62, iter:60, loss: 0.0793, lr: 0.00033732472947858096
2026-01-19 21:58:22 - train: epoch 62, iter:70, loss: 0.0804, lr: 0.00033732472947858096
2026-01-19 21:58:25 - train: epoch 62, iter:80, loss: 0.0823, lr: 0.00033732472947858096
2026-01-19 21:58:25 - Finish one epoch train: epoch 62, loss: 0.0835, time(s): 25.08
2026-01-19 21:58:26 - idx 0 case patient050_frame01 mean_dice 0.865003 mean_hd95 7.653185
2026-01-19 21:58:27 - idx 1 case patient050_frame12 mean_dice 0.783583 mean_hd95 10.781474
2026-01-19 21:58:28 - idx 2 case patient037_frame01 mean_dice 0.890572 mean_hd95 1.333333
2026-01-19 21:58:29 - idx 3 case patient037_frame12 mean_dice 0.767299 mean_hd95 1.992359
2026-01-19 21:58:31 - idx 4 case patient095_frame01 mean_dice 0.939613 mean_hd95 1.000000
2026-01-19 21:58:32 - idx 5 case patient095_frame12 mean_dice 0.871658 mean_hd95 1.747547
2026-01-19 21:58:33 - idx 6 case patient047_frame01 mean_dice 0.909552 mean_hd95 1.000000
2026-01-19 21:58:34 - idx 7 case patient047_frame09 mean_dice 0.856153 mean_hd95 1.858830
2026-01-19 21:58:36 - idx 8 case patient044_frame01 mean_dice 0.927908 mean_hd95 1.000000
2026-01-19 21:58:37 - idx 9 case patient044_frame11 mean_dice 0.876110 mean_hd95 1.261880
2026-01-19 21:58:38 - idx 10 case patient064_frame01 mean_dice 0.949471 mean_hd95 1.000000
2026-01-19 21:58:39 - idx 11 case patient064_frame12 mean_dice 0.918215 mean_hd95 1.000000
2026-01-19 21:58:40 - idx 12 case patient017_frame01 mean_dice 0.915890 mean_hd95 1.138071
2026-01-19 21:58:41 - idx 13 case patient017_frame09 mean_dice 0.929769 mean_hd95 1.000000
2026-01-19 21:58:42 - idx 14 case patient039_frame01 mean_dice 0.932371 mean_hd95 1.000000
2026-01-19 21:58:43 - idx 15 case patient039_frame10 mean_dice 0.697252 mean_hd95 1.936400
2026-01-19 21:58:44 - idx 16 case patient041_frame01 mean_dice 0.906182 mean_hd95 1.000000
2026-01-19 21:58:44 - idx 17 case patient041_frame11 mean_dice 0.883785 mean_hd95 1.138071
2026-01-19 21:58:46 - idx 18 case patient067_frame01 mean_dice 0.923109 mean_hd95 1.000000
2026-01-19 21:58:47 - idx 19 case patient067_frame10 mean_dice 0.927455 mean_hd95 1.000000
2026-01-19 21:58:47 - Mean class 1 mean_dice 0.849576 mean_hd95 3.683086
2026-01-19 21:58:47 - Mean class 2 mean_dice 0.874611 mean_hd95 1.338998
2026-01-19 21:58:47 - Mean class 3 mean_dice 0.926456 mean_hd95 1.104089
2026-01-19 21:58:47 - val epoch: 62, mean_dice: 0.8835475515452841, mean_hd95: 2.042057526764872, time(s): 21.87
2026-01-19 21:58:48 - train: epoch 63, iter:0, loss: 0.0773, lr: 0.0003227783464210847
2026-01-19 21:58:51 - train: epoch 63, iter:10, loss: 0.0900, lr: 0.0003227783464210847
2026-01-19 21:58:54 - train: epoch 63, iter:20, loss: 0.1040, lr: 0.0003227783464210847
2026-01-19 21:58:57 - train: epoch 63, iter:30, loss: 0.1301, lr: 0.0003227783464210847
2026-01-19 21:59:00 - train: epoch 63, iter:40, loss: 0.0932, lr: 0.0003227783464210847
2026-01-19 21:59:03 - train: epoch 63, iter:50, loss: 0.0864, lr: 0.0003227783464210847
2026-01-19 21:59:06 - train: epoch 63, iter:60, loss: 0.1028, lr: 0.0003227783464210847
2026-01-19 21:59:09 - train: epoch 63, iter:70, loss: 0.0965, lr: 0.0003227783464210847
2026-01-19 21:59:12 - train: epoch 63, iter:80, loss: 0.0739, lr: 0.0003227783464210847
2026-01-19 21:59:12 - Finish one epoch train: epoch 63, loss: 0.0873, time(s): 24.75
2026-01-19 21:59:13 - idx 0 case patient050_frame01 mean_dice 0.893134 mean_hd95 1.550094
2026-01-19 21:59:15 - idx 1 case patient050_frame12 mean_dice 0.813661 mean_hd95 1.727180
2026-01-19 21:59:15 - idx 2 case patient037_frame01 mean_dice 0.887913 mean_hd95 3.949619
2026-01-19 21:59:16 - idx 3 case patient037_frame12 mean_dice 0.703534 mean_hd95 6.254262
2026-01-19 21:59:18 - idx 4 case patient095_frame01 mean_dice 0.936766 mean_hd95 1.000000
2026-01-19 21:59:19 - idx 5 case patient095_frame12 mean_dice 0.869654 mean_hd95 1.804738
2026-01-19 21:59:21 - idx 6 case patient047_frame01 mean_dice 0.914151 mean_hd95 1.000000
2026-01-19 21:59:22 - idx 7 case patient047_frame09 mean_dice 0.845903 mean_hd95 2.000000
2026-01-19 21:59:23 - idx 8 case patient044_frame01 mean_dice 0.927049 mean_hd95 1.000000
2026-01-19 21:59:24 - idx 9 case patient044_frame11 mean_dice 0.876238 mean_hd95 1.244017
2026-01-19 21:59:25 - idx 10 case patient064_frame01 mean_dice 0.950316 mean_hd95 1.000000
2026-01-19 21:59:26 - idx 11 case patient064_frame12 mean_dice 0.927902 mean_hd95 1.000000
2026-01-19 21:59:27 - idx 12 case patient017_frame01 mean_dice 0.907661 mean_hd95 1.138071
2026-01-19 21:59:28 - idx 13 case patient017_frame09 mean_dice 0.928805 mean_hd95 1.000000
2026-01-19 21:59:29 - idx 14 case patient039_frame01 mean_dice 0.933318 mean_hd95 1.000000
2026-01-19 21:59:30 - idx 15 case patient039_frame10 mean_dice 0.772931 mean_hd95 2.078689
2026-01-19 21:59:31 - idx 16 case patient041_frame01 mean_dice 0.897071 mean_hd95 1.000000
2026-01-19 21:59:31 - idx 17 case patient041_frame11 mean_dice 0.865293 mean_hd95 1.276142
2026-01-19 21:59:33 - idx 18 case patient067_frame01 mean_dice 0.927479 mean_hd95 1.000000
2026-01-19 21:59:34 - idx 19 case patient067_frame10 mean_dice 0.911344 mean_hd95 1.000000
2026-01-19 21:59:34 - Mean class 1 mean_dice 0.856788 mean_hd95 1.563340
2026-01-19 21:59:34 - Mean class 2 mean_dice 0.874890 mean_hd95 1.204989
2026-01-19 21:59:34 - Mean class 3 mean_dice 0.921840 mean_hd95 2.185093
2026-01-19 21:59:34 - val epoch: 63, mean_dice: 0.8845061685390944, mean_hd95: 1.6511406617279982, time(s): 21.60
2026-01-19 21:59:35 - train: epoch 64, iter:0, loss: 0.0728, lr: 0.0003084117941357837
2026-01-19 21:59:38 - train: epoch 64, iter:10, loss: 0.1061, lr: 0.0003084117941357837
2026-01-19 21:59:41 - train: epoch 64, iter:20, loss: 0.0727, lr: 0.0003084117941357837
2026-01-19 21:59:44 - train: epoch 64, iter:30, loss: 0.0656, lr: 0.0003084117941357837
2026-01-19 21:59:47 - train: epoch 64, iter:40, loss: 0.0765, lr: 0.0003084117941357837
2026-01-19 21:59:50 - train: epoch 64, iter:50, loss: 0.0746, lr: 0.0003084117941357837
2026-01-19 21:59:53 - train: epoch 64, iter:60, loss: 0.0739, lr: 0.0003084117941357837
2026-01-19 21:59:56 - train: epoch 64, iter:70, loss: 0.1133, lr: 0.0003084117941357837
2026-01-19 21:59:59 - train: epoch 64, iter:80, loss: 0.0871, lr: 0.0003084117941357837
2026-01-19 22:00:00 - Finish one epoch train: epoch 64, loss: 0.0846, time(s): 25.10
2026-01-19 22:00:01 - idx 0 case patient050_frame01 mean_dice 0.876310 mean_hd95 7.415962
2026-01-19 22:00:02 - idx 1 case patient050_frame12 mean_dice 0.744649 mean_hd95 9.986387
2026-01-19 22:00:03 - idx 2 case patient037_frame01 mean_dice 0.875758 mean_hd95 1.333333
2026-01-19 22:00:04 - idx 3 case patient037_frame12 mean_dice 0.763969 mean_hd95 2.445832
2026-01-19 22:00:05 - idx 4 case patient095_frame01 mean_dice 0.942478 mean_hd95 1.000000
2026-01-19 22:00:07 - idx 5 case patient095_frame12 mean_dice 0.909644 mean_hd95 1.138071
2026-01-19 22:00:08 - idx 6 case patient047_frame01 mean_dice 0.919903 mean_hd95 1.000000
2026-01-19 22:00:09 - idx 7 case patient047_frame09 mean_dice 0.843216 mean_hd95 1.858830
2026-01-19 22:00:10 - idx 8 case patient044_frame01 mean_dice 0.922066 mean_hd95 1.000000
2026-01-19 22:00:11 - idx 9 case patient044_frame11 mean_dice 0.884628 mean_hd95 1.244017
2026-01-19 22:00:12 - idx 10 case patient064_frame01 mean_dice 0.952230 mean_hd95 1.000000
2026-01-19 22:00:13 - idx 11 case patient064_frame12 mean_dice 0.916361 mean_hd95 1.000000
2026-01-19 22:00:14 - idx 12 case patient017_frame01 mean_dice 0.909603 mean_hd95 1.138071
2026-01-19 22:00:15 - idx 13 case patient017_frame09 mean_dice 0.925853 mean_hd95 1.138071
2026-01-19 22:00:16 - idx 14 case patient039_frame01 mean_dice 0.939224 mean_hd95 1.000000
2026-01-19 22:00:17 - idx 15 case patient039_frame10 mean_dice 0.831929 mean_hd95 3.867797
2026-01-19 22:00:18 - idx 16 case patient041_frame01 mean_dice 0.902604 mean_hd95 1.000000
2026-01-19 22:00:18 - idx 17 case patient041_frame11 mean_dice 0.876744 mean_hd95 1.333333
2026-01-19 22:00:20 - idx 18 case patient067_frame01 mean_dice 0.927111 mean_hd95 1.000000
2026-01-19 22:00:21 - idx 19 case patient067_frame10 mean_dice 0.915510 mean_hd95 1.000000
2026-01-19 22:00:21 - Mean class 1 mean_dice 0.857265 mean_hd95 4.011901
2026-01-19 22:00:21 - Mean class 2 mean_dice 0.878951 mean_hd95 1.190541
2026-01-19 22:00:21 - Mean class 3 mean_dice 0.930752 mean_hd95 1.082514
2026-01-19 22:00:21 - val epoch: 64, mean_dice: 0.8889895720391842, mean_hd95: 2.0949852996084526, time(s): 21.29
2026-01-19 22:00:22 - train: epoch 65, iter:0, loss: 0.0727, lr: 0.0002942392506752892
2026-01-19 22:00:25 - train: epoch 65, iter:10, loss: 0.1079, lr: 0.0002942392506752892
2026-01-19 22:00:28 - train: epoch 65, iter:20, loss: 0.0735, lr: 0.0002942392506752892
2026-01-19 22:00:31 - train: epoch 65, iter:30, loss: 0.0755, lr: 0.0002942392506752892
2026-01-19 22:00:34 - train: epoch 65, iter:40, loss: 0.0728, lr: 0.0002942392506752892
2026-01-19 22:00:37 - train: epoch 65, iter:50, loss: 0.0899, lr: 0.0002942392506752892
2026-01-19 22:00:40 - train: epoch 65, iter:60, loss: 0.0868, lr: 0.0002942392506752892
2026-01-19 22:00:43 - train: epoch 65, iter:70, loss: 0.0890, lr: 0.0002942392506752892
2026-01-19 22:00:46 - train: epoch 65, iter:80, loss: 0.0816, lr: 0.0002942392506752892
2026-01-19 22:00:46 - Finish one epoch train: epoch 65, loss: 0.0841, time(s): 25.01
2026-01-19 22:00:48 - idx 0 case patient050_frame01 mean_dice 0.879452 mean_hd95 7.097179
2026-01-19 22:00:49 - idx 1 case patient050_frame12 mean_dice 0.783817 mean_hd95 3.611686
2026-01-19 22:00:50 - idx 2 case patient037_frame01 mean_dice 0.880193 mean_hd95 1.333333
2026-01-19 22:00:50 - idx 3 case patient037_frame12 mean_dice 0.756658 mean_hd95 2.216761
2026-01-19 22:00:52 - idx 4 case patient095_frame01 mean_dice 0.940414 mean_hd95 1.000000
2026-01-19 22:00:54 - idx 5 case patient095_frame12 mean_dice 0.918434 mean_hd95 1.138071
2026-01-19 22:00:55 - idx 6 case patient047_frame01 mean_dice 0.911348 mean_hd95 1.000000
2026-01-19 22:00:56 - idx 7 case patient047_frame09 mean_dice 0.861724 mean_hd95 1.333333
2026-01-19 22:00:57 - idx 8 case patient044_frame01 mean_dice 0.925924 mean_hd95 1.000000
2026-01-19 22:00:58 - idx 9 case patient044_frame11 mean_dice 0.873073 mean_hd95 1.483163
2026-01-19 22:00:59 - idx 10 case patient064_frame01 mean_dice 0.950976 mean_hd95 1.000000
2026-01-19 22:01:00 - idx 11 case patient064_frame12 mean_dice 0.909568 mean_hd95 1.138071
2026-01-19 22:01:01 - idx 12 case patient017_frame01 mean_dice 0.912697 mean_hd95 1.000000
2026-01-19 22:01:02 - idx 13 case patient017_frame09 mean_dice 0.932990 mean_hd95 1.000000
2026-01-19 22:01:03 - idx 14 case patient039_frame01 mean_dice 0.935488 mean_hd95 1.000000
2026-01-19 22:01:04 - idx 15 case patient039_frame10 mean_dice 0.794401 mean_hd95 2.706703
2026-01-19 22:01:05 - idx 16 case patient041_frame01 mean_dice 0.900137 mean_hd95 1.000000
2026-01-19 22:01:06 - idx 17 case patient041_frame11 mean_dice 0.863565 mean_hd95 1.138071
2026-01-19 22:01:07 - idx 18 case patient067_frame01 mean_dice 0.927169 mean_hd95 1.000000
2026-01-19 22:01:08 - idx 19 case patient067_frame10 mean_dice 0.911578 mean_hd95 1.000000
2026-01-19 22:01:08 - Mean class 1 mean_dice 0.863824 mean_hd95 2.681914
2026-01-19 22:01:08 - Mean class 2 mean_dice 0.877668 mean_hd95 1.194317
2026-01-19 22:01:08 - Mean class 3 mean_dice 0.923949 mean_hd95 1.103225
2026-01-19 22:01:08 - val epoch: 65, mean_dice: 0.8884803134250389, mean_hd95: 1.659818608154711, time(s): 21.76
2026-01-19 22:01:09 - train: epoch 66, iter:0, loss: 0.0805, lr: 0.0002802747026289245
2026-01-19 22:01:12 - train: epoch 66, iter:10, loss: 0.0804, lr: 0.0002802747026289245
2026-01-19 22:01:15 - train: epoch 66, iter:20, loss: 0.0760, lr: 0.0002802747026289245
2026-01-19 22:01:18 - train: epoch 66, iter:30, loss: 0.0787, lr: 0.0002802747026289245
2026-01-19 22:01:21 - train: epoch 66, iter:40, loss: 0.0752, lr: 0.0002802747026289245
2026-01-19 22:01:24 - train: epoch 66, iter:50, loss: 0.1038, lr: 0.0002802747026289245
2026-01-19 22:01:27 - train: epoch 66, iter:60, loss: 0.0779, lr: 0.0002802747026289245
2026-01-19 22:01:30 - train: epoch 66, iter:70, loss: 0.0784, lr: 0.0002802747026289245
2026-01-19 22:01:33 - train: epoch 66, iter:80, loss: 0.0751, lr: 0.0002802747026289245
2026-01-19 22:01:34 - Finish one epoch train: epoch 66, loss: 0.0822, time(s): 24.85
2026-01-19 22:01:35 - idx 0 case patient050_frame01 mean_dice 0.869748 mean_hd95 7.732636
2026-01-19 22:01:36 - idx 1 case patient050_frame12 mean_dice 0.791122 mean_hd95 9.831549
2026-01-19 22:01:37 - idx 2 case patient037_frame01 mean_dice 0.887285 mean_hd95 1.333333
2026-01-19 22:01:38 - idx 3 case patient037_frame12 mean_dice 0.776083 mean_hd95 2.216761
2026-01-19 22:01:39 - idx 4 case patient095_frame01 mean_dice 0.942962 mean_hd95 1.000000
2026-01-19 22:01:41 - idx 5 case patient095_frame12 mean_dice 0.908186 mean_hd95 1.276142
2026-01-19 22:01:42 - idx 6 case patient047_frame01 mean_dice 0.910279 mean_hd95 1.000000
2026-01-19 22:01:43 - idx 7 case patient047_frame09 mean_dice 0.869087 mean_hd95 1.276142
2026-01-19 22:01:45 - idx 8 case patient044_frame01 mean_dice 0.919843 mean_hd95 1.000000
2026-01-19 22:01:46 - idx 9 case patient044_frame11 mean_dice 0.872165 mean_hd95 1.244017
2026-01-19 22:01:47 - idx 10 case patient064_frame01 mean_dice 0.953515 mean_hd95 1.000000
2026-01-19 22:01:48 - idx 11 case patient064_frame12 mean_dice 0.938262 mean_hd95 1.000000
2026-01-19 22:01:49 - idx 12 case patient017_frame01 mean_dice 0.923061 mean_hd95 1.000000
2026-01-19 22:01:50 - idx 13 case patient017_frame09 mean_dice 0.935025 mean_hd95 1.000000
2026-01-19 22:01:52 - idx 14 case patient039_frame01 mean_dice 0.933827 mean_hd95 1.000000
2026-01-19 22:01:53 - idx 15 case patient039_frame10 mean_dice 0.831147 mean_hd95 2.817940
2026-01-19 22:01:53 - idx 16 case patient041_frame01 mean_dice 0.901535 mean_hd95 1.000000
2026-01-19 22:01:54 - idx 17 case patient041_frame11 mean_dice 0.850870 mean_hd95 1.333333
2026-01-19 22:01:55 - idx 18 case patient067_frame01 mean_dice 0.918206 mean_hd95 1.000000
2026-01-19 22:01:57 - idx 19 case patient067_frame10 mean_dice 0.910961 mean_hd95 1.000000
2026-01-19 22:01:57 - Mean class 1 mean_dice 0.861962 mean_hd95 3.721447
2026-01-19 22:01:57 - Mean class 2 mean_dice 0.879147 mean_hd95 1.184607
2026-01-19 22:01:57 - Mean class 3 mean_dice 0.935366 mean_hd95 1.103225
2026-01-19 22:01:57 - val epoch: 66, mean_dice: 0.892158494271167, mean_hd95: 2.0030927206469684, time(s): 23.02
2026-01-19 22:01:57 - train: epoch 67, iter:0, loss: 0.0741, lr: 0.000266531931319651
2026-01-19 22:02:01 - train: epoch 67, iter:10, loss: 0.0712, lr: 0.000266531931319651
2026-01-19 22:02:04 - train: epoch 67, iter:20, loss: 0.0785, lr: 0.000266531931319651
2026-01-19 22:02:07 - train: epoch 67, iter:30, loss: 0.0826, lr: 0.000266531931319651
2026-01-19 22:02:10 - train: epoch 67, iter:40, loss: 0.0837, lr: 0.000266531931319651
2026-01-19 22:02:13 - train: epoch 67, iter:50, loss: 0.0900, lr: 0.000266531931319651
2026-01-19 22:02:16 - train: epoch 67, iter:60, loss: 0.0757, lr: 0.000266531931319651
2026-01-19 22:02:19 - train: epoch 67, iter:70, loss: 0.0871, lr: 0.000266531931319651
2026-01-19 22:02:22 - train: epoch 67, iter:80, loss: 0.0799, lr: 0.000266531931319651
2026-01-19 22:02:23 - Finish one epoch train: epoch 67, loss: 0.0821, time(s): 25.35
2026-01-19 22:02:24 - idx 0 case patient050_frame01 mean_dice 0.888632 mean_hd95 6.849079
2026-01-19 22:02:25 - idx 1 case patient050_frame12 mean_dice 0.793022 mean_hd95 9.666633
2026-01-19 22:02:26 - idx 2 case patient037_frame01 mean_dice 0.878745 mean_hd95 1.333333
2026-01-19 22:02:27 - idx 3 case patient037_frame12 mean_dice 0.744449 mean_hd95 5.713312
2026-01-19 22:02:28 - idx 4 case patient095_frame01 mean_dice 0.939821 mean_hd95 1.000000
2026-01-19 22:02:30 - idx 5 case patient095_frame12 mean_dice 0.913548 mean_hd95 1.333333
2026-01-19 22:02:31 - idx 6 case patient047_frame01 mean_dice 0.914860 mean_hd95 1.000000
2026-01-19 22:02:32 - idx 7 case patient047_frame09 mean_dice 0.877118 mean_hd95 1.244017
2026-01-19 22:02:33 - idx 8 case patient044_frame01 mean_dice 0.924564 mean_hd95 1.000000
2026-01-19 22:02:34 - idx 9 case patient044_frame11 mean_dice 0.874404 mean_hd95 1.412023
2026-01-19 22:02:35 - idx 10 case patient064_frame01 mean_dice 0.951527 mean_hd95 1.000000
2026-01-19 22:02:36 - idx 11 case patient064_frame12 mean_dice 0.931055 mean_hd95 1.000000
2026-01-19 22:02:37 - idx 12 case patient017_frame01 mean_dice 0.918840 mean_hd95 1.000000
2026-01-19 22:02:38 - idx 13 case patient017_frame09 mean_dice 0.932232 mean_hd95 1.000000
2026-01-19 22:02:39 - idx 14 case patient039_frame01 mean_dice 0.931491 mean_hd95 1.000000
2026-01-19 22:02:40 - idx 15 case patient039_frame10 mean_dice 0.828493 mean_hd95 1.609476
2026-01-19 22:02:41 - idx 16 case patient041_frame01 mean_dice 0.898061 mean_hd95 1.000000
2026-01-19 22:02:42 - idx 17 case patient041_frame11 mean_dice 0.831030 mean_hd95 1.609476
2026-01-19 22:02:43 - idx 18 case patient067_frame01 mean_dice 0.925743 mean_hd95 1.000000
2026-01-19 22:02:44 - idx 19 case patient067_frame10 mean_dice 0.909637 mean_hd95 1.000000
2026-01-19 22:02:44 - Mean class 1 mean_dice 0.863745 mean_hd95 3.487566
2026-01-19 22:02:44 - Mean class 2 mean_dice 0.881826 mean_hd95 1.098735
2026-01-19 22:02:44 - Mean class 3 mean_dice 0.925520 mean_hd95 1.679302
2026-01-19 22:02:44 - val epoch: 67, mean_dice: 0.8903636395915769, mean_hd95: 2.0885340780964667, time(s): 21.62
2026-01-19 22:02:45 - train: epoch 68, iter:0, loss: 0.0743, lr: 0.0002530244992035663
2026-01-19 22:02:48 - train: epoch 68, iter:10, loss: 0.0763, lr: 0.0002530244992035663
2026-01-19 22:02:51 - train: epoch 68, iter:20, loss: 0.0821, lr: 0.0002530244992035663
2026-01-19 22:02:54 - train: epoch 68, iter:30, loss: 0.0840, lr: 0.0002530244992035663
2026-01-19 22:02:57 - train: epoch 68, iter:40, loss: 0.0675, lr: 0.0002530244992035663
2026-01-19 22:03:00 - train: epoch 68, iter:50, loss: 0.0841, lr: 0.0002530244992035663
2026-01-19 22:03:03 - train: epoch 68, iter:60, loss: 0.0753, lr: 0.0002530244992035663
2026-01-19 22:03:06 - train: epoch 68, iter:70, loss: 0.0633, lr: 0.0002530244992035663
2026-01-19 22:03:09 - train: epoch 68, iter:80, loss: 0.0990, lr: 0.0002530244992035663
2026-01-19 22:03:09 - Finish one epoch train: epoch 68, loss: 0.0812, time(s): 24.77
2026-01-19 22:03:11 - idx 0 case patient050_frame01 mean_dice 0.900342 mean_hd95 2.072474
2026-01-19 22:03:12 - idx 1 case patient050_frame12 mean_dice 0.787972 mean_hd95 9.509781
2026-01-19 22:03:13 - idx 2 case patient037_frame01 mean_dice 0.899412 mean_hd95 1.000000
2026-01-19 22:03:14 - idx 3 case patient037_frame12 mean_dice 0.780979 mean_hd95 1.883427
2026-01-19 22:03:15 - idx 4 case patient095_frame01 mean_dice 0.941282 mean_hd95 1.000000
2026-01-19 22:03:17 - idx 5 case patient095_frame12 mean_dice 0.910683 mean_hd95 1.138071
2026-01-19 22:03:18 - idx 6 case patient047_frame01 mean_dice 0.880507 mean_hd95 1.244017
2026-01-19 22:03:19 - idx 7 case patient047_frame09 mean_dice 0.862589 mean_hd95 1.621234
2026-01-19 22:03:20 - idx 8 case patient044_frame01 mean_dice 0.924586 mean_hd95 1.000000
2026-01-19 22:03:21 - idx 9 case patient044_frame11 mean_dice 0.870714 mean_hd95 1.333333
2026-01-19 22:03:22 - idx 10 case patient064_frame01 mean_dice 0.954240 mean_hd95 1.000000
2026-01-19 22:03:23 - idx 11 case patient064_frame12 mean_dice 0.938010 mean_hd95 1.000000
2026-01-19 22:03:24 - idx 12 case patient017_frame01 mean_dice 0.919355 mean_hd95 1.000000
2026-01-19 22:03:25 - idx 13 case patient017_frame09 mean_dice 0.932453 mean_hd95 1.000000
2026-01-19 22:03:26 - idx 14 case patient039_frame01 mean_dice 0.938280 mean_hd95 1.000000
2026-01-19 22:03:27 - idx 15 case patient039_frame10 mean_dice 0.821973 mean_hd95 1.857918
2026-01-19 22:03:28 - idx 16 case patient041_frame01 mean_dice 0.903944 mean_hd95 1.000000
2026-01-19 22:03:29 - idx 17 case patient041_frame11 mean_dice 0.879603 mean_hd95 1.138071
2026-01-19 22:03:30 - idx 18 case patient067_frame01 mean_dice 0.929668 mean_hd95 1.000000
2026-01-19 22:03:31 - idx 19 case patient067_frame10 mean_dice 0.914896 mean_hd95 1.000000
2026-01-19 22:03:31 - Mean class 1 mean_dice 0.861214 mean_hd95 2.751404
2026-01-19 22:03:31 - Mean class 2 mean_dice 0.884071 mean_hd95 1.112132
2026-01-19 22:03:31 - Mean class 3 mean_dice 0.938438 mean_hd95 1.056213
2026-01-19 22:03:31 - val epoch: 68, mean_dice: 0.8945743892941641, mean_hd95: 1.6399163803066727, time(s): 21.83
2026-01-19 22:03:32 - train: epoch 69, iter:0, loss: 0.0723, lr: 0.00023976573648539667
2026-01-19 22:03:35 - train: epoch 69, iter:10, loss: 0.0867, lr: 0.00023976573648539667
2026-01-19 22:03:38 - train: epoch 69, iter:20, loss: 0.0724, lr: 0.00023976573648539667
2026-01-19 22:03:41 - train: epoch 69, iter:30, loss: 0.0806, lr: 0.00023976573648539667
2026-01-19 22:03:44 - train: epoch 69, iter:40, loss: 0.1119, lr: 0.00023976573648539667
2026-01-19 22:03:47 - train: epoch 69, iter:50, loss: 0.0748, lr: 0.00023976573648539667
2026-01-19 22:03:50 - train: epoch 69, iter:60, loss: 0.0859, lr: 0.00023976573648539667
2026-01-19 22:03:53 - train: epoch 69, iter:70, loss: 0.1007, lr: 0.00023976573648539667
2026-01-19 22:03:56 - train: epoch 69, iter:80, loss: 0.0952, lr: 0.00023976573648539667
2026-01-19 22:03:56 - Finish one epoch train: epoch 69, loss: 0.0803, time(s): 24.66
2026-01-19 22:03:58 - idx 0 case patient050_frame01 mean_dice 0.905577 mean_hd95 1.483163
2026-01-19 22:03:59 - idx 1 case patient050_frame12 mean_dice 0.787779 mean_hd95 9.823229
2026-01-19 22:04:00 - idx 2 case patient037_frame01 mean_dice 0.877869 mean_hd95 1.333333
2026-01-19 22:04:01 - idx 3 case patient037_frame12 mean_dice 0.758954 mean_hd95 2.216761
2026-01-19 22:04:02 - idx 4 case patient095_frame01 mean_dice 0.943193 mean_hd95 1.000000
2026-01-19 22:04:04 - idx 5 case patient095_frame12 mean_dice 0.906706 mean_hd95 1.666667
2026-01-19 22:04:05 - idx 6 case patient047_frame01 mean_dice 0.907192 mean_hd95 1.000000
2026-01-19 22:04:06 - idx 7 case patient047_frame09 mean_dice 0.793508 mean_hd95 1.804738
2026-01-19 22:04:07 - idx 8 case patient044_frame01 mean_dice 0.926905 mean_hd95 1.000000
2026-01-19 22:04:08 - idx 9 case patient044_frame11 mean_dice 0.886714 mean_hd95 1.138071
2026-01-19 22:04:09 - idx 10 case patient064_frame01 mean_dice 0.951925 mean_hd95 1.000000
2026-01-19 22:04:10 - idx 11 case patient064_frame12 mean_dice 0.934171 mean_hd95 1.000000
2026-01-19 22:04:12 - idx 12 case patient017_frame01 mean_dice 0.914316 mean_hd95 1.000000
2026-01-19 22:04:13 - idx 13 case patient017_frame09 mean_dice 0.932104 mean_hd95 1.000000
2026-01-19 22:04:14 - idx 14 case patient039_frame01 mean_dice 0.935628 mean_hd95 1.000000
2026-01-19 22:04:15 - idx 15 case patient039_frame10 mean_dice 0.748005 mean_hd95 2.976068
2026-01-19 22:04:15 - idx 16 case patient041_frame01 mean_dice 0.902425 mean_hd95 1.000000
2026-01-19 22:04:16 - idx 17 case patient041_frame11 mean_dice 0.880494 mean_hd95 1.148666
2026-01-19 22:04:17 - idx 18 case patient067_frame01 mean_dice 0.926076 mean_hd95 1.000000
2026-01-19 22:04:18 - idx 19 case patient067_frame10 mean_dice 0.909738 mean_hd95 1.000000
2026-01-19 22:04:18 - Mean class 1 mean_dice 0.848767 mean_hd95 2.978066
2026-01-19 22:04:18 - Mean class 2 mean_dice 0.882013 mean_hd95 1.112132
2026-01-19 22:04:18 - Mean class 3 mean_dice 0.928612 mean_hd95 1.098406
2026-01-19 22:04:18 - val epoch: 69, mean_dice: 0.8864639754994732, mean_hd95: 1.7295347617554284, time(s): 21.86
2026-01-19 22:04:19 - train: epoch 70, iter:0, loss: 0.0845, lr: 0.00022676872796319544
2026-01-19 22:04:22 - train: epoch 70, iter:10, loss: 0.0992, lr: 0.00022676872796319544
2026-01-19 22:04:25 - train: epoch 70, iter:20, loss: 0.0910, lr: 0.00022676872796319544
2026-01-19 22:04:28 - train: epoch 70, iter:30, loss: 0.0747, lr: 0.00022676872796319544
2026-01-19 22:04:31 - train: epoch 70, iter:40, loss: 0.0750, lr: 0.00022676872796319544
2026-01-19 22:04:35 - train: epoch 70, iter:50, loss: 0.0887, lr: 0.00022676872796319544
2026-01-19 22:04:38 - train: epoch 70, iter:60, loss: 0.0751, lr: 0.00022676872796319544
2026-01-19 22:04:41 - train: epoch 70, iter:70, loss: 0.0820, lr: 0.00022676872796319544
2026-01-19 22:04:44 - train: epoch 70, iter:80, loss: 0.0720, lr: 0.00022676872796319544
2026-01-19 22:04:44 - Finish one epoch train: epoch 70, loss: 0.0799, time(s): 24.98
2026-01-19 22:04:45 - idx 0 case patient050_frame01 mean_dice 0.879297 mean_hd95 7.337273
2026-01-19 22:04:46 - idx 1 case patient050_frame12 mean_dice 0.777933 mean_hd95 9.521252
2026-01-19 22:04:47 - idx 2 case patient037_frame01 mean_dice 0.883436 mean_hd95 1.333333
2026-01-19 22:04:48 - idx 3 case patient037_frame12 mean_dice 0.772252 mean_hd95 2.216761
2026-01-19 22:04:49 - idx 4 case patient095_frame01 mean_dice 0.942629 mean_hd95 1.000000
2026-01-19 22:04:51 - idx 5 case patient095_frame12 mean_dice 0.912713 mean_hd95 1.138071
2026-01-19 22:04:52 - idx 6 case patient047_frame01 mean_dice 0.902097 mean_hd95 1.000000
2026-01-19 22:04:53 - idx 7 case patient047_frame09 mean_dice 0.855680 mean_hd95 1.550094
2026-01-19 22:04:54 - idx 8 case patient044_frame01 mean_dice 0.929221 mean_hd95 1.000000
2026-01-19 22:04:55 - idx 9 case patient044_frame11 mean_dice 0.879680 mean_hd95 1.244017
2026-01-19 22:04:57 - idx 10 case patient064_frame01 mean_dice 0.953811 mean_hd95 1.000000
2026-01-19 22:04:58 - idx 11 case patient064_frame12 mean_dice 0.938034 mean_hd95 1.000000
2026-01-19 22:04:59 - idx 12 case patient017_frame01 mean_dice 0.914348 mean_hd95 1.138071
2026-01-19 22:05:00 - idx 13 case patient017_frame09 mean_dice 0.929354 mean_hd95 1.117361
2026-01-19 22:05:01 - idx 14 case patient039_frame01 mean_dice 0.940880 mean_hd95 1.000000
2026-01-19 22:05:02 - idx 15 case patient039_frame10 mean_dice 0.794714 mean_hd95 1.520159
2026-01-19 22:05:02 - idx 16 case patient041_frame01 mean_dice 0.905676 mean_hd95 1.000000
2026-01-19 22:05:03 - idx 17 case patient041_frame11 mean_dice 0.877625 mean_hd95 1.138071
2026-01-19 22:05:04 - idx 18 case patient067_frame01 mean_dice 0.924295 mean_hd95 1.000000
2026-01-19 22:05:05 - idx 19 case patient067_frame10 mean_dice 0.908346 mean_hd95 1.000000
2026-01-19 22:05:05 - Mean class 1 mean_dice 0.860980 mean_hd95 3.506921
2026-01-19 22:05:05 - Mean class 2 mean_dice 0.882646 mean_hd95 1.132843
2026-01-19 22:05:05 - Mean class 3 mean_dice 0.929677 mean_hd95 1.098406
2026-01-19 22:05:05 - val epoch: 70, mean_dice: 0.8911010214359902, mean_hd95: 1.9127231218774792, time(s): 21.56
2026-01-19 22:05:06 - train: epoch 71, iter:0, loss: 0.0847, lr: 0.00021404630011522598
2026-01-19 22:05:09 - train: epoch 71, iter:10, loss: 0.0992, lr: 0.00021404630011522598
2026-01-19 22:05:12 - train: epoch 71, iter:20, loss: 0.0786, lr: 0.00021404630011522598
2026-01-19 22:05:15 - train: epoch 71, iter:30, loss: 0.1031, lr: 0.00021404630011522598
2026-01-19 22:05:18 - train: epoch 71, iter:40, loss: 0.0725, lr: 0.00021404630011522598
2026-01-19 22:05:21 - train: epoch 71, iter:50, loss: 0.0752, lr: 0.00021404630011522598
2026-01-19 22:05:24 - train: epoch 71, iter:60, loss: 0.0729, lr: 0.00021404630011522598
2026-01-19 22:05:27 - train: epoch 71, iter:70, loss: 0.0829, lr: 0.00021404630011522598
2026-01-19 22:05:31 - train: epoch 71, iter:80, loss: 0.0823, lr: 0.00021404630011522598
2026-01-19 22:05:31 - Finish one epoch train: epoch 71, loss: 0.0796, time(s): 24.77
2026-01-19 22:05:32 - idx 0 case patient050_frame01 mean_dice 0.876071 mean_hd95 7.555141
2026-01-19 22:05:33 - idx 1 case patient050_frame12 mean_dice 0.768468 mean_hd95 9.783733
2026-01-19 22:05:34 - idx 2 case patient037_frame01 mean_dice 0.889059 mean_hd95 1.333333
2026-01-19 22:05:35 - idx 3 case patient037_frame12 mean_dice 0.750475 mean_hd95 2.001244
2026-01-19 22:05:36 - idx 4 case patient095_frame01 mean_dice 0.942036 mean_hd95 1.000000
2026-01-19 22:05:38 - idx 5 case patient095_frame12 mean_dice 0.905228 mean_hd95 1.276142
2026-01-19 22:05:39 - idx 6 case patient047_frame01 mean_dice 0.901832 mean_hd95 1.276142
2026-01-19 22:05:40 - idx 7 case patient047_frame09 mean_dice 0.859669 mean_hd95 1.964776
2026-01-19 22:05:41 - idx 8 case patient044_frame01 mean_dice 0.930493 mean_hd95 1.000000
2026-01-19 22:05:42 - idx 9 case patient044_frame11 mean_dice 0.878745 mean_hd95 1.244017
2026-01-19 22:05:43 - idx 10 case patient064_frame01 mean_dice 0.953473 mean_hd95 1.000000
2026-01-19 22:05:45 - idx 11 case patient064_frame12 mean_dice 0.934139 mean_hd95 1.000000
2026-01-19 22:05:46 - idx 12 case patient017_frame01 mean_dice 0.926835 mean_hd95 1.000000
2026-01-19 22:05:47 - idx 13 case patient017_frame09 mean_dice 0.937534 mean_hd95 1.000000
2026-01-19 22:05:48 - idx 14 case patient039_frame01 mean_dice 0.936435 mean_hd95 1.000000
2026-01-19 22:05:49 - idx 15 case patient039_frame10 mean_dice 0.749215 mean_hd95 1.910684
2026-01-19 22:05:49 - idx 16 case patient041_frame01 mean_dice 0.905365 mean_hd95 1.000000
2026-01-19 22:05:50 - idx 17 case patient041_frame11 mean_dice 0.879581 mean_hd95 1.138071
2026-01-19 22:05:51 - idx 18 case patient067_frame01 mean_dice 0.927646 mean_hd95 1.000000
2026-01-19 22:05:52 - idx 19 case patient067_frame10 mean_dice 0.914232 mean_hd95 1.000000
2026-01-19 22:05:52 - Mean class 1 mean_dice 0.864670 mean_hd95 3.538348
2026-01-19 22:05:52 - Mean class 2 mean_dice 0.875544 mean_hd95 1.251631
2026-01-19 22:05:52 - Mean class 3 mean_dice 0.924765 mean_hd95 1.132514
2026-01-19 22:05:52 - val epoch: 71, mean_dice: 0.8883265023054637, mean_hd95: 1.9741641669917562, time(s): 21.73
2026-01-19 22:05:53 - train: epoch 72, iter:0, loss: 0.1112, lr: 0.00020161100844177672
2026-01-19 22:05:56 - train: epoch 72, iter:10, loss: 0.0823, lr: 0.00020161100844177672
2026-01-19 22:05:59 - train: epoch 72, iter:20, loss: 0.0855, lr: 0.00020161100844177672
2026-01-19 22:06:02 - train: epoch 72, iter:30, loss: 0.0785, lr: 0.00020161100844177672
2026-01-19 22:06:05 - train: epoch 72, iter:40, loss: 0.0750, lr: 0.00020161100844177672
2026-01-19 22:06:08 - train: epoch 72, iter:50, loss: 0.0691, lr: 0.00020161100844177672
2026-01-19 22:06:11 - train: epoch 72, iter:60, loss: 0.0802, lr: 0.00020161100844177672
2026-01-19 22:06:14 - train: epoch 72, iter:70, loss: 0.0755, lr: 0.00020161100844177672
2026-01-19 22:06:17 - train: epoch 72, iter:80, loss: 0.0741, lr: 0.00020161100844177672
2026-01-19 22:06:18 - Finish one epoch train: epoch 72, loss: 0.0786, time(s): 24.63
2026-01-19 22:06:19 - idx 0 case patient050_frame01 mean_dice 0.881222 mean_hd95 7.525049
2026-01-19 22:06:20 - idx 1 case patient050_frame12 mean_dice 0.806274 mean_hd95 8.628988
2026-01-19 22:06:21 - idx 2 case patient037_frame01 mean_dice 0.903016 mean_hd95 1.000000
2026-01-19 22:06:22 - idx 3 case patient037_frame12 mean_dice 0.745045 mean_hd95 2.197088
2026-01-19 22:06:23 - idx 4 case patient095_frame01 mean_dice 0.941675 mean_hd95 1.000000
2026-01-19 22:06:25 - idx 5 case patient095_frame12 mean_dice 0.888440 mean_hd95 1.666667
2026-01-19 22:06:26 - idx 6 case patient047_frame01 mean_dice 0.907989 mean_hd95 1.000000
2026-01-19 22:06:27 - idx 7 case patient047_frame09 mean_dice 0.852128 mean_hd95 1.621234
2026-01-19 22:06:28 - idx 8 case patient044_frame01 mean_dice 0.925322 mean_hd95 1.000000
2026-01-19 22:06:29 - idx 9 case patient044_frame11 mean_dice 0.864226 mean_hd95 1.483163
2026-01-19 22:06:30 - idx 10 case patient064_frame01 mean_dice 0.951819 mean_hd95 1.000000
2026-01-19 22:06:31 - idx 11 case patient064_frame12 mean_dice 0.936224 mean_hd95 1.000000
2026-01-19 22:06:32 - idx 12 case patient017_frame01 mean_dice 0.915447 mean_hd95 1.138071
2026-01-19 22:06:33 - idx 13 case patient017_frame09 mean_dice 0.933147 mean_hd95 1.000000
2026-01-19 22:06:34 - idx 14 case patient039_frame01 mean_dice 0.937550 mean_hd95 1.000000
2026-01-19 22:06:35 - idx 15 case patient039_frame10 mean_dice 0.736215 mean_hd95 3.381226
2026-01-19 22:06:36 - idx 16 case patient041_frame01 mean_dice 0.905358 mean_hd95 1.000000
2026-01-19 22:06:37 - idx 17 case patient041_frame11 mean_dice 0.892649 mean_hd95 1.138071
2026-01-19 22:06:38 - idx 18 case patient067_frame01 mean_dice 0.928724 mean_hd95 1.000000
2026-01-19 22:06:39 - idx 19 case patient067_frame10 mean_dice 0.911091 mean_hd95 1.000000
2026-01-19 22:06:39 - Mean class 1 mean_dice 0.850084 mean_hd95 3.684331
2026-01-19 22:06:39 - Mean class 2 mean_dice 0.882670 mean_hd95 1.187148
2026-01-19 22:06:39 - Mean class 3 mean_dice 0.931780 mean_hd95 1.095455
2026-01-19 22:06:39 - val epoch: 72, mean_dice: 0.8881780508351212, mean_hd95: 1.9889778881163593, time(s): 21.61
2026-01-19 22:06:40 - train: epoch 73, iter:0, loss: 0.0716, lr: 0.0001894751250743987
2026-01-19 22:06:43 - train: epoch 73, iter:10, loss: 0.0712, lr: 0.0001894751250743987
2026-01-19 22:06:46 - train: epoch 73, iter:20, loss: 0.0729, lr: 0.0001894751250743987
2026-01-19 22:06:49 - train: epoch 73, iter:30, loss: 0.0692, lr: 0.0001894751250743987
2026-01-19 22:06:52 - train: epoch 73, iter:40, loss: 0.0736, lr: 0.0001894751250743987
2026-01-19 22:06:55 - train: epoch 73, iter:50, loss: 0.0872, lr: 0.0001894751250743987
2026-01-19 22:06:59 - train: epoch 73, iter:60, loss: 0.0778, lr: 0.0001894751250743987
2026-01-19 22:07:02 - train: epoch 73, iter:70, loss: 0.0823, lr: 0.0001894751250743987
2026-01-19 22:07:05 - train: epoch 73, iter:80, loss: 0.0679, lr: 0.0001894751250743987
2026-01-19 22:07:05 - Finish one epoch train: epoch 73, loss: 0.0774, time(s): 24.93
2026-01-19 22:07:06 - idx 0 case patient050_frame01 mean_dice 0.880412 mean_hd95 7.485282
2026-01-19 22:07:07 - idx 1 case patient050_frame12 mean_dice 0.811112 mean_hd95 3.161760
2026-01-19 22:07:08 - idx 2 case patient037_frame01 mean_dice 0.907693 mean_hd95 1.000000
2026-01-19 22:07:09 - idx 3 case patient037_frame12 mean_dice 0.792106 mean_hd95 1.666667
2026-01-19 22:07:10 - idx 4 case patient095_frame01 mean_dice 0.940519 mean_hd95 1.000000
2026-01-19 22:07:12 - idx 5 case patient095_frame12 mean_dice 0.864787 mean_hd95 1.666667
2026-01-19 22:07:13 - idx 6 case patient047_frame01 mean_dice 0.908252 mean_hd95 1.000000
2026-01-19 22:07:14 - idx 7 case patient047_frame09 mean_dice 0.860317 mean_hd95 1.471405
2026-01-19 22:07:15 - idx 8 case patient044_frame01 mean_dice 0.928516 mean_hd95 1.000000
2026-01-19 22:07:16 - idx 9 case patient044_frame11 mean_dice 0.876908 mean_hd95 1.164558
2026-01-19 22:07:17 - idx 10 case patient064_frame01 mean_dice 0.953035 mean_hd95 1.000000
2026-01-19 22:07:19 - idx 11 case patient064_frame12 mean_dice 0.927323 mean_hd95 1.000000
2026-01-19 22:07:20 - idx 12 case patient017_frame01 mean_dice 0.912021 mean_hd95 1.000000
2026-01-19 22:07:21 - idx 13 case patient017_frame09 mean_dice 0.934125 mean_hd95 1.000000
2026-01-19 22:07:22 - idx 14 case patient039_frame01 mean_dice 0.934709 mean_hd95 1.000000
2026-01-19 22:07:23 - idx 15 case patient039_frame10 mean_dice 0.707940 mean_hd95 4.556683
2026-01-19 22:07:23 - idx 16 case patient041_frame01 mean_dice 0.916165 mean_hd95 1.000000
2026-01-19 22:07:24 - idx 17 case patient041_frame11 mean_dice 0.884637 mean_hd95 1.138071
2026-01-19 22:07:25 - idx 18 case patient067_frame01 mean_dice 0.931548 mean_hd95 1.000000
2026-01-19 22:07:26 - idx 19 case patient067_frame10 mean_dice 0.917215 mean_hd95 1.000000
2026-01-19 22:07:26 - Mean class 1 mean_dice 0.861343 mean_hd95 2.881636
2026-01-19 22:07:26 - Mean class 2 mean_dice 0.878803 mean_hd95 1.153225
2026-01-19 22:07:26 - Mean class 3 mean_dice 0.928255 mean_hd95 1.111803
2026-01-19 22:07:26 - val epoch: 73, mean_dice: 0.8894670703358752, mean_hd95: 1.7155545951960107, time(s): 21.51
2026-01-19 22:07:27 - train: epoch 74, iter:0, loss: 0.0679, lr: 0.00017765062666479255
2026-01-19 22:07:30 - train: epoch 74, iter:10, loss: 0.0719, lr: 0.00017765062666479255
2026-01-19 22:07:33 - train: epoch 74, iter:20, loss: 0.0761, lr: 0.00017765062666479255
2026-01-19 22:07:36 - train: epoch 74, iter:30, loss: 0.0849, lr: 0.00017765062666479255
2026-01-19 22:07:39 - train: epoch 74, iter:40, loss: 0.0799, lr: 0.00017765062666479255
2026-01-19 22:07:42 - train: epoch 74, iter:50, loss: 0.0781, lr: 0.00017765062666479255
2026-01-19 22:07:45 - train: epoch 74, iter:60, loss: 0.0764, lr: 0.00017765062666479255
2026-01-19 22:07:48 - train: epoch 74, iter:70, loss: 0.0773, lr: 0.00017765062666479255
2026-01-19 22:07:51 - train: epoch 74, iter:80, loss: 0.0734, lr: 0.00017765062666479255
2026-01-19 22:07:52 - Finish one epoch train: epoch 74, loss: 0.0777, time(s): 24.84
2026-01-19 22:07:53 - idx 0 case patient050_frame01 mean_dice 0.882504 mean_hd95 7.399284
2026-01-19 22:07:54 - idx 1 case patient050_frame12 mean_dice 0.801688 mean_hd95 2.939113
2026-01-19 22:07:55 - idx 2 case patient037_frame01 mean_dice 0.893595 mean_hd95 1.138071
2026-01-19 22:07:56 - idx 3 case patient037_frame12 mean_dice 0.801905 mean_hd95 1.745356
2026-01-19 22:07:57 - idx 4 case patient095_frame01 mean_dice 0.942442 mean_hd95 1.000000
2026-01-19 22:07:59 - idx 5 case patient095_frame12 mean_dice 0.903005 mean_hd95 1.244017
2026-01-19 22:08:00 - idx 6 case patient047_frame01 mean_dice 0.906617 mean_hd95 1.000000
2026-01-19 22:08:01 - idx 7 case patient047_frame09 mean_dice 0.855155 mean_hd95 1.550094
2026-01-19 22:08:02 - idx 8 case patient044_frame01 mean_dice 0.927965 mean_hd95 1.000000
2026-01-19 22:08:04 - idx 9 case patient044_frame11 mean_dice 0.868834 mean_hd95 1.333333
2026-01-19 22:08:05 - idx 10 case patient064_frame01 mean_dice 0.953703 mean_hd95 1.000000
2026-01-19 22:08:06 - idx 11 case patient064_frame12 mean_dice 0.936145 mean_hd95 1.000000
2026-01-19 22:08:07 - idx 12 case patient017_frame01 mean_dice 0.914240 mean_hd95 1.000000
2026-01-19 22:08:08 - idx 13 case patient017_frame09 mean_dice 0.931895 mean_hd95 1.000000
2026-01-19 22:08:09 - idx 14 case patient039_frame01 mean_dice 0.935903 mean_hd95 1.000000
2026-01-19 22:08:10 - idx 15 case patient039_frame10 mean_dice 0.772270 mean_hd95 2.192164
2026-01-19 22:08:11 - idx 16 case patient041_frame01 mean_dice 0.901907 mean_hd95 1.000000
2026-01-19 22:08:11 - idx 17 case patient041_frame11 mean_dice 0.873280 mean_hd95 1.138071
2026-01-19 22:08:13 - idx 18 case patient067_frame01 mean_dice 0.929373 mean_hd95 1.000000
2026-01-19 22:08:14 - idx 19 case patient067_frame10 mean_dice 0.907412 mean_hd95 1.000000
2026-01-19 22:08:14 - Mean class 1 mean_dice 0.862748 mean_hd95 2.527990
2026-01-19 22:08:14 - Mean class 2 mean_dice 0.880049 mean_hd95 1.153225
2026-01-19 22:08:14 - Mean class 3 mean_dice 0.933178 mean_hd95 1.070711
2026-01-19 22:08:14 - val epoch: 74, mean_dice: 0.891991817828038, mean_hd95: 1.5839751176757888, time(s): 22.24
2026-01-19 22:08:15 - train: epoch 75, iter:0, loss: 0.0755, lr: 0.0001661491825652992
2026-01-19 22:08:18 - train: epoch 75, iter:10, loss: 0.0818, lr: 0.0001661491825652992
2026-01-19 22:08:21 - train: epoch 75, iter:20, loss: 0.0694, lr: 0.0001661491825652992
2026-01-19 22:08:24 - train: epoch 75, iter:30, loss: 0.0808, lr: 0.0001661491825652992
2026-01-19 22:08:27 - train: epoch 75, iter:40, loss: 0.0663, lr: 0.0001661491825652992
2026-01-19 22:08:31 - train: epoch 75, iter:50, loss: 0.0762, lr: 0.0001661491825652992
2026-01-19 22:08:34 - train: epoch 75, iter:60, loss: 0.0737, lr: 0.0001661491825652992
2026-01-19 22:08:37 - train: epoch 75, iter:70, loss: 0.0788, lr: 0.0001661491825652992
2026-01-19 22:08:40 - train: epoch 75, iter:80, loss: 0.0763, lr: 0.0001661491825652992
2026-01-19 22:08:40 - Finish one epoch train: epoch 75, loss: 0.0771, time(s): 26.05
2026-01-19 22:08:42 - idx 0 case patient050_frame01 mean_dice 0.882739 mean_hd95 7.375071
2026-01-19 22:08:43 - idx 1 case patient050_frame12 mean_dice 0.828680 mean_hd95 1.656040
2026-01-19 22:08:44 - idx 2 case patient037_frame01 mean_dice 0.903405 mean_hd95 1.000000
2026-01-19 22:08:45 - idx 3 case patient037_frame12 mean_dice 0.749478 mean_hd95 1.962117
2026-01-19 22:08:46 - idx 4 case patient095_frame01 mean_dice 0.944311 mean_hd95 1.000000
2026-01-19 22:08:48 - idx 5 case patient095_frame12 mean_dice 0.875207 mean_hd95 1.666667
2026-01-19 22:08:49 - idx 6 case patient047_frame01 mean_dice 0.911552 mean_hd95 1.000000
2026-01-19 22:08:50 - idx 7 case patient047_frame09 mean_dice 0.860369 mean_hd95 1.471405
2026-01-19 22:08:51 - idx 8 case patient044_frame01 mean_dice 0.926610 mean_hd95 1.000000
2026-01-19 22:08:53 - idx 9 case patient044_frame11 mean_dice 0.876597 mean_hd95 1.333333
2026-01-19 22:08:54 - idx 10 case patient064_frame01 mean_dice 0.951975 mean_hd95 1.000000
2026-01-19 22:08:55 - idx 11 case patient064_frame12 mean_dice 0.910510 mean_hd95 1.000000
2026-01-19 22:08:56 - idx 12 case patient017_frame01 mean_dice 0.911938 mean_hd95 1.000000
2026-01-19 22:08:57 - idx 13 case patient017_frame09 mean_dice 0.931284 mean_hd95 1.000000
2026-01-19 22:08:58 - idx 14 case patient039_frame01 mean_dice 0.937578 mean_hd95 1.000000
2026-01-19 22:08:59 - idx 15 case patient039_frame10 mean_dice 0.749349 mean_hd95 2.138071
2026-01-19 22:08:59 - idx 16 case patient041_frame01 mean_dice 0.917232 mean_hd95 1.000000
2026-01-19 22:09:00 - idx 17 case patient041_frame11 mean_dice 0.883584 mean_hd95 1.138071
2026-01-19 22:09:01 - idx 18 case patient067_frame01 mean_dice 0.927355 mean_hd95 1.000000
2026-01-19 22:09:03 - idx 19 case patient067_frame10 mean_dice 0.924410 mean_hd95 1.000000
2026-01-19 22:09:03 - Mean class 1 mean_dice 0.864837 mean_hd95 2.338775
2026-01-19 22:09:03 - Mean class 2 mean_dice 0.880535 mean_hd95 1.160538
2026-01-19 22:09:03 - Mean class 3 mean_dice 0.925253 mean_hd95 1.111803
2026-01-19 22:09:03 - val epoch: 75, mean_dice: 0.8902081832962409, mean_hd95: 1.5370386766687358, time(s): 22.19
2026-01-19 22:09:04 - train: epoch 76, iter:0, loss: 0.0665, lr: 0.00015498214331265912
2026-01-19 22:09:07 - train: epoch 76, iter:10, loss: 0.1012, lr: 0.00015498214331265912
2026-01-19 22:09:11 - train: epoch 76, iter:20, loss: 0.0766, lr: 0.00015498214331265912
2026-01-19 22:09:14 - train: epoch 76, iter:30, loss: 0.0770, lr: 0.00015498214331265912
2026-01-19 22:09:17 - train: epoch 76, iter:40, loss: 0.0755, lr: 0.00015498214331265912
2026-01-19 22:09:20 - train: epoch 76, iter:50, loss: 0.0734, lr: 0.00015498214331265912
2026-01-19 22:09:23 - train: epoch 76, iter:60, loss: 0.0727, lr: 0.00015498214331265912
2026-01-19 22:09:26 - train: epoch 76, iter:70, loss: 0.0735, lr: 0.00015498214331265912
2026-01-19 22:09:29 - train: epoch 76, iter:80, loss: 0.0702, lr: 0.00015498214331265912
2026-01-19 22:09:29 - Finish one epoch train: epoch 76, loss: 0.0777, time(s): 25.12
2026-01-19 22:09:30 - idx 0 case patient050_frame01 mean_dice 0.877222 mean_hd95 7.455731
2026-01-19 22:09:31 - idx 1 case patient050_frame12 mean_dice 0.789265 mean_hd95 7.872458
2026-01-19 22:09:32 - idx 2 case patient037_frame01 mean_dice 0.886117 mean_hd95 1.333333
2026-01-19 22:09:33 - idx 3 case patient037_frame12 mean_dice 0.794638 mean_hd95 1.824045
2026-01-19 22:09:34 - idx 4 case patient095_frame01 mean_dice 0.945592 mean_hd95 1.000000
2026-01-19 22:09:36 - idx 5 case patient095_frame12 mean_dice 0.909903 mean_hd95 1.138071
2026-01-19 22:09:37 - idx 6 case patient047_frame01 mean_dice 0.913853 mean_hd95 1.000000
2026-01-19 22:09:38 - idx 7 case patient047_frame09 mean_dice 0.869934 mean_hd95 1.471405
2026-01-19 22:09:39 - idx 8 case patient044_frame01 mean_dice 0.924812 mean_hd95 1.000000
2026-01-19 22:09:40 - idx 9 case patient044_frame11 mean_dice 0.870426 mean_hd95 1.412023
2026-01-19 22:09:42 - idx 10 case patient064_frame01 mean_dice 0.952117 mean_hd95 1.000000
2026-01-19 22:09:43 - idx 11 case patient064_frame12 mean_dice 0.918304 mean_hd95 1.000000
2026-01-19 22:09:44 - idx 12 case patient017_frame01 mean_dice 0.913613 mean_hd95 1.000000
2026-01-19 22:09:45 - idx 13 case patient017_frame09 mean_dice 0.933750 mean_hd95 1.000000
2026-01-19 22:09:46 - idx 14 case patient039_frame01 mean_dice 0.936034 mean_hd95 1.000000
2026-01-19 22:09:47 - idx 15 case patient039_frame10 mean_dice 0.772028 mean_hd95 2.640832
2026-01-19 22:09:47 - idx 16 case patient041_frame01 mean_dice 0.900481 mean_hd95 1.000000
2026-01-19 22:09:48 - idx 17 case patient041_frame11 mean_dice 0.884365 mean_hd95 1.138071
2026-01-19 22:09:49 - idx 18 case patient067_frame01 mean_dice 0.925765 mean_hd95 1.000000
2026-01-19 22:09:50 - idx 19 case patient067_frame10 mean_dice 0.917238 mean_hd95 1.000000
2026-01-19 22:09:50 - Mean class 1 mean_dice 0.869874 mean_hd95 3.286775
2026-01-19 22:09:50 - Mean class 2 mean_dice 0.877235 mean_hd95 1.194317
2026-01-19 22:09:50 - Mean class 3 mean_dice 0.928209 mean_hd95 1.111803
2026-01-19 22:09:50 - val epoch: 76, mean_dice: 0.8917728605166336, mean_hd95: 1.8642985257919544, time(s): 21.46
2026-01-19 22:09:51 - train: epoch 77, iter:0, loss: 0.0775, lr: 0.00014416052942640148
2026-01-19 22:09:54 - train: epoch 77, iter:10, loss: 0.0702, lr: 0.00014416052942640148
2026-01-19 22:09:57 - train: epoch 77, iter:20, loss: 0.0747, lr: 0.00014416052942640148
2026-01-19 22:10:00 - train: epoch 77, iter:30, loss: 0.0744, lr: 0.00014416052942640148
2026-01-19 22:10:03 - train: epoch 77, iter:40, loss: 0.0753, lr: 0.00014416052942640148
2026-01-19 22:10:06 - train: epoch 77, iter:50, loss: 0.0663, lr: 0.00014416052942640148
2026-01-19 22:10:10 - train: epoch 77, iter:60, loss: 0.0768, lr: 0.00014416052942640148
2026-01-19 22:10:13 - train: epoch 77, iter:70, loss: 0.0820, lr: 0.00014416052942640148
2026-01-19 22:10:16 - train: epoch 77, iter:80, loss: 0.0734, lr: 0.00014416052942640148
2026-01-19 22:10:16 - Finish one epoch train: epoch 77, loss: 0.0766, time(s): 24.93
2026-01-19 22:10:17 - idx 0 case patient050_frame01 mean_dice 0.875560 mean_hd95 7.495679
2026-01-19 22:10:18 - idx 1 case patient050_frame12 mean_dice 0.771265 mean_hd95 9.407063
2026-01-19 22:10:19 - idx 2 case patient037_frame01 mean_dice 0.877648 mean_hd95 1.333333
2026-01-19 22:10:20 - idx 3 case patient037_frame12 mean_dice 0.776744 mean_hd95 2.033257
2026-01-19 22:10:21 - idx 4 case patient095_frame01 mean_dice 0.943983 mean_hd95 1.000000
2026-01-19 22:10:23 - idx 5 case patient095_frame12 mean_dice 0.915093 mean_hd95 1.138071
2026-01-19 22:10:24 - idx 6 case patient047_frame01 mean_dice 0.910263 mean_hd95 1.000000
2026-01-19 22:10:25 - idx 7 case patient047_frame09 mean_dice 0.866018 mean_hd95 1.550094
2026-01-19 22:10:26 - idx 8 case patient044_frame01 mean_dice 0.930211 mean_hd95 1.000000
2026-01-19 22:10:27 - idx 9 case patient044_frame11 mean_dice 0.873713 mean_hd95 1.333333
2026-01-19 22:10:29 - idx 10 case patient064_frame01 mean_dice 0.953485 mean_hd95 1.000000
2026-01-19 22:10:30 - idx 11 case patient064_frame12 mean_dice 0.937524 mean_hd95 1.000000
2026-01-19 22:10:31 - idx 12 case patient017_frame01 mean_dice 0.917286 mean_hd95 1.000000
2026-01-19 22:10:32 - idx 13 case patient017_frame09 mean_dice 0.933975 mean_hd95 1.000000
2026-01-19 22:10:33 - idx 14 case patient039_frame01 mean_dice 0.935994 mean_hd95 1.000000
2026-01-19 22:10:34 - idx 15 case patient039_frame10 mean_dice 0.805859 mean_hd95 3.320587
2026-01-19 22:10:34 - idx 16 case patient041_frame01 mean_dice 0.900533 mean_hd95 1.000000
2026-01-19 22:10:35 - idx 17 case patient041_frame11 mean_dice 0.859694 mean_hd95 1.207107
2026-01-19 22:10:36 - idx 18 case patient067_frame01 mean_dice 0.930118 mean_hd95 1.000000
2026-01-19 22:10:38 - idx 19 case patient067_frame10 mean_dice 0.917457 mean_hd95 1.000000
2026-01-19 22:10:38 - Mean class 1 mean_dice 0.858887 mean_hd95 3.633547
2026-01-19 22:10:38 - Mean class 2 mean_dice 0.882647 mean_hd95 1.173935
2026-01-19 22:10:38 - Mean class 3 mean_dice 0.933329 mean_hd95 1.165296
2026-01-19 22:10:38 - val epoch: 77, mean_dice: 0.8916210497885436, mean_hd95: 1.99092625130126, time(s): 21.72
2026-01-19 22:10:38 - train: epoch 78, iter:0, loss: 0.0721, lr: 0.00013369502053292258
2026-01-19 22:10:41 - train: epoch 78, iter:10, loss: 0.0886, lr: 0.00013369502053292258
2026-01-19 22:10:45 - train: epoch 78, iter:20, loss: 0.0740, lr: 0.00013369502053292258
2026-01-19 22:10:48 - train: epoch 78, iter:30, loss: 0.0716, lr: 0.00013369502053292258
2026-01-19 22:10:51 - train: epoch 78, iter:40, loss: 0.0763, lr: 0.00013369502053292258
2026-01-19 22:10:54 - train: epoch 78, iter:50, loss: 0.0824, lr: 0.00013369502053292258
2026-01-19 22:10:57 - train: epoch 78, iter:60, loss: 0.0752, lr: 0.00013369502053292258
2026-01-19 22:11:00 - train: epoch 78, iter:70, loss: 0.0760, lr: 0.00013369502053292258
2026-01-19 22:11:03 - train: epoch 78, iter:80, loss: 0.0692, lr: 0.00013369502053292258
2026-01-19 22:11:03 - Finish one epoch train: epoch 78, loss: 0.0761, time(s): 24.76
2026-01-19 22:11:04 - idx 0 case patient050_frame01 mean_dice 0.879379 mean_hd95 7.137193
2026-01-19 22:11:05 - idx 1 case patient050_frame12 mean_dice 0.794444 mean_hd95 8.701992
2026-01-19 22:11:06 - idx 2 case patient037_frame01 mean_dice 0.887486 mean_hd95 1.333333
2026-01-19 22:11:07 - idx 3 case patient037_frame12 mean_dice 0.757220 mean_hd95 1.962117
2026-01-19 22:11:08 - idx 4 case patient095_frame01 mean_dice 0.942169 mean_hd95 1.000000
2026-01-19 22:11:10 - idx 5 case patient095_frame12 mean_dice 0.908867 mean_hd95 1.609476
2026-01-19 22:11:11 - idx 6 case patient047_frame01 mean_dice 0.906651 mean_hd95 1.000000
2026-01-19 22:11:12 - idx 7 case patient047_frame09 mean_dice 0.862027 mean_hd95 1.471405
2026-01-19 22:11:13 - idx 8 case patient044_frame01 mean_dice 0.931920 mean_hd95 1.000000
2026-01-19 22:11:14 - idx 9 case patient044_frame11 mean_dice 0.879465 mean_hd95 1.244017
2026-01-19 22:11:16 - idx 10 case patient064_frame01 mean_dice 0.951961 mean_hd95 1.000000
2026-01-19 22:11:17 - idx 11 case patient064_frame12 mean_dice 0.931580 mean_hd95 1.000000
2026-01-19 22:11:18 - idx 12 case patient017_frame01 mean_dice 0.911909 mean_hd95 1.138071
2026-01-19 22:11:19 - idx 13 case patient017_frame09 mean_dice 0.929929 mean_hd95 1.000000
2026-01-19 22:11:20 - idx 14 case patient039_frame01 mean_dice 0.939325 mean_hd95 1.000000
2026-01-19 22:11:21 - idx 15 case patient039_frame10 mean_dice 0.829909 mean_hd95 1.609476
2026-01-19 22:11:21 - idx 16 case patient041_frame01 mean_dice 0.900938 mean_hd95 1.000000
2026-01-19 22:11:22 - idx 17 case patient041_frame11 mean_dice 0.866760 mean_hd95 1.138071
2026-01-19 22:11:23 - idx 18 case patient067_frame01 mean_dice 0.929475 mean_hd95 1.000000
2026-01-19 22:11:25 - idx 19 case patient067_frame10 mean_dice 0.924743 mean_hd95 1.000000
2026-01-19 22:11:25 - Mean class 1 mean_dice 0.862636 mean_hd95 3.415705
2026-01-19 22:11:25 - Mean class 2 mean_dice 0.883822 mean_hd95 1.103553
2026-01-19 22:11:25 - Mean class 3 mean_dice 0.933465 mean_hd95 1.082514
2026-01-19 22:11:25 - val epoch: 78, mean_dice: 0.8933078637101048, mean_hd95: 1.867257535133277, time(s): 21.75
2026-01-19 22:11:25 - train: epoch 79, iter:0, loss: 0.0675, lr: 0.00012359594482598446
2026-01-19 22:11:28 - train: epoch 79, iter:10, loss: 0.0799, lr: 0.00012359594482598446
2026-01-19 22:11:31 - train: epoch 79, iter:20, loss: 0.0709, lr: 0.00012359594482598446
2026-01-19 22:11:34 - train: epoch 79, iter:30, loss: 0.0806, lr: 0.00012359594482598446
2026-01-19 22:11:37 - train: epoch 79, iter:40, loss: 0.0768, lr: 0.00012359594482598446
2026-01-19 22:11:40 - train: epoch 79, iter:50, loss: 0.0819, lr: 0.00012359594482598446
2026-01-19 22:11:44 - train: epoch 79, iter:60, loss: 0.0696, lr: 0.00012359594482598446
2026-01-19 22:11:46 - train: epoch 79, iter:70, loss: 0.0644, lr: 0.00012359594482598446
2026-01-19 22:11:50 - train: epoch 79, iter:80, loss: 0.0829, lr: 0.00012359594482598446
2026-01-19 22:11:50 - Finish one epoch train: epoch 79, loss: 0.0749, time(s): 24.55
2026-01-19 22:11:51 - idx 0 case patient050_frame01 mean_dice 0.881866 mean_hd95 7.251098
2026-01-19 22:11:52 - idx 1 case patient050_frame12 mean_dice 0.790515 mean_hd95 9.711664
2026-01-19 22:11:53 - idx 2 case patient037_frame01 mean_dice 0.886449 mean_hd95 1.333333
2026-01-19 22:11:54 - idx 3 case patient037_frame12 mean_dice 0.787843 mean_hd95 1.962117
2026-01-19 22:11:55 - idx 4 case patient095_frame01 mean_dice 0.943395 mean_hd95 1.000000
2026-01-19 22:11:57 - idx 5 case patient095_frame12 mean_dice 0.913226 mean_hd95 1.138071
2026-01-19 22:11:58 - idx 6 case patient047_frame01 mean_dice 0.906824 mean_hd95 1.000000
2026-01-19 22:11:59 - idx 7 case patient047_frame09 mean_dice 0.866501 mean_hd95 1.276142
2026-01-19 22:12:00 - idx 8 case patient044_frame01 mean_dice 0.928105 mean_hd95 1.000000
2026-01-19 22:12:01 - idx 9 case patient044_frame11 mean_dice 0.878617 mean_hd95 1.138071
2026-01-19 22:12:02 - idx 10 case patient064_frame01 mean_dice 0.953791 mean_hd95 1.000000
2026-01-19 22:12:04 - idx 11 case patient064_frame12 mean_dice 0.932065 mean_hd95 1.000000
2026-01-19 22:12:05 - idx 12 case patient017_frame01 mean_dice 0.914793 mean_hd95 1.138071
2026-01-19 22:12:06 - idx 13 case patient017_frame09 mean_dice 0.930779 mean_hd95 1.000000
2026-01-19 22:12:07 - idx 14 case patient039_frame01 mean_dice 0.938270 mean_hd95 1.000000
2026-01-19 22:12:08 - idx 15 case patient039_frame10 mean_dice 0.823070 mean_hd95 1.720178
2026-01-19 22:12:08 - idx 16 case patient041_frame01 mean_dice 0.903195 mean_hd95 1.000000
2026-01-19 22:12:09 - idx 17 case patient041_frame11 mean_dice 0.873871 mean_hd95 1.138071
2026-01-19 22:12:10 - idx 18 case patient067_frame01 mean_dice 0.928828 mean_hd95 1.000000
2026-01-19 22:12:11 - idx 19 case patient067_frame10 mean_dice 0.918216 mean_hd95 1.000000
2026-01-19 22:12:11 - Mean class 1 mean_dice 0.867591 mean_hd95 3.484955
2026-01-19 22:12:11 - Mean class 2 mean_dice 0.883174 mean_hd95 1.103553
2026-01-19 22:12:11 - Mean class 3 mean_dice 0.934267 mean_hd95 1.082514
2026-01-19 22:12:11 - val epoch: 79, mean_dice: 0.8950109069592275, mean_hd95: 1.8903408491761562, time(s): 21.68
2026-01-19 22:12:12 - train: epoch 80, iter:0, loss: 0.0794, lr: 0.00011387326887403332
2026-01-19 22:12:15 - train: epoch 80, iter:10, loss: 0.0686, lr: 0.00011387326887403332
2026-01-19 22:12:18 - train: epoch 80, iter:20, loss: 0.0742, lr: 0.00011387326887403332
2026-01-19 22:12:21 - train: epoch 80, iter:30, loss: 0.0687, lr: 0.00011387326887403332
2026-01-19 22:12:24 - train: epoch 80, iter:40, loss: 0.0716, lr: 0.00011387326887403332
2026-01-19 22:12:28 - train: epoch 80, iter:50, loss: 0.0684, lr: 0.00011387326887403332
2026-01-19 22:12:31 - train: epoch 80, iter:60, loss: 0.0726, lr: 0.00011387326887403332
2026-01-19 22:12:34 - train: epoch 80, iter:70, loss: 0.0681, lr: 0.00011387326887403332
2026-01-19 22:12:37 - train: epoch 80, iter:80, loss: 0.0866, lr: 0.00011387326887403332
2026-01-19 22:12:37 - Finish one epoch train: epoch 80, loss: 0.0748, time(s): 24.86
2026-01-19 22:12:38 - idx 0 case patient050_frame01 mean_dice 0.882335 mean_hd95 7.357043
2026-01-19 22:12:39 - idx 1 case patient050_frame12 mean_dice 0.806525 mean_hd95 9.806271
2026-01-19 22:12:40 - idx 2 case patient037_frame01 mean_dice 0.888101 mean_hd95 1.244017
2026-01-19 22:12:41 - idx 3 case patient037_frame12 mean_dice 0.744460 mean_hd95 1.962117
2026-01-19 22:12:42 - idx 4 case patient095_frame01 mean_dice 0.941754 mean_hd95 1.000000
2026-01-19 22:12:44 - idx 5 case patient095_frame12 mean_dice 0.889027 mean_hd95 1.666667
2026-01-19 22:12:45 - idx 6 case patient047_frame01 mean_dice 0.909431 mean_hd95 1.000000
2026-01-19 22:12:46 - idx 7 case patient047_frame09 mean_dice 0.846226 mean_hd95 1.550094
2026-01-19 22:12:47 - idx 8 case patient044_frame01 mean_dice 0.925500 mean_hd95 1.000000
2026-01-19 22:12:48 - idx 9 case patient044_frame11 mean_dice 0.874750 mean_hd95 1.244017
2026-01-19 22:12:49 - idx 10 case patient064_frame01 mean_dice 0.951995 mean_hd95 1.000000
2026-01-19 22:12:51 - idx 11 case patient064_frame12 mean_dice 0.926292 mean_hd95 1.000000
2026-01-19 22:12:52 - idx 12 case patient017_frame01 mean_dice 0.905959 mean_hd95 1.333333
2026-01-19 22:12:53 - idx 13 case patient017_frame09 mean_dice 0.924702 mean_hd95 1.138071
2026-01-19 22:12:54 - idx 14 case patient039_frame01 mean_dice 0.937198 mean_hd95 1.000000
2026-01-19 22:12:55 - idx 15 case patient039_frame10 mean_dice 0.777682 mean_hd95 2.837744
2026-01-19 22:12:55 - idx 16 case patient041_frame01 mean_dice 0.902905 mean_hd95 1.000000
2026-01-19 22:12:56 - idx 17 case patient041_frame11 mean_dice 0.881606 mean_hd95 1.138071
2026-01-19 22:12:57 - idx 18 case patient067_frame01 mean_dice 0.926665 mean_hd95 1.000000
2026-01-19 22:12:59 - idx 19 case patient067_frame10 mean_dice 0.926510 mean_hd95 1.000000
2026-01-19 22:12:59 - Mean class 1 mean_dice 0.854117 mean_hd95 3.810368
2026-01-19 22:12:59 - Mean class 2 mean_dice 0.880812 mean_hd95 1.148735
2026-01-19 22:12:59 - Mean class 3 mean_dice 0.930514 mean_hd95 1.082514
2026-01-19 22:12:59 - val epoch: 80, mean_dice: 0.8884811262003129, mean_hd95: 2.0138722729839924, time(s): 21.69
2026-01-19 22:12:59 - train: epoch 81, iter:0, loss: 0.0686, lr: 0.00010453658778440112
2026-01-19 22:13:02 - train: epoch 81, iter:10, loss: 0.0722, lr: 0.00010453658778440112
2026-01-19 22:13:05 - train: epoch 81, iter:20, loss: 0.0712, lr: 0.00010453658778440112
2026-01-19 22:13:08 - train: epoch 81, iter:30, loss: 0.0697, lr: 0.00010453658778440112
2026-01-19 22:13:12 - train: epoch 81, iter:40, loss: 0.0715, lr: 0.00010453658778440112
2026-01-19 22:13:15 - train: epoch 81, iter:50, loss: 0.0766, lr: 0.00010453658778440112
2026-01-19 22:13:18 - train: epoch 81, iter:60, loss: 0.0734, lr: 0.00010453658778440112
2026-01-19 22:13:21 - train: epoch 81, iter:70, loss: 0.0670, lr: 0.00010453658778440112
2026-01-19 22:13:24 - train: epoch 81, iter:80, loss: 0.0694, lr: 0.00010453658778440112
2026-01-19 22:13:24 - Finish one epoch train: epoch 81, loss: 0.0736, time(s): 24.87
2026-01-19 22:13:25 - idx 0 case patient050_frame01 mean_dice 0.879728 mean_hd95 7.446360
2026-01-19 22:13:26 - idx 1 case patient050_frame12 mean_dice 0.807299 mean_hd95 9.780013
2026-01-19 22:13:27 - idx 2 case patient037_frame01 mean_dice 0.892098 mean_hd95 1.244017
2026-01-19 22:13:28 - idx 3 case patient037_frame12 mean_dice 0.757619 mean_hd95 1.962117
2026-01-19 22:13:30 - idx 4 case patient095_frame01 mean_dice 0.942847 mean_hd95 1.000000
2026-01-19 22:13:31 - idx 5 case patient095_frame12 mean_dice 0.886178 mean_hd95 1.666667
2026-01-19 22:13:32 - idx 6 case patient047_frame01 mean_dice 0.907277 mean_hd95 1.000000
2026-01-19 22:13:33 - idx 7 case patient047_frame09 mean_dice 0.837368 mean_hd95 1.550094
2026-01-19 22:13:34 - idx 8 case patient044_frame01 mean_dice 0.927856 mean_hd95 1.000000
2026-01-19 22:13:35 - idx 9 case patient044_frame11 mean_dice 0.872553 mean_hd95 1.333333
2026-01-19 22:13:37 - idx 10 case patient064_frame01 mean_dice 0.953055 mean_hd95 1.000000
2026-01-19 22:13:38 - idx 11 case patient064_frame12 mean_dice 0.930053 mean_hd95 1.000000
2026-01-19 22:13:39 - idx 12 case patient017_frame01 mean_dice 0.912642 mean_hd95 1.138071
2026-01-19 22:13:40 - idx 13 case patient017_frame09 mean_dice 0.927468 mean_hd95 1.138071
2026-01-19 22:13:41 - idx 14 case patient039_frame01 mean_dice 0.940518 mean_hd95 1.000000
2026-01-19 22:13:42 - idx 15 case patient039_frame10 mean_dice 0.797986 mean_hd95 2.102847
2026-01-19 22:13:43 - idx 16 case patient041_frame01 mean_dice 0.907928 mean_hd95 1.000000
2026-01-19 22:13:43 - idx 17 case patient041_frame11 mean_dice 0.879454 mean_hd95 1.138071
2026-01-19 22:13:44 - idx 18 case patient067_frame01 mean_dice 0.929942 mean_hd95 1.000000
2026-01-19 22:13:46 - idx 19 case patient067_frame10 mean_dice 0.929785 mean_hd95 1.000000
2026-01-19 22:13:46 - Mean class 1 mean_dice 0.855357 mean_hd95 3.693700
2026-01-19 22:13:46 - Mean class 2 mean_dice 0.883621 mean_hd95 1.148735
2026-01-19 22:13:46 - Mean class 3 mean_dice 0.933970 mean_hd95 1.082514
2026-01-19 22:13:46 - val epoch: 81, mean_dice: 0.8909826842572052, mean_hd95: 1.9749830297650564, time(s): 21.77
2026-01-19 22:13:47 - train: epoch 82, iter:0, loss: 0.0763, lr: 9.5595115734092e-05
2026-01-19 22:13:50 - train: epoch 82, iter:10, loss: 0.0735, lr: 9.5595115734092e-05
2026-01-19 22:13:53 - train: epoch 82, iter:20, loss: 0.0711, lr: 9.5595115734092e-05
2026-01-19 22:13:56 - train: epoch 82, iter:30, loss: 0.0696, lr: 9.5595115734092e-05
2026-01-19 22:13:59 - train: epoch 82, iter:40, loss: 0.0702, lr: 9.5595115734092e-05
2026-01-19 22:14:02 - train: epoch 82, iter:50, loss: 0.0840, lr: 9.5595115734092e-05
2026-01-19 22:14:05 - train: epoch 82, iter:60, loss: 0.0826, lr: 9.5595115734092e-05
2026-01-19 22:14:08 - train: epoch 82, iter:70, loss: 0.0718, lr: 9.5595115734092e-05
2026-01-19 22:14:11 - train: epoch 82, iter:80, loss: 0.0783, lr: 9.5595115734092e-05
2026-01-19 22:14:11 - Finish one epoch train: epoch 82, loss: 0.0741, time(s): 24.87
2026-01-19 22:14:12 - idx 0 case patient050_frame01 mean_dice 0.880463 mean_hd95 7.357043
2026-01-19 22:14:14 - idx 1 case patient050_frame12 mean_dice 0.799948 mean_hd95 9.788360
2026-01-19 22:14:14 - idx 2 case patient037_frame01 mean_dice 0.883820 mean_hd95 1.333333
2026-01-19 22:14:15 - idx 3 case patient037_frame12 mean_dice 0.772210 mean_hd95 1.883427
2026-01-19 22:14:17 - idx 4 case patient095_frame01 mean_dice 0.942538 mean_hd95 1.000000
2026-01-19 22:14:18 - idx 5 case patient095_frame12 mean_dice 0.910033 mean_hd95 1.138071
2026-01-19 22:14:19 - idx 6 case patient047_frame01 mean_dice 0.905595 mean_hd95 1.000000
2026-01-19 22:14:20 - idx 7 case patient047_frame09 mean_dice 0.863365 mean_hd95 1.471405
2026-01-19 22:14:22 - idx 8 case patient044_frame01 mean_dice 0.931426 mean_hd95 1.000000
2026-01-19 22:14:23 - idx 9 case patient044_frame11 mean_dice 0.874659 mean_hd95 1.244017
2026-01-19 22:14:24 - idx 10 case patient064_frame01 mean_dice 0.953489 mean_hd95 1.000000
2026-01-19 22:14:25 - idx 11 case patient064_frame12 mean_dice 0.934228 mean_hd95 1.000000
2026-01-19 22:14:26 - idx 12 case patient017_frame01 mean_dice 0.916593 mean_hd95 1.000000
2026-01-19 22:14:27 - idx 13 case patient017_frame09 mean_dice 0.933835 mean_hd95 1.000000
2026-01-19 22:14:28 - idx 14 case patient039_frame01 mean_dice 0.939484 mean_hd95 1.000000
2026-01-19 22:14:29 - idx 15 case patient039_frame10 mean_dice 0.818582 mean_hd95 1.991564
2026-01-19 22:14:30 - idx 16 case patient041_frame01 mean_dice 0.902988 mean_hd95 1.000000
2026-01-19 22:14:31 - idx 17 case patient041_frame11 mean_dice 0.873275 mean_hd95 1.138071
2026-01-19 22:14:32 - idx 18 case patient067_frame01 mean_dice 0.931017 mean_hd95 1.000000
2026-01-19 22:14:34 - idx 19 case patient067_frame10 mean_dice 0.917479 mean_hd95 1.000000
2026-01-19 22:14:34 - Mean class 1 mean_dice 0.865506 mean_hd95 3.533943
2026-01-19 22:14:34 - Mean class 2 mean_dice 0.884650 mean_hd95 1.135337
2026-01-19 22:14:34 - Mean class 3 mean_dice 0.932598 mean_hd95 1.082514
2026-01-19 22:14:34 - val epoch: 82, mean_dice: 0.8942513369916739, mean_hd95: 1.9172645921922264, time(s): 22.46
2026-01-19 22:14:34 - train: epoch 83, iter:0, loss: 0.0733, lr: 8.705767687650269e-05
2026-01-19 22:14:38 - train: epoch 83, iter:10, loss: 0.0647, lr: 8.705767687650269e-05
2026-01-19 22:14:41 - train: epoch 83, iter:20, loss: 0.0784, lr: 8.705767687650269e-05
2026-01-19 22:14:44 - train: epoch 83, iter:30, loss: 0.0776, lr: 8.705767687650269e-05
2026-01-19 22:14:47 - train: epoch 83, iter:40, loss: 0.0671, lr: 8.705767687650269e-05
2026-01-19 22:14:51 - train: epoch 83, iter:50, loss: 0.0763, lr: 8.705767687650269e-05
2026-01-19 22:14:54 - train: epoch 83, iter:60, loss: 0.0788, lr: 8.705767687650269e-05
2026-01-19 22:14:57 - train: epoch 83, iter:70, loss: 0.0738, lr: 8.705767687650269e-05
2026-01-19 22:15:00 - train: epoch 83, iter:80, loss: 0.0688, lr: 8.705767687650269e-05
2026-01-19 22:15:00 - Finish one epoch train: epoch 83, loss: 0.0738, time(s): 25.66
2026-01-19 22:15:01 - idx 0 case patient050_frame01 mean_dice 0.882738 mean_hd95 7.405878
2026-01-19 22:15:02 - idx 1 case patient050_frame12 mean_dice 0.803688 mean_hd95 9.729734
2026-01-19 22:15:03 - idx 2 case patient037_frame01 mean_dice 0.882025 mean_hd95 1.333333
2026-01-19 22:15:04 - idx 3 case patient037_frame12 mean_dice 0.742743 mean_hd95 2.033257
2026-01-19 22:15:05 - idx 4 case patient095_frame01 mean_dice 0.944921 mean_hd95 1.000000
2026-01-19 22:15:07 - idx 5 case patient095_frame12 mean_dice 0.899931 mean_hd95 1.666667
2026-01-19 22:15:08 - idx 6 case patient047_frame01 mean_dice 0.905744 mean_hd95 1.138071
2026-01-19 22:15:09 - idx 7 case patient047_frame09 mean_dice 0.864386 mean_hd95 1.577350
2026-01-19 22:15:10 - idx 8 case patient044_frame01 mean_dice 0.931529 mean_hd95 1.000000
2026-01-19 22:15:11 - idx 9 case patient044_frame11 mean_dice 0.878108 mean_hd95 1.244017
2026-01-19 22:15:13 - idx 10 case patient064_frame01 mean_dice 0.952829 mean_hd95 1.000000
2026-01-19 22:15:14 - idx 11 case patient064_frame12 mean_dice 0.935256 mean_hd95 1.000000
2026-01-19 22:15:15 - idx 12 case patient017_frame01 mean_dice 0.915845 mean_hd95 1.000000
2026-01-19 22:15:16 - idx 13 case patient017_frame09 mean_dice 0.931721 mean_hd95 1.000000
2026-01-19 22:15:17 - idx 14 case patient039_frame01 mean_dice 0.940282 mean_hd95 1.000000
2026-01-19 22:15:18 - idx 15 case patient039_frame10 mean_dice 0.817699 mean_hd95 1.715421
2026-01-19 22:15:18 - idx 16 case patient041_frame01 mean_dice 0.904024 mean_hd95 1.000000
2026-01-19 22:15:19 - idx 17 case patient041_frame11 mean_dice 0.870217 mean_hd95 1.138071
2026-01-19 22:15:20 - idx 18 case patient067_frame01 mean_dice 0.929535 mean_hd95 1.000000
2026-01-19 22:15:22 - idx 19 case patient067_frame10 mean_dice 0.928611 mean_hd95 1.000000
2026-01-19 22:15:22 - Mean class 1 mean_dice 0.863131 mean_hd95 3.567615
2026-01-19 22:15:22 - Mean class 2 mean_dice 0.883006 mean_hd95 1.197141
2026-01-19 22:15:22 - Mean class 3 mean_dice 0.933138 mean_hd95 1.082514
2026-01-19 22:15:22 - val epoch: 83, mean_dice: 0.8930916916267808, mean_hd95: 1.9490899974551092, time(s): 21.85
2026-01-19 22:15:23 - train: epoch 84, iter:0, loss: 0.0729, lr: 7.893269663304787e-05
2026-01-19 22:15:26 - train: epoch 84, iter:10, loss: 0.0803, lr: 7.893269663304787e-05
2026-01-19 22:15:29 - train: epoch 84, iter:20, loss: 0.0722, lr: 7.893269663304787e-05
2026-01-19 22:15:32 - train: epoch 84, iter:30, loss: 0.0799, lr: 7.893269663304787e-05
2026-01-19 22:15:35 - train: epoch 84, iter:40, loss: 0.0647, lr: 7.893269663304787e-05
2026-01-19 22:15:38 - train: epoch 84, iter:50, loss: 0.0627, lr: 7.893269663304787e-05
2026-01-19 22:15:41 - train: epoch 84, iter:60, loss: 0.0799, lr: 7.893269663304787e-05
2026-01-19 22:15:44 - train: epoch 84, iter:70, loss: 0.0720, lr: 7.893269663304787e-05
2026-01-19 22:15:47 - train: epoch 84, iter:80, loss: 0.0751, lr: 7.893269663304787e-05
2026-01-19 22:15:47 - Finish one epoch train: epoch 84, loss: 0.0729, time(s): 24.71
2026-01-19 22:15:48 - idx 0 case patient050_frame01 mean_dice 0.878008 mean_hd95 7.455731
2026-01-19 22:15:49 - idx 1 case patient050_frame12 mean_dice 0.794717 mean_hd95 9.705424
2026-01-19 22:15:50 - idx 2 case patient037_frame01 mean_dice 0.884001 mean_hd95 1.333333
2026-01-19 22:15:51 - idx 3 case patient037_frame12 mean_dice 0.777968 mean_hd95 1.883427
2026-01-19 22:15:52 - idx 4 case patient095_frame01 mean_dice 0.943082 mean_hd95 1.000000
2026-01-19 22:15:54 - idx 5 case patient095_frame12 mean_dice 0.908645 mean_hd95 1.244017
2026-01-19 22:15:55 - idx 6 case patient047_frame01 mean_dice 0.913594 mean_hd95 1.000000
2026-01-19 22:15:56 - idx 7 case patient047_frame09 mean_dice 0.869077 mean_hd95 1.382088
2026-01-19 22:15:57 - idx 8 case patient044_frame01 mean_dice 0.930234 mean_hd95 1.000000
2026-01-19 22:15:58 - idx 9 case patient044_frame11 mean_dice 0.876650 mean_hd95 1.244017
2026-01-19 22:16:00 - idx 10 case patient064_frame01 mean_dice 0.954090 mean_hd95 1.000000
2026-01-19 22:16:01 - idx 11 case patient064_frame12 mean_dice 0.939443 mean_hd95 1.000000
2026-01-19 22:16:02 - idx 12 case patient017_frame01 mean_dice 0.917776 mean_hd95 1.000000
2026-01-19 22:16:03 - idx 13 case patient017_frame09 mean_dice 0.933540 mean_hd95 1.000000
2026-01-19 22:16:04 - idx 14 case patient039_frame01 mean_dice 0.941685 mean_hd95 1.000000
2026-01-19 22:16:05 - idx 15 case patient039_frame10 mean_dice 0.827789 mean_hd95 1.550094
2026-01-19 22:16:06 - idx 16 case patient041_frame01 mean_dice 0.902522 mean_hd95 1.000000
2026-01-19 22:16:06 - idx 17 case patient041_frame11 mean_dice 0.871312 mean_hd95 1.138071
2026-01-19 22:16:07 - idx 18 case patient067_frame01 mean_dice 0.926550 mean_hd95 1.000000
2026-01-19 22:16:09 - idx 19 case patient067_frame10 mean_dice 0.918192 mean_hd95 1.000000
2026-01-19 22:16:09 - Mean class 1 mean_dice 0.867263 mean_hd95 3.495784
2026-01-19 22:16:09 - Mean class 2 mean_dice 0.883276 mean_hd95 1.144646
2026-01-19 22:16:09 - Mean class 3 mean_dice 0.935792 mean_hd95 1.050000
2026-01-19 22:16:09 - val epoch: 84, mean_dice: 0.8954438037272322, mean_hd95: 1.896810174706964, time(s): 21.76
2026-01-19 22:16:10 - train: epoch 85, iter:0, loss: 0.0707, lr: 7.122819337828756e-05
2026-01-19 22:16:13 - train: epoch 85, iter:10, loss: 0.0676, lr: 7.122819337828756e-05
2026-01-19 22:16:16 - train: epoch 85, iter:20, loss: 0.0775, lr: 7.122819337828756e-05
2026-01-19 22:16:19 - train: epoch 85, iter:30, loss: 0.0676, lr: 7.122819337828756e-05
2026-01-19 22:16:22 - train: epoch 85, iter:40, loss: 0.0701, lr: 7.122819337828756e-05
2026-01-19 22:16:25 - train: epoch 85, iter:50, loss: 0.0835, lr: 7.122819337828756e-05
2026-01-19 22:16:28 - train: epoch 85, iter:60, loss: 0.0768, lr: 7.122819337828756e-05
2026-01-19 22:16:31 - train: epoch 85, iter:70, loss: 0.0619, lr: 7.122819337828756e-05
2026-01-19 22:16:34 - train: epoch 85, iter:80, loss: 0.0640, lr: 7.122819337828756e-05
2026-01-19 22:16:34 - Finish one epoch train: epoch 85, loss: 0.0727, time(s): 24.84
2026-01-19 22:16:35 - idx 0 case patient050_frame01 mean_dice 0.879634 mean_hd95 7.455731
2026-01-19 22:16:37 - idx 1 case patient050_frame12 mean_dice 0.793271 mean_hd95 9.687923
2026-01-19 22:16:37 - idx 2 case patient037_frame01 mean_dice 0.883453 mean_hd95 1.333333
2026-01-19 22:16:38 - idx 3 case patient037_frame12 mean_dice 0.788767 mean_hd95 1.666667
2026-01-19 22:16:40 - idx 4 case patient095_frame01 mean_dice 0.943417 mean_hd95 1.000000
2026-01-19 22:16:41 - idx 5 case patient095_frame12 mean_dice 0.891178 mean_hd95 1.666667
2026-01-19 22:16:43 - idx 6 case patient047_frame01 mean_dice 0.909610 mean_hd95 1.000000
2026-01-19 22:16:44 - idx 7 case patient047_frame09 mean_dice 0.875552 mean_hd95 1.276142
2026-01-19 22:16:45 - idx 8 case patient044_frame01 mean_dice 0.925592 mean_hd95 1.000000
2026-01-19 22:16:46 - idx 9 case patient044_frame11 mean_dice 0.874357 mean_hd95 1.244017
2026-01-19 22:16:47 - idx 10 case patient064_frame01 mean_dice 0.953544 mean_hd95 1.000000
2026-01-19 22:16:48 - idx 11 case patient064_frame12 mean_dice 0.936265 mean_hd95 1.000000
2026-01-19 22:16:49 - idx 12 case patient017_frame01 mean_dice 0.914843 mean_hd95 1.000000
2026-01-19 22:16:50 - idx 13 case patient017_frame09 mean_dice 0.932794 mean_hd95 1.000000
2026-01-19 22:16:51 - idx 14 case patient039_frame01 mean_dice 0.940690 mean_hd95 1.000000
2026-01-19 22:16:52 - idx 15 case patient039_frame10 mean_dice 0.806733 mean_hd95 1.909461
2026-01-19 22:16:53 - idx 16 case patient041_frame01 mean_dice 0.903254 mean_hd95 1.000000
2026-01-19 22:16:53 - idx 17 case patient041_frame11 mean_dice 0.885226 mean_hd95 1.138071
2026-01-19 22:16:55 - idx 18 case patient067_frame01 mean_dice 0.924955 mean_hd95 1.000000
2026-01-19 22:16:56 - idx 19 case patient067_frame10 mean_dice 0.929068 mean_hd95 1.000000
2026-01-19 22:16:56 - Mean class 1 mean_dice 0.867780 mean_hd95 3.546164
2026-01-19 22:16:56 - Mean class 2 mean_dice 0.881673 mean_hd95 1.139827
2026-01-19 22:16:56 - Mean class 3 mean_dice 0.934378 mean_hd95 1.070711
2026-01-19 22:16:56 - val epoch: 85, mean_dice: 0.8946100689924963, mean_hd95: 1.918900623205758, time(s): 21.75
2026-01-19 22:16:57 - train: epoch 86, iter:0, loss: 0.1125, lr: 6.395177052675798e-05
2026-01-19 22:17:00 - train: epoch 86, iter:10, loss: 0.0701, lr: 6.395177052675798e-05
2026-01-19 22:17:03 - train: epoch 86, iter:20, loss: 0.0677, lr: 6.395177052675798e-05
2026-01-19 22:17:06 - train: epoch 86, iter:30, loss: 0.0863, lr: 6.395177052675798e-05
2026-01-19 22:17:09 - train: epoch 86, iter:40, loss: 0.0769, lr: 6.395177052675798e-05
2026-01-19 22:17:12 - train: epoch 86, iter:50, loss: 0.0820, lr: 6.395177052675798e-05
2026-01-19 22:17:15 - train: epoch 86, iter:60, loss: 0.0710, lr: 6.395177052675798e-05
2026-01-19 22:17:18 - train: epoch 86, iter:70, loss: 0.0629, lr: 6.395177052675798e-05
2026-01-19 22:17:21 - train: epoch 86, iter:80, loss: 0.0644, lr: 6.395177052675798e-05
2026-01-19 22:17:21 - Finish one epoch train: epoch 86, loss: 0.0729, time(s): 24.75
2026-01-19 22:17:23 - idx 0 case patient050_frame01 mean_dice 0.881540 mean_hd95 7.376837
2026-01-19 22:17:24 - idx 1 case patient050_frame12 mean_dice 0.799539 mean_hd95 9.696674
2026-01-19 22:17:25 - idx 2 case patient037_frame01 mean_dice 0.887462 mean_hd95 1.333333
2026-01-19 22:17:25 - idx 3 case patient037_frame12 mean_dice 0.763168 mean_hd95 1.895231
2026-01-19 22:17:27 - idx 4 case patient095_frame01 mean_dice 0.943629 mean_hd95 1.000000
2026-01-19 22:17:28 - idx 5 case patient095_frame12 mean_dice 0.883350 mean_hd95 1.666667
2026-01-19 22:17:30 - idx 6 case patient047_frame01 mean_dice 0.907051 mean_hd95 1.000000
2026-01-19 22:17:31 - idx 7 case patient047_frame09 mean_dice 0.855597 mean_hd95 1.382088
2026-01-19 22:17:32 - idx 8 case patient044_frame01 mean_dice 0.928674 mean_hd95 1.000000
2026-01-19 22:17:33 - idx 9 case patient044_frame11 mean_dice 0.873431 mean_hd95 1.333333
2026-01-19 22:17:34 - idx 10 case patient064_frame01 mean_dice 0.953147 mean_hd95 1.000000
2026-01-19 22:17:35 - idx 11 case patient064_frame12 mean_dice 0.936543 mean_hd95 1.000000
2026-01-19 22:17:36 - idx 12 case patient017_frame01 mean_dice 0.911012 mean_hd95 1.138071
2026-01-19 22:17:37 - idx 13 case patient017_frame09 mean_dice 0.931791 mean_hd95 1.000000
2026-01-19 22:17:38 - idx 14 case patient039_frame01 mean_dice 0.938149 mean_hd95 1.000000
2026-01-19 22:17:39 - idx 15 case patient039_frame10 mean_dice 0.804889 mean_hd95 1.942809
2026-01-19 22:17:40 - idx 16 case patient041_frame01 mean_dice 0.903318 mean_hd95 1.000000
2026-01-19 22:17:41 - idx 17 case patient041_frame11 mean_dice 0.877208 mean_hd95 1.138071
2026-01-19 22:17:42 - idx 18 case patient067_frame01 mean_dice 0.927522 mean_hd95 1.000000
2026-01-19 22:17:43 - idx 19 case patient067_frame10 mean_dice 0.929655 mean_hd95 1.000000
2026-01-19 22:17:43 - Mean class 1 mean_dice 0.857495 mean_hd95 3.608307
2026-01-19 22:17:43 - Mean class 2 mean_dice 0.883759 mean_hd95 1.144646
2026-01-19 22:17:43 - Mean class 3 mean_dice 0.934247 mean_hd95 1.082514
2026-01-19 22:17:43 - val epoch: 86, mean_dice: 0.8918337694243835, mean_hd95: 1.9451557215357758, time(s): 21.86
2026-01-19 22:17:44 - train: epoch 87, iter:0, loss: 0.0691, lr: 5.711060902932045e-05
2026-01-19 22:17:47 - train: epoch 87, iter:10, loss: 0.0743, lr: 5.711060902932045e-05
2026-01-19 22:17:50 - train: epoch 87, iter:20, loss: 0.0740, lr: 5.711060902932045e-05
2026-01-19 22:17:53 - train: epoch 87, iter:30, loss: 0.0717, lr: 5.711060902932045e-05
2026-01-19 22:17:56 - train: epoch 87, iter:40, loss: 0.0664, lr: 5.711060902932045e-05
2026-01-19 22:17:59 - train: epoch 87, iter:50, loss: 0.0694, lr: 5.711060902932045e-05
2026-01-19 22:18:02 - train: epoch 87, iter:60, loss: 0.0724, lr: 5.711060902932045e-05
2026-01-19 22:18:05 - train: epoch 87, iter:70, loss: 0.0696, lr: 5.711060902932045e-05
2026-01-19 22:18:08 - train: epoch 87, iter:80, loss: 0.0799, lr: 5.711060902932045e-05
2026-01-19 22:18:08 - Finish one epoch train: epoch 87, loss: 0.0723, time(s): 24.71
2026-01-19 22:18:10 - idx 0 case patient050_frame01 mean_dice 0.878059 mean_hd95 7.404122
2026-01-19 22:18:11 - idx 1 case patient050_frame12 mean_dice 0.793612 mean_hd95 9.707920
2026-01-19 22:18:12 - idx 2 case patient037_frame01 mean_dice 0.889427 mean_hd95 1.333333
2026-01-19 22:18:12 - idx 3 case patient037_frame12 mean_dice 0.785382 mean_hd95 1.745356
2026-01-19 22:18:14 - idx 4 case patient095_frame01 mean_dice 0.944341 mean_hd95 1.000000
2026-01-19 22:18:16 - idx 5 case patient095_frame12 mean_dice 0.888366 mean_hd95 1.666667
2026-01-19 22:18:17 - idx 6 case patient047_frame01 mean_dice 0.910404 mean_hd95 1.000000
2026-01-19 22:18:18 - idx 7 case patient047_frame09 mean_dice 0.873817 mean_hd95 1.276142
2026-01-19 22:18:19 - idx 8 case patient044_frame01 mean_dice 0.929042 mean_hd95 1.000000
2026-01-19 22:18:20 - idx 9 case patient044_frame11 mean_dice 0.872331 mean_hd95 1.244017
2026-01-19 22:18:21 - idx 10 case patient064_frame01 mean_dice 0.953727 mean_hd95 1.000000
2026-01-19 22:18:22 - idx 11 case patient064_frame12 mean_dice 0.937703 mean_hd95 1.000000
2026-01-19 22:18:23 - idx 12 case patient017_frame01 mean_dice 0.913744 mean_hd95 1.138071
2026-01-19 22:18:24 - idx 13 case patient017_frame09 mean_dice 0.932736 mean_hd95 1.000000
2026-01-19 22:18:25 - idx 14 case patient039_frame01 mean_dice 0.940766 mean_hd95 1.000000
2026-01-19 22:18:26 - idx 15 case patient039_frame10 mean_dice 0.818346 mean_hd95 1.910684
2026-01-19 22:18:27 - idx 16 case patient041_frame01 mean_dice 0.903134 mean_hd95 1.000000
2026-01-19 22:18:28 - idx 17 case patient041_frame11 mean_dice 0.874301 mean_hd95 1.138071
2026-01-19 22:18:29 - idx 18 case patient067_frame01 mean_dice 0.926376 mean_hd95 1.000000
2026-01-19 22:18:30 - idx 19 case patient067_frame10 mean_dice 0.925490 mean_hd95 1.000000
2026-01-19 22:18:30 - Mean class 1 mean_dice 0.863405 mean_hd95 3.583027
2026-01-19 22:18:30 - Mean class 2 mean_dice 0.882889 mean_hd95 1.139827
2026-01-19 22:18:30 - Mean class 3 mean_dice 0.937372 mean_hd95 1.061803
2026-01-19 22:18:30 - val epoch: 87, mean_dice: 0.8945552108756378, mean_hd95: 1.9282192004500722, time(s): 21.78
2026-01-19 22:18:31 - train: epoch 88, iter:0, loss: 0.0706, lr: 5.071146028642948e-05
2026-01-19 22:18:34 - train: epoch 88, iter:10, loss: 0.0667, lr: 5.071146028642948e-05
2026-01-19 22:18:37 - train: epoch 88, iter:20, loss: 0.0696, lr: 5.071146028642948e-05
2026-01-19 22:18:40 - train: epoch 88, iter:30, loss: 0.0709, lr: 5.071146028642948e-05
2026-01-19 22:18:43 - train: epoch 88, iter:40, loss: 0.0644, lr: 5.071146028642948e-05
2026-01-19 22:18:46 - train: epoch 88, iter:50, loss: 0.0720, lr: 5.071146028642948e-05
2026-01-19 22:18:49 - train: epoch 88, iter:60, loss: 0.0657, lr: 5.071146028642948e-05
2026-01-19 22:18:53 - train: epoch 88, iter:70, loss: 0.0667, lr: 5.071146028642948e-05
2026-01-19 22:18:56 - train: epoch 88, iter:80, loss: 0.0650, lr: 5.071146028642948e-05
2026-01-19 22:18:56 - Finish one epoch train: epoch 88, loss: 0.0713, time(s): 25.17
2026-01-19 22:18:57 - idx 0 case patient050_frame01 mean_dice 0.879843 mean_hd95 7.395322
2026-01-19 22:18:59 - idx 1 case patient050_frame12 mean_dice 0.795818 mean_hd95 9.496994
2026-01-19 22:18:59 - idx 2 case patient037_frame01 mean_dice 0.888155 mean_hd95 1.333333
2026-01-19 22:19:00 - idx 3 case patient037_frame12 mean_dice 0.787228 mean_hd95 1.666667
2026-01-19 22:19:02 - idx 4 case patient095_frame01 mean_dice 0.943232 mean_hd95 1.000000
2026-01-19 22:19:03 - idx 5 case patient095_frame12 mean_dice 0.893594 mean_hd95 1.666667
2026-01-19 22:19:04 - idx 6 case patient047_frame01 mean_dice 0.911147 mean_hd95 1.000000
2026-01-19 22:19:05 - idx 7 case patient047_frame09 mean_dice 0.875741 mean_hd95 1.276142
2026-01-19 22:19:07 - idx 8 case patient044_frame01 mean_dice 0.929002 mean_hd95 1.000000
2026-01-19 22:19:08 - idx 9 case patient044_frame11 mean_dice 0.870905 mean_hd95 1.297607
2026-01-19 22:19:09 - idx 10 case patient064_frame01 mean_dice 0.954240 mean_hd95 1.000000
2026-01-19 22:19:10 - idx 11 case patient064_frame12 mean_dice 0.938885 mean_hd95 1.000000
2026-01-19 22:19:11 - idx 12 case patient017_frame01 mean_dice 0.912674 mean_hd95 1.138071
2026-01-19 22:19:12 - idx 13 case patient017_frame09 mean_dice 0.933358 mean_hd95 1.000000
2026-01-19 22:19:13 - idx 14 case patient039_frame01 mean_dice 0.941554 mean_hd95 1.000000
2026-01-19 22:19:14 - idx 15 case patient039_frame10 mean_dice 0.819861 mean_hd95 1.550094
2026-01-19 22:19:15 - idx 16 case patient041_frame01 mean_dice 0.903751 mean_hd95 1.000000
2026-01-19 22:19:15 - idx 17 case patient041_frame11 mean_dice 0.877142 mean_hd95 1.138071
2026-01-19 22:19:17 - idx 18 case patient067_frame01 mean_dice 0.927368 mean_hd95 1.000000
2026-01-19 22:19:18 - idx 19 case patient067_frame10 mean_dice 0.922036 mean_hd95 1.000000
2026-01-19 22:19:18 - Mean class 1 mean_dice 0.866268 mean_hd95 3.519910
2026-01-19 22:19:18 - Mean class 2 mean_dice 0.882953 mean_hd95 1.123935
2026-01-19 22:19:18 - Mean class 3 mean_dice 0.936609 mean_hd95 1.050000
2026-01-19 22:19:18 - val epoch: 88, mean_dice: 0.8952766327962692, mean_hd95: 1.8979484034487843, time(s): 22.00
2026-01-19 22:19:19 - train: epoch 89, iter:0, loss: 0.0777, lr: 4.476063948531561e-05
2026-01-19 22:19:22 - train: epoch 89, iter:10, loss: 0.0654, lr: 4.476063948531561e-05
2026-01-19 22:19:25 - train: epoch 89, iter:20, loss: 0.0666, lr: 4.476063948531561e-05
2026-01-19 22:19:28 - train: epoch 89, iter:30, loss: 0.0734, lr: 4.476063948531561e-05
2026-01-19 22:19:31 - train: epoch 89, iter:40, loss: 0.0697, lr: 4.476063948531561e-05
2026-01-19 22:19:34 - train: epoch 89, iter:50, loss: 0.0706, lr: 4.476063948531561e-05
2026-01-19 22:19:37 - train: epoch 89, iter:60, loss: 0.0735, lr: 4.476063948531561e-05
2026-01-19 22:19:40 - train: epoch 89, iter:70, loss: 0.0733, lr: 4.476063948531561e-05
2026-01-19 22:19:43 - train: epoch 89, iter:80, loss: 0.0725, lr: 4.476063948531561e-05
2026-01-19 22:19:43 - Finish one epoch train: epoch 89, loss: 0.0720, time(s): 24.80
2026-01-19 22:19:44 - idx 0 case patient050_frame01 mean_dice 0.879598 mean_hd95 7.433032
2026-01-19 22:19:46 - idx 1 case patient050_frame12 mean_dice 0.798948 mean_hd95 9.385395
2026-01-19 22:19:46 - idx 2 case patient037_frame01 mean_dice 0.889741 mean_hd95 1.333333
2026-01-19 22:19:47 - idx 3 case patient037_frame12 mean_dice 0.780478 mean_hd95 1.883427
2026-01-19 22:19:49 - idx 4 case patient095_frame01 mean_dice 0.943438 mean_hd95 1.000000
2026-01-19 22:19:50 - idx 5 case patient095_frame12 mean_dice 0.897903 mean_hd95 1.666667
2026-01-19 22:19:52 - idx 6 case patient047_frame01 mean_dice 0.911257 mean_hd95 1.000000
2026-01-19 22:19:53 - idx 7 case patient047_frame09 mean_dice 0.870623 mean_hd95 1.382088
2026-01-19 22:19:54 - idx 8 case patient044_frame01 mean_dice 0.930688 mean_hd95 1.000000
2026-01-19 22:19:55 - idx 9 case patient044_frame11 mean_dice 0.875416 mean_hd95 1.244017
2026-01-19 22:19:56 - idx 10 case patient064_frame01 mean_dice 0.953939 mean_hd95 1.000000
2026-01-19 22:19:57 - idx 11 case patient064_frame12 mean_dice 0.938392 mean_hd95 1.000000
2026-01-19 22:19:58 - idx 12 case patient017_frame01 mean_dice 0.913051 mean_hd95 1.138071
2026-01-19 22:19:59 - idx 13 case patient017_frame09 mean_dice 0.932493 mean_hd95 1.000000
2026-01-19 22:20:00 - idx 14 case patient039_frame01 mean_dice 0.942071 mean_hd95 1.000000
2026-01-19 22:20:01 - idx 15 case patient039_frame10 mean_dice 0.818953 mean_hd95 1.942809
2026-01-19 22:20:02 - idx 16 case patient041_frame01 mean_dice 0.907246 mean_hd95 1.000000
2026-01-19 22:20:02 - idx 17 case patient041_frame11 mean_dice 0.879073 mean_hd95 1.138071
2026-01-19 22:20:04 - idx 18 case patient067_frame01 mean_dice 0.929682 mean_hd95 1.000000
2026-01-19 22:20:05 - idx 19 case patient067_frame10 mean_dice 0.919433 mean_hd95 1.000000
2026-01-19 22:20:05 - Mean class 1 mean_dice 0.866962 mean_hd95 3.554876
2026-01-19 22:20:05 - Mean class 2 mean_dice 0.884421 mean_hd95 1.144646
2026-01-19 22:20:05 - Mean class 3 mean_dice 0.935481 mean_hd95 1.082514
2026-01-19 22:20:05 - val epoch: 89, mean_dice: 0.8956211668696684, mean_hd95: 1.9273455407963647, time(s): 21.62
2026-01-19 22:20:06 - train: epoch 90, iter:0, loss: 0.0754, lr: 3.9264019367658426e-05
2026-01-19 22:20:09 - train: epoch 90, iter:10, loss: 0.0692, lr: 3.9264019367658426e-05
2026-01-19 22:20:12 - train: epoch 90, iter:20, loss: 0.0690, lr: 3.9264019367658426e-05
2026-01-19 22:20:15 - train: epoch 90, iter:30, loss: 0.0723, lr: 3.9264019367658426e-05
2026-01-19 22:20:18 - train: epoch 90, iter:40, loss: 0.0823, lr: 3.9264019367658426e-05
2026-01-19 22:20:21 - train: epoch 90, iter:50, loss: 0.0673, lr: 3.9264019367658426e-05
2026-01-19 22:20:24 - train: epoch 90, iter:60, loss: 0.0708, lr: 3.9264019367658426e-05
2026-01-19 22:20:27 - train: epoch 90, iter:70, loss: 0.0746, lr: 3.9264019367658426e-05
2026-01-19 22:20:30 - train: epoch 90, iter:80, loss: 0.0723, lr: 3.9264019367658426e-05
2026-01-19 22:20:30 - Finish one epoch train: epoch 90, loss: 0.0723, time(s): 24.89
2026-01-19 22:20:32 - idx 0 case patient050_frame01 mean_dice 0.881163 mean_hd95 7.455731
2026-01-19 22:20:33 - idx 1 case patient050_frame12 mean_dice 0.798683 mean_hd95 9.573369
2026-01-19 22:20:34 - idx 2 case patient037_frame01 mean_dice 0.890371 mean_hd95 1.333333
2026-01-19 22:20:35 - idx 3 case patient037_frame12 mean_dice 0.769309 mean_hd95 1.883427
2026-01-19 22:20:36 - idx 4 case patient095_frame01 mean_dice 0.944547 mean_hd95 1.000000
2026-01-19 22:20:38 - idx 5 case patient095_frame12 mean_dice 0.886453 mean_hd95 1.666667
2026-01-19 22:20:39 - idx 6 case patient047_frame01 mean_dice 0.907400 mean_hd95 1.000000
2026-01-19 22:20:40 - idx 7 case patient047_frame09 mean_dice 0.869267 mean_hd95 1.276142
2026-01-19 22:20:41 - idx 8 case patient044_frame01 mean_dice 0.929465 mean_hd95 1.000000
2026-01-19 22:20:42 - idx 9 case patient044_frame11 mean_dice 0.874479 mean_hd95 1.244017
2026-01-19 22:20:43 - idx 10 case patient064_frame01 mean_dice 0.953675 mean_hd95 1.000000
2026-01-19 22:20:45 - idx 11 case patient064_frame12 mean_dice 0.936974 mean_hd95 1.000000
2026-01-19 22:20:46 - idx 12 case patient017_frame01 mean_dice 0.911743 mean_hd95 1.138071
2026-01-19 22:20:47 - idx 13 case patient017_frame09 mean_dice 0.932596 mean_hd95 1.000000
2026-01-19 22:20:48 - idx 14 case patient039_frame01 mean_dice 0.940943 mean_hd95 1.000000
2026-01-19 22:20:49 - idx 15 case patient039_frame10 mean_dice 0.800520 mean_hd95 2.295974
2026-01-19 22:20:49 - idx 16 case patient041_frame01 mean_dice 0.910787 mean_hd95 1.000000
2026-01-19 22:20:50 - idx 17 case patient041_frame11 mean_dice 0.879807 mean_hd95 1.138071
2026-01-19 22:20:51 - idx 18 case patient067_frame01 mean_dice 0.928745 mean_hd95 1.000000
2026-01-19 22:20:53 - idx 19 case patient067_frame10 mean_dice 0.926244 mean_hd95 1.000000
2026-01-19 22:20:53 - Mean class 1 mean_dice 0.861901 mean_hd95 3.607668
2026-01-19 22:20:53 - Mean class 2 mean_dice 0.884118 mean_hd95 1.160538
2026-01-19 22:20:53 - Mean class 3 mean_dice 0.934957 mean_hd95 1.082514
2026-01-19 22:20:53 - val epoch: 90, mean_dice: 0.8936586615325929, mean_hd95: 1.9502401539860623, time(s): 22.16
2026-01-19 22:20:53 - train: epoch 91, iter:0, loss: 0.0733, lr: 3.4227024433899026e-05
2026-01-19 22:20:57 - train: epoch 91, iter:10, loss: 0.0864, lr: 3.4227024433899026e-05
2026-01-19 22:21:00 - train: epoch 91, iter:20, loss: 0.0734, lr: 3.4227024433899026e-05
2026-01-19 22:21:03 - train: epoch 91, iter:30, loss: 0.0708, lr: 3.4227024433899026e-05
2026-01-19 22:21:06 - train: epoch 91, iter:40, loss: 0.0770, lr: 3.4227024433899026e-05
2026-01-19 22:21:09 - train: epoch 91, iter:50, loss: 0.0768, lr: 3.4227024433899026e-05
2026-01-19 22:21:12 - train: epoch 91, iter:60, loss: 0.0692, lr: 3.4227024433899026e-05
2026-01-19 22:21:15 - train: epoch 91, iter:70, loss: 0.0732, lr: 3.4227024433899026e-05
2026-01-19 22:21:18 - train: epoch 91, iter:80, loss: 0.0679, lr: 3.4227024433899026e-05
2026-01-19 22:21:18 - Finish one epoch train: epoch 91, loss: 0.0718, time(s): 24.87
2026-01-19 22:21:19 - idx 0 case patient050_frame01 mean_dice 0.881545 mean_hd95 7.481814
2026-01-19 22:21:21 - idx 1 case patient050_frame12 mean_dice 0.797245 mean_hd95 9.742783
2026-01-19 22:21:21 - idx 2 case patient037_frame01 mean_dice 0.885163 mean_hd95 1.333333
2026-01-19 22:21:22 - idx 3 case patient037_frame12 mean_dice 0.778408 mean_hd95 1.883427
2026-01-19 22:21:24 - idx 4 case patient095_frame01 mean_dice 0.944515 mean_hd95 1.000000
2026-01-19 22:21:25 - idx 5 case patient095_frame12 mean_dice 0.906910 mean_hd95 1.333333
2026-01-19 22:21:26 - idx 6 case patient047_frame01 mean_dice 0.912302 mean_hd95 1.000000
2026-01-19 22:21:27 - idx 7 case patient047_frame09 mean_dice 0.870331 mean_hd95 1.382088
2026-01-19 22:21:28 - idx 8 case patient044_frame01 mean_dice 0.931196 mean_hd95 1.000000
2026-01-19 22:21:30 - idx 9 case patient044_frame11 mean_dice 0.875627 mean_hd95 1.244017
2026-01-19 22:21:31 - idx 10 case patient064_frame01 mean_dice 0.953532 mean_hd95 1.000000
2026-01-19 22:21:32 - idx 11 case patient064_frame12 mean_dice 0.936794 mean_hd95 1.000000
2026-01-19 22:21:33 - idx 12 case patient017_frame01 mean_dice 0.915460 mean_hd95 1.000000
2026-01-19 22:21:34 - idx 13 case patient017_frame09 mean_dice 0.934048 mean_hd95 1.000000
2026-01-19 22:21:35 - idx 14 case patient039_frame01 mean_dice 0.940067 mean_hd95 1.000000
2026-01-19 22:21:36 - idx 15 case patient039_frame10 mean_dice 0.816133 mean_hd95 1.999474
2026-01-19 22:21:36 - idx 16 case patient041_frame01 mean_dice 0.905314 mean_hd95 1.000000
2026-01-19 22:21:37 - idx 17 case patient041_frame11 mean_dice 0.870250 mean_hd95 1.138071
2026-01-19 22:21:38 - idx 18 case patient067_frame01 mean_dice 0.928559 mean_hd95 1.000000
2026-01-19 22:21:39 - idx 19 case patient067_frame10 mean_dice 0.910520 mean_hd95 1.000000
2026-01-19 22:21:39 - Mean class 1 mean_dice 0.865410 mean_hd95 3.553591
2026-01-19 22:21:39 - Mean class 2 mean_dice 0.884469 mean_hd95 1.144646
2026-01-19 22:21:39 - Mean class 3 mean_dice 0.934209 mean_hd95 1.082514
2026-01-19 22:21:39 - val epoch: 91, mean_dice: 0.8946959768194356, mean_hd95: 1.926917052569711, time(s): 21.45
2026-01-19 22:21:40 - train: epoch 92, iter:0, loss: 0.0850, lr: 2.9654625589913258e-05
2026-01-19 22:21:44 - train: epoch 92, iter:10, loss: 0.0679, lr: 2.9654625589913258e-05
2026-01-19 22:21:47 - train: epoch 92, iter:20, loss: 0.0698, lr: 2.9654625589913258e-05
2026-01-19 22:21:50 - train: epoch 92, iter:30, loss: 0.0693, lr: 2.9654625589913258e-05
2026-01-19 22:21:53 - train: epoch 92, iter:40, loss: 0.0782, lr: 2.9654625589913258e-05
2026-01-19 22:21:56 - train: epoch 92, iter:50, loss: 0.0707, lr: 2.9654625589913258e-05
2026-01-19 22:21:59 - train: epoch 92, iter:60, loss: 0.0783, lr: 2.9654625589913258e-05
2026-01-19 22:22:02 - train: epoch 92, iter:70, loss: 0.0761, lr: 2.9654625589913258e-05
2026-01-19 22:22:05 - train: epoch 92, iter:80, loss: 0.0764, lr: 2.9654625589913258e-05
2026-01-19 22:22:05 - Finish one epoch train: epoch 92, loss: 0.0719, time(s): 24.99
2026-01-19 22:22:06 - idx 0 case patient050_frame01 mean_dice 0.883118 mean_hd95 7.455731
2026-01-19 22:22:07 - idx 1 case patient050_frame12 mean_dice 0.806556 mean_hd95 9.290009
2026-01-19 22:22:08 - idx 2 case patient037_frame01 mean_dice 0.892695 mean_hd95 1.333333
2026-01-19 22:22:09 - idx 3 case patient037_frame12 mean_dice 0.770785 mean_hd95 1.883427
2026-01-19 22:22:11 - idx 4 case patient095_frame01 mean_dice 0.944711 mean_hd95 1.000000
2026-01-19 22:22:12 - idx 5 case patient095_frame12 mean_dice 0.887768 mean_hd95 1.666667
2026-01-19 22:22:13 - idx 6 case patient047_frame01 mean_dice 0.907283 mean_hd95 1.000000
2026-01-19 22:22:14 - idx 7 case patient047_frame09 mean_dice 0.866292 mean_hd95 1.382088
2026-01-19 22:22:15 - idx 8 case patient044_frame01 mean_dice 0.927533 mean_hd95 1.000000
2026-01-19 22:22:16 - idx 9 case patient044_frame11 mean_dice 0.871927 mean_hd95 1.244017
2026-01-19 22:22:18 - idx 10 case patient064_frame01 mean_dice 0.954632 mean_hd95 1.000000
2026-01-19 22:22:19 - idx 11 case patient064_frame12 mean_dice 0.937293 mean_hd95 1.000000
2026-01-19 22:22:20 - idx 12 case patient017_frame01 mean_dice 0.910639 mean_hd95 1.138071
2026-01-19 22:22:21 - idx 13 case patient017_frame09 mean_dice 0.931709 mean_hd95 1.000000
2026-01-19 22:22:22 - idx 14 case patient039_frame01 mean_dice 0.940350 mean_hd95 1.000000
2026-01-19 22:22:23 - idx 15 case patient039_frame10 mean_dice 0.802324 mean_hd95 2.048755
2026-01-19 22:22:24 - idx 16 case patient041_frame01 mean_dice 0.907908 mean_hd95 1.000000
2026-01-19 22:22:24 - idx 17 case patient041_frame11 mean_dice 0.880755 mean_hd95 1.138071
2026-01-19 22:22:25 - idx 18 case patient067_frame01 mean_dice 0.927420 mean_hd95 1.000000
2026-01-19 22:22:27 - idx 19 case patient067_frame10 mean_dice 0.924262 mean_hd95 1.000000
2026-01-19 22:22:27 - Mean class 1 mean_dice 0.863843 mean_hd95 3.543973
2026-01-19 22:22:27 - Mean class 2 mean_dice 0.882821 mean_hd95 1.160538
2026-01-19 22:22:27 - Mean class 3 mean_dice 0.934730 mean_hd95 1.082514
2026-01-19 22:22:27 - val epoch: 92, mean_dice: 0.8937980167518825, mean_hd95: 1.9290085005462425, time(s): 21.66
2026-01-19 22:22:28 - train: epoch 93, iter:0, loss: 0.0680, lr: 2.5551335241327692e-05
2026-01-19 22:22:31 - train: epoch 93, iter:10, loss: 0.0761, lr: 2.5551335241327692e-05
2026-01-19 22:22:34 - train: epoch 93, iter:20, loss: 0.0760, lr: 2.5551335241327692e-05
2026-01-19 22:22:37 - train: epoch 93, iter:30, loss: 0.0824, lr: 2.5551335241327692e-05
2026-01-19 22:22:40 - train: epoch 93, iter:40, loss: 0.0735, lr: 2.5551335241327692e-05
2026-01-19 22:22:43 - train: epoch 93, iter:50, loss: 0.0715, lr: 2.5551335241327692e-05
2026-01-19 22:22:46 - train: epoch 93, iter:60, loss: 0.0779, lr: 2.5551335241327692e-05
2026-01-19 22:22:49 - train: epoch 93, iter:70, loss: 0.0689, lr: 2.5551335241327692e-05
2026-01-19 22:22:52 - train: epoch 93, iter:80, loss: 0.0910, lr: 2.5551335241327692e-05
2026-01-19 22:22:52 - Finish one epoch train: epoch 93, loss: 0.0716, time(s): 24.78
2026-01-19 22:22:53 - idx 0 case patient050_frame01 mean_dice 0.880667 mean_hd95 7.455731
2026-01-19 22:22:55 - idx 1 case patient050_frame12 mean_dice 0.802704 mean_hd95 9.013805
2026-01-19 22:22:55 - idx 2 case patient037_frame01 mean_dice 0.887839 mean_hd95 1.333333
2026-01-19 22:22:56 - idx 3 case patient037_frame12 mean_dice 0.781658 mean_hd95 1.883427
2026-01-19 22:22:58 - idx 4 case patient095_frame01 mean_dice 0.944639 mean_hd95 1.000000
2026-01-19 22:22:59 - idx 5 case patient095_frame12 mean_dice 0.894923 mean_hd95 1.666667
2026-01-19 22:23:00 - idx 6 case patient047_frame01 mean_dice 0.907418 mean_hd95 1.000000
2026-01-19 22:23:02 - idx 7 case patient047_frame09 mean_dice 0.870402 mean_hd95 1.276142
2026-01-19 22:23:03 - idx 8 case patient044_frame01 mean_dice 0.930850 mean_hd95 1.000000
2026-01-19 22:23:04 - idx 9 case patient044_frame11 mean_dice 0.874607 mean_hd95 1.244017
2026-01-19 22:23:05 - idx 10 case patient064_frame01 mean_dice 0.954043 mean_hd95 1.000000
2026-01-19 22:23:06 - idx 11 case patient064_frame12 mean_dice 0.939119 mean_hd95 1.000000
2026-01-19 22:23:07 - idx 12 case patient017_frame01 mean_dice 0.912471 mean_hd95 1.138071
2026-01-19 22:23:08 - idx 13 case patient017_frame09 mean_dice 0.931891 mean_hd95 1.000000
2026-01-19 22:23:10 - idx 14 case patient039_frame01 mean_dice 0.941064 mean_hd95 1.000000
2026-01-19 22:23:11 - idx 15 case patient039_frame10 mean_dice 0.808442 mean_hd95 2.295974
2026-01-19 22:23:11 - idx 16 case patient041_frame01 mean_dice 0.906680 mean_hd95 1.000000
2026-01-19 22:23:12 - idx 17 case patient041_frame11 mean_dice 0.879795 mean_hd95 1.138071
2026-01-19 22:23:13 - idx 18 case patient067_frame01 mean_dice 0.928529 mean_hd95 1.000000
2026-01-19 22:23:15 - idx 19 case patient067_frame10 mean_dice 0.920975 mean_hd95 1.000000
2026-01-19 22:23:15 - Mean class 1 mean_dice 0.865322 mean_hd95 3.523734
2026-01-19 22:23:15 - Mean class 2 mean_dice 0.884034 mean_hd95 1.160538
2026-01-19 22:23:15 - Mean class 3 mean_dice 0.935451 mean_hd95 1.082514
2026-01-19 22:23:15 - val epoch: 93, mean_dice: 0.8949358741930044, mean_hd95: 1.9222619707569786, time(s): 22.63
2026-01-19 22:23:16 - train: epoch 94, iter:0, loss: 0.0657, lr: 2.192120284032009e-05
2026-01-19 22:23:19 - train: epoch 94, iter:10, loss: 0.0721, lr: 2.192120284032009e-05
2026-01-19 22:23:22 - train: epoch 94, iter:20, loss: 0.0661, lr: 2.192120284032009e-05
2026-01-19 22:23:25 - train: epoch 94, iter:30, loss: 0.0704, lr: 2.192120284032009e-05
2026-01-19 22:23:29 - train: epoch 94, iter:40, loss: 0.0788, lr: 2.192120284032009e-05
2026-01-19 22:23:32 - train: epoch 94, iter:50, loss: 0.0626, lr: 2.192120284032009e-05
2026-01-19 22:23:36 - train: epoch 94, iter:60, loss: 0.0725, lr: 2.192120284032009e-05
2026-01-19 22:23:39 - train: epoch 94, iter:70, loss: 0.0742, lr: 2.192120284032009e-05
2026-01-19 22:23:42 - train: epoch 94, iter:80, loss: 0.0666, lr: 2.192120284032009e-05
2026-01-19 22:23:42 - Finish one epoch train: epoch 94, loss: 0.0717, time(s): 26.65
2026-01-19 22:23:43 - idx 0 case patient050_frame01 mean_dice 0.880453 mean_hd95 7.455731
2026-01-19 22:23:44 - idx 1 case patient050_frame12 mean_dice 0.801310 mean_hd95 9.144735
2026-01-19 22:23:45 - idx 2 case patient037_frame01 mean_dice 0.887930 mean_hd95 1.333333
2026-01-19 22:23:46 - idx 3 case patient037_frame12 mean_dice 0.783885 mean_hd95 1.883427
2026-01-19 22:23:47 - idx 4 case patient095_frame01 mean_dice 0.944751 mean_hd95 1.000000
2026-01-19 22:23:49 - idx 5 case patient095_frame12 mean_dice 0.897470 mean_hd95 1.666667
2026-01-19 22:23:50 - idx 6 case patient047_frame01 mean_dice 0.910527 mean_hd95 1.000000
2026-01-19 22:23:51 - idx 7 case patient047_frame09 mean_dice 0.866431 mean_hd95 1.471405
2026-01-19 22:23:52 - idx 8 case patient044_frame01 mean_dice 0.930665 mean_hd95 1.000000
2026-01-19 22:23:53 - idx 9 case patient044_frame11 mean_dice 0.873855 mean_hd95 1.244017
2026-01-19 22:23:55 - idx 10 case patient064_frame01 mean_dice 0.954314 mean_hd95 1.000000
2026-01-19 22:23:56 - idx 11 case patient064_frame12 mean_dice 0.938761 mean_hd95 1.000000
2026-01-19 22:23:57 - idx 12 case patient017_frame01 mean_dice 0.913429 mean_hd95 1.138071
2026-01-19 22:23:58 - idx 13 case patient017_frame09 mean_dice 0.933715 mean_hd95 1.000000
2026-01-19 22:23:59 - idx 14 case patient039_frame01 mean_dice 0.939313 mean_hd95 1.000000
2026-01-19 22:24:00 - idx 15 case patient039_frame10 mean_dice 0.810073 mean_hd95 2.273290
2026-01-19 22:24:00 - idx 16 case patient041_frame01 mean_dice 0.904441 mean_hd95 1.000000
2026-01-19 22:24:01 - idx 17 case patient041_frame11 mean_dice 0.882386 mean_hd95 1.138071
2026-01-19 22:24:02 - idx 18 case patient067_frame01 mean_dice 0.929096 mean_hd95 1.000000
2026-01-19 22:24:04 - idx 19 case patient067_frame10 mean_dice 0.915110 mean_hd95 1.000000
2026-01-19 22:24:04 - Mean class 1 mean_dice 0.863776 mean_hd95 3.569260
2026-01-19 22:24:04 - Mean class 2 mean_dice 0.884786 mean_hd95 1.160538
2026-01-19 22:24:04 - Mean class 3 mean_dice 0.936125 mean_hd95 1.082514
2026-01-19 22:24:04 - val epoch: 94, mean_dice: 0.8948957788501062, mean_hd95: 1.9374373625266241, time(s): 21.68
2026-01-19 22:24:04 - train: epoch 95, iter:0, loss: 0.0630, lr: 1.8767810889299096e-05
2026-01-19 22:24:07 - train: epoch 95, iter:10, loss: 0.0706, lr: 1.8767810889299096e-05
2026-01-19 22:24:11 - train: epoch 95, iter:20, loss: 0.0640, lr: 1.8767810889299096e-05
2026-01-19 22:24:14 - train: epoch 95, iter:30, loss: 0.0667, lr: 1.8767810889299096e-05
2026-01-19 22:24:17 - train: epoch 95, iter:40, loss: 0.0755, lr: 1.8767810889299096e-05
2026-01-19 22:24:20 - train: epoch 95, iter:50, loss: 0.0791, lr: 1.8767810889299096e-05
2026-01-19 22:24:23 - train: epoch 95, iter:60, loss: 0.0613, lr: 1.8767810889299096e-05
2026-01-19 22:24:26 - train: epoch 95, iter:70, loss: 0.0633, lr: 1.8767810889299096e-05
2026-01-19 22:24:29 - train: epoch 95, iter:80, loss: 0.0690, lr: 1.8767810889299096e-05
2026-01-19 22:24:29 - Finish one epoch train: epoch 95, loss: 0.0716, time(s): 24.63
2026-01-19 22:24:30 - idx 0 case patient050_frame01 mean_dice 0.879726 mean_hd95 7.455731
2026-01-19 22:24:31 - idx 1 case patient050_frame12 mean_dice 0.797771 mean_hd95 9.671647
2026-01-19 22:24:32 - idx 2 case patient037_frame01 mean_dice 0.889037 mean_hd95 1.333333
2026-01-19 22:24:33 - idx 3 case patient037_frame12 mean_dice 0.779737 mean_hd95 1.883427
2026-01-19 22:24:34 - idx 4 case patient095_frame01 mean_dice 0.945027 mean_hd95 1.000000
2026-01-19 22:24:36 - idx 5 case patient095_frame12 mean_dice 0.903730 mean_hd95 1.609476
2026-01-19 22:24:37 - idx 6 case patient047_frame01 mean_dice 0.910213 mean_hd95 1.000000
2026-01-19 22:24:38 - idx 7 case patient047_frame09 mean_dice 0.860727 mean_hd95 1.471405
2026-01-19 22:24:39 - idx 8 case patient044_frame01 mean_dice 0.930533 mean_hd95 1.000000
2026-01-19 22:24:40 - idx 9 case patient044_frame11 mean_dice 0.873394 mean_hd95 1.244017
2026-01-19 22:24:41 - idx 10 case patient064_frame01 mean_dice 0.953640 mean_hd95 1.000000
2026-01-19 22:24:43 - idx 11 case patient064_frame12 mean_dice 0.937392 mean_hd95 1.000000
2026-01-19 22:24:44 - idx 12 case patient017_frame01 mean_dice 0.912440 mean_hd95 1.138071
2026-01-19 22:24:45 - idx 13 case patient017_frame09 mean_dice 0.932747 mean_hd95 1.000000
2026-01-19 22:24:46 - idx 14 case patient039_frame01 mean_dice 0.938874 mean_hd95 1.000000
2026-01-19 22:24:47 - idx 15 case patient039_frame10 mean_dice 0.810444 mean_hd95 2.248248
2026-01-19 22:24:47 - idx 16 case patient041_frame01 mean_dice 0.906105 mean_hd95 1.000000
2026-01-19 22:24:48 - idx 17 case patient041_frame11 mean_dice 0.881171 mean_hd95 1.138071
2026-01-19 22:24:49 - idx 18 case patient067_frame01 mean_dice 0.927257 mean_hd95 1.000000
2026-01-19 22:24:50 - idx 19 case patient067_frame10 mean_dice 0.914599 mean_hd95 1.000000
2026-01-19 22:24:50 - Mean class 1 mean_dice 0.864550 mean_hd95 3.635962
2026-01-19 22:24:50 - Mean class 2 mean_dice 0.883716 mean_hd95 1.160538
2026-01-19 22:24:50 - Mean class 3 mean_dice 0.934419 mean_hd95 1.082514
2026-01-19 22:24:50 - val epoch: 95, mean_dice: 0.8942282789772747, mean_hd95: 1.9596713167804596, time(s): 21.66
2026-01-19 22:24:51 - train: epoch 96, iter:0, loss: 0.0738, lr: 1.609427140540687e-05
2026-01-19 22:24:54 - train: epoch 96, iter:10, loss: 0.0650, lr: 1.609427140540687e-05
2026-01-19 22:24:57 - train: epoch 96, iter:20, loss: 0.0741, lr: 1.609427140540687e-05
2026-01-19 22:25:00 - train: epoch 96, iter:30, loss: 0.0604, lr: 1.609427140540687e-05
2026-01-19 22:25:03 - train: epoch 96, iter:40, loss: 0.0644, lr: 1.609427140540687e-05
2026-01-19 22:25:06 - train: epoch 96, iter:50, loss: 0.0784, lr: 1.609427140540687e-05
2026-01-19 22:25:09 - train: epoch 96, iter:60, loss: 0.0699, lr: 1.609427140540687e-05
2026-01-19 22:25:12 - train: epoch 96, iter:70, loss: 0.0666, lr: 1.609427140540687e-05
2026-01-19 22:25:15 - train: epoch 96, iter:80, loss: 0.0768, lr: 1.609427140540687e-05
2026-01-19 22:25:16 - Finish one epoch train: epoch 96, loss: 0.0710, time(s): 24.67
2026-01-19 22:25:17 - idx 0 case patient050_frame01 mean_dice 0.880116 mean_hd95 7.455731
2026-01-19 22:25:18 - idx 1 case patient050_frame12 mean_dice 0.798815 mean_hd95 9.407063
2026-01-19 22:25:19 - idx 2 case patient037_frame01 mean_dice 0.888979 mean_hd95 1.333333
2026-01-19 22:25:20 - idx 3 case patient037_frame12 mean_dice 0.790838 mean_hd95 1.745356
2026-01-19 22:25:21 - idx 4 case patient095_frame01 mean_dice 0.944950 mean_hd95 1.000000
2026-01-19 22:25:23 - idx 5 case patient095_frame12 mean_dice 0.904282 mean_hd95 1.483163
2026-01-19 22:25:24 - idx 6 case patient047_frame01 mean_dice 0.910323 mean_hd95 1.000000
2026-01-19 22:25:25 - idx 7 case patient047_frame09 mean_dice 0.866373 mean_hd95 1.471405
2026-01-19 22:25:26 - idx 8 case patient044_frame01 mean_dice 0.929715 mean_hd95 1.000000
2026-01-19 22:25:27 - idx 9 case patient044_frame11 mean_dice 0.875687 mean_hd95 1.244017
2026-01-19 22:25:28 - idx 10 case patient064_frame01 mean_dice 0.954376 mean_hd95 1.000000
2026-01-19 22:25:29 - idx 11 case patient064_frame12 mean_dice 0.938187 mean_hd95 1.000000
2026-01-19 22:25:30 - idx 12 case patient017_frame01 mean_dice 0.914239 mean_hd95 1.000000
2026-01-19 22:25:31 - idx 13 case patient017_frame09 mean_dice 0.933915 mean_hd95 1.000000
2026-01-19 22:25:33 - idx 14 case patient039_frame01 mean_dice 0.939843 mean_hd95 1.000000
2026-01-19 22:25:34 - idx 15 case patient039_frame10 mean_dice 0.810185 mean_hd95 2.628783
2026-01-19 22:25:34 - idx 16 case patient041_frame01 mean_dice 0.904334 mean_hd95 1.000000
2026-01-19 22:25:35 - idx 17 case patient041_frame11 mean_dice 0.880687 mean_hd95 1.138071
2026-01-19 22:25:36 - idx 18 case patient067_frame01 mean_dice 0.926965 mean_hd95 1.000000
2026-01-19 22:25:37 - idx 19 case patient067_frame10 mean_dice 0.915052 mean_hd95 1.000000
2026-01-19 22:25:37 - Mean class 1 mean_dice 0.866165 mean_hd95 3.600300
2026-01-19 22:25:37 - Mean class 2 mean_dice 0.884481 mean_hd95 1.153225
2026-01-19 22:25:37 - Mean class 3 mean_dice 0.935533 mean_hd95 1.082514
2026-01-19 22:25:37 - val epoch: 96, mean_dice: 0.8953930639949975, mean_hd95: 1.9453461496780078, time(s): 21.71
2026-01-19 22:25:38 - train: epoch 97, iter:0, loss: 0.0623, lr: 1.3903222849333514e-05
2026-01-19 22:25:41 - train: epoch 97, iter:10, loss: 0.0747, lr: 1.3903222849333514e-05
2026-01-19 22:25:44 - train: epoch 97, iter:20, loss: 0.0697, lr: 1.3903222849333514e-05
2026-01-19 22:25:47 - train: epoch 97, iter:30, loss: 0.0786, lr: 1.3903222849333514e-05
2026-01-19 22:25:50 - train: epoch 97, iter:40, loss: 0.0747, lr: 1.3903222849333514e-05
2026-01-19 22:25:53 - train: epoch 97, iter:50, loss: 0.0785, lr: 1.3903222849333514e-05
2026-01-19 22:25:56 - train: epoch 97, iter:60, loss: 0.0694, lr: 1.3903222849333514e-05
2026-01-19 22:26:00 - train: epoch 97, iter:70, loss: 0.0681, lr: 1.3903222849333514e-05
2026-01-19 22:26:03 - train: epoch 97, iter:80, loss: 0.0809, lr: 1.3903222849333514e-05
2026-01-19 22:26:03 - Finish one epoch train: epoch 97, loss: 0.0723, time(s): 24.86
2026-01-19 22:26:04 - idx 0 case patient050_frame01 mean_dice 0.877865 mean_hd95 7.457036
2026-01-19 22:26:05 - idx 1 case patient050_frame12 mean_dice 0.796566 mean_hd95 9.573369
2026-01-19 22:26:06 - idx 2 case patient037_frame01 mean_dice 0.886863 mean_hd95 1.333333
2026-01-19 22:26:07 - idx 3 case patient037_frame12 mean_dice 0.786409 mean_hd95 1.883427
2026-01-19 22:26:08 - idx 4 case patient095_frame01 mean_dice 0.945205 mean_hd95 1.000000
2026-01-19 22:26:10 - idx 5 case patient095_frame12 mean_dice 0.906777 mean_hd95 1.412023
2026-01-19 22:26:11 - idx 6 case patient047_frame01 mean_dice 0.911120 mean_hd95 1.000000
2026-01-19 22:26:12 - idx 7 case patient047_frame09 mean_dice 0.864996 mean_hd95 1.471405
2026-01-19 22:26:13 - idx 8 case patient044_frame01 mean_dice 0.931891 mean_hd95 1.000000
2026-01-19 22:26:14 - idx 9 case patient044_frame11 mean_dice 0.875758 mean_hd95 1.244017
2026-01-19 22:26:15 - idx 10 case patient064_frame01 mean_dice 0.954237 mean_hd95 1.000000
2026-01-19 22:26:17 - idx 11 case patient064_frame12 mean_dice 0.937922 mean_hd95 1.000000
2026-01-19 22:26:18 - idx 12 case patient017_frame01 mean_dice 0.915902 mean_hd95 1.000000
2026-01-19 22:26:19 - idx 13 case patient017_frame09 mean_dice 0.934501 mean_hd95 1.000000
2026-01-19 22:26:20 - idx 14 case patient039_frame01 mean_dice 0.939786 mean_hd95 1.000000
2026-01-19 22:26:21 - idx 15 case patient039_frame10 mean_dice 0.816337 mean_hd95 2.417826
2026-01-19 22:26:21 - idx 16 case patient041_frame01 mean_dice 0.906245 mean_hd95 1.000000
2026-01-19 22:26:22 - idx 17 case patient041_frame11 mean_dice 0.878838 mean_hd95 1.138071
2026-01-19 22:26:23 - idx 18 case patient067_frame01 mean_dice 0.929032 mean_hd95 1.000000
2026-01-19 22:26:24 - idx 19 case patient067_frame10 mean_dice 0.917024 mean_hd95 1.000000
2026-01-19 22:26:24 - Mean class 1 mean_dice 0.866543 mean_hd95 3.597318
2026-01-19 22:26:24 - Mean class 2 mean_dice 0.885393 mean_hd95 1.159743
2026-01-19 22:26:24 - Mean class 3 mean_dice 0.935055 mean_hd95 1.082514
2026-01-19 22:26:24 - val epoch: 97, mean_dice: 0.8956636216224881, mean_hd95: 1.9465253130105102, time(s): 21.67
2026-01-19 22:26:25 - train: epoch 98, iter:0, loss: 0.0674, lr: 1.2196827521475406e-05
2026-01-19 22:26:29 - train: epoch 98, iter:10, loss: 0.0711, lr: 1.2196827521475406e-05
2026-01-19 22:26:32 - train: epoch 98, iter:20, loss: 0.0626, lr: 1.2196827521475406e-05
2026-01-19 22:26:35 - train: epoch 98, iter:30, loss: 0.0650, lr: 1.2196827521475406e-05
2026-01-19 22:26:38 - train: epoch 98, iter:40, loss: 0.0682, lr: 1.2196827521475406e-05
2026-01-19 22:26:41 - train: epoch 98, iter:50, loss: 0.0708, lr: 1.2196827521475406e-05
2026-01-19 22:26:44 - train: epoch 98, iter:60, loss: 0.0704, lr: 1.2196827521475406e-05
2026-01-19 22:26:47 - train: epoch 98, iter:70, loss: 0.0759, lr: 1.2196827521475406e-05
2026-01-19 22:26:50 - train: epoch 98, iter:80, loss: 0.0719, lr: 1.2196827521475406e-05
2026-01-19 22:26:50 - Finish one epoch train: epoch 98, loss: 0.0709, time(s): 25.00
2026-01-19 22:26:51 - idx 0 case patient050_frame01 mean_dice 0.880312 mean_hd95 7.455731
2026-01-19 22:26:53 - idx 1 case patient050_frame12 mean_dice 0.799406 mean_hd95 9.660053
2026-01-19 22:26:53 - idx 2 case patient037_frame01 mean_dice 0.888023 mean_hd95 1.333333
2026-01-19 22:26:54 - idx 3 case patient037_frame12 mean_dice 0.776013 mean_hd95 1.883427
2026-01-19 22:26:56 - idx 4 case patient095_frame01 mean_dice 0.944636 mean_hd95 1.000000
2026-01-19 22:26:57 - idx 5 case patient095_frame12 mean_dice 0.901113 mean_hd95 1.609476
2026-01-19 22:26:58 - idx 6 case patient047_frame01 mean_dice 0.908706 mean_hd95 1.000000
2026-01-19 22:27:00 - idx 7 case patient047_frame09 mean_dice 0.861144 mean_hd95 1.471405
2026-01-19 22:27:01 - idx 8 case patient044_frame01 mean_dice 0.929715 mean_hd95 1.000000
2026-01-19 22:27:02 - idx 9 case patient044_frame11 mean_dice 0.873613 mean_hd95 1.244017
2026-01-19 22:27:03 - idx 10 case patient064_frame01 mean_dice 0.953791 mean_hd95 1.000000
2026-01-19 22:27:04 - idx 11 case patient064_frame12 mean_dice 0.937336 mean_hd95 1.000000
2026-01-19 22:27:05 - idx 12 case patient017_frame01 mean_dice 0.913444 mean_hd95 1.138071
2026-01-19 22:27:06 - idx 13 case patient017_frame09 mean_dice 0.933133 mean_hd95 1.000000
2026-01-19 22:27:07 - idx 14 case patient039_frame01 mean_dice 0.938647 mean_hd95 1.000000
2026-01-19 22:27:08 - idx 15 case patient039_frame10 mean_dice 0.812893 mean_hd95 2.295974
2026-01-19 22:27:09 - idx 16 case patient041_frame01 mean_dice 0.905944 mean_hd95 1.000000
2026-01-19 22:27:09 - idx 17 case patient041_frame11 mean_dice 0.883640 mean_hd95 1.138071
2026-01-19 22:27:11 - idx 18 case patient067_frame01 mean_dice 0.927028 mean_hd95 1.000000
2026-01-19 22:27:12 - idx 19 case patient067_frame10 mean_dice 0.922225 mean_hd95 1.000000
2026-01-19 22:27:12 - Mean class 1 mean_dice 0.864275 mean_hd95 3.641382
2026-01-19 22:27:12 - Mean class 2 mean_dice 0.884426 mean_hd95 1.160538
2026-01-19 22:27:12 - Mean class 3 mean_dice 0.934913 mean_hd95 1.082514
2026-01-19 22:27:12 - val epoch: 98, mean_dice: 0.8945380318811358, mean_hd95: 1.9614779057409615, time(s): 21.82
2026-01-19 22:27:13 - train: epoch 99, iter:0, loss: 0.0608, lr: 1.097676942800558e-05
2026-01-19 22:27:16 - train: epoch 99, iter:10, loss: 0.0671, lr: 1.097676942800558e-05
2026-01-19 22:27:19 - train: epoch 99, iter:20, loss: 0.0696, lr: 1.097676942800558e-05
2026-01-19 22:27:22 - train: epoch 99, iter:30, loss: 0.0744, lr: 1.097676942800558e-05
2026-01-19 22:27:25 - train: epoch 99, iter:40, loss: 0.0678, lr: 1.097676942800558e-05
2026-01-19 22:27:28 - train: epoch 99, iter:50, loss: 0.0693, lr: 1.097676942800558e-05
2026-01-19 22:27:31 - train: epoch 99, iter:60, loss: 0.0763, lr: 1.097676942800558e-05
2026-01-19 22:27:34 - train: epoch 99, iter:70, loss: 0.0686, lr: 1.097676942800558e-05
2026-01-19 22:27:37 - train: epoch 99, iter:80, loss: 0.0775, lr: 1.097676942800558e-05
2026-01-19 22:27:37 - Finish one epoch train: epoch 99, loss: 0.0707, time(s): 24.69
2026-01-19 22:27:39 - idx 0 case patient050_frame01 mean_dice 0.880987 mean_hd95 7.455731
2026-01-19 22:27:40 - idx 1 case patient050_frame12 mean_dice 0.797968 mean_hd95 9.598675
2026-01-19 22:27:41 - idx 2 case patient037_frame01 mean_dice 0.890173 mean_hd95 1.333333
2026-01-19 22:27:42 - idx 3 case patient037_frame12 mean_dice 0.781442 mean_hd95 1.745356
2026-01-19 22:27:43 - idx 4 case patient095_frame01 mean_dice 0.944356 mean_hd95 1.000000
2026-01-19 22:27:45 - idx 5 case patient095_frame12 mean_dice 0.902112 mean_hd95 1.609476
2026-01-19 22:27:46 - idx 6 case patient047_frame01 mean_dice 0.909140 mean_hd95 1.000000
2026-01-19 22:27:47 - idx 7 case patient047_frame09 mean_dice 0.862609 mean_hd95 1.471405
2026-01-19 22:27:48 - idx 8 case patient044_frame01 mean_dice 0.929368 mean_hd95 1.000000
2026-01-19 22:27:49 - idx 9 case patient044_frame11 mean_dice 0.875639 mean_hd95 1.244017
2026-01-19 22:27:50 - idx 10 case patient064_frame01 mean_dice 0.954368 mean_hd95 1.000000
2026-01-19 22:27:52 - idx 11 case patient064_frame12 mean_dice 0.937642 mean_hd95 1.000000
2026-01-19 22:27:53 - idx 12 case patient017_frame01 mean_dice 0.913455 mean_hd95 1.138071
2026-01-19 22:27:54 - idx 13 case patient017_frame09 mean_dice 0.933497 mean_hd95 1.000000
2026-01-19 22:27:55 - idx 14 case patient039_frame01 mean_dice 0.939811 mean_hd95 1.000000
2026-01-19 22:27:56 - idx 15 case patient039_frame10 mean_dice 0.809480 mean_hd95 2.203455
2026-01-19 22:27:56 - idx 16 case patient041_frame01 mean_dice 0.905759 mean_hd95 1.000000
2026-01-19 22:27:57 - idx 17 case patient041_frame11 mean_dice 0.881983 mean_hd95 1.138071
2026-01-19 22:27:58 - idx 18 case patient067_frame01 mean_dice 0.927637 mean_hd95 1.000000
2026-01-19 22:28:00 - idx 19 case patient067_frame10 mean_dice 0.919701 mean_hd95 1.000000
2026-01-19 22:28:00 - Mean class 1 mean_dice 0.865093 mean_hd95 3.618297
2026-01-19 22:28:00 - Mean class 2 mean_dice 0.884710 mean_hd95 1.139827
2026-01-19 22:28:00 - Mean class 3 mean_dice 0.934766 mean_hd95 1.082514
2026-01-19 22:28:00 - val epoch: 99, mean_dice: 0.8948562262013681, mean_hd95: 1.9468795418023594, time(s): 22.12
2026-01-19 22:28:00 - train: epoch 100, iter:0, loss: 0.0674, lr: 1.024425261896286e-05
2026-01-19 22:28:03 - train: epoch 100, iter:10, loss: 0.0673, lr: 1.024425261896286e-05
2026-01-19 22:28:07 - train: epoch 100, iter:20, loss: 0.0763, lr: 1.024425261896286e-05
2026-01-19 22:28:10 - train: epoch 100, iter:30, loss: 0.0617, lr: 1.024425261896286e-05
2026-01-19 22:28:13 - train: epoch 100, iter:40, loss: 0.0785, lr: 1.024425261896286e-05
2026-01-19 22:28:16 - train: epoch 100, iter:50, loss: 0.0653, lr: 1.024425261896286e-05
2026-01-19 22:28:19 - train: epoch 100, iter:60, loss: 0.0681, lr: 1.024425261896286e-05
2026-01-19 22:28:22 - train: epoch 100, iter:70, loss: 0.0728, lr: 1.024425261896286e-05
2026-01-19 22:28:25 - train: epoch 100, iter:80, loss: 0.0615, lr: 1.024425261896286e-05
2026-01-19 22:28:25 - Finish one epoch train: epoch 100, loss: 0.0705, time(s): 25.06
2026-01-19 22:28:26 - idx 0 case patient050_frame01 mean_dice 0.881386 mean_hd95 7.455731
2026-01-19 22:28:28 - idx 1 case patient050_frame12 mean_dice 0.799853 mean_hd95 9.566394
2026-01-19 22:28:28 - idx 2 case patient037_frame01 mean_dice 0.888447 mean_hd95 1.333333
2026-01-19 22:28:29 - idx 3 case patient037_frame12 mean_dice 0.773275 mean_hd95 1.883427
2026-01-19 22:28:31 - idx 4 case patient095_frame01 mean_dice 0.943531 mean_hd95 1.000000
2026-01-19 22:28:32 - idx 5 case patient095_frame12 mean_dice 0.899204 mean_hd95 1.666667
2026-01-19 22:28:33 - idx 6 case patient047_frame01 mean_dice 0.905933 mean_hd95 1.000000
2026-01-19 22:28:34 - idx 7 case patient047_frame09 mean_dice 0.859401 mean_hd95 1.471405
2026-01-19 22:28:35 - idx 8 case patient044_frame01 mean_dice 0.930233 mean_hd95 1.000000
2026-01-19 22:28:37 - idx 9 case patient044_frame11 mean_dice 0.873271 mean_hd95 1.275278
2026-01-19 22:28:38 - idx 10 case patient064_frame01 mean_dice 0.953648 mean_hd95 1.000000
2026-01-19 22:28:39 - idx 11 case patient064_frame12 mean_dice 0.936032 mean_hd95 1.000000
2026-01-19 22:28:40 - idx 12 case patient017_frame01 mean_dice 0.911236 mean_hd95 1.138071
2026-01-19 22:28:41 - idx 13 case patient017_frame09 mean_dice 0.932178 mean_hd95 1.000000
2026-01-19 22:28:42 - idx 14 case patient039_frame01 mean_dice 0.937521 mean_hd95 1.000000
2026-01-19 22:28:43 - idx 15 case patient039_frame10 mean_dice 0.811287 mean_hd95 2.089324
2026-01-19 22:28:44 - idx 16 case patient041_frame01 mean_dice 0.906190 mean_hd95 1.000000
2026-01-19 22:28:44 - idx 17 case patient041_frame11 mean_dice 0.882473 mean_hd95 1.138071
2026-01-19 22:28:45 - idx 18 case patient067_frame01 mean_dice 0.927278 mean_hd95 1.000000
2026-01-19 22:28:47 - idx 19 case patient067_frame10 mean_dice 0.923542 mean_hd95 1.000000
2026-01-19 22:28:47 - Mean class 1 mean_dice 0.863741 mean_hd95 3.609603
2026-01-19 22:28:47 - Mean class 2 mean_dice 0.883709 mean_hd95 1.160538
2026-01-19 22:28:47 - Mean class 3 mean_dice 0.933938 mean_hd95 1.082514
2026-01-19 22:28:47 - val epoch: 100, mean_dice: 0.893796050186947, mean_hd95: 1.950885096015857, time(s): 21.51
2026-01-19 22:28:48 - idx 0 case patient072_frame01 mean_dice 0.953691 mean_hd95 1.000000
2026-01-19 22:28:49 - idx 1 case patient072_frame11 mean_dice 0.940321 mean_hd95 1.000000
2026-01-19 22:28:51 - idx 2 case patient081_frame01 mean_dice 0.918840 mean_hd95 1.333333
2026-01-19 22:28:53 - idx 3 case patient081_frame07 mean_dice 0.903259 mean_hd95 1.483163
2026-01-19 22:28:55 - idx 4 case patient019_frame01 mean_dice 0.959842 mean_hd95 1.000000
2026-01-19 22:28:56 - idx 5 case patient019_frame11 mean_dice 0.959975 mean_hd95 1.000000
2026-01-19 22:28:57 - idx 6 case patient027_frame01 mean_dice 0.876904 mean_hd95 1.138071
2026-01-19 22:28:59 - idx 7 case patient027_frame11 mean_dice 0.842225 mean_hd95 2.615713
2026-01-19 22:29:00 - idx 8 case patient056_frame01 mean_dice 0.947974 mean_hd95 1.000000
2026-01-19 22:29:01 - idx 9 case patient056_frame12 mean_dice 0.911559 mean_hd95 1.000000
2026-01-19 22:29:02 - idx 10 case patient052_frame01 mean_dice 0.903348 mean_hd95 1.000000
2026-01-19 22:29:03 - idx 11 case patient052_frame09 mean_dice 0.838926 mean_hd95 1.483163
2026-01-19 22:29:04 - idx 12 case patient028_frame01 mean_dice 0.929670 mean_hd95 1.000000
2026-01-19 22:29:06 - idx 13 case patient028_frame09 mean_dice 0.879202 mean_hd95 1.244017
2026-01-19 22:29:08 - idx 14 case patient099_frame01 mean_dice 0.950717 mean_hd95 1.000000
2026-01-19 22:29:09 - idx 15 case patient099_frame09 mean_dice 0.925575 mean_hd95 1.000000
2026-01-19 22:29:11 - idx 16 case patient007_frame01 mean_dice 0.947529 mean_hd95 1.000000
2026-01-19 22:29:12 - idx 17 case patient007_frame07 mean_dice 0.925469 mean_hd95 1.000000
2026-01-19 22:29:13 - idx 18 case patient076_frame01 mean_dice 0.949914 mean_hd95 1.000000
2026-01-19 22:29:14 - idx 19 case patient076_frame12 mean_dice 0.940358 mean_hd95 1.000000
2026-01-19 22:29:16 - idx 20 case patient084_frame01 mean_dice 0.846004 mean_hd95 2.041035
2026-01-19 22:29:17 - idx 21 case patient084_frame10 mean_dice 0.817572 mean_hd95 1.804738
2026-01-19 22:29:18 - idx 22 case patient008_frame01 mean_dice 0.942010 mean_hd95 1.000000
2026-01-19 22:29:20 - idx 23 case patient008_frame13 mean_dice 0.917092 mean_hd95 1.000000
2026-01-19 22:29:22 - idx 24 case patient085_frame01 mean_dice 0.922608 mean_hd95 1.000000
2026-01-19 22:29:24 - idx 25 case patient085_frame09 mean_dice 0.904642 mean_hd95 1.333333
2026-01-19 22:29:25 - idx 26 case patient021_frame13 mean_dice 0.821010 mean_hd95 1.412023
2026-01-19 22:29:26 - idx 27 case patient021_frame01 mean_dice 0.943508 mean_hd95 1.000000
2026-01-19 22:29:27 - idx 28 case patient054_frame01 mean_dice 0.879015 mean_hd95 2.333333
2026-01-19 22:29:28 - idx 29 case patient054_frame12 mean_dice 0.799364 mean_hd95 2.721471
2026-01-19 22:29:29 - idx 30 case patient026_frame01 mean_dice 0.926220 mean_hd95 1.000000
2026-01-19 22:29:31 - idx 31 case patient026_frame12 mean_dice 0.866771 mean_hd95 1.688165
2026-01-19 22:29:32 - idx 32 case patient059_frame01 mean_dice 0.965205 mean_hd95 1.000000
2026-01-19 22:29:33 - idx 33 case patient059_frame09 mean_dice 0.926813 mean_hd95 1.000000
2026-01-19 22:29:34 - idx 34 case patient073_frame01 mean_dice 0.940126 mean_hd95 1.000000
2026-01-19 22:29:35 - idx 35 case patient073_frame10 mean_dice 0.903192 mean_hd95 1.138071
2026-01-19 22:29:36 - idx 36 case patient029_frame01 mean_dice 0.935899 mean_hd95 1.000000
2026-01-19 22:29:38 - idx 37 case patient029_frame12 mean_dice 0.790896 mean_hd95 2.385290
2026-01-19 22:29:39 - idx 38 case patient068_frame01 mean_dice 0.927621 mean_hd95 1.000000
2026-01-19 22:29:39 - idx 39 case patient068_frame12 mean_dice 0.926510 mean_hd95 1.000000
2026-01-19 22:29:39 - Mean class 1 mean_dice 0.878768 mean_hd95 1.717561
2026-01-19 22:29:39 - Mean class 2 mean_dice 0.899169 mean_hd95 1.035355
2026-01-19 22:29:39 - Mean class 3 mean_dice 0.945116 mean_hd95 1.083703
2026-01-19 22:29:39 - val epoch: 100, mean_dice: 0.9076843334321242, mean_hd95: 1.278873020863478, time(s): 52.27
