2026-01-20 23:30:37 - #----------Config info----------#
2026-01-20 23:30:37 - network: vmunet,
2026-01-20 23:30:37 - model_config: {'num_classes': 4, 'input_channels': 1, 'depths': [2, 2, 2, 2], 'depths_decoder': [2, 2, 2, 1], 'drop_path_rate': 0.2, 'load_ckpt_path': './pre_trained_weights/vmamba_small_e238_ema.pth'},
2026-01-20 23:30:37 - datasets_name: acdc,
2026-01-20 23:30:37 - input_size_h: 256,
2026-01-20 23:30:37 - input_size_w: 256,
2026-01-20 23:30:37 - data_path: ../Synapse/train_npz/,
2026-01-20 23:30:37 - datasets: <class 'datasets.dataset.Synapse_dataset'>,
2026-01-20 23:30:37 - list_dir: ../Synapse/lists/lists_Synapse/,
2026-01-20 23:30:37 - volume_path: ../Synapse/test_vol_h5/,
2026-01-20 23:30:37 - pretrained_path: ,
2026-01-20 23:30:37 - num_classes: 4,
2026-01-20 23:30:37 - loss_weight: [1, 1],
2026-01-20 23:30:37 - criterion: CeDiceLoss(
  (celoss): CrossEntropyLoss()
  (diceloss): nDiceLoss()
),
2026-01-20 23:30:37 - z_spacing: 1,
2026-01-20 23:30:37 - input_channels: 1,
2026-01-20 23:30:37 - distributed: False,
2026-01-20 23:30:37 - local_rank: -1,
2026-01-20 23:30:37 - num_workers: 0,
2026-01-20 23:30:37 - seed: 42,
2026-01-20 23:30:37 - world_size: None,
2026-01-20 23:30:37 - rank: None,
2026-01-20 23:30:37 - amp: False,
2026-01-20 23:30:37 - batch_size: 16,
2026-01-20 23:30:37 - epochs: 100,
2026-01-20 23:30:37 - work_dir: results/vmunet_acdc_Tuesday_20_January_2026_23h_30m_37s/,
2026-01-20 23:30:37 - print_interval: 10,
2026-01-20 23:30:37 - val_interval: 1,
2026-01-20 23:30:37 - threshold: 0.5,
2026-01-20 23:30:37 - only_test_and_save_figs: False,
2026-01-20 23:30:37 - best_ckpt_path: results/acdc1-diffspm/checkpoints/best.pth,
2026-01-20 23:30:37 - img_save_path: imagesacdc,
2026-01-20 23:30:37 - opt: AdamW,
2026-01-20 23:30:37 - lr: 0.001,
2026-01-20 23:30:37 - betas: (0.9, 0.999),
2026-01-20 23:30:37 - eps: 1e-08,
2026-01-20 23:30:37 - weight_decay: 0.01,
2026-01-20 23:30:37 - amsgrad: False,
2026-01-20 23:30:37 - sch: CosineAnnealingLR,
2026-01-20 23:30:37 - T_max: 100,
2026-01-20 23:30:37 - eta_min: 1e-05,
2026-01-20 23:30:37 - last_epoch: -1,
2026-01-20 23:30:39 - train: epoch 1, iter:0, loss: 4.7548, lr: 0.001
2026-01-20 23:30:42 - train: epoch 1, iter:10, loss: 2.5511, lr: 0.001
2026-01-20 23:30:45 - train: epoch 1, iter:20, loss: 1.8656, lr: 0.001
2026-01-20 23:30:48 - train: epoch 1, iter:30, loss: 1.6620, lr: 0.001
2026-01-20 23:30:51 - train: epoch 1, iter:40, loss: 1.3988, lr: 0.001
2026-01-20 23:30:54 - train: epoch 1, iter:50, loss: 1.2358, lr: 0.001
2026-01-20 23:30:58 - train: epoch 1, iter:60, loss: 1.1263, lr: 0.001
2026-01-20 23:31:01 - train: epoch 1, iter:70, loss: 1.0549, lr: 0.001
2026-01-20 23:31:04 - train: epoch 1, iter:80, loss: 0.8944, lr: 0.001
2026-01-20 23:31:04 - Finish one epoch train: epoch 1, loss: 1.6978, time(s): 26.55
2026-01-20 23:31:06 - idx 0 case patient050_frame01 mean_dice 0.408307 mean_hd95 23.476791
2026-01-20 23:31:07 - idx 1 case patient050_frame12 mean_dice 0.444969 mean_hd95 28.305473
2026-01-20 23:31:08 - idx 2 case patient037_frame01 mean_dice 0.263871 mean_hd95 19.717848
2026-01-20 23:31:08 - idx 3 case patient037_frame12 mean_dice 0.162335 mean_hd95 19.756427
2026-01-20 23:31:10 - idx 4 case patient095_frame01 mean_dice 0.780304 mean_hd95 4.987067
2026-01-20 23:31:12 - idx 5 case patient095_frame12 mean_dice 0.677523 mean_hd95 11.257850
2026-01-20 23:31:13 - idx 6 case patient047_frame01 mean_dice 0.317456 mean_hd95 28.667291
2026-01-20 23:31:14 - idx 7 case patient047_frame09 mean_dice 0.285034 mean_hd95 30.985009
2026-01-20 23:31:16 - idx 8 case patient044_frame01 mean_dice 0.594295 mean_hd95 10.787456
2026-01-20 23:31:17 - idx 9 case patient044_frame11 mean_dice 0.395286 mean_hd95 20.122650
2026-01-20 23:31:18 - idx 10 case patient064_frame01 mean_dice 0.695841 mean_hd95 9.148361
2026-01-20 23:31:19 - idx 11 case patient064_frame12 mean_dice 0.508966 mean_hd95 13.820764
2026-01-20 23:31:20 - idx 12 case patient017_frame01 mean_dice 0.587655 mean_hd95 19.152222
2026-01-20 23:31:21 - idx 13 case patient017_frame09 mean_dice 0.598994 mean_hd95 17.681494
2026-01-20 23:31:23 - idx 14 case patient039_frame01 mean_dice 0.622016 mean_hd95 15.464612
2026-01-20 23:31:24 - idx 15 case patient039_frame10 mean_dice 0.279769 mean_hd95 25.393986
2026-01-20 23:31:24 - idx 16 case patient041_frame01 mean_dice 0.693176 mean_hd95 3.799401
2026-01-20 23:31:25 - idx 17 case patient041_frame11 mean_dice 0.489031 mean_hd95 6.978292
2026-01-20 23:31:26 - idx 18 case patient067_frame01 mean_dice 0.647749 mean_hd95 13.494063
2026-01-20 23:31:28 - idx 19 case patient067_frame10 mean_dice 0.371388 mean_hd95 19.011268
2026-01-20 23:31:28 - Mean class 1 mean_dice 0.414761 mean_hd95 23.504973
2026-01-20 23:31:28 - Mean class 2 mean_dice 0.485622 mean_hd95 11.061681
2026-01-20 23:31:28 - Mean class 3 mean_dice 0.573212 mean_hd95 16.734594
2026-01-20 23:31:28 - val epoch: 1, mean_dice: 0.49119822726870854, mean_hd95: 17.10041631081611, time(s): 23.38
2026-01-20 23:31:29 - train: epoch 2, iter:0, loss: 0.9205, lr: 0.0009997557473810372
2026-01-20 23:31:32 - train: epoch 2, iter:10, loss: 0.8952, lr: 0.0009997557473810372
2026-01-20 23:31:35 - train: epoch 2, iter:20, loss: 0.7570, lr: 0.0009997557473810372
2026-01-20 23:31:38 - train: epoch 2, iter:30, loss: 0.5979, lr: 0.0009997557473810372
2026-01-20 23:31:41 - train: epoch 2, iter:40, loss: 0.5879, lr: 0.0009997557473810372
2026-01-20 23:31:45 - train: epoch 2, iter:50, loss: 0.6074, lr: 0.0009997557473810372
2026-01-20 23:31:48 - train: epoch 2, iter:60, loss: 0.4414, lr: 0.0009997557473810372
2026-01-20 23:31:51 - train: epoch 2, iter:70, loss: 0.4625, lr: 0.0009997557473810372
2026-01-20 23:31:54 - train: epoch 2, iter:80, loss: 0.5883, lr: 0.0009997557473810372
2026-01-20 23:31:55 - Finish one epoch train: epoch 2, loss: 0.6866, time(s): 26.35
2026-01-20 23:31:56 - idx 0 case patient050_frame01 mean_dice 0.790026 mean_hd95 17.533699
2026-01-20 23:31:57 - idx 1 case patient050_frame12 mean_dice 0.681546 mean_hd95 20.183053
2026-01-20 23:31:58 - idx 2 case patient037_frame01 mean_dice 0.533431 mean_hd95 17.962141
2026-01-20 23:31:59 - idx 3 case patient037_frame12 mean_dice 0.352852 mean_hd95 30.747992
2026-01-20 23:32:01 - idx 4 case patient095_frame01 mean_dice 0.849319 mean_hd95 2.236068
2026-01-20 23:32:02 - idx 5 case patient095_frame12 mean_dice 0.779618 mean_hd95 5.613995
2026-01-20 23:32:03 - idx 6 case patient047_frame01 mean_dice 0.589071 mean_hd95 18.822047
2026-01-20 23:32:04 - idx 7 case patient047_frame09 mean_dice 0.529972 mean_hd95 26.258817
2026-01-20 23:32:05 - idx 8 case patient044_frame01 mean_dice 0.672645 mean_hd95 39.416482
2026-01-20 23:32:07 - idx 9 case patient044_frame11 mean_dice 0.542391 mean_hd95 39.808364
2026-01-20 23:32:08 - idx 10 case patient064_frame01 mean_dice 0.859465 mean_hd95 19.471687
2026-01-20 23:32:09 - idx 11 case patient064_frame12 mean_dice 0.682763 mean_hd95 37.772135
2026-01-20 23:32:10 - idx 12 case patient017_frame01 mean_dice 0.756397 mean_hd95 12.046254
2026-01-20 23:32:11 - idx 13 case patient017_frame09 mean_dice 0.760829 mean_hd95 14.225366
2026-01-20 23:32:12 - idx 14 case patient039_frame01 mean_dice 0.706292 mean_hd95 26.862286
2026-01-20 23:32:13 - idx 15 case patient039_frame10 mean_dice 0.483892 mean_hd95 50.365029
2026-01-20 23:32:14 - idx 16 case patient041_frame01 mean_dice 0.822621 mean_hd95 1.471405
2026-01-20 23:32:14 - idx 17 case patient041_frame11 mean_dice 0.700222 mean_hd95 3.154701
2026-01-20 23:32:16 - idx 18 case patient067_frame01 mean_dice 0.722934 mean_hd95 14.886646
2026-01-20 23:32:17 - idx 19 case patient067_frame10 mean_dice 0.499386 mean_hd95 47.898994
2026-01-20 23:32:17 - Mean class 1 mean_dice 0.604159 mean_hd95 16.823250
2026-01-20 23:32:17 - Mean class 2 mean_dice 0.658251 mean_hd95 17.744555
2026-01-20 23:32:17 - Mean class 3 mean_dice 0.734941 mean_hd95 32.442769
2026-01-20 23:32:17 - val epoch: 2, mean_dice: 0.6657836457584615, mean_hd95: 22.33685802474862, time(s): 22.35
2026-01-20 23:32:18 - train: epoch 3, iter:0, loss: 0.6400, lr: 0.0009990232305719946
2026-01-20 23:32:21 - train: epoch 3, iter:10, loss: 0.4599, lr: 0.0009990232305719946
2026-01-20 23:32:24 - train: epoch 3, iter:20, loss: 0.4193, lr: 0.0009990232305719946
2026-01-20 23:32:27 - train: epoch 3, iter:30, loss: 0.5052, lr: 0.0009990232305719946
2026-01-20 23:32:31 - train: epoch 3, iter:40, loss: 0.3624, lr: 0.0009990232305719946
2026-01-20 23:32:34 - train: epoch 3, iter:50, loss: 0.4045, lr: 0.0009990232305719946
2026-01-20 23:32:37 - train: epoch 3, iter:60, loss: 0.5039, lr: 0.0009990232305719946
2026-01-20 23:32:40 - train: epoch 3, iter:70, loss: 0.4931, lr: 0.0009990232305719946
2026-01-20 23:32:43 - train: epoch 3, iter:80, loss: 0.4226, lr: 0.0009990232305719946
2026-01-20 23:32:44 - Finish one epoch train: epoch 3, loss: 0.4351, time(s): 25.88
2026-01-20 23:32:45 - idx 0 case patient050_frame01 mean_dice 0.797732 mean_hd95 3.836524
2026-01-20 23:32:46 - idx 1 case patient050_frame12 mean_dice 0.705065 mean_hd95 4.969756
2026-01-20 23:32:47 - idx 2 case patient037_frame01 mean_dice 0.600236 mean_hd95 14.959719
2026-01-20 23:32:48 - idx 3 case patient037_frame12 mean_dice 0.457309 mean_hd95 17.347267
2026-01-20 23:32:50 - idx 4 case patient095_frame01 mean_dice 0.854787 mean_hd95 2.138071
2026-01-20 23:32:51 - idx 5 case patient095_frame12 mean_dice 0.822086 mean_hd95 3.159570
2026-01-20 23:32:52 - idx 6 case patient047_frame01 mean_dice 0.649127 mean_hd95 7.462306
2026-01-20 23:32:53 - idx 7 case patient047_frame09 mean_dice 0.717510 mean_hd95 6.746875
2026-01-20 23:32:54 - idx 8 case patient044_frame01 mean_dice 0.814604 mean_hd95 5.797041
2026-01-20 23:32:56 - idx 9 case patient044_frame11 mean_dice 0.724702 mean_hd95 14.761799
2026-01-20 23:32:57 - idx 10 case patient064_frame01 mean_dice 0.880055 mean_hd95 1.821367
2026-01-20 23:32:58 - idx 11 case patient064_frame12 mean_dice 0.832188 mean_hd95 5.502576
2026-01-20 23:32:59 - idx 12 case patient017_frame01 mean_dice 0.793287 mean_hd95 2.715017
2026-01-20 23:33:00 - idx 13 case patient017_frame09 mean_dice 0.827013 mean_hd95 2.697075
2026-01-20 23:33:01 - idx 14 case patient039_frame01 mean_dice 0.816726 mean_hd95 4.080617
2026-01-20 23:33:02 - idx 15 case patient039_frame10 mean_dice 0.672267 mean_hd95 3.154701
2026-01-20 23:33:03 - idx 16 case patient041_frame01 mean_dice 0.857356 mean_hd95 1.138071
2026-01-20 23:33:03 - idx 17 case patient041_frame11 mean_dice 0.762926 mean_hd95 2.000000
2026-01-20 23:33:04 - idx 18 case patient067_frame01 mean_dice 0.815039 mean_hd95 5.627420
2026-01-20 23:33:06 - idx 19 case patient067_frame10 mean_dice 0.785182 mean_hd95 5.792564
2026-01-20 23:33:06 - Mean class 1 mean_dice 0.675642 mean_hd95 7.076519
2026-01-20 23:33:06 - Mean class 2 mean_dice 0.748065 mean_hd95 5.288642
2026-01-20 23:33:06 - Mean class 3 mean_dice 0.854072 mean_hd95 4.991090
2026-01-20 23:33:06 - val epoch: 3, mean_dice: 0.7592597653687578, mean_hd95: 5.7854169190741045, time(s): 22.12
2026-01-20 23:33:07 - train: epoch 4, iter:0, loss: 0.2656, lr: 0.0009978031724785247
2026-01-20 23:33:10 - train: epoch 4, iter:10, loss: 0.3054, lr: 0.0009978031724785247
2026-01-20 23:33:13 - train: epoch 4, iter:20, loss: 0.3946, lr: 0.0009978031724785247
2026-01-20 23:33:16 - train: epoch 4, iter:30, loss: 0.3543, lr: 0.0009978031724785247
2026-01-20 23:33:20 - train: epoch 4, iter:40, loss: 0.2565, lr: 0.0009978031724785247
2026-01-20 23:33:23 - train: epoch 4, iter:50, loss: 0.3594, lr: 0.0009978031724785247
2026-01-20 23:33:26 - train: epoch 4, iter:60, loss: 0.3882, lr: 0.0009978031724785247
2026-01-20 23:33:29 - train: epoch 4, iter:70, loss: 0.3120, lr: 0.0009978031724785247
2026-01-20 23:33:32 - train: epoch 4, iter:80, loss: 0.3003, lr: 0.0009978031724785247
2026-01-20 23:33:32 - Finish one epoch train: epoch 4, loss: 0.3231, time(s): 25.77
2026-01-20 23:33:34 - idx 0 case patient050_frame01 mean_dice 0.853226 mean_hd95 1.382088
2026-01-20 23:33:35 - idx 1 case patient050_frame12 mean_dice 0.740540 mean_hd95 2.771064
2026-01-20 23:33:36 - idx 2 case patient037_frame01 mean_dice 0.728635 mean_hd95 7.074420
2026-01-20 23:33:37 - idx 3 case patient037_frame12 mean_dice 0.419300 mean_hd95 7.159625
2026-01-20 23:33:38 - idx 4 case patient095_frame01 mean_dice 0.846900 mean_hd95 2.051957
2026-01-20 23:33:40 - idx 5 case patient095_frame12 mean_dice 0.781515 mean_hd95 2.524557
2026-01-20 23:33:41 - idx 6 case patient047_frame01 mean_dice 0.786032 mean_hd95 3.333333
2026-01-20 23:33:42 - idx 7 case patient047_frame09 mean_dice 0.601476 mean_hd95 7.071125
2026-01-20 23:33:44 - idx 8 case patient044_frame01 mean_dice 0.814048 mean_hd95 3.344022
2026-01-20 23:33:45 - idx 9 case patient044_frame11 mean_dice 0.725930 mean_hd95 4.187707
2026-01-20 23:33:46 - idx 10 case patient064_frame01 mean_dice 0.899692 mean_hd95 1.000000
2026-01-20 23:33:47 - idx 11 case patient064_frame12 mean_dice 0.813279 mean_hd95 2.192164
2026-01-20 23:33:49 - idx 12 case patient017_frame01 mean_dice 0.779736 mean_hd95 3.826914
2026-01-20 23:33:50 - idx 13 case patient017_frame09 mean_dice 0.813251 mean_hd95 3.565366
2026-01-20 23:33:51 - idx 14 case patient039_frame01 mean_dice 0.847305 mean_hd95 2.471405
2026-01-20 23:33:52 - idx 15 case patient039_frame10 mean_dice 0.696675 mean_hd95 2.901741
2026-01-20 23:33:53 - idx 16 case patient041_frame01 mean_dice 0.862871 mean_hd95 1.000000
2026-01-20 23:33:53 - idx 17 case patient041_frame11 mean_dice 0.740902 mean_hd95 2.483163
2026-01-20 23:33:55 - idx 18 case patient067_frame01 mean_dice 0.841175 mean_hd95 2.552285
2026-01-20 23:33:56 - idx 19 case patient067_frame10 mean_dice 0.822917 mean_hd95 3.588109
2026-01-20 23:33:56 - Mean class 1 mean_dice 0.652806 mean_hd95 4.396487
2026-01-20 23:33:56 - Mean class 2 mean_dice 0.782894 mean_hd95 2.481949
2026-01-20 23:33:56 - Mean class 3 mean_dice 0.876611 mean_hd95 3.093721
2026-01-20 23:33:56 - val epoch: 4, mean_dice: 0.7707702761632821, mean_hd95: 3.324052236035192, time(s): 24.17
2026-01-20 23:33:57 - train: epoch 5, iter:0, loss: 0.2959, lr: 0.0009960967771506667
2026-01-20 23:34:01 - train: epoch 5, iter:10, loss: 0.4473, lr: 0.0009960967771506667
2026-01-20 23:34:04 - train: epoch 5, iter:20, loss: 0.2569, lr: 0.0009960967771506667
2026-01-20 23:34:07 - train: epoch 5, iter:30, loss: 0.2786, lr: 0.0009960967771506667
2026-01-20 23:34:11 - train: epoch 5, iter:40, loss: 0.3229, lr: 0.0009960967771506667
2026-01-20 23:34:14 - train: epoch 5, iter:50, loss: 0.2409, lr: 0.0009960967771506667
2026-01-20 23:34:17 - train: epoch 5, iter:60, loss: 0.5470, lr: 0.0009960967771506667
2026-01-20 23:34:21 - train: epoch 5, iter:70, loss: 0.3352, lr: 0.0009960967771506667
2026-01-20 23:34:24 - train: epoch 5, iter:80, loss: 0.2262, lr: 0.0009960967771506667
2026-01-20 23:34:24 - Finish one epoch train: epoch 5, loss: 0.2980, time(s): 26.85
2026-01-20 23:34:26 - idx 0 case patient050_frame01 mean_dice 0.815356 mean_hd95 2.385290
2026-01-20 23:34:27 - idx 1 case patient050_frame12 mean_dice 0.706062 mean_hd95 3.297641
2026-01-20 23:34:28 - idx 2 case patient037_frame01 mean_dice 0.706135 mean_hd95 2.837744
2026-01-20 23:34:29 - idx 3 case patient037_frame12 mean_dice 0.472449 mean_hd95 4.380056
2026-01-20 23:34:31 - idx 4 case patient095_frame01 mean_dice 0.842386 mean_hd95 2.276142
2026-01-20 23:34:33 - idx 5 case patient095_frame12 mean_dice 0.818036 mean_hd95 2.216761
2026-01-20 23:34:34 - idx 6 case patient047_frame01 mean_dice 0.820134 mean_hd95 2.910684
2026-01-20 23:34:35 - idx 7 case patient047_frame09 mean_dice 0.777714 mean_hd95 9.131531
2026-01-20 23:34:36 - idx 8 case patient044_frame01 mean_dice 0.861412 mean_hd95 1.688165
2026-01-20 23:34:37 - idx 9 case patient044_frame11 mean_dice 0.746922 mean_hd95 4.460833
2026-01-20 23:34:38 - idx 10 case patient064_frame01 mean_dice 0.885308 mean_hd95 1.414214
2026-01-20 23:34:40 - idx 11 case patient064_frame12 mean_dice 0.797045 mean_hd95 3.022379
2026-01-20 23:34:41 - idx 12 case patient017_frame01 mean_dice 0.797791 mean_hd95 2.659242
2026-01-20 23:34:42 - idx 13 case patient017_frame09 mean_dice 0.824926 mean_hd95 2.529069
2026-01-20 23:34:43 - idx 14 case patient039_frame01 mean_dice 0.781922 mean_hd95 4.406515
2026-01-20 23:34:44 - idx 15 case patient039_frame10 mean_dice 0.657343 mean_hd95 5.887301
2026-01-20 23:34:45 - idx 16 case patient041_frame01 mean_dice 0.852834 mean_hd95 1.000000
2026-01-20 23:34:45 - idx 17 case patient041_frame11 mean_dice 0.779708 mean_hd95 1.804738
2026-01-20 23:34:47 - idx 18 case patient067_frame01 mean_dice 0.866953 mean_hd95 1.715421
2026-01-20 23:34:48 - idx 19 case patient067_frame10 mean_dice 0.843547 mean_hd95 2.033257
2026-01-20 23:34:48 - Mean class 1 mean_dice 0.712711 mean_hd95 5.267409
2026-01-20 23:34:48 - Mean class 2 mean_dice 0.778619 mean_hd95 1.972755
2026-01-20 23:34:48 - Mean class 3 mean_dice 0.856768 mean_hd95 2.068384
2026-01-20 23:34:48 - val epoch: 5, mean_dice: 0.7826991354933751, mean_hd95: 3.1028491691953133, time(s): 24.46
2026-01-20 23:34:50 - train: epoch 6, iter:0, loss: 0.3055, lr: 0.0009939057285945933
2026-01-20 23:34:53 - train: epoch 6, iter:10, loss: 0.3290, lr: 0.0009939057285945933
2026-01-20 23:34:56 - train: epoch 6, iter:20, loss: 0.2446, lr: 0.0009939057285945933
2026-01-20 23:34:59 - train: epoch 6, iter:30, loss: 0.2835, lr: 0.0009939057285945933
2026-01-20 23:35:02 - train: epoch 6, iter:40, loss: 0.2196, lr: 0.0009939057285945933
2026-01-20 23:35:06 - train: epoch 6, iter:50, loss: 0.2692, lr: 0.0009939057285945933
2026-01-20 23:35:09 - train: epoch 6, iter:60, loss: 0.2149, lr: 0.0009939057285945933
2026-01-20 23:35:12 - train: epoch 6, iter:70, loss: 0.2389, lr: 0.0009939057285945933
2026-01-20 23:35:15 - train: epoch 6, iter:80, loss: 0.2173, lr: 0.0009939057285945933
2026-01-20 23:35:15 - Finish one epoch train: epoch 6, loss: 0.2511, time(s): 25.66
2026-01-20 23:35:16 - idx 0 case patient050_frame01 mean_dice 0.651331 mean_hd95 3.946892
2026-01-20 23:35:18 - idx 1 case patient050_frame12 mean_dice 0.731558 mean_hd95 2.947206
2026-01-20 23:35:19 - idx 2 case patient037_frame01 mean_dice 0.785041 mean_hd95 6.909256
2026-01-20 23:35:19 - idx 3 case patient037_frame12 mean_dice 0.629740 mean_hd95 3.102379
2026-01-20 23:35:21 - idx 4 case patient095_frame01 mean_dice 0.813879 mean_hd95 3.666667
2026-01-20 23:35:23 - idx 5 case patient095_frame12 mean_dice 0.728769 mean_hd95 3.452828
2026-01-20 23:35:24 - idx 6 case patient047_frame01 mean_dice 0.731183 mean_hd95 11.498093
2026-01-20 23:35:25 - idx 7 case patient047_frame09 mean_dice 0.634239 mean_hd95 14.272095
2026-01-20 23:35:26 - idx 8 case patient044_frame01 mean_dice 0.836046 mean_hd95 2.504411
2026-01-20 23:35:27 - idx 9 case patient044_frame11 mean_dice 0.810802 mean_hd95 1.858830
2026-01-20 23:35:28 - idx 10 case patient064_frame01 mean_dice 0.850887 mean_hd95 1.804738
2026-01-20 23:35:29 - idx 11 case patient064_frame12 mean_dice 0.779675 mean_hd95 2.068062
2026-01-20 23:35:30 - idx 12 case patient017_frame01 mean_dice 0.580151 mean_hd95 8.936311
2026-01-20 23:35:31 - idx 13 case patient017_frame09 mean_dice 0.677655 mean_hd95 7.414214
2026-01-20 23:35:32 - idx 14 case patient039_frame01 mean_dice 0.892832 mean_hd95 1.138071
2026-01-20 23:35:33 - idx 15 case patient039_frame10 mean_dice 0.796297 mean_hd95 2.000000
2026-01-20 23:35:34 - idx 16 case patient041_frame01 mean_dice 0.869946 mean_hd95 1.138071
2026-01-20 23:35:35 - idx 17 case patient041_frame11 mean_dice 0.761901 mean_hd95 1.989373
2026-01-20 23:35:36 - idx 18 case patient067_frame01 mean_dice 0.768077 mean_hd95 3.471251
2026-01-20 23:35:37 - idx 19 case patient067_frame10 mean_dice 0.846676 mean_hd95 1.954568
2026-01-20 23:35:37 - Mean class 1 mean_dice 0.686255 mean_hd95 7.402972
2026-01-20 23:35:37 - Mean class 2 mean_dice 0.762824 mean_hd95 2.477440
2026-01-20 23:35:37 - Mean class 3 mean_dice 0.827423 mean_hd95 3.030586
2026-01-20 23:35:37 - val epoch: 6, mean_dice: 0.7588342209365754, mean_hd95: 4.303665791522775, time(s): 22.15
2026-01-20 23:35:38 - train: epoch 7, iter:0, loss: 0.2204, lr: 0.0009912321891107012
2026-01-20 23:35:41 - train: epoch 7, iter:10, loss: 0.2704, lr: 0.0009912321891107012
2026-01-20 23:35:44 - train: epoch 7, iter:20, loss: 0.2573, lr: 0.0009912321891107012
2026-01-20 23:35:47 - train: epoch 7, iter:30, loss: 0.2091, lr: 0.0009912321891107012
2026-01-20 23:35:50 - train: epoch 7, iter:40, loss: 0.3050, lr: 0.0009912321891107012
2026-01-20 23:35:54 - train: epoch 7, iter:50, loss: 0.2076, lr: 0.0009912321891107012
2026-01-20 23:35:57 - train: epoch 7, iter:60, loss: 0.1911, lr: 0.0009912321891107012
2026-01-20 23:36:00 - train: epoch 7, iter:70, loss: 0.2077, lr: 0.0009912321891107012
2026-01-20 23:36:04 - train: epoch 7, iter:80, loss: 0.1729, lr: 0.0009912321891107012
2026-01-20 23:36:04 - Finish one epoch train: epoch 7, loss: 0.2376, time(s): 26.02
2026-01-20 23:36:05 - idx 0 case patient050_frame01 mean_dice 0.849331 mean_hd95 1.471405
2026-01-20 23:36:06 - idx 1 case patient050_frame12 mean_dice 0.724306 mean_hd95 3.520208
2026-01-20 23:36:07 - idx 2 case patient037_frame01 mean_dice 0.764849 mean_hd95 3.817629
2026-01-20 23:36:08 - idx 3 case patient037_frame12 mean_dice 0.634634 mean_hd95 3.259158
2026-01-20 23:36:10 - idx 4 case patient095_frame01 mean_dice 0.905978 mean_hd95 1.276142
2026-01-20 23:36:12 - idx 5 case patient095_frame12 mean_dice 0.872381 mean_hd95 1.715421
2026-01-20 23:36:13 - idx 6 case patient047_frame01 mean_dice 0.792665 mean_hd95 6.538743
2026-01-20 23:36:14 - idx 7 case patient047_frame09 mean_dice 0.763443 mean_hd95 8.740996
2026-01-20 23:36:15 - idx 8 case patient044_frame01 mean_dice 0.882884 mean_hd95 1.471405
2026-01-20 23:36:16 - idx 9 case patient044_frame11 mean_dice 0.789105 mean_hd95 2.438209
2026-01-20 23:36:18 - idx 10 case patient064_frame01 mean_dice 0.927792 mean_hd95 1.000000
2026-01-20 23:36:19 - idx 11 case patient064_frame12 mean_dice 0.868686 mean_hd95 1.885618
2026-01-20 23:36:20 - idx 12 case patient017_frame01 mean_dice 0.829000 mean_hd95 2.433521
2026-01-20 23:36:21 - idx 13 case patient017_frame09 mean_dice 0.853924 mean_hd95 2.437731
2026-01-20 23:36:22 - idx 14 case patient039_frame01 mean_dice 0.857328 mean_hd95 2.880248
2026-01-20 23:36:23 - idx 15 case patient039_frame10 mean_dice 0.761890 mean_hd95 2.628783
2026-01-20 23:36:24 - idx 16 case patient041_frame01 mean_dice 0.873255 mean_hd95 1.000000
2026-01-20 23:36:24 - idx 17 case patient041_frame11 mean_dice 0.787077 mean_hd95 1.667097
2026-01-20 23:36:26 - idx 18 case patient067_frame01 mean_dice 0.900045 mean_hd95 1.333333
2026-01-20 23:36:27 - idx 19 case patient067_frame10 mean_dice 0.850065 mean_hd95 2.747547
2026-01-20 23:36:27 - Mean class 1 mean_dice 0.742731 mean_hd95 5.017645
2026-01-20 23:36:27 - Mean class 2 mean_dice 0.827621 mean_hd95 1.640521
2026-01-20 23:36:27 - Mean class 3 mean_dice 0.902944 mean_hd95 1.481313
2026-01-20 23:36:27 - val epoch: 7, mean_dice: 0.8244319696392011, mean_hd95: 2.7131597109928323, time(s): 23.51
2026-01-20 23:36:28 - train: epoch 8, iter:0, loss: 0.2322, lr: 0.0009880787971596802
2026-01-20 23:36:32 - train: epoch 8, iter:10, loss: 0.1870, lr: 0.0009880787971596802
2026-01-20 23:36:35 - train: epoch 8, iter:20, loss: 0.1592, lr: 0.0009880787971596802
2026-01-20 23:36:38 - train: epoch 8, iter:30, loss: 0.2592, lr: 0.0009880787971596802
2026-01-20 23:36:41 - train: epoch 8, iter:40, loss: 0.2096, lr: 0.0009880787971596802
2026-01-20 23:36:45 - train: epoch 8, iter:50, loss: 0.1927, lr: 0.0009880787971596802
2026-01-20 23:36:48 - train: epoch 8, iter:60, loss: 0.1895, lr: 0.0009880787971596802
2026-01-20 23:36:51 - train: epoch 8, iter:70, loss: 0.1939, lr: 0.0009880787971596802
2026-01-20 23:36:54 - train: epoch 8, iter:80, loss: 0.1930, lr: 0.0009880787971596802
2026-01-20 23:36:54 - Finish one epoch train: epoch 8, loss: 0.2023, time(s): 26.32
2026-01-20 23:36:56 - idx 0 case patient050_frame01 mean_dice 0.855896 mean_hd95 2.324897
2026-01-20 23:36:57 - idx 1 case patient050_frame12 mean_dice 0.727950 mean_hd95 4.577806
2026-01-20 23:36:58 - idx 2 case patient037_frame01 mean_dice 0.769892 mean_hd95 6.869407
2026-01-20 23:36:58 - idx 3 case patient037_frame12 mean_dice 0.663521 mean_hd95 2.339922
2026-01-20 23:37:00 - idx 4 case patient095_frame01 mean_dice 0.911772 mean_hd95 1.138071
2026-01-20 23:37:01 - idx 5 case patient095_frame12 mean_dice 0.859002 mean_hd95 1.954568
2026-01-20 23:37:03 - idx 6 case patient047_frame01 mean_dice 0.676361 mean_hd95 4.261120
2026-01-20 23:37:04 - idx 7 case patient047_frame09 mean_dice 0.659088 mean_hd95 5.161760
2026-01-20 23:37:05 - idx 8 case patient044_frame01 mean_dice 0.870024 mean_hd95 1.942809
2026-01-20 23:37:07 - idx 9 case patient044_frame11 mean_dice 0.789917 mean_hd95 2.512440
2026-01-20 23:37:08 - idx 10 case patient064_frame01 mean_dice 0.931884 mean_hd95 1.000000
2026-01-20 23:37:09 - idx 11 case patient064_frame12 mean_dice 0.891833 mean_hd95 1.276142
2026-01-20 23:37:10 - idx 12 case patient017_frame01 mean_dice 0.810442 mean_hd95 2.835454
2026-01-20 23:37:11 - idx 13 case patient017_frame09 mean_dice 0.861380 mean_hd95 2.599793
2026-01-20 23:37:12 - idx 14 case patient039_frame01 mean_dice 0.873719 mean_hd95 2.000000
2026-01-20 23:37:13 - idx 15 case patient039_frame10 mean_dice 0.758229 mean_hd95 11.178520
2026-01-20 23:37:14 - idx 16 case patient041_frame01 mean_dice 0.881518 mean_hd95 1.000000
2026-01-20 23:37:15 - idx 17 case patient041_frame11 mean_dice 0.793845 mean_hd95 1.715421
2026-01-20 23:37:16 - idx 18 case patient067_frame01 mean_dice 0.902001 mean_hd95 1.333333
2026-01-20 23:37:18 - idx 19 case patient067_frame10 mean_dice 0.845692 mean_hd95 4.041035
2026-01-20 23:37:18 - Mean class 1 mean_dice 0.742742 mean_hd95 2.891322
2026-01-20 23:37:18 - Mean class 2 mean_dice 0.813495 mean_hd95 2.799648
2026-01-20 23:37:18 - Mean class 3 mean_dice 0.893858 mean_hd95 3.618404
2026-01-20 23:37:18 - val epoch: 8, mean_dice: 0.816698321763004, mean_hd95: 3.103124931848918, time(s): 23.27
2026-01-20 23:37:19 - train: epoch 9, iter:0, loss: 0.1779, lr: 0.0009844486647586726
2026-01-20 23:37:22 - train: epoch 9, iter:10, loss: 0.2180, lr: 0.0009844486647586726
2026-01-20 23:37:25 - train: epoch 9, iter:20, loss: 0.1512, lr: 0.0009844486647586726
2026-01-20 23:37:28 - train: epoch 9, iter:30, loss: 0.2823, lr: 0.0009844486647586726
2026-01-20 23:37:32 - train: epoch 9, iter:40, loss: 0.1840, lr: 0.0009844486647586726
2026-01-20 23:37:35 - train: epoch 9, iter:50, loss: 0.1938, lr: 0.0009844486647586726
2026-01-20 23:37:38 - train: epoch 9, iter:60, loss: 0.1492, lr: 0.0009844486647586726
2026-01-20 23:37:41 - train: epoch 9, iter:70, loss: 0.2231, lr: 0.0009844486647586726
2026-01-20 23:37:45 - train: epoch 9, iter:80, loss: 0.2150, lr: 0.0009844486647586726
2026-01-20 23:37:45 - Finish one epoch train: epoch 9, loss: 0.1958, time(s): 26.67
2026-01-20 23:37:46 - idx 0 case patient050_frame01 mean_dice 0.852133 mean_hd95 1.824045
2026-01-20 23:37:47 - idx 1 case patient050_frame12 mean_dice 0.778789 mean_hd95 2.659242
2026-01-20 23:37:48 - idx 2 case patient037_frame01 mean_dice 0.806710 mean_hd95 1.688165
2026-01-20 23:37:49 - idx 3 case patient037_frame12 mean_dice 0.650574 mean_hd95 2.466115
2026-01-20 23:37:51 - idx 4 case patient095_frame01 mean_dice 0.886485 mean_hd95 1.804738
2026-01-20 23:37:52 - idx 5 case patient095_frame12 mean_dice 0.758275 mean_hd95 1.991564
2026-01-20 23:37:53 - idx 6 case patient047_frame01 mean_dice 0.834000 mean_hd95 1.745356
2026-01-20 23:37:54 - idx 7 case patient047_frame09 mean_dice 0.814499 mean_hd95 2.184231
2026-01-20 23:37:55 - idx 8 case patient044_frame01 mean_dice 0.896417 mean_hd95 1.138071
2026-01-20 23:37:57 - idx 9 case patient044_frame11 mean_dice 0.836182 mean_hd95 2.247219
2026-01-20 23:37:58 - idx 10 case patient064_frame01 mean_dice 0.891985 mean_hd95 2.804738
2026-01-20 23:37:59 - idx 11 case patient064_frame12 mean_dice 0.725531 mean_hd95 4.023689
2026-01-20 23:38:00 - idx 12 case patient017_frame01 mean_dice 0.816697 mean_hd95 2.963609
2026-01-20 23:38:01 - idx 13 case patient017_frame09 mean_dice 0.851868 mean_hd95 3.015821
2026-01-20 23:38:02 - idx 14 case patient039_frame01 mean_dice 0.802647 mean_hd95 3.902322
2026-01-20 23:38:03 - idx 15 case patient039_frame10 mean_dice 0.649626 mean_hd95 2.975367
2026-01-20 23:38:04 - idx 16 case patient041_frame01 mean_dice 0.884703 mean_hd95 1.000000
2026-01-20 23:38:05 - idx 17 case patient041_frame11 mean_dice 0.842459 mean_hd95 1.244017
2026-01-20 23:38:06 - idx 18 case patient067_frame01 mean_dice 0.900404 mean_hd95 1.412023
2026-01-20 23:38:07 - idx 19 case patient067_frame10 mean_dice 0.861476 mean_hd95 2.686094
2026-01-20 23:38:07 - Mean class 1 mean_dice 0.765008 mean_hd95 3.416436
2026-01-20 23:38:07 - Mean class 2 mean_dice 0.811313 mean_hd95 1.815004
2026-01-20 23:38:07 - Mean class 3 mean_dice 0.874898 mean_hd95 1.635024
2026-01-20 23:38:07 - val epoch: 9, mean_dice: 0.8170730499753466, mean_hd95: 2.2888212906696683, time(s): 22.19
2026-01-20 23:38:08 - train: epoch 10, iter:0, loss: 0.2118, lr: 0.000980345374410087
2026-01-20 23:38:11 - train: epoch 10, iter:10, loss: 0.2231, lr: 0.000980345374410087
2026-01-20 23:38:14 - train: epoch 10, iter:20, loss: 0.2394, lr: 0.000980345374410087
2026-01-20 23:38:18 - train: epoch 10, iter:30, loss: 0.2656, lr: 0.000980345374410087
2026-01-20 23:38:21 - train: epoch 10, iter:40, loss: 0.1806, lr: 0.000980345374410087
2026-01-20 23:38:24 - train: epoch 10, iter:50, loss: 0.1518, lr: 0.000980345374410087
2026-01-20 23:38:27 - train: epoch 10, iter:60, loss: 0.2195, lr: 0.000980345374410087
2026-01-20 23:38:30 - train: epoch 10, iter:70, loss: 0.1662, lr: 0.000980345374410087
2026-01-20 23:38:33 - train: epoch 10, iter:80, loss: 0.2297, lr: 0.000980345374410087
2026-01-20 23:38:33 - Finish one epoch train: epoch 10, loss: 0.1912, time(s): 25.77
2026-01-20 23:38:35 - idx 0 case patient050_frame01 mean_dice 0.873850 mean_hd95 1.471405
2026-01-20 23:38:36 - idx 1 case patient050_frame12 mean_dice 0.774131 mean_hd95 3.823200
2026-01-20 23:38:37 - idx 2 case patient037_frame01 mean_dice 0.810635 mean_hd95 6.980633
2026-01-20 23:38:38 - idx 3 case patient037_frame12 mean_dice 0.635053 mean_hd95 2.466115
2026-01-20 23:38:40 - idx 4 case patient095_frame01 mean_dice 0.882324 mean_hd95 2.000000
2026-01-20 23:38:41 - idx 5 case patient095_frame12 mean_dice 0.705458 mean_hd95 2.665596
2026-01-20 23:38:42 - idx 6 case patient047_frame01 mean_dice 0.586029 mean_hd95 11.540259
2026-01-20 23:38:43 - idx 7 case patient047_frame09 mean_dice 0.559380 mean_hd95 10.730123
2026-01-20 23:38:44 - idx 8 case patient044_frame01 mean_dice 0.872216 mean_hd95 1.550094
2026-01-20 23:38:46 - idx 9 case patient044_frame11 mean_dice 0.816325 mean_hd95 2.247219
2026-01-20 23:38:47 - idx 10 case patient064_frame01 mean_dice 0.943904 mean_hd95 1.000000
2026-01-20 23:38:48 - idx 11 case patient064_frame12 mean_dice 0.895940 mean_hd95 1.138071
2026-01-20 23:38:49 - idx 12 case patient017_frame01 mean_dice 0.867604 mean_hd95 1.621234
2026-01-20 23:38:50 - idx 13 case patient017_frame09 mean_dice 0.898323 mean_hd95 1.333333
2026-01-20 23:38:51 - idx 14 case patient039_frame01 mean_dice 0.908926 mean_hd95 1.333333
2026-01-20 23:38:52 - idx 15 case patient039_frame10 mean_dice 0.773090 mean_hd95 2.244017
2026-01-20 23:38:53 - idx 16 case patient041_frame01 mean_dice 0.892023 mean_hd95 1.000000
2026-01-20 23:38:53 - idx 17 case patient041_frame11 mean_dice 0.823788 mean_hd95 1.883427
2026-01-20 23:38:54 - idx 18 case patient067_frame01 mean_dice 0.879038 mean_hd95 1.666667
2026-01-20 23:38:56 - idx 19 case patient067_frame10 mean_dice 0.868367 mean_hd95 2.016225
2026-01-20 23:38:56 - Mean class 1 mean_dice 0.700955 mean_hd95 5.361970
2026-01-20 23:38:56 - Mean class 2 mean_dice 0.827509 mean_hd95 1.531747
2026-01-20 23:38:56 - Mean class 3 mean_dice 0.911496 mean_hd95 2.212926
2026-01-20 23:38:56 - val epoch: 10, mean_dice: 0.8133201896880169, mean_hd95: 3.0355475733524044, time(s): 22.47
2026-01-20 23:38:57 - train: epoch 11, iter:0, loss: 0.1582, lr: 0.0009757729755661012
2026-01-20 23:39:00 - train: epoch 11, iter:10, loss: 0.1432, lr: 0.0009757729755661012
2026-01-20 23:39:03 - train: epoch 11, iter:20, loss: 0.1821, lr: 0.0009757729755661012
2026-01-20 23:39:06 - train: epoch 11, iter:30, loss: 0.1349, lr: 0.0009757729755661012
2026-01-20 23:39:09 - train: epoch 11, iter:40, loss: 0.2053, lr: 0.0009757729755661012
2026-01-20 23:39:12 - train: epoch 11, iter:50, loss: 0.2067, lr: 0.0009757729755661012
2026-01-20 23:39:15 - train: epoch 11, iter:60, loss: 0.1659, lr: 0.0009757729755661012
2026-01-20 23:39:18 - train: epoch 11, iter:70, loss: 0.2711, lr: 0.0009757729755661012
2026-01-20 23:39:21 - train: epoch 11, iter:80, loss: 0.2449, lr: 0.0009757729755661012
2026-01-20 23:39:22 - Finish one epoch train: epoch 11, loss: 0.1899, time(s): 25.24
2026-01-20 23:39:23 - idx 0 case patient050_frame01 mean_dice 0.838812 mean_hd95 1.745356
2026-01-20 23:39:24 - idx 1 case patient050_frame12 mean_dice 0.743271 mean_hd95 2.856695
2026-01-20 23:39:25 - idx 2 case patient037_frame01 mean_dice 0.802720 mean_hd95 6.917058
2026-01-20 23:39:26 - idx 3 case patient037_frame12 mean_dice 0.706856 mean_hd95 3.132782
2026-01-20 23:39:27 - idx 4 case patient095_frame01 mean_dice 0.902296 mean_hd95 1.550094
2026-01-20 23:39:29 - idx 5 case patient095_frame12 mean_dice 0.858907 mean_hd95 1.759306
2026-01-20 23:39:30 - idx 6 case patient047_frame01 mean_dice 0.867578 mean_hd95 1.471405
2026-01-20 23:39:31 - idx 7 case patient047_frame09 mean_dice 0.810649 mean_hd95 2.394291
2026-01-20 23:39:32 - idx 8 case patient044_frame01 mean_dice 0.862708 mean_hd95 1.720759
2026-01-20 23:39:33 - idx 9 case patient044_frame11 mean_dice 0.814828 mean_hd95 2.555690
2026-01-20 23:39:34 - idx 10 case patient064_frame01 mean_dice 0.912221 mean_hd95 1.138071
2026-01-20 23:39:35 - idx 11 case patient064_frame12 mean_dice 0.873008 mean_hd95 1.824045
2026-01-20 23:39:36 - idx 12 case patient017_frame01 mean_dice 0.856835 mean_hd95 1.688165
2026-01-20 23:39:38 - idx 13 case patient017_frame09 mean_dice 0.896188 mean_hd95 1.276142
2026-01-20 23:39:38 - idx 14 case patient039_frame01 mean_dice 0.890820 mean_hd95 2.395775
2026-01-20 23:39:39 - idx 15 case patient039_frame10 mean_dice 0.765315 mean_hd95 11.218338
2026-01-20 23:39:40 - idx 16 case patient041_frame01 mean_dice 0.886190 mean_hd95 1.000000
2026-01-20 23:39:41 - idx 17 case patient041_frame11 mean_dice 0.807817 mean_hd95 1.520159
2026-01-20 23:39:42 - idx 18 case patient067_frame01 mean_dice 0.864341 mean_hd95 2.387426
2026-01-20 23:39:43 - idx 19 case patient067_frame10 mean_dice 0.843942 mean_hd95 3.837744
2026-01-20 23:39:43 - Mean class 1 mean_dice 0.806962 mean_hd95 2.470837
2026-01-20 23:39:43 - Mean class 2 mean_dice 0.821962 mean_hd95 2.043314
2026-01-20 23:39:43 - Mean class 3 mean_dice 0.891871 mean_hd95 3.644245
2026-01-20 23:39:43 - val epoch: 11, mean_dice: 0.8402651933618874, mean_hd95: 2.7194650612799567, time(s): 21.54
2026-01-20 23:39:44 - train: epoch 12, iter:0, loss: 0.1898, lr: 0.0009707359806323418
2026-01-20 23:39:47 - train: epoch 12, iter:10, loss: 0.1857, lr: 0.0009707359806323418
2026-01-20 23:39:50 - train: epoch 12, iter:20, loss: 0.1681, lr: 0.0009707359806323418
2026-01-20 23:39:54 - train: epoch 12, iter:30, loss: 0.1808, lr: 0.0009707359806323418
2026-01-20 23:39:57 - train: epoch 12, iter:40, loss: 0.2300, lr: 0.0009707359806323418
2026-01-20 23:40:00 - train: epoch 12, iter:50, loss: 0.1560, lr: 0.0009707359806323418
2026-01-20 23:40:03 - train: epoch 12, iter:60, loss: 0.2328, lr: 0.0009707359806323418
2026-01-20 23:40:06 - train: epoch 12, iter:70, loss: 0.1633, lr: 0.0009707359806323418
2026-01-20 23:40:10 - train: epoch 12, iter:80, loss: 0.1852, lr: 0.0009707359806323418
2026-01-20 23:40:10 - Finish one epoch train: epoch 12, loss: 0.1846, time(s): 25.94
2026-01-20 23:40:11 - idx 0 case patient050_frame01 mean_dice 0.870871 mean_hd95 2.149830
2026-01-20 23:40:12 - idx 1 case patient050_frame12 mean_dice 0.779775 mean_hd95 9.087286
2026-01-20 23:40:13 - idx 2 case patient037_frame01 mean_dice 0.828912 mean_hd95 1.550094
2026-01-20 23:40:14 - idx 3 case patient037_frame12 mean_dice 0.627847 mean_hd95 2.685014
2026-01-20 23:40:15 - idx 4 case patient095_frame01 mean_dice 0.927682 mean_hd95 1.000000
2026-01-20 23:40:17 - idx 5 case patient095_frame12 mean_dice 0.857858 mean_hd95 1.962117
2026-01-20 23:40:18 - idx 6 case patient047_frame01 mean_dice 0.880540 mean_hd95 1.276142
2026-01-20 23:40:19 - idx 7 case patient047_frame09 mean_dice 0.821396 mean_hd95 2.154296
2026-01-20 23:40:20 - idx 8 case patient044_frame01 mean_dice 0.899460 mean_hd95 1.138071
2026-01-20 23:40:21 - idx 9 case patient044_frame11 mean_dice 0.828317 mean_hd95 2.051957
2026-01-20 23:40:22 - idx 10 case patient064_frame01 mean_dice 0.948430 mean_hd95 1.000000
2026-01-20 23:40:24 - idx 11 case patient064_frame12 mean_dice 0.860811 mean_hd95 1.550094
2026-01-20 23:40:25 - idx 12 case patient017_frame01 mean_dice 0.894291 mean_hd95 1.412023
2026-01-20 23:40:26 - idx 13 case patient017_frame09 mean_dice 0.905100 mean_hd95 1.483163
2026-01-20 23:40:27 - idx 14 case patient039_frame01 mean_dice 0.932213 mean_hd95 1.000000
2026-01-20 23:40:28 - idx 15 case patient039_frame10 mean_dice 0.687742 mean_hd95 6.346135
2026-01-20 23:40:28 - idx 16 case patient041_frame01 mean_dice 0.896892 mean_hd95 1.000000
2026-01-20 23:40:29 - idx 17 case patient041_frame11 mean_dice 0.787349 mean_hd95 2.078689
2026-01-20 23:40:30 - idx 18 case patient067_frame01 mean_dice 0.904362 mean_hd95 1.412023
2026-01-20 23:40:31 - idx 19 case patient067_frame10 mean_dice 0.865941 mean_hd95 2.459035
2026-01-20 23:40:31 - Mean class 1 mean_dice 0.816745 mean_hd95 3.533383
2026-01-20 23:40:31 - Mean class 2 mean_dice 0.840198 mean_hd95 1.554855
2026-01-20 23:40:31 - Mean class 3 mean_dice 0.893925 mean_hd95 1.631157
2026-01-20 23:40:31 - val epoch: 12, mean_dice: 0.8502893139403943, mean_hd95: 2.239798388854838, time(s): 21.43
2026-01-20 23:40:32 - train: epoch 13, iter:0, loss: 0.1556, lr: 0.0009652393605146846
2026-01-20 23:40:35 - train: epoch 13, iter:10, loss: 0.1570, lr: 0.0009652393605146846
2026-01-20 23:40:38 - train: epoch 13, iter:20, loss: 0.1758, lr: 0.0009652393605146846
2026-01-20 23:40:41 - train: epoch 13, iter:30, loss: 0.1575, lr: 0.0009652393605146846
2026-01-20 23:40:44 - train: epoch 13, iter:40, loss: 0.1370, lr: 0.0009652393605146846
2026-01-20 23:40:48 - train: epoch 13, iter:50, loss: 0.2096, lr: 0.0009652393605146846
2026-01-20 23:40:51 - train: epoch 13, iter:60, loss: 0.1580, lr: 0.0009652393605146846
2026-01-20 23:40:54 - train: epoch 13, iter:70, loss: 0.2371, lr: 0.0009652393605146846
2026-01-20 23:40:57 - train: epoch 13, iter:80, loss: 0.1596, lr: 0.0009652393605146846
2026-01-20 23:40:57 - Finish one epoch train: epoch 13, loss: 0.1715, time(s): 24.82
2026-01-20 23:40:58 - idx 0 case patient050_frame01 mean_dice 0.851095 mean_hd95 1.942809
2026-01-20 23:41:00 - idx 1 case patient050_frame12 mean_dice 0.739599 mean_hd95 3.495094
2026-01-20 23:41:00 - idx 2 case patient037_frame01 mean_dice 0.704660 mean_hd95 13.350759
2026-01-20 23:41:01 - idx 3 case patient037_frame12 mean_dice 0.571837 mean_hd95 14.437264
2026-01-20 23:41:03 - idx 4 case patient095_frame01 mean_dice 0.907279 mean_hd95 1.138071
2026-01-20 23:41:04 - idx 5 case patient095_frame12 mean_dice 0.881139 mean_hd95 1.626105
2026-01-20 23:41:05 - idx 6 case patient047_frame01 mean_dice 0.817529 mean_hd95 10.126541
2026-01-20 23:41:06 - idx 7 case patient047_frame09 mean_dice 0.760375 mean_hd95 11.445493
2026-01-20 23:41:08 - idx 8 case patient044_frame01 mean_dice 0.882012 mean_hd95 1.520159
2026-01-20 23:41:09 - idx 9 case patient044_frame11 mean_dice 0.771684 mean_hd95 2.873744
2026-01-20 23:41:10 - idx 10 case patient064_frame01 mean_dice 0.931528 mean_hd95 1.000000
2026-01-20 23:41:11 - idx 11 case patient064_frame12 mean_dice 0.882169 mean_hd95 2.795055
2026-01-20 23:41:12 - idx 12 case patient017_frame01 mean_dice 0.854263 mean_hd95 1.858830
2026-01-20 23:41:13 - idx 13 case patient017_frame09 mean_dice 0.874536 mean_hd95 1.772208
2026-01-20 23:41:14 - idx 14 case patient039_frame01 mean_dice 0.908621 mean_hd95 1.276142
2026-01-20 23:41:15 - idx 15 case patient039_frame10 mean_dice 0.760682 mean_hd95 13.870303
2026-01-20 23:41:16 - idx 16 case patient041_frame01 mean_dice 0.877494 mean_hd95 1.000000
2026-01-20 23:41:16 - idx 17 case patient041_frame11 mean_dice 0.789005 mean_hd95 1.883427
2026-01-20 23:41:18 - idx 18 case patient067_frame01 mean_dice 0.889310 mean_hd95 2.801041
2026-01-20 23:41:19 - idx 19 case patient067_frame10 mean_dice 0.843818 mean_hd95 4.943540
2026-01-20 23:41:19 - Mean class 1 mean_dice 0.765147 mean_hd95 6.662097
2026-01-20 23:41:19 - Mean class 2 mean_dice 0.820408 mean_hd95 3.841416
2026-01-20 23:41:19 - Mean class 3 mean_dice 0.889240 mean_hd95 3.769975
2026-01-20 23:41:19 - val epoch: 13, mean_dice: 0.8249318504805934, mean_hd95: 4.75782934950293, time(s): 21.86
2026-01-20 23:41:20 - train: epoch 14, iter:0, loss: 0.1626, lr: 0.0009592885397135708
2026-01-20 23:41:23 - train: epoch 14, iter:10, loss: 0.1689, lr: 0.0009592885397135708
2026-01-20 23:41:26 - train: epoch 14, iter:20, loss: 0.1315, lr: 0.0009592885397135708
2026-01-20 23:41:29 - train: epoch 14, iter:30, loss: 0.1493, lr: 0.0009592885397135708
2026-01-20 23:41:32 - train: epoch 14, iter:40, loss: 0.1293, lr: 0.0009592885397135708
2026-01-20 23:41:35 - train: epoch 14, iter:50, loss: 0.1666, lr: 0.0009592885397135708
2026-01-20 23:41:38 - train: epoch 14, iter:60, loss: 0.1465, lr: 0.0009592885397135708
2026-01-20 23:41:41 - train: epoch 14, iter:70, loss: 0.1152, lr: 0.0009592885397135708
2026-01-20 23:41:44 - train: epoch 14, iter:80, loss: 0.1280, lr: 0.0009592885397135708
2026-01-20 23:41:44 - Finish one epoch train: epoch 14, loss: 0.1608, time(s): 24.98
2026-01-20 23:41:46 - idx 0 case patient050_frame01 mean_dice 0.889640 mean_hd95 1.550094
2026-01-20 23:41:47 - idx 1 case patient050_frame12 mean_dice 0.771814 mean_hd95 2.894528
2026-01-20 23:41:48 - idx 2 case patient037_frame01 mean_dice 0.828470 mean_hd95 6.343740
2026-01-20 23:41:48 - idx 3 case patient037_frame12 mean_dice 0.441201 mean_hd95 5.120732
2026-01-20 23:41:50 - idx 4 case patient095_frame01 mean_dice 0.924249 mean_hd95 1.000000
2026-01-20 23:41:51 - idx 5 case patient095_frame12 mean_dice 0.866947 mean_hd95 1.954568
2026-01-20 23:41:52 - idx 6 case patient047_frame01 mean_dice 0.817061 mean_hd95 1.666667
2026-01-20 23:41:53 - idx 7 case patient047_frame09 mean_dice 0.824788 mean_hd95 2.276142
2026-01-20 23:41:55 - idx 8 case patient044_frame01 mean_dice 0.911276 mean_hd95 1.000000
2026-01-20 23:41:56 - idx 9 case patient044_frame11 mean_dice 0.854210 mean_hd95 1.550094
2026-01-20 23:41:57 - idx 10 case patient064_frame01 mean_dice 0.932580 mean_hd95 1.000000
2026-01-20 23:41:58 - idx 11 case patient064_frame12 mean_dice 0.861846 mean_hd95 1.550094
2026-01-20 23:41:59 - idx 12 case patient017_frame01 mean_dice 0.874230 mean_hd95 1.804738
2026-01-20 23:42:00 - idx 13 case patient017_frame09 mean_dice 0.891197 mean_hd95 1.609476
2026-01-20 23:42:01 - idx 14 case patient039_frame01 mean_dice 0.870947 mean_hd95 1.333333
2026-01-20 23:42:02 - idx 15 case patient039_frame10 mean_dice 0.668111 mean_hd95 2.853356
2026-01-20 23:42:03 - idx 16 case patient041_frame01 mean_dice 0.899195 mean_hd95 1.000000
2026-01-20 23:42:03 - idx 17 case patient041_frame11 mean_dice 0.836986 mean_hd95 1.609476
2026-01-20 23:42:04 - idx 18 case patient067_frame01 mean_dice 0.901693 mean_hd95 1.276142
2026-01-20 23:42:06 - idx 19 case patient067_frame10 mean_dice 0.885928 mean_hd95 1.138071
2026-01-20 23:42:06 - Mean class 1 mean_dice 0.786712 mean_hd95 2.484072
2026-01-20 23:42:06 - Mean class 2 mean_dice 0.835104 mean_hd95 1.417316
2026-01-20 23:42:06 - Mean class 3 mean_dice 0.891039 mean_hd95 2.178299
2026-01-20 23:42:06 - val epoch: 14, mean_dice: 0.8376184587898137, mean_hd95: 2.026562497961964, time(s): 21.33
2026-01-20 23:42:07 - train: epoch 15, iter:0, loss: 0.1929, lr: 0.0009528893909706799
2026-01-20 23:42:10 - train: epoch 15, iter:10, loss: 0.1853, lr: 0.0009528893909706799
2026-01-20 23:42:13 - train: epoch 15, iter:20, loss: 0.1384, lr: 0.0009528893909706799
2026-01-20 23:42:16 - train: epoch 15, iter:30, loss: 0.1562, lr: 0.0009528893909706799
2026-01-20 23:42:19 - train: epoch 15, iter:40, loss: 0.1684, lr: 0.0009528893909706799
2026-01-20 23:42:22 - train: epoch 15, iter:50, loss: 0.1377, lr: 0.0009528893909706799
2026-01-20 23:42:25 - train: epoch 15, iter:60, loss: 0.1458, lr: 0.0009528893909706799
2026-01-20 23:42:28 - train: epoch 15, iter:70, loss: 0.1211, lr: 0.0009528893909706799
2026-01-20 23:42:31 - train: epoch 15, iter:80, loss: 0.1846, lr: 0.0009528893909706799
2026-01-20 23:42:32 - Finish one epoch train: epoch 15, loss: 0.1547, time(s): 25.23
2026-01-20 23:42:33 - idx 0 case patient050_frame01 mean_dice 0.868831 mean_hd95 1.824045
2026-01-20 23:42:34 - idx 1 case patient050_frame12 mean_dice 0.731348 mean_hd95 4.223011
2026-01-20 23:42:35 - idx 2 case patient037_frame01 mean_dice 0.829097 mean_hd95 5.928373
2026-01-20 23:42:36 - idx 3 case patient037_frame12 mean_dice 0.768636 mean_hd95 3.169427
2026-01-20 23:42:37 - idx 4 case patient095_frame01 mean_dice 0.923583 mean_hd95 1.000000
2026-01-20 23:42:39 - idx 5 case patient095_frame12 mean_dice 0.890900 mean_hd95 1.626105
2026-01-20 23:42:40 - idx 6 case patient047_frame01 mean_dice 0.824197 mean_hd95 7.556591
2026-01-20 23:42:41 - idx 7 case patient047_frame09 mean_dice 0.794943 mean_hd95 9.950481
2026-01-20 23:42:42 - idx 8 case patient044_frame01 mean_dice 0.902264 mean_hd95 1.333333
2026-01-20 23:42:43 - idx 9 case patient044_frame11 mean_dice 0.796187 mean_hd95 2.886460
2026-01-20 23:42:44 - idx 10 case patient064_frame01 mean_dice 0.935997 mean_hd95 24.188402
2026-01-20 23:42:46 - idx 11 case patient064_frame12 mean_dice 0.896602 mean_hd95 27.855511
2026-01-20 23:42:47 - idx 12 case patient017_frame01 mean_dice 0.893680 mean_hd95 1.276142
2026-01-20 23:42:48 - idx 13 case patient017_frame09 mean_dice 0.911304 mean_hd95 1.000000
2026-01-20 23:42:49 - idx 14 case patient039_frame01 mean_dice 0.925149 mean_hd95 1.138071
2026-01-20 23:42:50 - idx 15 case patient039_frame10 mean_dice 0.752667 mean_hd95 51.429854
2026-01-20 23:42:50 - idx 16 case patient041_frame01 mean_dice 0.896409 mean_hd95 1.000000
2026-01-20 23:42:51 - idx 17 case patient041_frame11 mean_dice 0.826291 mean_hd95 1.333333
2026-01-20 23:42:52 - idx 18 case patient067_frame01 mean_dice 0.895637 mean_hd95 2.112534
2026-01-20 23:42:53 - idx 19 case patient067_frame10 mean_dice 0.870176 mean_hd95 3.093481
2026-01-20 23:42:53 - Mean class 1 mean_dice 0.806710 mean_hd95 16.486859
2026-01-20 23:42:53 - Mean class 2 mean_dice 0.847783 mean_hd95 1.809656
2026-01-20 23:42:53 - Mean class 3 mean_dice 0.915592 mean_hd95 4.792258
2026-01-20 23:42:53 - val epoch: 15, mean_dice: 0.8566948720711295, mean_hd95: 7.696257764346728, time(s): 21.68
2026-01-20 23:42:54 - train: epoch 16, iter:0, loss: 0.1259, lr: 0.0009460482294732424
2026-01-20 23:42:57 - train: epoch 16, iter:10, loss: 0.1652, lr: 0.0009460482294732424
2026-01-20 23:43:00 - train: epoch 16, iter:20, loss: 0.1391, lr: 0.0009460482294732424
2026-01-20 23:43:03 - train: epoch 16, iter:30, loss: 0.1731, lr: 0.0009460482294732424
2026-01-20 23:43:06 - train: epoch 16, iter:40, loss: 0.1444, lr: 0.0009460482294732424
2026-01-20 23:43:09 - train: epoch 16, iter:50, loss: 0.1218, lr: 0.0009460482294732424
2026-01-20 23:43:13 - train: epoch 16, iter:60, loss: 0.1664, lr: 0.0009460482294732424
2026-01-20 23:43:16 - train: epoch 16, iter:70, loss: 0.2275, lr: 0.0009460482294732424
2026-01-20 23:43:19 - train: epoch 16, iter:80, loss: 0.1717, lr: 0.0009460482294732424
2026-01-20 23:43:19 - Finish one epoch train: epoch 16, loss: 0.1518, time(s): 25.00
2026-01-20 23:43:20 - idx 0 case patient050_frame01 mean_dice 0.872926 mean_hd95 1.550094
2026-01-20 23:43:22 - idx 1 case patient050_frame12 mean_dice 0.751594 mean_hd95 3.152924
2026-01-20 23:43:22 - idx 2 case patient037_frame01 mean_dice 0.811299 mean_hd95 6.050261
2026-01-20 23:43:23 - idx 3 case patient037_frame12 mean_dice 0.694106 mean_hd95 2.448528
2026-01-20 23:43:25 - idx 4 case patient095_frame01 mean_dice 0.930825 mean_hd95 1.000000
2026-01-20 23:43:26 - idx 5 case patient095_frame12 mean_dice 0.869527 mean_hd95 1.688165
2026-01-20 23:43:27 - idx 6 case patient047_frame01 mean_dice 0.825973 mean_hd95 1.804738
2026-01-20 23:43:28 - idx 7 case patient047_frame09 mean_dice 0.830101 mean_hd95 2.138071
2026-01-20 23:43:29 - idx 8 case patient044_frame01 mean_dice 0.899423 mean_hd95 1.276142
2026-01-20 23:43:30 - idx 9 case patient044_frame11 mean_dice 0.826238 mean_hd95 2.138071
2026-01-20 23:43:32 - idx 10 case patient064_frame01 mean_dice 0.946492 mean_hd95 1.000000
2026-01-20 23:43:33 - idx 11 case patient064_frame12 mean_dice 0.851799 mean_hd95 1.794111
2026-01-20 23:43:34 - idx 12 case patient017_frame01 mean_dice 0.902457 mean_hd95 1.138071
2026-01-20 23:43:35 - idx 13 case patient017_frame09 mean_dice 0.910788 mean_hd95 1.333333
2026-01-20 23:43:36 - idx 14 case patient039_frame01 mean_dice 0.909558 mean_hd95 2.000000
2026-01-20 23:43:37 - idx 15 case patient039_frame10 mean_dice 0.700240 mean_hd95 33.558186
2026-01-20 23:43:37 - idx 16 case patient041_frame01 mean_dice 0.897043 mean_hd95 1.000000
2026-01-20 23:43:38 - idx 17 case patient041_frame11 mean_dice 0.817730 mean_hd95 1.536287
2026-01-20 23:43:39 - idx 18 case patient067_frame01 mean_dice 0.902531 mean_hd95 1.333333
2026-01-20 23:43:41 - idx 19 case patient067_frame10 mean_dice 0.887640 mean_hd95 1.138071
2026-01-20 23:43:41 - Mean class 1 mean_dice 0.818369 mean_hd95 6.865497
2026-01-20 23:43:41 - Mean class 2 mean_dice 0.839637 mean_hd95 1.458542
2026-01-20 23:43:41 - Mean class 3 mean_dice 0.897737 mean_hd95 2.037719
2026-01-20 23:43:41 - val epoch: 16, mean_dice: 0.8519144861146924, mean_hd95: 3.4539193613740284, time(s): 21.57
2026-01-20 23:43:41 - train: epoch 17, iter:0, loss: 0.1572, lr: 0.0009387718066217127
2026-01-20 23:43:45 - train: epoch 17, iter:10, loss: 0.1486, lr: 0.0009387718066217127
2026-01-20 23:43:48 - train: epoch 17, iter:20, loss: 0.1391, lr: 0.0009387718066217127
2026-01-20 23:43:51 - train: epoch 17, iter:30, loss: 0.1774, lr: 0.0009387718066217127
2026-01-20 23:43:54 - train: epoch 17, iter:40, loss: 0.1296, lr: 0.0009387718066217127
2026-01-20 23:43:57 - train: epoch 17, iter:50, loss: 0.1301, lr: 0.0009387718066217127
2026-01-20 23:44:00 - train: epoch 17, iter:60, loss: 0.1740, lr: 0.0009387718066217127
2026-01-20 23:44:03 - train: epoch 17, iter:70, loss: 0.1678, lr: 0.0009387718066217127
2026-01-20 23:44:06 - train: epoch 17, iter:80, loss: 0.1261, lr: 0.0009387718066217127
2026-01-20 23:44:06 - Finish one epoch train: epoch 17, loss: 0.1536, time(s): 24.91
2026-01-20 23:44:07 - idx 0 case patient050_frame01 mean_dice 0.891484 mean_hd95 1.412023
2026-01-20 23:44:08 - idx 1 case patient050_frame12 mean_dice 0.765630 mean_hd95 2.270853
2026-01-20 23:44:09 - idx 2 case patient037_frame01 mean_dice 0.814337 mean_hd95 6.104879
2026-01-20 23:44:10 - idx 3 case patient037_frame12 mean_dice 0.720005 mean_hd95 6.965791
2026-01-20 23:44:12 - idx 4 case patient095_frame01 mean_dice 0.921160 mean_hd95 1.000000
2026-01-20 23:44:13 - idx 5 case patient095_frame12 mean_dice 0.890427 mean_hd95 1.471405
2026-01-20 23:44:14 - idx 6 case patient047_frame01 mean_dice 0.873495 mean_hd95 1.550094
2026-01-20 23:44:15 - idx 7 case patient047_frame09 mean_dice 0.826714 mean_hd95 4.634377
2026-01-20 23:44:16 - idx 8 case patient044_frame01 mean_dice 0.899102 mean_hd95 1.000000
2026-01-20 23:44:17 - idx 9 case patient044_frame11 mean_dice 0.843919 mean_hd95 1.550094
2026-01-20 23:44:18 - idx 10 case patient064_frame01 mean_dice 0.941127 mean_hd95 1.000000
2026-01-20 23:44:20 - idx 11 case patient064_frame12 mean_dice 0.862157 mean_hd95 1.550094
2026-01-20 23:44:21 - idx 12 case patient017_frame01 mean_dice 0.877439 mean_hd95 1.471405
2026-01-20 23:44:22 - idx 13 case patient017_frame09 mean_dice 0.897609 mean_hd95 1.333333
2026-01-20 23:44:23 - idx 14 case patient039_frame01 mean_dice 0.928629 mean_hd95 1.000000
2026-01-20 23:44:24 - idx 15 case patient039_frame10 mean_dice 0.793427 mean_hd95 11.391562
2026-01-20 23:44:24 - idx 16 case patient041_frame01 mean_dice 0.904518 mean_hd95 1.000000
2026-01-20 23:44:25 - idx 17 case patient041_frame11 mean_dice 0.810973 mean_hd95 1.883427
2026-01-20 23:44:26 - idx 18 case patient067_frame01 mean_dice 0.908686 mean_hd95 1.138071
2026-01-20 23:44:27 - idx 19 case patient067_frame10 mean_dice 0.894336 mean_hd95 1.000000
2026-01-20 23:44:27 - Mean class 1 mean_dice 0.849440 mean_hd95 2.126084
2026-01-20 23:44:27 - Mean class 2 mean_dice 0.844310 mean_hd95 1.621794
2026-01-20 23:44:27 - Mean class 3 mean_dice 0.896026 mean_hd95 3.861233
2026-01-20 23:44:27 - val epoch: 17, mean_dice: 0.8632587551010528, mean_hd95: 2.536370327526265, time(s): 21.33
2026-01-20 23:44:29 - train: epoch 18, iter:0, loss: 0.1448, lr: 0.0009310673033669524
2026-01-20 23:44:32 - train: epoch 18, iter:10, loss: 0.1261, lr: 0.0009310673033669524
2026-01-20 23:44:35 - train: epoch 18, iter:20, loss: 0.1165, lr: 0.0009310673033669524
2026-01-20 23:44:38 - train: epoch 18, iter:30, loss: 0.1128, lr: 0.0009310673033669524
2026-01-20 23:44:41 - train: epoch 18, iter:40, loss: 0.1155, lr: 0.0009310673033669524
2026-01-20 23:44:44 - train: epoch 18, iter:50, loss: 0.1376, lr: 0.0009310673033669524
2026-01-20 23:44:47 - train: epoch 18, iter:60, loss: 0.1253, lr: 0.0009310673033669524
2026-01-20 23:44:50 - train: epoch 18, iter:70, loss: 0.1880, lr: 0.0009310673033669524
2026-01-20 23:44:53 - train: epoch 18, iter:80, loss: 0.1307, lr: 0.0009310673033669524
2026-01-20 23:44:53 - Finish one epoch train: epoch 18, loss: 0.1380, time(s): 25.11
2026-01-20 23:44:55 - idx 0 case patient050_frame01 mean_dice 0.884001 mean_hd95 1.720759
2026-01-20 23:44:56 - idx 1 case patient050_frame12 mean_dice 0.795937 mean_hd95 2.325908
2026-01-20 23:44:57 - idx 2 case patient037_frame01 mean_dice 0.792291 mean_hd95 7.427642
2026-01-20 23:44:57 - idx 3 case patient037_frame12 mean_dice 0.611985 mean_hd95 11.460090
2026-01-20 23:44:59 - idx 4 case patient095_frame01 mean_dice 0.920557 mean_hd95 1.000000
2026-01-20 23:45:00 - idx 5 case patient095_frame12 mean_dice 0.870733 mean_hd95 1.883427
2026-01-20 23:45:02 - idx 6 case patient047_frame01 mean_dice 0.836060 mean_hd95 1.910684
2026-01-20 23:45:03 - idx 7 case patient047_frame09 mean_dice 0.818785 mean_hd95 2.322302
2026-01-20 23:45:04 - idx 8 case patient044_frame01 mean_dice 0.915096 mean_hd95 1.000000
2026-01-20 23:45:05 - idx 9 case patient044_frame11 mean_dice 0.839622 mean_hd95 1.550094
2026-01-20 23:45:06 - idx 10 case patient064_frame01 mean_dice 0.947538 mean_hd95 1.000000
2026-01-20 23:45:07 - idx 11 case patient064_frame12 mean_dice 0.909026 mean_hd95 1.138071
2026-01-20 23:45:08 - idx 12 case patient017_frame01 mean_dice 0.895588 mean_hd95 1.333333
2026-01-20 23:45:09 - idx 13 case patient017_frame09 mean_dice 0.913720 mean_hd95 1.333333
2026-01-20 23:45:10 - idx 14 case patient039_frame01 mean_dice 0.934526 mean_hd95 1.000000
2026-01-20 23:45:11 - idx 15 case patient039_frame10 mean_dice 0.866380 mean_hd95 1.414214
2026-01-20 23:45:12 - idx 16 case patient041_frame01 mean_dice 0.892721 mean_hd95 1.000000
2026-01-20 23:45:12 - idx 17 case patient041_frame11 mean_dice 0.801279 mean_hd95 1.883427
2026-01-20 23:45:14 - idx 18 case patient067_frame01 mean_dice 0.915807 mean_hd95 1.138071
2026-01-20 23:45:15 - idx 19 case patient067_frame10 mean_dice 0.883890 mean_hd95 3.591655
2026-01-20 23:45:15 - Mean class 1 mean_dice 0.829091 mean_hd95 1.962748
2026-01-20 23:45:15 - Mean class 2 mean_dice 0.847402 mean_hd95 2.332901
2026-01-20 23:45:15 - Mean class 3 mean_dice 0.910338 mean_hd95 2.819303
2026-01-20 23:45:15 - val epoch: 18, mean_dice: 0.8622772062125388, mean_hd95: 2.3716505811882036, time(s): 21.60
2026-01-20 23:45:16 - train: epoch 19, iter:0, loss: 0.1580, lr: 0.0009229423231234977
2026-01-20 23:45:19 - train: epoch 19, iter:10, loss: 0.1127, lr: 0.0009229423231234977
2026-01-20 23:45:22 - train: epoch 19, iter:20, loss: 0.1393, lr: 0.0009229423231234977
2026-01-20 23:45:25 - train: epoch 19, iter:30, loss: 0.1228, lr: 0.0009229423231234977
2026-01-20 23:45:28 - train: epoch 19, iter:40, loss: 0.1393, lr: 0.0009229423231234977
2026-01-20 23:45:31 - train: epoch 19, iter:50, loss: 0.1362, lr: 0.0009229423231234977
2026-01-20 23:45:34 - train: epoch 19, iter:60, loss: 0.1725, lr: 0.0009229423231234977
2026-01-20 23:45:37 - train: epoch 19, iter:70, loss: 0.1437, lr: 0.0009229423231234977
2026-01-20 23:45:40 - train: epoch 19, iter:80, loss: 0.1309, lr: 0.0009229423231234977
2026-01-20 23:45:40 - Finish one epoch train: epoch 19, loss: 0.1385, time(s): 24.80
2026-01-20 23:45:42 - idx 0 case patient050_frame01 mean_dice 0.886952 mean_hd95 1.550094
2026-01-20 23:45:43 - idx 1 case patient050_frame12 mean_dice 0.782030 mean_hd95 2.216761
2026-01-20 23:45:44 - idx 2 case patient037_frame01 mean_dice 0.837460 mean_hd95 5.161172
2026-01-20 23:45:44 - idx 3 case patient037_frame12 mean_dice 0.754098 mean_hd95 7.129488
2026-01-20 23:45:46 - idx 4 case patient095_frame01 mean_dice 0.931636 mean_hd95 1.000000
2026-01-20 23:45:47 - idx 5 case patient095_frame12 mean_dice 0.874492 mean_hd95 1.626105
2026-01-20 23:45:48 - idx 6 case patient047_frame01 mean_dice 0.872017 mean_hd95 1.550094
2026-01-20 23:45:50 - idx 7 case patient047_frame09 mean_dice 0.841916 mean_hd95 2.244017
2026-01-20 23:45:51 - idx 8 case patient044_frame01 mean_dice 0.918602 mean_hd95 1.000000
2026-01-20 23:45:52 - idx 9 case patient044_frame11 mean_dice 0.824381 mean_hd95 1.682894
2026-01-20 23:45:53 - idx 10 case patient064_frame01 mean_dice 0.949115 mean_hd95 1.000000
2026-01-20 23:45:54 - idx 11 case patient064_frame12 mean_dice 0.919329 mean_hd95 1.000000
2026-01-20 23:45:55 - idx 12 case patient017_frame01 mean_dice 0.866663 mean_hd95 1.720759
2026-01-20 23:45:56 - idx 13 case patient017_frame09 mean_dice 0.895771 mean_hd95 1.913886
2026-01-20 23:45:57 - idx 14 case patient039_frame01 mean_dice 0.926618 mean_hd95 1.000000
2026-01-20 23:45:58 - idx 15 case patient039_frame10 mean_dice 0.718466 mean_hd95 6.060113
2026-01-20 23:45:59 - idx 16 case patient041_frame01 mean_dice 0.900588 mean_hd95 1.000000
2026-01-20 23:45:59 - idx 17 case patient041_frame11 mean_dice 0.805841 mean_hd95 1.688165
2026-01-20 23:46:01 - idx 18 case patient067_frame01 mean_dice 0.904351 mean_hd95 1.333333
2026-01-20 23:46:02 - idx 19 case patient067_frame10 mean_dice 0.860720 mean_hd95 5.096119
2026-01-20 23:46:02 - Mean class 1 mean_dice 0.832976 mean_hd95 2.611503
2026-01-20 23:46:02 - Mean class 2 mean_dice 0.847642 mean_hd95 1.817157
2026-01-20 23:46:02 - Mean class 3 mean_dice 0.910039 mean_hd95 2.617289
2026-01-20 23:46:02 - val epoch: 19, mean_dice: 0.8635524144246443, mean_hd95: 2.34865005125727, time(s): 21.67
2026-01-20 23:46:03 - train: epoch 20, iter:0, loss: 0.1241, lr: 0.0009144048842659084
2026-01-20 23:46:06 - train: epoch 20, iter:10, loss: 0.1733, lr: 0.0009144048842659084
2026-01-20 23:46:09 - train: epoch 20, iter:20, loss: 0.1719, lr: 0.0009144048842659084
2026-01-20 23:46:12 - train: epoch 20, iter:30, loss: 0.1383, lr: 0.0009144048842659084
2026-01-20 23:46:15 - train: epoch 20, iter:40, loss: 0.1180, lr: 0.0009144048842659084
2026-01-20 23:46:18 - train: epoch 20, iter:50, loss: 0.1313, lr: 0.0009144048842659084
2026-01-20 23:46:21 - train: epoch 20, iter:60, loss: 0.1614, lr: 0.0009144048842659084
2026-01-20 23:46:24 - train: epoch 20, iter:70, loss: 0.1083, lr: 0.0009144048842659084
2026-01-20 23:46:28 - train: epoch 20, iter:80, loss: 0.1136, lr: 0.0009144048842659084
2026-01-20 23:46:28 - Finish one epoch train: epoch 20, loss: 0.1412, time(s): 25.16
2026-01-20 23:46:29 - idx 0 case patient050_frame01 mean_dice 0.890408 mean_hd95 1.000000
2026-01-20 23:46:30 - idx 1 case patient050_frame12 mean_dice 0.761109 mean_hd95 2.963691
2026-01-20 23:46:31 - idx 2 case patient037_frame01 mean_dice 0.811337 mean_hd95 7.372670
2026-01-20 23:46:32 - idx 3 case patient037_frame12 mean_dice 0.664103 mean_hd95 10.405769
2026-01-20 23:46:33 - idx 4 case patient095_frame01 mean_dice 0.927042 mean_hd95 1.000000
2026-01-20 23:46:35 - idx 5 case patient095_frame12 mean_dice 0.889098 mean_hd95 1.520159
2026-01-20 23:46:36 - idx 6 case patient047_frame01 mean_dice 0.816698 mean_hd95 2.690356
2026-01-20 23:46:37 - idx 7 case patient047_frame09 mean_dice 0.789784 mean_hd95 3.293234
2026-01-20 23:46:38 - idx 8 case patient044_frame01 mean_dice 0.899385 mean_hd95 1.333333
2026-01-20 23:46:39 - idx 9 case patient044_frame11 mean_dice 0.837397 mean_hd95 5.287901
2026-01-20 23:46:40 - idx 10 case patient064_frame01 mean_dice 0.948441 mean_hd95 1.000000
2026-01-20 23:46:41 - idx 11 case patient064_frame12 mean_dice 0.925085 mean_hd95 1.000000
2026-01-20 23:46:42 - idx 12 case patient017_frame01 mean_dice 0.894993 mean_hd95 1.333333
2026-01-20 23:46:43 - idx 13 case patient017_frame09 mean_dice 0.917330 mean_hd95 1.138071
2026-01-20 23:46:44 - idx 14 case patient039_frame01 mean_dice 0.937471 mean_hd95 1.000000
2026-01-20 23:46:45 - idx 15 case patient039_frame10 mean_dice 0.838942 mean_hd95 10.554489
2026-01-20 23:46:46 - idx 16 case patient041_frame01 mean_dice 0.905313 mean_hd95 1.000000
2026-01-20 23:46:47 - idx 17 case patient041_frame11 mean_dice 0.796437 mean_hd95 2.157379
2026-01-20 23:46:48 - idx 18 case patient067_frame01 mean_dice 0.903986 mean_hd95 1.471405
2026-01-20 23:46:49 - idx 19 case patient067_frame10 mean_dice 0.866987 mean_hd95 5.814670
2026-01-20 23:46:49 - Mean class 1 mean_dice 0.822763 mean_hd95 2.070726
2026-01-20 23:46:49 - Mean class 2 mean_dice 0.850965 mean_hd95 2.711384
2026-01-20 23:46:49 - Mean class 3 mean_dice 0.909474 mean_hd95 4.718360
2026-01-20 23:46:49 - val epoch: 20, mean_dice: 0.8610672896612641, mean_hd95: 3.166823076672305, time(s): 21.31
2026-01-20 23:46:50 - train: epoch 21, iter:0, loss: 0.1144, lr: 0.0009054634122155993
2026-01-20 23:46:53 - train: epoch 21, iter:10, loss: 0.1350, lr: 0.0009054634122155993
2026-01-20 23:46:56 - train: epoch 21, iter:20, loss: 0.1274, lr: 0.0009054634122155993
2026-01-20 23:46:59 - train: epoch 21, iter:30, loss: 0.1110, lr: 0.0009054634122155993
2026-01-20 23:47:02 - train: epoch 21, iter:40, loss: 0.1243, lr: 0.0009054634122155993
2026-01-20 23:47:06 - train: epoch 21, iter:50, loss: 0.1315, lr: 0.0009054634122155993
2026-01-20 23:47:09 - train: epoch 21, iter:60, loss: 0.1559, lr: 0.0009054634122155993
2026-01-20 23:47:12 - train: epoch 21, iter:70, loss: 0.1256, lr: 0.0009054634122155993
2026-01-20 23:47:15 - train: epoch 21, iter:80, loss: 0.1500, lr: 0.0009054634122155993
2026-01-20 23:47:15 - Finish one epoch train: epoch 21, loss: 0.1306, time(s): 25.36
2026-01-20 23:47:16 - idx 0 case patient050_frame01 mean_dice 0.893100 mean_hd95 1.382088
2026-01-20 23:47:18 - idx 1 case patient050_frame12 mean_dice 0.819271 mean_hd95 1.794111
2026-01-20 23:47:18 - idx 2 case patient037_frame01 mean_dice 0.868795 mean_hd95 1.333333
2026-01-20 23:47:19 - idx 3 case patient037_frame12 mean_dice 0.750456 mean_hd95 2.412023
2026-01-20 23:47:21 - idx 4 case patient095_frame01 mean_dice 0.932189 mean_hd95 1.000000
2026-01-20 23:47:22 - idx 5 case patient095_frame12 mean_dice 0.892843 mean_hd95 1.488034
2026-01-20 23:47:23 - idx 6 case patient047_frame01 mean_dice 0.851351 mean_hd95 1.550094
2026-01-20 23:47:24 - idx 7 case patient047_frame09 mean_dice 0.854249 mean_hd95 1.804738
2026-01-20 23:47:25 - idx 8 case patient044_frame01 mean_dice 0.904369 mean_hd95 1.000000
2026-01-20 23:47:27 - idx 9 case patient044_frame11 mean_dice 0.858704 mean_hd95 1.621234
2026-01-20 23:47:28 - idx 10 case patient064_frame01 mean_dice 0.943003 mean_hd95 1.000000
2026-01-20 23:47:29 - idx 11 case patient064_frame12 mean_dice 0.903549 mean_hd95 1.138071
2026-01-20 23:47:30 - idx 12 case patient017_frame01 mean_dice 0.868561 mean_hd95 1.666667
2026-01-20 23:47:31 - idx 13 case patient017_frame09 mean_dice 0.897273 mean_hd95 1.666667
2026-01-20 23:47:32 - idx 14 case patient039_frame01 mean_dice 0.926467 mean_hd95 1.000000
2026-01-20 23:47:33 - idx 15 case patient039_frame10 mean_dice 0.776536 mean_hd95 2.060514
2026-01-20 23:47:34 - idx 16 case patient041_frame01 mean_dice 0.918770 mean_hd95 1.000000
2026-01-20 23:47:34 - idx 17 case patient041_frame11 mean_dice 0.837475 mean_hd95 1.609476
2026-01-20 23:47:35 - idx 18 case patient067_frame01 mean_dice 0.884414 mean_hd95 1.276142
2026-01-20 23:47:37 - idx 19 case patient067_frame10 mean_dice 0.925313 mean_hd95 1.000000
2026-01-20 23:47:37 - Mean class 1 mean_dice 0.855219 mean_hd95 1.798904
2026-01-20 23:47:37 - Mean class 2 mean_dice 0.856571 mean_hd95 1.288562
2026-01-20 23:47:37 - Mean class 3 mean_dice 0.914214 mean_hd95 1.233012
2026-01-20 23:47:37 - val epoch: 21, mean_dice: 0.8753344231084688, mean_hd95: 1.440159551327351, time(s): 21.51
2026-01-20 23:47:38 - train: epoch 22, iter:0, loss: 0.1184, lr: 0.000896126731125967
2026-01-20 23:47:41 - train: epoch 22, iter:10, loss: 0.1040, lr: 0.000896126731125967
2026-01-20 23:47:44 - train: epoch 22, iter:20, loss: 0.1110, lr: 0.000896126731125967
2026-01-20 23:47:47 - train: epoch 22, iter:30, loss: 0.1502, lr: 0.000896126731125967
2026-01-20 23:47:50 - train: epoch 22, iter:40, loss: 0.1285, lr: 0.000896126731125967
2026-01-20 23:47:53 - train: epoch 22, iter:50, loss: 0.1106, lr: 0.000896126731125967
2026-01-20 23:47:56 - train: epoch 22, iter:60, loss: 0.1441, lr: 0.000896126731125967
2026-01-20 23:47:59 - train: epoch 22, iter:70, loss: 0.1317, lr: 0.000896126731125967
2026-01-20 23:48:02 - train: epoch 22, iter:80, loss: 0.1297, lr: 0.000896126731125967
2026-01-20 23:48:03 - Finish one epoch train: epoch 22, loss: 0.1297, time(s): 25.13
2026-01-20 23:48:04 - idx 0 case patient050_frame01 mean_dice 0.887882 mean_hd95 1.747547
2026-01-20 23:48:05 - idx 1 case patient050_frame12 mean_dice 0.799085 mean_hd95 2.524198
2026-01-20 23:48:06 - idx 2 case patient037_frame01 mean_dice 0.820383 mean_hd95 5.748234
2026-01-20 23:48:07 - idx 3 case patient037_frame12 mean_dice 0.717669 mean_hd95 6.409015
2026-01-20 23:48:08 - idx 4 case patient095_frame01 mean_dice 0.929517 mean_hd95 1.000000
2026-01-20 23:48:10 - idx 5 case patient095_frame12 mean_dice 0.888619 mean_hd95 1.609476
2026-01-20 23:48:11 - idx 6 case patient047_frame01 mean_dice 0.836636 mean_hd95 1.745356
2026-01-20 23:48:12 - idx 7 case patient047_frame09 mean_dice 0.815251 mean_hd95 2.747547
2026-01-20 23:48:13 - idx 8 case patient044_frame01 mean_dice 0.916999 mean_hd95 1.000000
2026-01-20 23:48:14 - idx 9 case patient044_frame11 mean_dice 0.854253 mean_hd95 1.471405
2026-01-20 23:48:15 - idx 10 case patient064_frame01 mean_dice 0.952931 mean_hd95 1.000000
2026-01-20 23:48:16 - idx 11 case patient064_frame12 mean_dice 0.928464 mean_hd95 1.000000
2026-01-20 23:48:17 - idx 12 case patient017_frame01 mean_dice 0.899143 mean_hd95 1.412023
2026-01-20 23:48:18 - idx 13 case patient017_frame09 mean_dice 0.913342 mean_hd95 1.333333
2026-01-20 23:48:19 - idx 14 case patient039_frame01 mean_dice 0.935266 mean_hd95 1.000000
2026-01-20 23:48:20 - idx 15 case patient039_frame10 mean_dice 0.811106 mean_hd95 12.497923
2026-01-20 23:48:21 - idx 16 case patient041_frame01 mean_dice 0.900044 mean_hd95 1.000000
2026-01-20 23:48:22 - idx 17 case patient041_frame11 mean_dice 0.807613 mean_hd95 1.883427
2026-01-20 23:48:23 - idx 18 case patient067_frame01 mean_dice 0.890750 mean_hd95 2.041035
2026-01-20 23:48:24 - idx 19 case patient067_frame10 mean_dice 0.884698 mean_hd95 5.888670
2026-01-20 23:48:24 - Mean class 1 mean_dice 0.839904 mean_hd95 2.398512
2026-01-20 23:48:24 - Mean class 2 mean_dice 0.848693 mean_hd95 2.253361
2026-01-20 23:48:24 - Mean class 3 mean_dice 0.919851 mean_hd95 3.607005
2026-01-20 23:48:24 - val epoch: 22, mean_dice: 0.8694824477774844, mean_hd95: 2.752959451533634, time(s): 21.61
2026-01-20 23:48:25 - train: epoch 23, iter:0, loss: 0.1052, lr: 0.000886404055174016
2026-01-20 23:48:28 - train: epoch 23, iter:10, loss: 0.1168, lr: 0.000886404055174016
2026-01-20 23:48:31 - train: epoch 23, iter:20, loss: 0.1215, lr: 0.000886404055174016
2026-01-20 23:48:34 - train: epoch 23, iter:30, loss: 0.1477, lr: 0.000886404055174016
2026-01-20 23:48:37 - train: epoch 23, iter:40, loss: 0.1354, lr: 0.000886404055174016
2026-01-20 23:48:40 - train: epoch 23, iter:50, loss: 0.1416, lr: 0.000886404055174016
2026-01-20 23:48:43 - train: epoch 23, iter:60, loss: 0.1616, lr: 0.000886404055174016
2026-01-20 23:48:46 - train: epoch 23, iter:70, loss: 0.1584, lr: 0.000886404055174016
2026-01-20 23:48:49 - train: epoch 23, iter:80, loss: 0.1349, lr: 0.000886404055174016
2026-01-20 23:48:50 - Finish one epoch train: epoch 23, loss: 0.1409, time(s): 24.82
2026-01-20 23:48:51 - idx 0 case patient050_frame01 mean_dice 0.876117 mean_hd95 1.804738
2026-01-20 23:48:52 - idx 1 case patient050_frame12 mean_dice 0.786692 mean_hd95 2.699673
2026-01-20 23:48:53 - idx 2 case patient037_frame01 mean_dice 0.784896 mean_hd95 7.293463
2026-01-20 23:48:54 - idx 3 case patient037_frame12 mean_dice 0.402156 mean_hd95 11.662172
2026-01-20 23:48:55 - idx 4 case patient095_frame01 mean_dice 0.917624 mean_hd95 1.000000
2026-01-20 23:48:57 - idx 5 case patient095_frame12 mean_dice 0.864260 mean_hd95 1.883427
2026-01-20 23:48:58 - idx 6 case patient047_frame01 mean_dice 0.744213 mean_hd95 2.971754
2026-01-20 23:48:59 - idx 7 case patient047_frame09 mean_dice 0.724038 mean_hd95 2.868517
2026-01-20 23:49:00 - idx 8 case patient044_frame01 mean_dice 0.895221 mean_hd95 1.577350
2026-01-20 23:49:01 - idx 9 case patient044_frame11 mean_dice 0.760478 mean_hd95 5.581934
2026-01-20 23:49:02 - idx 10 case patient064_frame01 mean_dice 0.943753 mean_hd95 1.000000
2026-01-20 23:49:03 - idx 11 case patient064_frame12 mean_dice 0.915909 mean_hd95 1.000000
2026-01-20 23:49:04 - idx 12 case patient017_frame01 mean_dice 0.888101 mean_hd95 1.483163
2026-01-20 23:49:05 - idx 13 case patient017_frame09 mean_dice 0.904909 mean_hd95 1.333333
2026-01-20 23:49:06 - idx 14 case patient039_frame01 mean_dice 0.900870 mean_hd95 1.276142
2026-01-20 23:49:07 - idx 15 case patient039_frame10 mean_dice 0.699562 mean_hd95 24.396041
2026-01-20 23:49:08 - idx 16 case patient041_frame01 mean_dice 0.905959 mean_hd95 1.000000
2026-01-20 23:49:08 - idx 17 case patient041_frame11 mean_dice 0.807854 mean_hd95 2.504662
2026-01-20 23:49:10 - idx 18 case patient067_frame01 mean_dice 0.874853 mean_hd95 4.537855
2026-01-20 23:49:11 - idx 19 case patient067_frame10 mean_dice 0.848053 mean_hd95 6.719368
2026-01-20 23:49:11 - Mean class 1 mean_dice 0.751678 mean_hd95 2.460632
2026-01-20 23:49:11 - Mean class 2 mean_dice 0.833523 mean_hd95 4.067207
2026-01-20 23:49:11 - Mean class 3 mean_dice 0.881626 mean_hd95 6.161200
2026-01-20 23:49:11 - val epoch: 23, mean_dice: 0.8222758626455523, mean_hd95: 4.229679650254668, time(s): 21.36
2026-01-20 23:49:12 - train: epoch 24, iter:0, loss: 0.1432, lr: 0.0008763049794670778
2026-01-20 23:49:15 - train: epoch 24, iter:10, loss: 0.1500, lr: 0.0008763049794670778
2026-01-20 23:49:18 - train: epoch 24, iter:20, loss: 0.1523, lr: 0.0008763049794670778
2026-01-20 23:49:21 - train: epoch 24, iter:30, loss: 0.1138, lr: 0.0008763049794670778
2026-01-20 23:49:24 - train: epoch 24, iter:40, loss: 0.1444, lr: 0.0008763049794670778
2026-01-20 23:49:27 - train: epoch 24, iter:50, loss: 0.1151, lr: 0.0008763049794670778
2026-01-20 23:49:30 - train: epoch 24, iter:60, loss: 0.0984, lr: 0.0008763049794670778
2026-01-20 23:49:33 - train: epoch 24, iter:70, loss: 0.1050, lr: 0.0008763049794670778
2026-01-20 23:49:37 - train: epoch 24, iter:80, loss: 0.1294, lr: 0.0008763049794670778
2026-01-20 23:49:37 - Finish one epoch train: epoch 24, loss: 0.1344, time(s): 25.04
2026-01-20 23:49:38 - idx 0 case patient050_frame01 mean_dice 0.883492 mean_hd95 1.244017
2026-01-20 23:49:39 - idx 1 case patient050_frame12 mean_dice 0.794753 mean_hd95 2.040569
2026-01-20 23:49:40 - idx 2 case patient037_frame01 mean_dice 0.841717 mean_hd95 1.412023
2026-01-20 23:49:41 - idx 3 case patient037_frame12 mean_dice 0.672979 mean_hd95 2.471405
2026-01-20 23:49:42 - idx 4 case patient095_frame01 mean_dice 0.936252 mean_hd95 1.000000
2026-01-20 23:49:44 - idx 5 case patient095_frame12 mean_dice 0.867034 mean_hd95 1.804738
2026-01-20 23:49:45 - idx 6 case patient047_frame01 mean_dice 0.734077 mean_hd95 2.366340
2026-01-20 23:49:46 - idx 7 case patient047_frame09 mean_dice 0.654965 mean_hd95 7.632768
2026-01-20 23:49:47 - idx 8 case patient044_frame01 mean_dice 0.907022 mean_hd95 1.000000
2026-01-20 23:49:48 - idx 9 case patient044_frame11 mean_dice 0.861715 mean_hd95 1.747547
2026-01-20 23:49:49 - idx 10 case patient064_frame01 mean_dice 0.946954 mean_hd95 1.000000
2026-01-20 23:49:51 - idx 11 case patient064_frame12 mean_dice 0.864059 mean_hd95 1.471405
2026-01-20 23:49:52 - idx 12 case patient017_frame01 mean_dice 0.892331 mean_hd95 1.412023
2026-01-20 23:49:53 - idx 13 case patient017_frame09 mean_dice 0.903408 mean_hd95 1.682894
2026-01-20 23:49:54 - idx 14 case patient039_frame01 mean_dice 0.919738 mean_hd95 1.000000
2026-01-20 23:49:54 - idx 15 case patient039_frame10 mean_dice 0.600649 mean_hd95 12.983959
2026-01-20 23:49:55 - idx 16 case patient041_frame01 mean_dice 0.914895 mean_hd95 1.000000
2026-01-20 23:49:56 - idx 17 case patient041_frame11 mean_dice 0.837181 mean_hd95 1.609476
2026-01-20 23:49:57 - idx 18 case patient067_frame01 mean_dice 0.901120 mean_hd95 1.244017
2026-01-20 23:49:58 - idx 19 case patient067_frame10 mean_dice 0.910951 mean_hd95 1.772208
2026-01-20 23:49:58 - Mean class 1 mean_dice 0.791930 mean_hd95 2.881992
2026-01-20 23:49:58 - Mean class 2 mean_dice 0.844828 mean_hd95 1.743417
2026-01-20 23:49:58 - Mean class 3 mean_dice 0.890035 mean_hd95 2.558899
2026-01-20 23:49:58 - val epoch: 24, mean_dice: 0.8422644770968543, mean_hd95: 2.3947693622569357, time(s): 21.50
2026-01-20 23:49:59 - train: epoch 25, iter:0, loss: 0.1121, lr: 0.000865839470573599
2026-01-20 23:50:02 - train: epoch 25, iter:10, loss: 0.1402, lr: 0.000865839470573599
2026-01-20 23:50:05 - train: epoch 25, iter:20, loss: 0.1197, lr: 0.000865839470573599
2026-01-20 23:50:08 - train: epoch 25, iter:30, loss: 0.1292, lr: 0.000865839470573599
2026-01-20 23:50:11 - train: epoch 25, iter:40, loss: 0.1248, lr: 0.000865839470573599
2026-01-20 23:50:14 - train: epoch 25, iter:50, loss: 0.1226, lr: 0.000865839470573599
2026-01-20 23:50:17 - train: epoch 25, iter:60, loss: 0.1421, lr: 0.000865839470573599
2026-01-20 23:50:20 - train: epoch 25, iter:70, loss: 0.1314, lr: 0.000865839470573599
2026-01-20 23:50:23 - train: epoch 25, iter:80, loss: 0.1244, lr: 0.000865839470573599
2026-01-20 23:50:24 - Finish one epoch train: epoch 25, loss: 0.1231, time(s): 24.70
2026-01-20 23:50:25 - idx 0 case patient050_frame01 mean_dice 0.895542 mean_hd95 1.138071
2026-01-20 23:50:26 - idx 1 case patient050_frame12 mean_dice 0.809254 mean_hd95 3.054912
2026-01-20 23:50:27 - idx 2 case patient037_frame01 mean_dice 0.831328 mean_hd95 5.924064
2026-01-20 23:50:28 - idx 3 case patient037_frame12 mean_dice 0.749695 mean_hd95 3.224863
2026-01-20 23:50:29 - idx 4 case patient095_frame01 mean_dice 0.937895 mean_hd95 1.000000
2026-01-20 23:50:31 - idx 5 case patient095_frame12 mean_dice 0.889136 mean_hd95 1.547344
2026-01-20 23:50:32 - idx 6 case patient047_frame01 mean_dice 0.884138 mean_hd95 1.276142
2026-01-20 23:50:33 - idx 7 case patient047_frame09 mean_dice 0.835005 mean_hd95 2.138071
2026-01-20 23:50:34 - idx 8 case patient044_frame01 mean_dice 0.912188 mean_hd95 1.000000
2026-01-20 23:50:35 - idx 9 case patient044_frame11 mean_dice 0.831361 mean_hd95 2.048351
2026-01-20 23:50:36 - idx 10 case patient064_frame01 mean_dice 0.947305 mean_hd95 1.000000
2026-01-20 23:50:37 - idx 11 case patient064_frame12 mean_dice 0.923519 mean_hd95 1.000000
2026-01-20 23:50:38 - idx 12 case patient017_frame01 mean_dice 0.888073 mean_hd95 1.483163
2026-01-20 23:50:40 - idx 13 case patient017_frame09 mean_dice 0.900969 mean_hd95 1.720759
2026-01-20 23:50:41 - idx 14 case patient039_frame01 mean_dice 0.939585 mean_hd95 1.000000
2026-01-20 23:50:42 - idx 15 case patient039_frame10 mean_dice 0.837797 mean_hd95 1.609476
2026-01-20 23:50:42 - idx 16 case patient041_frame01 mean_dice 0.915114 mean_hd95 1.000000
2026-01-20 23:50:43 - idx 17 case patient041_frame11 mean_dice 0.804285 mean_hd95 2.157379
2026-01-20 23:50:44 - idx 18 case patient067_frame01 mean_dice 0.921129 mean_hd95 1.000000
2026-01-20 23:50:45 - idx 19 case patient067_frame10 mean_dice 0.894475 mean_hd95 1.471405
2026-01-20 23:50:45 - Mean class 1 mean_dice 0.846749 mean_hd95 2.117820
2026-01-20 23:50:45 - Mean class 2 mean_dice 0.860946 mean_hd95 1.318582
2026-01-20 23:50:45 - Mean class 3 mean_dice 0.924474 mean_hd95 1.932699
2026-01-20 23:50:45 - val epoch: 25, mean_dice: 0.8773897484521861, mean_hd95: 1.7896999657527128, time(s): 21.91
2026-01-20 23:50:47 - train: epoch 26, iter:0, loss: 0.1049, lr: 0.0008550178566873413
2026-01-20 23:50:50 - train: epoch 26, iter:10, loss: 0.1256, lr: 0.0008550178566873413
2026-01-20 23:50:53 - train: epoch 26, iter:20, loss: 0.1118, lr: 0.0008550178566873413
2026-01-20 23:50:56 - train: epoch 26, iter:30, loss: 0.1532, lr: 0.0008550178566873413
2026-01-20 23:50:59 - train: epoch 26, iter:40, loss: 0.1344, lr: 0.0008550178566873413
2026-01-20 23:51:02 - train: epoch 26, iter:50, loss: 0.1167, lr: 0.0008550178566873413
2026-01-20 23:51:05 - train: epoch 26, iter:60, loss: 0.1252, lr: 0.0008550178566873413
2026-01-20 23:51:08 - train: epoch 26, iter:70, loss: 0.0976, lr: 0.0008550178566873413
2026-01-20 23:51:12 - train: epoch 26, iter:80, loss: 0.1520, lr: 0.0008550178566873413
2026-01-20 23:51:12 - Finish one epoch train: epoch 26, loss: 0.1255, time(s): 25.65
2026-01-20 23:51:13 - idx 0 case patient050_frame01 mean_dice 0.904712 mean_hd95 1.000000
2026-01-20 23:51:14 - idx 1 case patient050_frame12 mean_dice 0.803747 mean_hd95 1.804738
2026-01-20 23:51:15 - idx 2 case patient037_frame01 mean_dice 0.812639 mean_hd95 7.059089
2026-01-20 23:51:16 - idx 3 case patient037_frame12 mean_dice 0.655937 mean_hd95 9.698210
2026-01-20 23:51:18 - idx 4 case patient095_frame01 mean_dice 0.925900 mean_hd95 1.000000
2026-01-20 23:51:19 - idx 5 case patient095_frame12 mean_dice 0.885180 mean_hd95 1.471405
2026-01-20 23:51:20 - idx 6 case patient047_frame01 mean_dice 0.765162 mean_hd95 2.179106
2026-01-20 23:51:21 - idx 7 case patient047_frame09 mean_dice 0.744672 mean_hd95 3.146752
2026-01-20 23:51:22 - idx 8 case patient044_frame01 mean_dice 0.914462 mean_hd95 1.000000
2026-01-20 23:51:24 - idx 9 case patient044_frame11 mean_dice 0.834725 mean_hd95 1.550094
2026-01-20 23:51:25 - idx 10 case patient064_frame01 mean_dice 0.946113 mean_hd95 1.000000
2026-01-20 23:51:26 - idx 11 case patient064_frame12 mean_dice 0.916243 mean_hd95 1.000000
2026-01-20 23:51:27 - idx 12 case patient017_frame01 mean_dice 0.903044 mean_hd95 1.333333
2026-01-20 23:51:28 - idx 13 case patient017_frame09 mean_dice 0.910342 mean_hd95 1.333333
2026-01-20 23:51:29 - idx 14 case patient039_frame01 mean_dice 0.936334 mean_hd95 1.000000
2026-01-20 23:51:30 - idx 15 case patient039_frame10 mean_dice 0.810644 mean_hd95 13.960632
2026-01-20 23:51:30 - idx 16 case patient041_frame01 mean_dice 0.912407 mean_hd95 1.000000
2026-01-20 23:51:31 - idx 17 case patient041_frame11 mean_dice 0.801627 mean_hd95 2.228519
2026-01-20 23:51:32 - idx 18 case patient067_frame01 mean_dice 0.904602 mean_hd95 2.105542
2026-01-20 23:51:34 - idx 19 case patient067_frame10 mean_dice 0.842766 mean_hd95 6.287251
2026-01-20 23:51:34 - Mean class 1 mean_dice 0.809122 mean_hd95 2.045450
2026-01-20 23:51:34 - Mean class 2 mean_dice 0.852269 mean_hd95 2.873639
2026-01-20 23:51:34 - Mean class 3 mean_dice 0.908298 mean_hd95 4.254612
2026-01-20 23:51:34 - val epoch: 26, mean_dice: 0.8565629680507381, mean_hd95: 3.057900188220773, time(s): 21.81
2026-01-20 23:51:34 - train: epoch 27, iter:0, loss: 0.1459, lr: 0.0008438508174347012
2026-01-20 23:51:38 - train: epoch 27, iter:10, loss: 0.1329, lr: 0.0008438508174347012
2026-01-20 23:51:41 - train: epoch 27, iter:20, loss: 0.1209, lr: 0.0008438508174347012
2026-01-20 23:51:44 - train: epoch 27, iter:30, loss: 0.1145, lr: 0.0008438508174347012
2026-01-20 23:51:47 - train: epoch 27, iter:40, loss: 0.1994, lr: 0.0008438508174347012
2026-01-20 23:51:50 - train: epoch 27, iter:50, loss: 0.1106, lr: 0.0008438508174347012
2026-01-20 23:51:53 - train: epoch 27, iter:60, loss: 0.1285, lr: 0.0008438508174347012
2026-01-20 23:51:57 - train: epoch 27, iter:70, loss: 0.1205, lr: 0.0008438508174347012
2026-01-20 23:52:00 - train: epoch 27, iter:80, loss: 0.1186, lr: 0.0008438508174347012
2026-01-20 23:52:00 - Finish one epoch train: epoch 27, loss: 0.1265, time(s): 25.86
2026-01-20 23:52:01 - idx 0 case patient050_frame01 mean_dice 0.892904 mean_hd95 1.471405
2026-01-20 23:52:02 - idx 1 case patient050_frame12 mean_dice 0.840119 mean_hd95 2.325908
2026-01-20 23:52:03 - idx 2 case patient037_frame01 mean_dice 0.827987 mean_hd95 5.944120
2026-01-20 23:52:04 - idx 3 case patient037_frame12 mean_dice 0.731902 mean_hd95 2.561853
2026-01-20 23:52:06 - idx 4 case patient095_frame01 mean_dice 0.931366 mean_hd95 1.000000
2026-01-20 23:52:08 - idx 5 case patient095_frame12 mean_dice 0.900716 mean_hd95 1.276142
2026-01-20 23:52:09 - idx 6 case patient047_frame01 mean_dice 0.883977 mean_hd95 1.276142
2026-01-20 23:52:10 - idx 7 case patient047_frame09 mean_dice 0.824592 mean_hd95 2.233390
2026-01-20 23:52:11 - idx 8 case patient044_frame01 mean_dice 0.912561 mean_hd95 1.000000
2026-01-20 23:52:13 - idx 9 case patient044_frame11 mean_dice 0.850713 mean_hd95 1.564322
2026-01-20 23:52:14 - idx 10 case patient064_frame01 mean_dice 0.942857 mean_hd95 1.000000
2026-01-20 23:52:15 - idx 11 case patient064_frame12 mean_dice 0.854701 mean_hd95 1.412023
2026-01-20 23:52:16 - idx 12 case patient017_frame01 mean_dice 0.885165 mean_hd95 1.609476
2026-01-20 23:52:18 - idx 13 case patient017_frame09 mean_dice 0.904418 mean_hd95 1.483163
2026-01-20 23:52:19 - idx 14 case patient039_frame01 mean_dice 0.931870 mean_hd95 1.000000
2026-01-20 23:52:20 - idx 15 case patient039_frame10 mean_dice 0.809757 mean_hd95 2.000000
2026-01-20 23:52:20 - idx 16 case patient041_frame01 mean_dice 0.900827 mean_hd95 1.000000
2026-01-20 23:52:21 - idx 17 case patient041_frame11 mean_dice 0.822443 mean_hd95 1.688165
2026-01-20 23:52:23 - idx 18 case patient067_frame01 mean_dice 0.910871 mean_hd95 1.138071
2026-01-20 23:52:24 - idx 19 case patient067_frame10 mean_dice 0.899755 mean_hd95 1.000000
2026-01-20 23:52:24 - Mean class 1 mean_dice 0.851953 mean_hd95 1.812057
2026-01-20 23:52:24 - Mean class 2 mean_dice 0.858477 mean_hd95 1.368253
2026-01-20 23:52:24 - Mean class 3 mean_dice 0.908495 mean_hd95 1.917317
2026-01-20 23:52:24 - val epoch: 27, mean_dice: 0.8729750996601812, mean_hd95: 1.6992089759795184, time(s): 24.20
2026-01-20 23:52:25 - train: epoch 28, iter:0, loss: 0.1082, lr: 0.000832349373335208
2026-01-20 23:52:29 - train: epoch 28, iter:10, loss: 0.1034, lr: 0.000832349373335208
2026-01-20 23:52:32 - train: epoch 28, iter:20, loss: 0.1236, lr: 0.000832349373335208
2026-01-20 23:52:35 - train: epoch 28, iter:30, loss: 0.1065, lr: 0.000832349373335208
2026-01-20 23:52:38 - train: epoch 28, iter:40, loss: 0.1067, lr: 0.000832349373335208
2026-01-20 23:52:42 - train: epoch 28, iter:50, loss: 0.1129, lr: 0.000832349373335208
2026-01-20 23:52:45 - train: epoch 28, iter:60, loss: 0.1049, lr: 0.000832349373335208
2026-01-20 23:52:48 - train: epoch 28, iter:70, loss: 0.1155, lr: 0.000832349373335208
2026-01-20 23:52:51 - train: epoch 28, iter:80, loss: 0.1325, lr: 0.000832349373335208
2026-01-20 23:52:51 - Finish one epoch train: epoch 28, loss: 0.1160, time(s): 26.26
2026-01-20 23:52:52 - idx 0 case patient050_frame01 mean_dice 0.885537 mean_hd95 1.276142
2026-01-20 23:52:54 - idx 1 case patient050_frame12 mean_dice 0.826725 mean_hd95 1.550094
2026-01-20 23:52:54 - idx 2 case patient037_frame01 mean_dice 0.822196 mean_hd95 6.336452
2026-01-20 23:52:55 - idx 3 case patient037_frame12 mean_dice 0.765809 mean_hd95 2.471405
2026-01-20 23:52:57 - idx 4 case patient095_frame01 mean_dice 0.935763 mean_hd95 1.000000
2026-01-20 23:52:58 - idx 5 case patient095_frame12 mean_dice 0.882272 mean_hd95 1.794111
2026-01-20 23:52:59 - idx 6 case patient047_frame01 mean_dice 0.884632 mean_hd95 1.621234
2026-01-20 23:53:01 - idx 7 case patient047_frame09 mean_dice 0.812916 mean_hd95 2.699673
2026-01-20 23:53:02 - idx 8 case patient044_frame01 mean_dice 0.913479 mean_hd95 1.000000
2026-01-20 23:53:03 - idx 9 case patient044_frame11 mean_dice 0.826351 mean_hd95 1.720759
2026-01-20 23:53:04 - idx 10 case patient064_frame01 mean_dice 0.948092 mean_hd95 1.000000
2026-01-20 23:53:05 - idx 11 case patient064_frame12 mean_dice 0.927048 mean_hd95 1.000000
2026-01-20 23:53:06 - idx 12 case patient017_frame01 mean_dice 0.897577 mean_hd95 1.483163
2026-01-20 23:53:07 - idx 13 case patient017_frame09 mean_dice 0.907242 mean_hd95 1.483163
2026-01-20 23:53:09 - idx 14 case patient039_frame01 mean_dice 0.936228 mean_hd95 1.000000
2026-01-20 23:53:10 - idx 15 case patient039_frame10 mean_dice 0.860821 mean_hd95 8.033469
2026-01-20 23:53:11 - idx 16 case patient041_frame01 mean_dice 0.902374 mean_hd95 1.000000
2026-01-20 23:53:11 - idx 17 case patient041_frame11 mean_dice 0.808738 mean_hd95 2.157379
2026-01-20 23:53:12 - idx 18 case patient067_frame01 mean_dice 0.918954 mean_hd95 1.000000
2026-01-20 23:53:14 - idx 19 case patient067_frame10 mean_dice 0.886912 mean_hd95 1.913886
2026-01-20 23:53:14 - Mean class 1 mean_dice 0.839934 mean_hd95 2.056206
2026-01-20 23:53:14 - Mean class 2 mean_dice 0.868095 mean_hd95 1.236067
2026-01-20 23:53:14 - Mean class 3 mean_dice 0.924421 mean_hd95 2.938866
2026-01-20 23:53:14 - val epoch: 28, mean_dice: 0.8774834031221165, mean_hd95: 2.0770464998820475, time(s): 22.64
2026-01-20 23:53:15 - train: epoch 29, iter:0, loss: 0.1269, lr: 0.0008205248749256018
2026-01-20 23:53:18 - train: epoch 29, iter:10, loss: 0.1210, lr: 0.0008205248749256018
2026-01-20 23:53:22 - train: epoch 29, iter:20, loss: 0.1018, lr: 0.0008205248749256018
2026-01-20 23:53:25 - train: epoch 29, iter:30, loss: 0.1419, lr: 0.0008205248749256018
2026-01-20 23:53:28 - train: epoch 29, iter:40, loss: 0.1193, lr: 0.0008205248749256018
2026-01-20 23:53:31 - train: epoch 29, iter:50, loss: 0.1760, lr: 0.0008205248749256018
2026-01-20 23:53:35 - train: epoch 29, iter:60, loss: 0.1124, lr: 0.0008205248749256018
2026-01-20 23:53:38 - train: epoch 29, iter:70, loss: 0.1260, lr: 0.0008205248749256018
2026-01-20 23:53:41 - train: epoch 29, iter:80, loss: 0.1328, lr: 0.0008205248749256018
2026-01-20 23:53:41 - Finish one epoch train: epoch 29, loss: 0.1187, time(s): 26.55
2026-01-20 23:53:43 - idx 0 case patient050_frame01 mean_dice 0.889337 mean_hd95 1.550094
2026-01-20 23:53:44 - idx 1 case patient050_frame12 mean_dice 0.848012 mean_hd95 1.688165
2026-01-20 23:53:45 - idx 2 case patient037_frame01 mean_dice 0.862880 mean_hd95 1.412023
2026-01-20 23:53:46 - idx 3 case patient037_frame12 mean_dice 0.727668 mean_hd95 2.848371
2026-01-20 23:53:47 - idx 4 case patient095_frame01 mean_dice 0.940579 mean_hd95 1.000000
2026-01-20 23:53:49 - idx 5 case patient095_frame12 mean_dice 0.877159 mean_hd95 1.747547
2026-01-20 23:53:50 - idx 6 case patient047_frame01 mean_dice 0.896358 mean_hd95 1.138071
2026-01-20 23:53:51 - idx 7 case patient047_frame09 mean_dice 0.868367 mean_hd95 1.382088
2026-01-20 23:53:52 - idx 8 case patient044_frame01 mean_dice 0.914917 mean_hd95 1.000000
2026-01-20 23:53:53 - idx 9 case patient044_frame11 mean_dice 0.844370 mean_hd95 1.382088
2026-01-20 23:53:54 - idx 10 case patient064_frame01 mean_dice 0.942601 mean_hd95 1.000000
2026-01-20 23:53:55 - idx 11 case patient064_frame12 mean_dice 0.888346 mean_hd95 1.471405
2026-01-20 23:53:56 - idx 12 case patient017_frame01 mean_dice 0.894284 mean_hd95 1.333333
2026-01-20 23:53:57 - idx 13 case patient017_frame09 mean_dice 0.914442 mean_hd95 1.333333
2026-01-20 23:53:58 - idx 14 case patient039_frame01 mean_dice 0.929502 mean_hd95 1.000000
2026-01-20 23:53:59 - idx 15 case patient039_frame10 mean_dice 0.705060 mean_hd95 2.899916
2026-01-20 23:54:00 - idx 16 case patient041_frame01 mean_dice 0.916695 mean_hd95 1.000000
2026-01-20 23:54:01 - idx 17 case patient041_frame11 mean_dice 0.828400 mean_hd95 1.656040
2026-01-20 23:54:02 - idx 18 case patient067_frame01 mean_dice 0.909062 mean_hd95 1.000000
2026-01-20 23:54:03 - idx 19 case patient067_frame10 mean_dice 0.915450 mean_hd95 1.000000
2026-01-20 23:54:03 - Mean class 1 mean_dice 0.859200 mean_hd95 1.646426
2026-01-20 23:54:03 - Mean class 2 mean_dice 0.856455 mean_hd95 1.318582
2026-01-20 23:54:03 - Mean class 3 mean_dice 0.911369 mean_hd95 1.361364
2026-01-20 23:54:03 - val epoch: 29, mean_dice: 0.8756744876046483, mean_hd95: 1.4421236937967816, time(s): 21.90
2026-01-20 23:54:04 - train: epoch 30, iter:0, loss: 0.0997, lr: 0.0008083889915582238
2026-01-20 23:54:07 - train: epoch 30, iter:10, loss: 0.1265, lr: 0.0008083889915582238
2026-01-20 23:54:10 - train: epoch 30, iter:20, loss: 0.0980, lr: 0.0008083889915582238
2026-01-20 23:54:13 - train: epoch 30, iter:30, loss: 0.1017, lr: 0.0008083889915582238
2026-01-20 23:54:17 - train: epoch 30, iter:40, loss: 0.0998, lr: 0.0008083889915582238
2026-01-20 23:54:20 - train: epoch 30, iter:50, loss: 0.1510, lr: 0.0008083889915582238
2026-01-20 23:54:23 - train: epoch 30, iter:60, loss: 0.1011, lr: 0.0008083889915582238
2026-01-20 23:54:26 - train: epoch 30, iter:70, loss: 0.1027, lr: 0.0008083889915582238
2026-01-20 23:54:29 - train: epoch 30, iter:80, loss: 0.1134, lr: 0.0008083889915582238
2026-01-20 23:54:30 - Finish one epoch train: epoch 30, loss: 0.1150, time(s): 25.79
2026-01-20 23:54:31 - idx 0 case patient050_frame01 mean_dice 0.872097 mean_hd95 1.621234
2026-01-20 23:54:32 - idx 1 case patient050_frame12 mean_dice 0.779805 mean_hd95 9.649695
2026-01-20 23:54:33 - idx 2 case patient037_frame01 mean_dice 0.825123 mean_hd95 6.844075
2026-01-20 23:54:34 - idx 3 case patient037_frame12 mean_dice 0.701038 mean_hd95 7.938100
2026-01-20 23:54:35 - idx 4 case patient095_frame01 mean_dice 0.933335 mean_hd95 1.000000
2026-01-20 23:54:37 - idx 5 case patient095_frame12 mean_dice 0.866787 mean_hd95 5.499087
2026-01-20 23:54:38 - idx 6 case patient047_frame01 mean_dice 0.882567 mean_hd95 1.471405
2026-01-20 23:54:39 - idx 7 case patient047_frame09 mean_dice 0.807180 mean_hd95 2.683687
2026-01-20 23:54:40 - idx 8 case patient044_frame01 mean_dice 0.920602 mean_hd95 1.000000
2026-01-20 23:54:41 - idx 9 case patient044_frame11 mean_dice 0.825538 mean_hd95 1.858830
2026-01-20 23:54:42 - idx 10 case patient064_frame01 mean_dice 0.949883 mean_hd95 1.000000
2026-01-20 23:54:44 - idx 11 case patient064_frame12 mean_dice 0.925170 mean_hd95 1.000000
2026-01-20 23:54:45 - idx 12 case patient017_frame01 mean_dice 0.905585 mean_hd95 1.333333
2026-01-20 23:54:46 - idx 13 case patient017_frame09 mean_dice 0.913297 mean_hd95 1.412023
2026-01-20 23:54:47 - idx 14 case patient039_frame01 mean_dice 0.935731 mean_hd95 1.000000
2026-01-20 23:54:48 - idx 15 case patient039_frame10 mean_dice 0.849116 mean_hd95 11.710480
2026-01-20 23:54:48 - idx 16 case patient041_frame01 mean_dice 0.904783 mean_hd95 1.000000
2026-01-20 23:54:49 - idx 17 case patient041_frame11 mean_dice 0.823832 mean_hd95 1.829837
2026-01-20 23:54:50 - idx 18 case patient067_frame01 mean_dice 0.915362 mean_hd95 1.000000
2026-01-20 23:54:52 - idx 19 case patient067_frame10 mean_dice 0.893780 mean_hd95 1.000000
2026-01-20 23:54:52 - Mean class 1 mean_dice 0.826573 mean_hd95 3.206760
2026-01-20 23:54:52 - Mean class 2 mean_dice 0.867539 mean_hd95 1.651594
2026-01-20 23:54:52 - Mean class 3 mean_dice 0.920480 mean_hd95 4.419413
2026-01-20 23:54:52 - val epoch: 30, mean_dice: 0.8715305597240999, mean_hd95: 3.0925892954687044, time(s): 22.15
2026-01-20 23:54:53 - train: epoch 31, iter:0, loss: 0.1210, lr: 0.0007959536998847747
2026-01-20 23:54:56 - train: epoch 31, iter:10, loss: 0.1250, lr: 0.0007959536998847747
2026-01-20 23:54:59 - train: epoch 31, iter:20, loss: 0.1002, lr: 0.0007959536998847747
2026-01-20 23:55:02 - train: epoch 31, iter:30, loss: 0.0956, lr: 0.0007959536998847747
2026-01-20 23:55:05 - train: epoch 31, iter:40, loss: 0.1359, lr: 0.0007959536998847747
2026-01-20 23:55:08 - train: epoch 31, iter:50, loss: 0.1695, lr: 0.0007959536998847747
2026-01-20 23:55:11 - train: epoch 31, iter:60, loss: 0.1029, lr: 0.0007959536998847747
2026-01-20 23:55:14 - train: epoch 31, iter:70, loss: 0.1056, lr: 0.0007959536998847747
2026-01-20 23:55:17 - train: epoch 31, iter:80, loss: 0.1854, lr: 0.0007959536998847747
2026-01-20 23:55:18 - Finish one epoch train: epoch 31, loss: 0.1181, time(s): 25.24
2026-01-20 23:55:19 - idx 0 case patient050_frame01 mean_dice 0.850216 mean_hd95 3.441518
2026-01-20 23:55:20 - idx 1 case patient050_frame12 mean_dice 0.846292 mean_hd95 2.132782
2026-01-20 23:55:21 - idx 2 case patient037_frame01 mean_dice 0.845265 mean_hd95 1.412023
2026-01-20 23:55:22 - idx 3 case patient037_frame12 mean_dice 0.752696 mean_hd95 4.075746
2026-01-20 23:55:23 - idx 4 case patient095_frame01 mean_dice 0.932486 mean_hd95 1.000000
2026-01-20 23:55:25 - idx 5 case patient095_frame12 mean_dice 0.879630 mean_hd95 1.621234
2026-01-20 23:55:26 - idx 6 case patient047_frame01 mean_dice 0.884279 mean_hd95 1.333333
2026-01-20 23:55:27 - idx 7 case patient047_frame09 mean_dice 0.847233 mean_hd95 1.962117
2026-01-20 23:55:28 - idx 8 case patient044_frame01 mean_dice 0.920322 mean_hd95 1.000000
2026-01-20 23:55:29 - idx 9 case patient044_frame11 mean_dice 0.852614 mean_hd95 1.858830
2026-01-20 23:55:30 - idx 10 case patient064_frame01 mean_dice 0.946022 mean_hd95 1.000000
2026-01-20 23:55:32 - idx 11 case patient064_frame12 mean_dice 0.888473 mean_hd95 1.138071
2026-01-20 23:55:33 - idx 12 case patient017_frame01 mean_dice 0.900808 mean_hd95 1.412023
2026-01-20 23:55:34 - idx 13 case patient017_frame09 mean_dice 0.917064 mean_hd95 1.333333
2026-01-20 23:55:35 - idx 14 case patient039_frame01 mean_dice 0.939560 mean_hd95 1.000000
2026-01-20 23:55:36 - idx 15 case patient039_frame10 mean_dice 0.871095 mean_hd95 1.138071
2026-01-20 23:55:36 - idx 16 case patient041_frame01 mean_dice 0.904946 mean_hd95 1.000000
2026-01-20 23:55:37 - idx 17 case patient041_frame11 mean_dice 0.852494 mean_hd95 1.333333
2026-01-20 23:55:38 - idx 18 case patient067_frame01 mean_dice 0.905966 mean_hd95 1.138071
2026-01-20 23:55:39 - idx 19 case patient067_frame10 mean_dice 0.924514 mean_hd95 1.000000
2026-01-20 23:55:39 - Mean class 1 mean_dice 0.865200 mean_hd95 1.825101
2026-01-20 23:55:39 - Mean class 2 mean_dice 0.860572 mean_hd95 1.497148
2026-01-20 23:55:39 - Mean class 3 mean_dice 0.923525 mean_hd95 1.377325
2026-01-20 23:55:39 - val epoch: 31, mean_dice: 0.8830987918903551, mean_hd95: 1.5665243266734918, time(s): 21.90
2026-01-20 23:55:41 - train: epoch 32, iter:0, loss: 0.1178, lr: 0.0007832312720368051
2026-01-20 23:55:44 - train: epoch 32, iter:10, loss: 0.1446, lr: 0.0007832312720368051
2026-01-20 23:55:47 - train: epoch 32, iter:20, loss: 0.0990, lr: 0.0007832312720368051
2026-01-20 23:55:51 - train: epoch 32, iter:30, loss: 0.1174, lr: 0.0007832312720368051
2026-01-20 23:55:54 - train: epoch 32, iter:40, loss: 0.0972, lr: 0.0007832312720368051
2026-01-20 23:55:57 - train: epoch 32, iter:50, loss: 0.1183, lr: 0.0007832312720368051
2026-01-20 23:56:00 - train: epoch 32, iter:60, loss: 0.1453, lr: 0.0007832312720368051
2026-01-20 23:56:04 - train: epoch 32, iter:70, loss: 0.1063, lr: 0.0007832312720368051
2026-01-20 23:56:07 - train: epoch 32, iter:80, loss: 0.1632, lr: 0.0007832312720368051
2026-01-20 23:56:07 - Finish one epoch train: epoch 32, loss: 0.1178, time(s): 26.67
2026-01-20 23:56:08 - idx 0 case patient050_frame01 mean_dice 0.877417 mean_hd95 7.824341
2026-01-20 23:56:09 - idx 1 case patient050_frame12 mean_dice 0.824602 mean_hd95 8.521673
2026-01-20 23:56:10 - idx 2 case patient037_frame01 mean_dice 0.820314 mean_hd95 6.742455
2026-01-20 23:56:11 - idx 3 case patient037_frame12 mean_dice 0.718709 mean_hd95 7.390187
2026-01-20 23:56:13 - idx 4 case patient095_frame01 mean_dice 0.931725 mean_hd95 1.000000
2026-01-20 23:56:14 - idx 5 case patient095_frame12 mean_dice 0.873442 mean_hd95 1.804738
2026-01-20 23:56:15 - idx 6 case patient047_frame01 mean_dice 0.892358 mean_hd95 1.471405
2026-01-20 23:56:16 - idx 7 case patient047_frame09 mean_dice 0.821105 mean_hd95 2.016225
2026-01-20 23:56:17 - idx 8 case patient044_frame01 mean_dice 0.909386 mean_hd95 1.000000
2026-01-20 23:56:18 - idx 9 case patient044_frame11 mean_dice 0.854106 mean_hd95 1.550094
2026-01-20 23:56:20 - idx 10 case patient064_frame01 mean_dice 0.950490 mean_hd95 1.000000
2026-01-20 23:56:21 - idx 11 case patient064_frame12 mean_dice 0.919755 mean_hd95 1.000000
2026-01-20 23:56:22 - idx 12 case patient017_frame01 mean_dice 0.917693 mean_hd95 1.244017
2026-01-20 23:56:23 - idx 13 case patient017_frame09 mean_dice 0.921037 mean_hd95 1.333333
2026-01-20 23:56:24 - idx 14 case patient039_frame01 mean_dice 0.937385 mean_hd95 1.000000
2026-01-20 23:56:25 - idx 15 case patient039_frame10 mean_dice 0.864440 mean_hd95 9.786200
2026-01-20 23:56:26 - idx 16 case patient041_frame01 mean_dice 0.911499 mean_hd95 1.000000
2026-01-20 23:56:26 - idx 17 case patient041_frame11 mean_dice 0.811919 mean_hd95 2.078689
2026-01-20 23:56:28 - idx 18 case patient067_frame01 mean_dice 0.902020 mean_hd95 1.000000
2026-01-20 23:56:29 - idx 19 case patient067_frame10 mean_dice 0.895901 mean_hd95 1.412023
2026-01-20 23:56:29 - Mean class 1 mean_dice 0.853208 mean_hd95 3.695901
2026-01-20 23:56:29 - Mean class 2 mean_dice 0.863015 mean_hd95 1.413763
2026-01-20 23:56:29 - Mean class 3 mean_dice 0.917073 mean_hd95 3.916643
2026-01-20 23:56:29 - val epoch: 32, mean_dice: 0.87776512995925, mean_hd95: 3.008768998188941, time(s): 22.29
2026-01-20 23:56:30 - train: epoch 33, iter:0, loss: 0.1430, lr: 0.0007702342635146037
2026-01-20 23:56:33 - train: epoch 33, iter:10, loss: 0.1055, lr: 0.0007702342635146037
2026-01-20 23:56:36 - train: epoch 33, iter:20, loss: 0.1281, lr: 0.0007702342635146037
2026-01-20 23:56:39 - train: epoch 33, iter:30, loss: 0.1243, lr: 0.0007702342635146037
2026-01-20 23:56:42 - train: epoch 33, iter:40, loss: 0.1197, lr: 0.0007702342635146037
2026-01-20 23:56:46 - train: epoch 33, iter:50, loss: 0.1356, lr: 0.0007702342635146037
2026-01-20 23:56:49 - train: epoch 33, iter:60, loss: 0.1063, lr: 0.0007702342635146037
2026-01-20 23:56:52 - train: epoch 33, iter:70, loss: 0.1116, lr: 0.0007702342635146037
2026-01-20 23:56:55 - train: epoch 33, iter:80, loss: 0.1398, lr: 0.0007702342635146037
2026-01-20 23:56:56 - Finish one epoch train: epoch 33, loss: 0.1170, time(s): 25.68
2026-01-20 23:56:57 - idx 0 case patient050_frame01 mean_dice 0.863136 mean_hd95 1.333333
2026-01-20 23:56:58 - idx 1 case patient050_frame12 mean_dice 0.833338 mean_hd95 1.895186
2026-01-20 23:56:59 - idx 2 case patient037_frame01 mean_dice 0.827683 mean_hd95 6.508058
2026-01-20 23:57:00 - idx 3 case patient037_frame12 mean_dice 0.690839 mean_hd95 7.504889
2026-01-20 23:57:02 - idx 4 case patient095_frame01 mean_dice 0.938117 mean_hd95 1.000000
2026-01-20 23:57:04 - idx 5 case patient095_frame12 mean_dice 0.873368 mean_hd95 1.804738
2026-01-20 23:57:05 - idx 6 case patient047_frame01 mean_dice 0.902153 mean_hd95 1.138071
2026-01-20 23:57:06 - idx 7 case patient047_frame09 mean_dice 0.850104 mean_hd95 1.804738
2026-01-20 23:57:07 - idx 8 case patient044_frame01 mean_dice 0.912358 mean_hd95 1.000000
2026-01-20 23:57:08 - idx 9 case patient044_frame11 mean_dice 0.866282 mean_hd95 1.412023
2026-01-20 23:57:10 - idx 10 case patient064_frame01 mean_dice 0.948692 mean_hd95 1.000000
2026-01-20 23:57:11 - idx 11 case patient064_frame12 mean_dice 0.874802 mean_hd95 1.412023
2026-01-20 23:57:12 - idx 12 case patient017_frame01 mean_dice 0.886459 mean_hd95 1.471405
2026-01-20 23:57:13 - idx 13 case patient017_frame09 mean_dice 0.918229 mean_hd95 1.244017
2026-01-20 23:57:14 - idx 14 case patient039_frame01 mean_dice 0.930869 mean_hd95 1.000000
2026-01-20 23:57:15 - idx 15 case patient039_frame10 mean_dice 0.738395 mean_hd95 15.373817
2026-01-20 23:57:15 - idx 16 case patient041_frame01 mean_dice 0.909858 mean_hd95 1.000000
2026-01-20 23:57:16 - idx 17 case patient041_frame11 mean_dice 0.824327 mean_hd95 1.936400
2026-01-20 23:57:17 - idx 18 case patient067_frame01 mean_dice 0.915997 mean_hd95 1.000000
2026-01-20 23:57:19 - idx 19 case patient067_frame10 mean_dice 0.908617 mean_hd95 3.070368
2026-01-20 23:57:19 - Mean class 1 mean_dice 0.852891 mean_hd95 1.832024
2026-01-20 23:57:19 - Mean class 2 mean_dice 0.856431 mean_hd95 2.295323
2026-01-20 23:57:19 - Mean class 3 mean_dice 0.902722 mean_hd95 3.959012
2026-01-20 23:57:19 - val epoch: 33, mean_dice: 0.8706811522075419, mean_hd95: 2.6954532344337565, time(s): 23.16
2026-01-20 23:57:20 - train: epoch 34, iter:0, loss: 0.1068, lr: 0.0007569755007964342
2026-01-20 23:57:23 - train: epoch 34, iter:10, loss: 0.0973, lr: 0.0007569755007964342
2026-01-20 23:57:26 - train: epoch 34, iter:20, loss: 0.1041, lr: 0.0007569755007964342
2026-01-20 23:57:29 - train: epoch 34, iter:30, loss: 0.1033, lr: 0.0007569755007964342
2026-01-20 23:57:33 - train: epoch 34, iter:40, loss: 0.0952, lr: 0.0007569755007964342
2026-01-20 23:57:36 - train: epoch 34, iter:50, loss: 0.1049, lr: 0.0007569755007964342
2026-01-20 23:57:39 - train: epoch 34, iter:60, loss: 0.1171, lr: 0.0007569755007964342
2026-01-20 23:57:42 - train: epoch 34, iter:70, loss: 0.1014, lr: 0.0007569755007964342
2026-01-20 23:57:46 - train: epoch 34, iter:80, loss: 0.1716, lr: 0.0007569755007964342
2026-01-20 23:57:46 - Finish one epoch train: epoch 34, loss: 0.1144, time(s): 26.60
2026-01-20 23:57:47 - idx 0 case patient050_frame01 mean_dice 0.879144 mean_hd95 7.182412
2026-01-20 23:57:49 - idx 1 case patient050_frame12 mean_dice 0.809218 mean_hd95 9.833395
2026-01-20 23:57:50 - idx 2 case patient037_frame01 mean_dice 0.834719 mean_hd95 5.613125
2026-01-20 23:57:51 - idx 3 case patient037_frame12 mean_dice 0.764979 mean_hd95 2.484928
2026-01-20 23:57:52 - idx 4 case patient095_frame01 mean_dice 0.935910 mean_hd95 1.000000
2026-01-20 23:57:54 - idx 5 case patient095_frame12 mean_dice 0.889419 mean_hd95 1.488034
2026-01-20 23:57:55 - idx 6 case patient047_frame01 mean_dice 0.906936 mean_hd95 1.000000
2026-01-20 23:57:56 - idx 7 case patient047_frame09 mean_dice 0.836012 mean_hd95 1.804738
2026-01-20 23:57:57 - idx 8 case patient044_frame01 mean_dice 0.922449 mean_hd95 1.000000
2026-01-20 23:57:58 - idx 9 case patient044_frame11 mean_dice 0.835644 mean_hd95 1.483163
2026-01-20 23:58:00 - idx 10 case patient064_frame01 mean_dice 0.945634 mean_hd95 1.000000
2026-01-20 23:58:01 - idx 11 case patient064_frame12 mean_dice 0.896346 mean_hd95 1.244017
2026-01-20 23:58:02 - idx 12 case patient017_frame01 mean_dice 0.902161 mean_hd95 1.138071
2026-01-20 23:58:03 - idx 13 case patient017_frame09 mean_dice 0.924060 mean_hd95 1.138071
2026-01-20 23:58:04 - idx 14 case patient039_frame01 mean_dice 0.938428 mean_hd95 1.000000
2026-01-20 23:58:06 - idx 15 case patient039_frame10 mean_dice 0.826929 mean_hd95 1.804738
2026-01-20 23:58:06 - idx 16 case patient041_frame01 mean_dice 0.901470 mean_hd95 1.000000
2026-01-20 23:58:07 - idx 17 case patient041_frame11 mean_dice 0.852079 mean_hd95 1.138071
2026-01-20 23:58:08 - idx 18 case patient067_frame01 mean_dice 0.920496 mean_hd95 1.000000
2026-01-20 23:58:10 - idx 19 case patient067_frame10 mean_dice 0.918869 mean_hd95 1.000000
2026-01-20 23:58:10 - Mean class 1 mean_dice 0.852853 mean_hd95 3.664673
2026-01-20 23:58:10 - Mean class 2 mean_dice 0.872132 mean_hd95 1.132843
2026-01-20 23:58:10 - Mean class 3 mean_dice 0.921151 mean_hd95 1.855399
2026-01-20 23:58:10 - val epoch: 34, mean_dice: 0.8820450358882551, mean_hd95: 2.21763817254411, time(s): 23.74
2026-01-20 23:58:11 - train: epoch 35, iter:0, loss: 0.0938, lr: 0.0007434680686803494
2026-01-20 23:58:14 - train: epoch 35, iter:10, loss: 0.0962, lr: 0.0007434680686803494
2026-01-20 23:58:17 - train: epoch 35, iter:20, loss: 0.1004, lr: 0.0007434680686803494
2026-01-20 23:58:20 - train: epoch 35, iter:30, loss: 0.1096, lr: 0.0007434680686803494
2026-01-20 23:58:23 - train: epoch 35, iter:40, loss: 0.1729, lr: 0.0007434680686803494
2026-01-20 23:58:26 - train: epoch 35, iter:50, loss: 0.0797, lr: 0.0007434680686803494
2026-01-20 23:58:30 - train: epoch 35, iter:60, loss: 0.1105, lr: 0.0007434680686803494
2026-01-20 23:58:33 - train: epoch 35, iter:70, loss: 0.1005, lr: 0.0007434680686803494
2026-01-20 23:58:36 - train: epoch 35, iter:80, loss: 0.0989, lr: 0.0007434680686803494
2026-01-20 23:58:36 - Finish one epoch train: epoch 35, loss: 0.1082, time(s): 25.81
2026-01-20 23:58:38 - idx 0 case patient050_frame01 mean_dice 0.889397 mean_hd95 1.804738
2026-01-20 23:58:39 - idx 1 case patient050_frame12 mean_dice 0.845169 mean_hd95 1.656040
2026-01-20 23:58:40 - idx 2 case patient037_frame01 mean_dice 0.818756 mean_hd95 7.086841
2026-01-20 23:58:41 - idx 3 case patient037_frame12 mean_dice 0.661100 mean_hd95 7.575193
2026-01-20 23:58:43 - idx 4 case patient095_frame01 mean_dice 0.933407 mean_hd95 1.000000
2026-01-20 23:58:44 - idx 5 case patient095_frame12 mean_dice 0.872535 mean_hd95 1.550094
2026-01-20 23:58:46 - idx 6 case patient047_frame01 mean_dice 0.866359 mean_hd95 1.138071
2026-01-20 23:58:47 - idx 7 case patient047_frame09 mean_dice 0.810630 mean_hd95 1.709653
2026-01-20 23:58:48 - idx 8 case patient044_frame01 mean_dice 0.896756 mean_hd95 1.333333
2026-01-20 23:58:49 - idx 9 case patient044_frame11 mean_dice 0.844036 mean_hd95 1.858830
2026-01-20 23:58:50 - idx 10 case patient064_frame01 mean_dice 0.947434 mean_hd95 1.000000
2026-01-20 23:58:51 - idx 11 case patient064_frame12 mean_dice 0.906623 mean_hd95 1.138071
2026-01-20 23:58:53 - idx 12 case patient017_frame01 mean_dice 0.893655 mean_hd95 1.609476
2026-01-20 23:58:54 - idx 13 case patient017_frame09 mean_dice 0.918272 mean_hd95 1.244017
2026-01-20 23:58:55 - idx 14 case patient039_frame01 mean_dice 0.933640 mean_hd95 1.000000
2026-01-20 23:58:56 - idx 15 case patient039_frame10 mean_dice 0.765005 mean_hd95 13.305968
2026-01-20 23:58:57 - idx 16 case patient041_frame01 mean_dice 0.909982 mean_hd95 1.000000
2026-01-20 23:58:57 - idx 17 case patient041_frame11 mean_dice 0.847306 mean_hd95 1.609476
2026-01-20 23:58:59 - idx 18 case patient067_frame01 mean_dice 0.909283 mean_hd95 1.000000
2026-01-20 23:59:00 - idx 19 case patient067_frame10 mean_dice 0.914857 mean_hd95 1.000000
2026-01-20 23:59:00 - Mean class 1 mean_dice 0.826570 mean_hd95 1.840207
2026-01-20 23:59:00 - Mean class 2 mean_dice 0.867224 mean_hd95 1.781042
2026-01-20 23:59:00 - Mean class 3 mean_dice 0.913836 mean_hd95 3.971721
2026-01-20 23:59:00 - val epoch: 35, mean_dice: 0.8692101598425411, mean_hd95: 2.5309900076646055, time(s): 23.58
2026-01-20 23:59:01 - train: epoch 36, iter:0, loss: 0.1040, lr: 0.0007297252973710761
2026-01-20 23:59:04 - train: epoch 36, iter:10, loss: 0.1072, lr: 0.0007297252973710761
2026-01-20 23:59:07 - train: epoch 36, iter:20, loss: 0.0895, lr: 0.0007297252973710761
2026-01-20 23:59:10 - train: epoch 36, iter:30, loss: 0.1203, lr: 0.0007297252973710761
2026-01-20 23:59:13 - train: epoch 36, iter:40, loss: 0.1520, lr: 0.0007297252973710761
2026-01-20 23:59:17 - train: epoch 36, iter:50, loss: 0.1466, lr: 0.0007297252973710761
2026-01-20 23:59:20 - train: epoch 36, iter:60, loss: 0.1103, lr: 0.0007297252973710761
2026-01-20 23:59:23 - train: epoch 36, iter:70, loss: 0.0994, lr: 0.0007297252973710761
2026-01-20 23:59:27 - train: epoch 36, iter:80, loss: 0.1134, lr: 0.0007297252973710761
2026-01-20 23:59:27 - Finish one epoch train: epoch 36, loss: 0.1174, time(s): 26.38
2026-01-20 23:59:28 - idx 0 case patient050_frame01 mean_dice 0.868674 mean_hd95 2.330463
2026-01-20 23:59:30 - idx 1 case patient050_frame12 mean_dice 0.786059 mean_hd95 2.684913
2026-01-20 23:59:31 - idx 2 case patient037_frame01 mean_dice 0.841412 mean_hd95 1.666667
2026-01-20 23:59:31 - idx 3 case patient037_frame12 mean_dice 0.752278 mean_hd95 7.338525
2026-01-20 23:59:33 - idx 4 case patient095_frame01 mean_dice 0.933079 mean_hd95 1.000000
2026-01-20 23:59:35 - idx 5 case patient095_frame12 mean_dice 0.876168 mean_hd95 1.471405
2026-01-20 23:59:36 - idx 6 case patient047_frame01 mean_dice 0.850590 mean_hd95 1.804738
2026-01-20 23:59:38 - idx 7 case patient047_frame09 mean_dice 0.813856 mean_hd95 7.774134
2026-01-20 23:59:39 - idx 8 case patient044_frame01 mean_dice 0.916809 mean_hd95 1.000000
2026-01-20 23:59:40 - idx 9 case patient044_frame11 mean_dice 0.826895 mean_hd95 1.804738
2026-01-20 23:59:42 - idx 10 case patient064_frame01 mean_dice 0.946267 mean_hd95 1.000000
2026-01-20 23:59:43 - idx 11 case patient064_frame12 mean_dice 0.896092 mean_hd95 1.138071
2026-01-20 23:59:44 - idx 12 case patient017_frame01 mean_dice 0.916522 mean_hd95 1.000000
2026-01-20 23:59:45 - idx 13 case patient017_frame09 mean_dice 0.928655 mean_hd95 1.000000
2026-01-20 23:59:46 - idx 14 case patient039_frame01 mean_dice 0.935996 mean_hd95 1.000000
2026-01-20 23:59:47 - idx 15 case patient039_frame10 mean_dice 0.759408 mean_hd95 2.537256
2026-01-20 23:59:48 - idx 16 case patient041_frame01 mean_dice 0.898012 mean_hd95 1.000000
2026-01-20 23:59:49 - idx 17 case patient041_frame11 mean_dice 0.815095 mean_hd95 2.060514
2026-01-20 23:59:50 - idx 18 case patient067_frame01 mean_dice 0.905857 mean_hd95 1.138071
2026-01-20 23:59:51 - idx 19 case patient067_frame10 mean_dice 0.890269 mean_hd95 1.913886
2026-01-20 23:59:51 - Mean class 1 mean_dice 0.841355 mean_hd95 2.863209
2026-01-20 23:59:51 - Mean class 2 mean_dice 0.851904 mean_hd95 1.474039
2026-01-20 23:59:51 - Mean class 3 mean_dice 0.910440 mean_hd95 2.062259
2026-01-20 23:59:51 - val epoch: 36, mean_dice: 0.867899545120793, mean_hd95: 2.1331689353844507, time(s): 24.31
2026-01-20 23:59:52 - train: epoch 37, iter:0, loss: 0.1215, lr: 0.0007157607493247114
2026-01-20 23:59:55 - train: epoch 37, iter:10, loss: 0.1095, lr: 0.0007157607493247114
2026-01-20 23:59:58 - train: epoch 37, iter:20, loss: 0.0851, lr: 0.0007157607493247114
2026-01-21 00:00:01 - train: epoch 37, iter:30, loss: 0.1338, lr: 0.0007157607493247114
2026-01-21 00:00:04 - train: epoch 37, iter:40, loss: 0.0979, lr: 0.0007157607493247114
2026-01-21 00:00:07 - train: epoch 37, iter:50, loss: 0.1428, lr: 0.0007157607493247114
2026-01-21 00:00:10 - train: epoch 37, iter:60, loss: 0.0951, lr: 0.0007157607493247114
2026-01-21 00:00:13 - train: epoch 37, iter:70, loss: 0.1097, lr: 0.0007157607493247114
2026-01-21 00:00:17 - train: epoch 37, iter:80, loss: 0.0993, lr: 0.0007157607493247114
2026-01-21 00:00:17 - Finish one epoch train: epoch 37, loss: 0.1107, time(s): 24.98
2026-01-21 00:00:18 - idx 0 case patient050_frame01 mean_dice 0.903549 mean_hd95 1.138071
2026-01-21 00:00:19 - idx 1 case patient050_frame12 mean_dice 0.785711 mean_hd95 9.883170
2026-01-21 00:00:20 - idx 2 case patient037_frame01 mean_dice 0.808259 mean_hd95 6.529486
2026-01-21 00:00:21 - idx 3 case patient037_frame12 mean_dice 0.695780 mean_hd95 7.848622
2026-01-21 00:00:22 - idx 4 case patient095_frame01 mean_dice 0.934636 mean_hd95 1.000000
2026-01-21 00:00:24 - idx 5 case patient095_frame12 mean_dice 0.879267 mean_hd95 1.550094
2026-01-21 00:00:25 - idx 6 case patient047_frame01 mean_dice 0.894054 mean_hd95 1.276142
2026-01-21 00:00:26 - idx 7 case patient047_frame09 mean_dice 0.861423 mean_hd95 1.804738
2026-01-21 00:00:27 - idx 8 case patient044_frame01 mean_dice 0.910437 mean_hd95 1.000000
2026-01-21 00:00:28 - idx 9 case patient044_frame11 mean_dice 0.838557 mean_hd95 1.550094
2026-01-21 00:00:29 - idx 10 case patient064_frame01 mean_dice 0.945860 mean_hd95 1.000000
2026-01-21 00:00:31 - idx 11 case patient064_frame12 mean_dice 0.924400 mean_hd95 1.000000
2026-01-21 00:00:32 - idx 12 case patient017_frame01 mean_dice 0.905218 mean_hd95 1.000000
2026-01-21 00:00:33 - idx 13 case patient017_frame09 mean_dice 0.927750 mean_hd95 1.000000
2026-01-21 00:00:34 - idx 14 case patient039_frame01 mean_dice 0.932459 mean_hd95 1.000000
2026-01-21 00:00:35 - idx 15 case patient039_frame10 mean_dice 0.761315 mean_hd95 14.248574
2026-01-21 00:00:35 - idx 16 case patient041_frame01 mean_dice 0.915323 mean_hd95 1.000000
2026-01-21 00:00:36 - idx 17 case patient041_frame11 mean_dice 0.847831 mean_hd95 1.715421
2026-01-21 00:00:37 - idx 18 case patient067_frame01 mean_dice 0.922746 mean_hd95 1.000000
2026-01-21 00:00:38 - idx 19 case patient067_frame10 mean_dice 0.904544 mean_hd95 1.000000
2026-01-21 00:00:38 - Mean class 1 mean_dice 0.848507 mean_hd95 2.892942
2026-01-21 00:00:38 - Mean class 2 mean_dice 0.864293 mean_hd95 1.841874
2026-01-21 00:00:38 - Mean class 3 mean_dice 0.912067 mean_hd95 3.896845
2026-01-21 00:00:38 - val epoch: 37, mean_dice: 0.8749558697260023, mean_hd95: 2.8772206473006876, time(s): 21.72
2026-01-21 00:00:39 - train: epoch 38, iter:0, loss: 0.0920, lr: 0.0007015882058642168
2026-01-21 00:00:42 - train: epoch 38, iter:10, loss: 0.1768, lr: 0.0007015882058642168
2026-01-21 00:00:46 - train: epoch 38, iter:20, loss: 0.0907, lr: 0.0007015882058642168
2026-01-21 00:00:49 - train: epoch 38, iter:30, loss: 0.1104, lr: 0.0007015882058642168
2026-01-21 00:00:52 - train: epoch 38, iter:40, loss: 0.1108, lr: 0.0007015882058642168
2026-01-21 00:00:56 - train: epoch 38, iter:50, loss: 0.0950, lr: 0.0007015882058642168
2026-01-21 00:00:59 - train: epoch 38, iter:60, loss: 0.1051, lr: 0.0007015882058642168
2026-01-21 00:01:03 - train: epoch 38, iter:70, loss: 0.1261, lr: 0.0007015882058642168
2026-01-21 00:01:06 - train: epoch 38, iter:80, loss: 0.1246, lr: 0.0007015882058642168
2026-01-21 00:01:06 - Finish one epoch train: epoch 38, loss: 0.1097, time(s): 27.46
2026-01-21 00:01:08 - idx 0 case patient050_frame01 mean_dice 0.878050 mean_hd95 1.244017
2026-01-21 00:01:09 - idx 1 case patient050_frame12 mean_dice 0.854731 mean_hd95 1.550094
2026-01-21 00:01:10 - idx 2 case patient037_frame01 mean_dice 0.838268 mean_hd95 6.576163
2026-01-21 00:01:11 - idx 3 case patient037_frame12 mean_dice 0.767167 mean_hd95 2.186826
2026-01-21 00:01:12 - idx 4 case patient095_frame01 mean_dice 0.936408 mean_hd95 1.000000
2026-01-21 00:01:14 - idx 5 case patient095_frame12 mean_dice 0.866787 mean_hd95 1.804738
2026-01-21 00:01:15 - idx 6 case patient047_frame01 mean_dice 0.884209 mean_hd95 1.138071
2026-01-21 00:01:16 - idx 7 case patient047_frame09 mean_dice 0.844382 mean_hd95 1.666667
2026-01-21 00:01:17 - idx 8 case patient044_frame01 mean_dice 0.912488 mean_hd95 1.000000
2026-01-21 00:01:18 - idx 9 case patient044_frame11 mean_dice 0.845801 mean_hd95 1.515576
2026-01-21 00:01:20 - idx 10 case patient064_frame01 mean_dice 0.945981 mean_hd95 1.000000
2026-01-21 00:01:21 - idx 11 case patient064_frame12 mean_dice 0.911546 mean_hd95 1.000000
2026-01-21 00:01:22 - idx 12 case patient017_frame01 mean_dice 0.893151 mean_hd95 1.666667
2026-01-21 00:01:23 - idx 13 case patient017_frame09 mean_dice 0.919140 mean_hd95 1.412023
2026-01-21 00:01:24 - idx 14 case patient039_frame01 mean_dice 0.934017 mean_hd95 1.000000
2026-01-21 00:01:25 - idx 15 case patient039_frame10 mean_dice 0.797965 mean_hd95 1.715421
2026-01-21 00:01:26 - idx 16 case patient041_frame01 mean_dice 0.913652 mean_hd95 1.000000
2026-01-21 00:01:27 - idx 17 case patient041_frame11 mean_dice 0.876542 mean_hd95 1.138071
2026-01-21 00:01:28 - idx 18 case patient067_frame01 mean_dice 0.915357 mean_hd95 1.000000
2026-01-21 00:01:29 - idx 19 case patient067_frame10 mean_dice 0.889437 mean_hd95 5.000000
2026-01-21 00:01:29 - Mean class 1 mean_dice 0.859368 mean_hd95 1.588964
2026-01-21 00:01:29 - Mean class 2 mean_dice 0.864600 mean_hd95 1.871252
2026-01-21 00:01:29 - Mean class 3 mean_dice 0.919794 mean_hd95 1.881934
2026-01-21 00:01:29 - val epoch: 38, mean_dice: 0.8812539304086701, mean_hd95: 1.7807166990594654, time(s): 22.65
2026-01-21 00:01:30 - train: epoch 39, iter:0, loss: 0.1082, lr: 0.0006872216535789162
2026-01-21 00:01:33 - train: epoch 39, iter:10, loss: 0.1266, lr: 0.0006872216535789162
2026-01-21 00:01:36 - train: epoch 39, iter:20, loss: 0.0930, lr: 0.0006872216535789162
2026-01-21 00:01:39 - train: epoch 39, iter:30, loss: 0.1302, lr: 0.0006872216535789162
2026-01-21 00:01:42 - train: epoch 39, iter:40, loss: 0.1161, lr: 0.0006872216535789162
2026-01-21 00:01:46 - train: epoch 39, iter:50, loss: 0.1377, lr: 0.0006872216535789162
2026-01-21 00:01:49 - train: epoch 39, iter:60, loss: 0.0948, lr: 0.0006872216535789162
2026-01-21 00:01:52 - train: epoch 39, iter:70, loss: 0.1024, lr: 0.0006872216535789162
2026-01-21 00:01:55 - train: epoch 39, iter:80, loss: 0.0956, lr: 0.0006872216535789162
2026-01-21 00:01:55 - Finish one epoch train: epoch 39, loss: 0.1125, time(s): 25.62
2026-01-21 00:01:57 - idx 0 case patient050_frame01 mean_dice 0.863861 mean_hd95 1.858830
2026-01-21 00:01:58 - idx 1 case patient050_frame12 mean_dice 0.836979 mean_hd95 2.665596
2026-01-21 00:01:59 - idx 2 case patient037_frame01 mean_dice 0.829170 mean_hd95 5.240590
2026-01-21 00:02:00 - idx 3 case patient037_frame12 mean_dice 0.716671 mean_hd95 3.143909
2026-01-21 00:02:02 - idx 4 case patient095_frame01 mean_dice 0.935976 mean_hd95 1.000000
2026-01-21 00:02:03 - idx 5 case patient095_frame12 mean_dice 0.901870 mean_hd95 1.382088
2026-01-21 00:02:05 - idx 6 case patient047_frame01 mean_dice 0.891420 mean_hd95 1.276142
2026-01-21 00:02:06 - idx 7 case patient047_frame09 mean_dice 0.808748 mean_hd95 2.412023
2026-01-21 00:02:07 - idx 8 case patient044_frame01 mean_dice 0.919719 mean_hd95 1.000000
2026-01-21 00:02:08 - idx 9 case patient044_frame11 mean_dice 0.825453 mean_hd95 2.051957
2026-01-21 00:02:09 - idx 10 case patient064_frame01 mean_dice 0.949092 mean_hd95 1.000000
2026-01-21 00:02:11 - idx 11 case patient064_frame12 mean_dice 0.917162 mean_hd95 1.138071
2026-01-21 00:02:12 - idx 12 case patient017_frame01 mean_dice 0.909837 mean_hd95 1.138071
2026-01-21 00:02:13 - idx 13 case patient017_frame09 mean_dice 0.921763 mean_hd95 1.138071
2026-01-21 00:02:14 - idx 14 case patient039_frame01 mean_dice 0.934818 mean_hd95 1.000000
2026-01-21 00:02:15 - idx 15 case patient039_frame10 mean_dice 0.724500 mean_hd95 18.166631
2026-01-21 00:02:15 - idx 16 case patient041_frame01 mean_dice 0.902730 mean_hd95 1.000000
2026-01-21 00:02:16 - idx 17 case patient041_frame11 mean_dice 0.815832 mean_hd95 2.228519
2026-01-21 00:02:17 - idx 18 case patient067_frame01 mean_dice 0.918426 mean_hd95 1.000000
2026-01-21 00:02:19 - idx 19 case patient067_frame10 mean_dice 0.914082 mean_hd95 1.000000
2026-01-21 00:02:19 - Mean class 1 mean_dice 0.853671 mean_hd95 2.268947
2026-01-21 00:02:19 - Mean class 2 mean_dice 0.857645 mean_hd95 2.242044
2026-01-21 00:02:19 - Mean class 3 mean_dice 0.904400 mean_hd95 3.115083
2026-01-21 00:02:19 - val epoch: 39, mean_dice: 0.8719054443270644, mean_hd95: 2.5420249673115056, time(s): 23.25
2026-01-21 00:02:20 - train: epoch 40, iter:0, loss: 0.1088, lr: 0.0006726752705214198
2026-01-21 00:02:23 - train: epoch 40, iter:10, loss: 0.0983, lr: 0.0006726752705214198
2026-01-21 00:02:26 - train: epoch 40, iter:20, loss: 0.1090, lr: 0.0006726752705214198
2026-01-21 00:02:29 - train: epoch 40, iter:30, loss: 0.1223, lr: 0.0006726752705214198
2026-01-21 00:02:32 - train: epoch 40, iter:40, loss: 0.1296, lr: 0.0006726752705214198
2026-01-21 00:02:35 - train: epoch 40, iter:50, loss: 0.1048, lr: 0.0006726752705214198
2026-01-21 00:02:38 - train: epoch 40, iter:60, loss: 0.0820, lr: 0.0006726752705214198
2026-01-21 00:02:41 - train: epoch 40, iter:70, loss: 0.1218, lr: 0.0006726752705214198
2026-01-21 00:02:44 - train: epoch 40, iter:80, loss: 0.0970, lr: 0.0006726752705214198
2026-01-21 00:02:44 - Finish one epoch train: epoch 40, loss: 0.1085, time(s): 25.24
2026-01-21 00:02:46 - idx 0 case patient050_frame01 mean_dice 0.880845 mean_hd95 3.417497
2026-01-21 00:02:47 - idx 1 case patient050_frame12 mean_dice 0.809059 mean_hd95 2.159570
2026-01-21 00:02:48 - idx 2 case patient037_frame01 mean_dice 0.851461 mean_hd95 1.412023
2026-01-21 00:02:49 - idx 3 case patient037_frame12 mean_dice 0.771796 mean_hd95 2.216761
2026-01-21 00:02:51 - idx 4 case patient095_frame01 mean_dice 0.937163 mean_hd95 1.000000
2026-01-21 00:02:52 - idx 5 case patient095_frame12 mean_dice 0.895191 mean_hd95 1.276142
2026-01-21 00:02:53 - idx 6 case patient047_frame01 mean_dice 0.897303 mean_hd95 1.276142
2026-01-21 00:02:54 - idx 7 case patient047_frame09 mean_dice 0.842134 mean_hd95 1.804738
2026-01-21 00:02:55 - idx 8 case patient044_frame01 mean_dice 0.904702 mean_hd95 1.000000
2026-01-21 00:02:56 - idx 9 case patient044_frame11 mean_dice 0.869681 mean_hd95 1.138071
2026-01-21 00:02:58 - idx 10 case patient064_frame01 mean_dice 0.950778 mean_hd95 1.000000
2026-01-21 00:02:59 - idx 11 case patient064_frame12 mean_dice 0.928709 mean_hd95 1.000000
2026-01-21 00:03:00 - idx 12 case patient017_frame01 mean_dice 0.905184 mean_hd95 1.333333
2026-01-21 00:03:01 - idx 13 case patient017_frame09 mean_dice 0.915039 mean_hd95 1.333333
2026-01-21 00:03:02 - idx 14 case patient039_frame01 mean_dice 0.938799 mean_hd95 1.000000
2026-01-21 00:03:03 - idx 15 case patient039_frame10 mean_dice 0.703325 mean_hd95 14.965799
2026-01-21 00:03:03 - idx 16 case patient041_frame01 mean_dice 0.909798 mean_hd95 1.000000
2026-01-21 00:03:04 - idx 17 case patient041_frame11 mean_dice 0.846215 mean_hd95 1.333333
2026-01-21 00:03:05 - idx 18 case patient067_frame01 mean_dice 0.917680 mean_hd95 1.000000
2026-01-21 00:03:07 - idx 19 case patient067_frame10 mean_dice 0.902780 mean_hd95 1.000000
2026-01-21 00:03:07 - Mean class 1 mean_dice 0.862131 mean_hd95 1.848363
2026-01-21 00:03:07 - Mean class 2 mean_dice 0.862842 mean_hd95 1.921188
2026-01-21 00:03:07 - Mean class 3 mean_dice 0.911673 mean_hd95 2.480460
2026-01-21 00:03:07 - val epoch: 40, mean_dice: 0.8788821407836492, mean_hd95: 2.083337133417531, time(s): 22.30
2026-01-21 00:03:08 - train: epoch 41, iter:0, loss: 0.0825, lr: 0.0006579634122155995
2026-01-21 00:03:11 - train: epoch 41, iter:10, loss: 0.0937, lr: 0.0006579634122155995
2026-01-21 00:03:14 - train: epoch 41, iter:20, loss: 0.0980, lr: 0.0006579634122155995
2026-01-21 00:03:17 - train: epoch 41, iter:30, loss: 0.0908, lr: 0.0006579634122155995
2026-01-21 00:03:20 - train: epoch 41, iter:40, loss: 0.0854, lr: 0.0006579634122155995
2026-01-21 00:03:23 - train: epoch 41, iter:50, loss: 0.1183, lr: 0.0006579634122155995
2026-01-21 00:03:27 - train: epoch 41, iter:60, loss: 0.0956, lr: 0.0006579634122155995
2026-01-21 00:03:30 - train: epoch 41, iter:70, loss: 0.1165, lr: 0.0006579634122155995
2026-01-21 00:03:33 - train: epoch 41, iter:80, loss: 0.1130, lr: 0.0006579634122155995
2026-01-21 00:03:33 - Finish one epoch train: epoch 41, loss: 0.1045, time(s): 25.93
2026-01-21 00:03:35 - idx 0 case patient050_frame01 mean_dice 0.875878 mean_hd95 1.550094
2026-01-21 00:03:36 - idx 1 case patient050_frame12 mean_dice 0.777015 mean_hd95 10.710343
2026-01-21 00:03:37 - idx 2 case patient037_frame01 mean_dice 0.809128 mean_hd95 6.551370
2026-01-21 00:03:38 - idx 3 case patient037_frame12 mean_dice 0.726198 mean_hd95 2.933126
2026-01-21 00:03:39 - idx 4 case patient095_frame01 mean_dice 0.935296 mean_hd95 1.000000
2026-01-21 00:03:41 - idx 5 case patient095_frame12 mean_dice 0.886787 mean_hd95 1.609476
2026-01-21 00:03:42 - idx 6 case patient047_frame01 mean_dice 0.888305 mean_hd95 1.804738
2026-01-21 00:03:43 - idx 7 case patient047_frame09 mean_dice 0.815605 mean_hd95 6.754708
2026-01-21 00:03:44 - idx 8 case patient044_frame01 mean_dice 0.922643 mean_hd95 1.000000
2026-01-21 00:03:45 - idx 9 case patient044_frame11 mean_dice 0.825275 mean_hd95 2.041035
2026-01-21 00:03:46 - idx 10 case patient064_frame01 mean_dice 0.945623 mean_hd95 1.000000
2026-01-21 00:03:48 - idx 11 case patient064_frame12 mean_dice 0.919892 mean_hd95 20.263976
2026-01-21 00:03:49 - idx 12 case patient017_frame01 mean_dice 0.920490 mean_hd95 1.000000
2026-01-21 00:03:50 - idx 13 case patient017_frame09 mean_dice 0.927719 mean_hd95 1.000000
2026-01-21 00:03:51 - idx 14 case patient039_frame01 mean_dice 0.932666 mean_hd95 1.000000
2026-01-21 00:03:52 - idx 15 case patient039_frame10 mean_dice 0.837087 mean_hd95 12.848598
2026-01-21 00:03:53 - idx 16 case patient041_frame01 mean_dice 0.903314 mean_hd95 1.000000
2026-01-21 00:03:54 - idx 17 case patient041_frame11 mean_dice 0.825718 mean_hd95 1.745356
2026-01-21 00:03:55 - idx 18 case patient067_frame01 mean_dice 0.923461 mean_hd95 1.138071
2026-01-21 00:03:57 - idx 19 case patient067_frame10 mean_dice 0.869934 mean_hd95 3.852480
2026-01-21 00:03:57 - Mean class 1 mean_dice 0.829418 mean_hd95 3.981711
2026-01-21 00:03:57 - Mean class 2 mean_dice 0.869152 mean_hd95 1.970296
2026-01-21 00:03:57 - Mean class 3 mean_dice 0.921635 mean_hd95 6.168499
2026-01-21 00:03:57 - val epoch: 41, mean_dice: 0.8734015866182198, mean_hd95: 4.040168520175899, time(s): 23.38
2026-01-21 00:03:58 - train: epoch 42, iter:0, loss: 0.1482, lr: 0.000643100597489419
2026-01-21 00:04:01 - train: epoch 42, iter:10, loss: 0.1101, lr: 0.000643100597489419
2026-01-21 00:04:04 - train: epoch 42, iter:20, loss: 0.1059, lr: 0.000643100597489419
2026-01-21 00:04:07 - train: epoch 42, iter:30, loss: 0.0913, lr: 0.000643100597489419
2026-01-21 00:04:10 - train: epoch 42, iter:40, loss: 0.1024, lr: 0.000643100597489419
2026-01-21 00:04:13 - train: epoch 42, iter:50, loss: 0.1144, lr: 0.000643100597489419
2026-01-21 00:04:16 - train: epoch 42, iter:60, loss: 0.1364, lr: 0.000643100597489419
2026-01-21 00:04:20 - train: epoch 42, iter:70, loss: 0.1155, lr: 0.000643100597489419
2026-01-21 00:04:23 - train: epoch 42, iter:80, loss: 0.1078, lr: 0.000643100597489419
2026-01-21 00:04:23 - Finish one epoch train: epoch 42, loss: 0.1099, time(s): 25.95
2026-01-21 00:04:25 - idx 0 case patient050_frame01 mean_dice 0.899333 mean_hd95 1.276142
2026-01-21 00:04:26 - idx 1 case patient050_frame12 mean_dice 0.796065 mean_hd95 2.078689
2026-01-21 00:04:27 - idx 2 case patient037_frame01 mean_dice 0.848932 mean_hd95 1.412023
2026-01-21 00:04:28 - idx 3 case patient037_frame12 mean_dice 0.767673 mean_hd95 2.535184
2026-01-21 00:04:29 - idx 4 case patient095_frame01 mean_dice 0.933638 mean_hd95 1.000000
2026-01-21 00:04:31 - idx 5 case patient095_frame12 mean_dice 0.880065 mean_hd95 1.609476
2026-01-21 00:04:32 - idx 6 case patient047_frame01 mean_dice 0.869273 mean_hd95 1.471405
2026-01-21 00:04:33 - idx 7 case patient047_frame09 mean_dice 0.847038 mean_hd95 2.184231
2026-01-21 00:04:34 - idx 8 case patient044_frame01 mean_dice 0.904614 mean_hd95 1.333333
2026-01-21 00:04:35 - idx 9 case patient044_frame11 mean_dice 0.847724 mean_hd95 1.520159
2026-01-21 00:04:37 - idx 10 case patient064_frame01 mean_dice 0.948303 mean_hd95 1.000000
2026-01-21 00:04:38 - idx 11 case patient064_frame12 mean_dice 0.914664 mean_hd95 1.244017
2026-01-21 00:04:39 - idx 12 case patient017_frame01 mean_dice 0.917438 mean_hd95 1.138071
2026-01-21 00:04:40 - idx 13 case patient017_frame09 mean_dice 0.924718 mean_hd95 1.000000
2026-01-21 00:04:41 - idx 14 case patient039_frame01 mean_dice 0.940744 mean_hd95 1.000000
2026-01-21 00:04:42 - idx 15 case patient039_frame10 mean_dice 0.761942 mean_hd95 15.019949
2026-01-21 00:04:43 - idx 16 case patient041_frame01 mean_dice 0.902532 mean_hd95 1.000000
2026-01-21 00:04:43 - idx 17 case patient041_frame11 mean_dice 0.828818 mean_hd95 1.804738
2026-01-21 00:04:45 - idx 18 case patient067_frame01 mean_dice 0.911210 mean_hd95 1.138071
2026-01-21 00:04:46 - idx 19 case patient067_frame10 mean_dice 0.896003 mean_hd95 2.168423
2026-01-21 00:04:46 - Mean class 1 mean_dice 0.852802 mean_hd95 1.656647
2026-01-21 00:04:46 - Mean class 2 mean_dice 0.862065 mean_hd95 2.173633
2026-01-21 00:04:46 - Mean class 3 mean_dice 0.916241 mean_hd95 2.609807
2026-01-21 00:04:46 - val epoch: 42, mean_dice: 0.8770363780635044, mean_hd95: 2.1466955223420934, time(s): 23.03
2026-01-21 00:04:47 - train: epoch 43, iter:0, loss: 0.0927, lr: 0.0006281014941466035
2026-01-21 00:04:51 - train: epoch 43, iter:10, loss: 0.1070, lr: 0.0006281014941466035
2026-01-21 00:04:54 - train: epoch 43, iter:20, loss: 0.1182, lr: 0.0006281014941466035
2026-01-21 00:04:57 - train: epoch 43, iter:30, loss: 0.1013, lr: 0.0006281014941466035
2026-01-21 00:05:01 - train: epoch 43, iter:40, loss: 0.1083, lr: 0.0006281014941466035
2026-01-21 00:05:04 - train: epoch 43, iter:50, loss: 0.0989, lr: 0.0006281014941466035
2026-01-21 00:05:07 - train: epoch 43, iter:60, loss: 0.0986, lr: 0.0006281014941466035
2026-01-21 00:05:10 - train: epoch 43, iter:70, loss: 0.0868, lr: 0.0006281014941466035
2026-01-21 00:05:13 - train: epoch 43, iter:80, loss: 0.1174, lr: 0.0006281014941466035
2026-01-21 00:05:13 - Finish one epoch train: epoch 43, loss: 0.1013, time(s): 26.40
2026-01-21 00:05:15 - idx 0 case patient050_frame01 mean_dice 0.894663 mean_hd95 1.656040
2026-01-21 00:05:16 - idx 1 case patient050_frame12 mean_dice 0.834856 mean_hd95 1.816497
2026-01-21 00:05:17 - idx 2 case patient037_frame01 mean_dice 0.854856 mean_hd95 1.647721
2026-01-21 00:05:18 - idx 3 case patient037_frame12 mean_dice 0.717748 mean_hd95 2.418611
2026-01-21 00:05:19 - idx 4 case patient095_frame01 mean_dice 0.934358 mean_hd95 1.000000
2026-01-21 00:05:21 - idx 5 case patient095_frame12 mean_dice 0.827319 mean_hd95 1.942809
2026-01-21 00:05:22 - idx 6 case patient047_frame01 mean_dice 0.898732 mean_hd95 1.138071
2026-01-21 00:05:23 - idx 7 case patient047_frame09 mean_dice 0.888284 mean_hd95 1.471405
2026-01-21 00:05:24 - idx 8 case patient044_frame01 mean_dice 0.925710 mean_hd95 1.000000
2026-01-21 00:05:25 - idx 9 case patient044_frame11 mean_dice 0.868412 mean_hd95 1.244017
2026-01-21 00:05:26 - idx 10 case patient064_frame01 mean_dice 0.951159 mean_hd95 1.000000
2026-01-21 00:05:27 - idx 11 case patient064_frame12 mean_dice 0.862407 mean_hd95 1.138071
2026-01-21 00:05:29 - idx 12 case patient017_frame01 mean_dice 0.904288 mean_hd95 1.279743
2026-01-21 00:05:30 - idx 13 case patient017_frame09 mean_dice 0.919202 mean_hd95 1.333333
2026-01-21 00:05:31 - idx 14 case patient039_frame01 mean_dice 0.937264 mean_hd95 1.000000
2026-01-21 00:05:32 - idx 15 case patient039_frame10 mean_dice 0.773272 mean_hd95 1.883427
2026-01-21 00:05:32 - idx 16 case patient041_frame01 mean_dice 0.917082 mean_hd95 1.000000
2026-01-21 00:05:33 - idx 17 case patient041_frame11 mean_dice 0.846840 mean_hd95 1.412023
2026-01-21 00:05:34 - idx 18 case patient067_frame01 mean_dice 0.912635 mean_hd95 1.000000
2026-01-21 00:05:35 - idx 19 case patient067_frame10 mean_dice 0.929721 mean_hd95 1.000000
2026-01-21 00:05:35 - Mean class 1 mean_dice 0.860960 mean_hd95 1.696344
2026-01-21 00:05:35 - Mean class 2 mean_dice 0.863331 mean_hd95 1.221209
2026-01-21 00:05:35 - Mean class 3 mean_dice 0.915530 mean_hd95 1.189712
2026-01-21 00:05:35 - val epoch: 43, mean_dice: 0.8799405040942995, mean_hd95: 1.36908837634987, time(s): 21.84
2026-01-21 00:05:36 - train: epoch 44, iter:0, loss: 0.0897, lr: 0.000612980904491289
2026-01-21 00:05:39 - train: epoch 44, iter:10, loss: 0.0890, lr: 0.000612980904491289
2026-01-21 00:05:42 - train: epoch 44, iter:20, loss: 0.0969, lr: 0.000612980904491289
2026-01-21 00:05:46 - train: epoch 44, iter:30, loss: 0.0997, lr: 0.000612980904491289
2026-01-21 00:05:49 - train: epoch 44, iter:40, loss: 0.0943, lr: 0.000612980904491289
2026-01-21 00:05:52 - train: epoch 44, iter:50, loss: 0.1140, lr: 0.000612980904491289
2026-01-21 00:05:55 - train: epoch 44, iter:60, loss: 0.1027, lr: 0.000612980904491289
2026-01-21 00:05:59 - train: epoch 44, iter:70, loss: 0.1239, lr: 0.000612980904491289
2026-01-21 00:06:02 - train: epoch 44, iter:80, loss: 0.0946, lr: 0.000612980904491289
2026-01-21 00:06:02 - Finish one epoch train: epoch 44, loss: 0.1030, time(s): 26.33
2026-01-21 00:06:04 - idx 0 case patient050_frame01 mean_dice 0.895671 mean_hd95 1.550094
2026-01-21 00:06:06 - idx 1 case patient050_frame12 mean_dice 0.829871 mean_hd95 1.745356
2026-01-21 00:06:06 - idx 2 case patient037_frame01 mean_dice 0.820182 mean_hd95 6.904936
2026-01-21 00:06:07 - idx 3 case patient037_frame12 mean_dice 0.632159 mean_hd95 10.223125
2026-01-21 00:06:09 - idx 4 case patient095_frame01 mean_dice 0.936799 mean_hd95 1.000000
2026-01-21 00:06:11 - idx 5 case patient095_frame12 mean_dice 0.891134 mean_hd95 1.626105
2026-01-21 00:06:12 - idx 6 case patient047_frame01 mean_dice 0.907163 mean_hd95 1.138071
2026-01-21 00:06:13 - idx 7 case patient047_frame09 mean_dice 0.856081 mean_hd95 1.804738
2026-01-21 00:06:14 - idx 8 case patient044_frame01 mean_dice 0.923669 mean_hd95 1.000000
2026-01-21 00:06:15 - idx 9 case patient044_frame11 mean_dice 0.858986 mean_hd95 1.244017
2026-01-21 00:06:16 - idx 10 case patient064_frame01 mean_dice 0.949404 mean_hd95 1.000000
2026-01-21 00:06:17 - idx 11 case patient064_frame12 mean_dice 0.932110 mean_hd95 1.000000
2026-01-21 00:06:18 - idx 12 case patient017_frame01 mean_dice 0.913352 mean_hd95 1.244017
2026-01-21 00:06:19 - idx 13 case patient017_frame09 mean_dice 0.926751 mean_hd95 1.138071
2026-01-21 00:06:20 - idx 14 case patient039_frame01 mean_dice 0.937970 mean_hd95 1.000000
2026-01-21 00:06:21 - idx 15 case patient039_frame10 mean_dice 0.821793 mean_hd95 14.197988
2026-01-21 00:06:22 - idx 16 case patient041_frame01 mean_dice 0.910652 mean_hd95 1.000000
2026-01-21 00:06:23 - idx 17 case patient041_frame11 mean_dice 0.813172 mean_hd95 2.157379
2026-01-21 00:06:24 - idx 18 case patient067_frame01 mean_dice 0.925707 mean_hd95 1.000000
2026-01-21 00:06:25 - idx 19 case patient067_frame10 mean_dice 0.888090 mean_hd95 2.535184
2026-01-21 00:06:25 - Mean class 1 mean_dice 0.855126 mean_hd95 1.643109
2026-01-21 00:06:25 - Mean class 2 mean_dice 0.868338 mean_hd95 2.362160
2026-01-21 00:06:25 - Mean class 3 mean_dice 0.912144 mean_hd95 4.171093
2026-01-21 00:06:25 - val epoch: 44, mean_dice: 0.8785359262362843, mean_hd95: 2.7254540395141933, time(s): 22.99
2026-01-21 00:06:26 - train: epoch 45, iter:0, loss: 0.0732, lr: 0.0005977537507199342
2026-01-21 00:06:29 - train: epoch 45, iter:10, loss: 0.0914, lr: 0.0005977537507199342
2026-01-21 00:06:33 - train: epoch 45, iter:20, loss: 0.1214, lr: 0.0005977537507199342
2026-01-21 00:06:36 - train: epoch 45, iter:30, loss: 0.1066, lr: 0.0005977537507199342
2026-01-21 00:06:39 - train: epoch 45, iter:40, loss: 0.0785, lr: 0.0005977537507199342
2026-01-21 00:06:42 - train: epoch 45, iter:50, loss: 0.0991, lr: 0.0005977537507199342
2026-01-21 00:06:45 - train: epoch 45, iter:60, loss: 0.1271, lr: 0.0005977537507199342
2026-01-21 00:06:48 - train: epoch 45, iter:70, loss: 0.1069, lr: 0.0005977537507199342
2026-01-21 00:06:51 - train: epoch 45, iter:80, loss: 0.1528, lr: 0.0005977537507199342
2026-01-21 00:06:52 - Finish one epoch train: epoch 45, loss: 0.0994, time(s): 25.89
2026-01-21 00:06:53 - idx 0 case patient050_frame01 mean_dice 0.897834 mean_hd95 1.454707
2026-01-21 00:06:54 - idx 1 case patient050_frame12 mean_dice 0.873587 mean_hd95 1.688165
2026-01-21 00:06:55 - idx 2 case patient037_frame01 mean_dice 0.849939 mean_hd95 4.752198
2026-01-21 00:06:56 - idx 3 case patient037_frame12 mean_dice 0.743318 mean_hd95 6.903757
2026-01-21 00:06:57 - idx 4 case patient095_frame01 mean_dice 0.937944 mean_hd95 1.000000
2026-01-21 00:06:59 - idx 5 case patient095_frame12 mean_dice 0.866365 mean_hd95 2.138071
2026-01-21 00:07:00 - idx 6 case patient047_frame01 mean_dice 0.863864 mean_hd95 1.333333
2026-01-21 00:07:01 - idx 7 case patient047_frame09 mean_dice 0.852145 mean_hd95 1.333333
2026-01-21 00:07:02 - idx 8 case patient044_frame01 mean_dice 0.914491 mean_hd95 1.000000
2026-01-21 00:07:03 - idx 9 case patient044_frame11 mean_dice 0.843440 mean_hd95 1.666667
2026-01-21 00:07:04 - idx 10 case patient064_frame01 mean_dice 0.952137 mean_hd95 1.000000
2026-01-21 00:07:06 - idx 11 case patient064_frame12 mean_dice 0.925794 mean_hd95 1.000000
2026-01-21 00:07:07 - idx 12 case patient017_frame01 mean_dice 0.897794 mean_hd95 1.333333
2026-01-21 00:07:08 - idx 13 case patient017_frame09 mean_dice 0.915911 mean_hd95 1.333333
2026-01-21 00:07:09 - idx 14 case patient039_frame01 mean_dice 0.935083 mean_hd95 1.000000
2026-01-21 00:07:10 - idx 15 case patient039_frame10 mean_dice 0.698210 mean_hd95 12.862703
2026-01-21 00:07:11 - idx 16 case patient041_frame01 mean_dice 0.929202 mean_hd95 1.000000
2026-01-21 00:07:12 - idx 17 case patient041_frame11 mean_dice 0.829657 mean_hd95 1.794111
2026-01-21 00:07:13 - idx 18 case patient067_frame01 mean_dice 0.908211 mean_hd95 1.138071
2026-01-21 00:07:14 - idx 19 case patient067_frame10 mean_dice 0.916513 mean_hd95 1.000000
2026-01-21 00:07:14 - Mean class 1 mean_dice 0.863790 mean_hd95 1.773935
2026-01-21 00:07:14 - Mean class 2 mean_dice 0.856495 mean_hd95 1.580890
2026-01-21 00:07:14 - Mean class 3 mean_dice 0.912431 mean_hd95 3.654942
2026-01-21 00:07:14 - val epoch: 45, mean_dice: 0.87757200280878, mean_hd95: 2.3365891787024986, time(s): 22.56
2026-01-21 00:07:15 - train: epoch 46, iter:0, loss: 0.0869, lr: 0.0005824350601949147
2026-01-21 00:07:18 - train: epoch 46, iter:10, loss: 0.0972, lr: 0.0005824350601949147
2026-01-21 00:07:22 - train: epoch 46, iter:20, loss: 0.0925, lr: 0.0005824350601949147
2026-01-21 00:07:25 - train: epoch 46, iter:30, loss: 0.0956, lr: 0.0005824350601949147
2026-01-21 00:07:28 - train: epoch 46, iter:40, loss: 0.0977, lr: 0.0005824350601949147
2026-01-21 00:07:31 - train: epoch 46, iter:50, loss: 0.0922, lr: 0.0005824350601949147
2026-01-21 00:07:34 - train: epoch 46, iter:60, loss: 0.0884, lr: 0.0005824350601949147
2026-01-21 00:07:37 - train: epoch 46, iter:70, loss: 0.0848, lr: 0.0005824350601949147
2026-01-21 00:07:40 - train: epoch 46, iter:80, loss: 0.0860, lr: 0.0005824350601949147
2026-01-21 00:07:40 - Finish one epoch train: epoch 46, loss: 0.0965, time(s): 25.37
2026-01-21 00:07:41 - idx 0 case patient050_frame01 mean_dice 0.897092 mean_hd95 1.412023
2026-01-21 00:07:43 - idx 1 case patient050_frame12 mean_dice 0.824469 mean_hd95 1.954568
2026-01-21 00:07:43 - idx 2 case patient037_frame01 mean_dice 0.863624 mean_hd95 1.412023
2026-01-21 00:07:44 - idx 3 case patient037_frame12 mean_dice 0.753449 mean_hd95 2.477407
2026-01-21 00:07:46 - idx 4 case patient095_frame01 mean_dice 0.936951 mean_hd95 1.000000
2026-01-21 00:07:47 - idx 5 case patient095_frame12 mean_dice 0.879996 mean_hd95 1.747547
2026-01-21 00:07:49 - idx 6 case patient047_frame01 mean_dice 0.881742 mean_hd95 1.412023
2026-01-21 00:07:50 - idx 7 case patient047_frame09 mean_dice 0.887551 mean_hd95 1.333333
2026-01-21 00:07:51 - idx 8 case patient044_frame01 mean_dice 0.927205 mean_hd95 1.000000
2026-01-21 00:07:52 - idx 9 case patient044_frame11 mean_dice 0.848545 mean_hd95 1.333333
2026-01-21 00:07:53 - idx 10 case patient064_frame01 mean_dice 0.949073 mean_hd95 1.000000
2026-01-21 00:07:54 - idx 11 case patient064_frame12 mean_dice 0.926827 mean_hd95 1.000000
2026-01-21 00:07:55 - idx 12 case patient017_frame01 mean_dice 0.913187 mean_hd95 1.138071
2026-01-21 00:07:56 - idx 13 case patient017_frame09 mean_dice 0.928248 mean_hd95 1.138071
2026-01-21 00:07:57 - idx 14 case patient039_frame01 mean_dice 0.937412 mean_hd95 1.000000
2026-01-21 00:07:58 - idx 15 case patient039_frame10 mean_dice 0.824821 mean_hd95 1.666667
2026-01-21 00:07:59 - idx 16 case patient041_frame01 mean_dice 0.916905 mean_hd95 1.000000
2026-01-21 00:07:59 - idx 17 case patient041_frame11 mean_dice 0.840658 mean_hd95 1.574958
2026-01-21 00:08:01 - idx 18 case patient067_frame01 mean_dice 0.922818 mean_hd95 1.000000
2026-01-21 00:08:02 - idx 19 case patient067_frame10 mean_dice 0.919637 mean_hd95 1.000000
2026-01-21 00:08:02 - Mean class 1 mean_dice 0.869215 mean_hd95 1.579655
2026-01-21 00:08:02 - Mean class 2 mean_dice 0.875094 mean_hd95 1.236413
2026-01-21 00:08:02 - Mean class 3 mean_dice 0.922723 mean_hd95 1.173935
2026-01-21 00:08:02 - val epoch: 46, mean_dice: 0.8890105991348084, mean_hd95: 1.3300011530646743, time(s): 21.73
2026-01-21 00:08:03 - train: epoch 47, iter:0, loss: 0.0972, lr: 0.000567039950614331
2026-01-21 00:08:06 - train: epoch 47, iter:10, loss: 0.0881, lr: 0.000567039950614331
2026-01-21 00:08:10 - train: epoch 47, iter:20, loss: 0.0980, lr: 0.000567039950614331
2026-01-21 00:08:13 - train: epoch 47, iter:30, loss: 0.1392, lr: 0.000567039950614331
2026-01-21 00:08:16 - train: epoch 47, iter:40, loss: 0.0881, lr: 0.000567039950614331
2026-01-21 00:08:19 - train: epoch 47, iter:50, loss: 0.1018, lr: 0.000567039950614331
2026-01-21 00:08:22 - train: epoch 47, iter:60, loss: 0.1034, lr: 0.000567039950614331
2026-01-21 00:08:26 - train: epoch 47, iter:70, loss: 0.1142, lr: 0.000567039950614331
2026-01-21 00:08:29 - train: epoch 47, iter:80, loss: 0.1013, lr: 0.000567039950614331
2026-01-21 00:08:29 - Finish one epoch train: epoch 47, loss: 0.0989, time(s): 26.29
2026-01-21 00:08:30 - idx 0 case patient050_frame01 mean_dice 0.880755 mean_hd95 1.747547
2026-01-21 00:08:31 - idx 1 case patient050_frame12 mean_dice 0.831810 mean_hd95 1.883427
2026-01-21 00:08:32 - idx 2 case patient037_frame01 mean_dice 0.875484 mean_hd95 1.412023
2026-01-21 00:08:33 - idx 3 case patient037_frame12 mean_dice 0.735219 mean_hd95 2.033257
2026-01-21 00:08:35 - idx 4 case patient095_frame01 mean_dice 0.934413 mean_hd95 1.000000
2026-01-21 00:08:37 - idx 5 case patient095_frame12 mean_dice 0.868796 mean_hd95 1.804738
2026-01-21 00:08:38 - idx 6 case patient047_frame01 mean_dice 0.888195 mean_hd95 1.276142
2026-01-21 00:08:39 - idx 7 case patient047_frame09 mean_dice 0.872633 mean_hd95 1.488034
2026-01-21 00:08:40 - idx 8 case patient044_frame01 mean_dice 0.926271 mean_hd95 1.000000
2026-01-21 00:08:42 - idx 9 case patient044_frame11 mean_dice 0.844337 mean_hd95 1.244017
2026-01-21 00:08:43 - idx 10 case patient064_frame01 mean_dice 0.949892 mean_hd95 1.000000
2026-01-21 00:08:44 - idx 11 case patient064_frame12 mean_dice 0.925339 mean_hd95 1.000000
2026-01-21 00:08:45 - idx 12 case patient017_frame01 mean_dice 0.899179 mean_hd95 1.333333
2026-01-21 00:08:46 - idx 13 case patient017_frame09 mean_dice 0.914939 mean_hd95 1.333333
2026-01-21 00:08:47 - idx 14 case patient039_frame01 mean_dice 0.938377 mean_hd95 1.000000
2026-01-21 00:08:48 - idx 15 case patient039_frame10 mean_dice 0.777718 mean_hd95 1.989373
2026-01-21 00:08:49 - idx 16 case patient041_frame01 mean_dice 0.920820 mean_hd95 1.000000
2026-01-21 00:08:49 - idx 17 case patient041_frame11 mean_dice 0.843801 mean_hd95 1.333333
2026-01-21 00:08:51 - idx 18 case patient067_frame01 mean_dice 0.924631 mean_hd95 1.000000
2026-01-21 00:08:52 - idx 19 case patient067_frame10 mean_dice 0.923017 mean_hd95 1.000000
2026-01-21 00:08:52 - Mean class 1 mean_dice 0.866239 mean_hd95 1.588233
2026-01-21 00:08:52 - Mean class 2 mean_dice 0.868143 mean_hd95 1.293052
2026-01-21 00:08:52 - Mean class 3 mean_dice 0.916962 mean_hd95 1.150498
2026-01-21 00:08:52 - val epoch: 47, mean_dice: 0.8837812451746903, mean_hd95: 1.3439278897007103, time(s): 23.29
2026-01-21 00:08:53 - train: epoch 48, iter:0, loss: 0.0798, lr: 0.0005515836150926649
2026-01-21 00:08:56 - train: epoch 48, iter:10, loss: 0.0838, lr: 0.0005515836150926649
2026-01-21 00:08:59 - train: epoch 48, iter:20, loss: 0.0955, lr: 0.0005515836150926649
2026-01-21 00:09:02 - train: epoch 48, iter:30, loss: 0.0799, lr: 0.0005515836150926649
2026-01-21 00:09:06 - train: epoch 48, iter:40, loss: 0.1106, lr: 0.0005515836150926649
2026-01-21 00:09:09 - train: epoch 48, iter:50, loss: 0.1176, lr: 0.0005515836150926649
2026-01-21 00:09:12 - train: epoch 48, iter:60, loss: 0.1148, lr: 0.0005515836150926649
2026-01-21 00:09:15 - train: epoch 48, iter:70, loss: 0.1027, lr: 0.0005515836150926649
2026-01-21 00:09:18 - train: epoch 48, iter:80, loss: 0.0838, lr: 0.0005515836150926649
2026-01-21 00:09:18 - Finish one epoch train: epoch 48, loss: 0.0966, time(s): 25.54
2026-01-21 00:09:20 - idx 0 case patient050_frame01 mean_dice 0.883867 mean_hd95 2.524198
2026-01-21 00:09:21 - idx 1 case patient050_frame12 mean_dice 0.846122 mean_hd95 1.745356
2026-01-21 00:09:22 - idx 2 case patient037_frame01 mean_dice 0.852991 mean_hd95 1.550094
2026-01-21 00:09:22 - idx 3 case patient037_frame12 mean_dice 0.680941 mean_hd95 6.974173
2026-01-21 00:09:24 - idx 4 case patient095_frame01 mean_dice 0.937511 mean_hd95 1.000000
2026-01-21 00:09:26 - idx 5 case patient095_frame12 mean_dice 0.896314 mean_hd95 1.412023
2026-01-21 00:09:27 - idx 6 case patient047_frame01 mean_dice 0.906259 mean_hd95 1.000000
2026-01-21 00:09:28 - idx 7 case patient047_frame09 mean_dice 0.829673 mean_hd95 2.179106
2026-01-21 00:09:29 - idx 8 case patient044_frame01 mean_dice 0.928168 mean_hd95 1.000000
2026-01-21 00:09:30 - idx 9 case patient044_frame11 mean_dice 0.870426 mean_hd95 1.244017
2026-01-21 00:09:32 - idx 10 case patient064_frame01 mean_dice 0.950211 mean_hd95 1.000000
2026-01-21 00:09:33 - idx 11 case patient064_frame12 mean_dice 0.861324 mean_hd95 1.333333
2026-01-21 00:09:34 - idx 12 case patient017_frame01 mean_dice 0.911129 mean_hd95 1.138071
2026-01-21 00:09:35 - idx 13 case patient017_frame09 mean_dice 0.922400 mean_hd95 1.138071
2026-01-21 00:09:36 - idx 14 case patient039_frame01 mean_dice 0.938862 mean_hd95 1.000000
2026-01-21 00:09:37 - idx 15 case patient039_frame10 mean_dice 0.858321 mean_hd95 1.276142
2026-01-21 00:09:38 - idx 16 case patient041_frame01 mean_dice 0.906450 mean_hd95 1.000000
2026-01-21 00:09:39 - idx 17 case patient041_frame11 mean_dice 0.837510 mean_hd95 1.794111
2026-01-21 00:09:40 - idx 18 case patient067_frame01 mean_dice 0.923878 mean_hd95 1.000000
2026-01-21 00:09:41 - idx 19 case patient067_frame10 mean_dice 0.927128 mean_hd95 1.000000
2026-01-21 00:09:41 - Mean class 1 mean_dice 0.861275 mean_hd95 1.733859
2026-01-21 00:09:41 - Mean class 2 mean_dice 0.872048 mean_hd95 1.274105
2026-01-21 00:09:41 - Mean class 3 mean_dice 0.917100 mean_hd95 1.838341
2026-01-21 00:09:41 - val epoch: 48, mean_dice: 0.8834742842332383, mean_hd95: 1.6154348298282546, time(s): 22.71
2026-01-21 00:09:42 - train: epoch 49, iter:0, loss: 0.1084, lr: 0.0005360813071670105
2026-01-21 00:09:45 - train: epoch 49, iter:10, loss: 0.0881, lr: 0.0005360813071670105
2026-01-21 00:09:48 - train: epoch 49, iter:20, loss: 0.1056, lr: 0.0005360813071670105
2026-01-21 00:09:51 - train: epoch 49, iter:30, loss: 0.0953, lr: 0.0005360813071670105
2026-01-21 00:09:54 - train: epoch 49, iter:40, loss: 0.0831, lr: 0.0005360813071670105
2026-01-21 00:09:57 - train: epoch 49, iter:50, loss: 0.0905, lr: 0.0005360813071670105
2026-01-21 00:10:01 - train: epoch 49, iter:60, loss: 0.0913, lr: 0.0005360813071670105
2026-01-21 00:10:04 - train: epoch 49, iter:70, loss: 0.0933, lr: 0.0005360813071670105
2026-01-21 00:10:07 - train: epoch 49, iter:80, loss: 0.0964, lr: 0.0005360813071670105
2026-01-21 00:10:08 - Finish one epoch train: epoch 49, loss: 0.0951, time(s): 25.80
2026-01-21 00:10:09 - idx 0 case patient050_frame01 mean_dice 0.890513 mean_hd95 1.444036
2026-01-21 00:10:10 - idx 1 case patient050_frame12 mean_dice 0.822975 mean_hd95 2.138071
2026-01-21 00:10:11 - idx 2 case patient037_frame01 mean_dice 0.849163 mean_hd95 1.666667
2026-01-21 00:10:12 - idx 3 case patient037_frame12 mean_dice 0.692361 mean_hd95 2.461295
2026-01-21 00:10:13 - idx 4 case patient095_frame01 mean_dice 0.942431 mean_hd95 1.000000
2026-01-21 00:10:15 - idx 5 case patient095_frame12 mean_dice 0.881907 mean_hd95 1.747547
2026-01-21 00:10:16 - idx 6 case patient047_frame01 mean_dice 0.888806 mean_hd95 1.333333
2026-01-21 00:10:17 - idx 7 case patient047_frame09 mean_dice 0.850410 mean_hd95 3.314637
2026-01-21 00:10:18 - idx 8 case patient044_frame01 mean_dice 0.926715 mean_hd95 1.000000
2026-01-21 00:10:20 - idx 9 case patient044_frame11 mean_dice 0.867371 mean_hd95 1.138071
2026-01-21 00:10:21 - idx 10 case patient064_frame01 mean_dice 0.948738 mean_hd95 1.000000
2026-01-21 00:10:22 - idx 11 case patient064_frame12 mean_dice 0.825944 mean_hd95 1.412023
2026-01-21 00:10:23 - idx 12 case patient017_frame01 mean_dice 0.904256 mean_hd95 1.333333
2026-01-21 00:10:24 - idx 13 case patient017_frame09 mean_dice 0.917887 mean_hd95 1.333333
2026-01-21 00:10:25 - idx 14 case patient039_frame01 mean_dice 0.938964 mean_hd95 1.000000
2026-01-21 00:10:26 - idx 15 case patient039_frame10 mean_dice 0.736436 mean_hd95 1.989373
2026-01-21 00:10:27 - idx 16 case patient041_frame01 mean_dice 0.923078 mean_hd95 1.000000
2026-01-21 00:10:28 - idx 17 case patient041_frame11 mean_dice 0.867244 mean_hd95 1.333333
2026-01-21 00:10:29 - idx 18 case patient067_frame01 mean_dice 0.920308 mean_hd95 1.000000
2026-01-21 00:10:31 - idx 19 case patient067_frame10 mean_dice 0.905409 mean_hd95 1.000000
2026-01-21 00:10:31 - Mean class 1 mean_dice 0.847323 mean_hd95 1.955497
2026-01-21 00:10:31 - Mean class 2 mean_dice 0.867640 mean_hd95 1.258027
2026-01-21 00:10:31 - Mean class 3 mean_dice 0.910175 mean_hd95 1.233234
2026-01-21 00:10:31 - val epoch: 49, mean_dice: 0.8750457521067031, mean_hd95: 1.4822526616294927, time(s): 23.29
2026-01-21 00:10:32 - train: epoch 50, iter:0, loss: 0.0847, lr: 0.0005205483257436738
2026-01-21 00:10:35 - train: epoch 50, iter:10, loss: 0.0806, lr: 0.0005205483257436738
2026-01-21 00:10:38 - train: epoch 50, iter:20, loss: 0.0891, lr: 0.0005205483257436738
2026-01-21 00:10:41 - train: epoch 50, iter:30, loss: 0.0864, lr: 0.0005205483257436738
2026-01-21 00:10:44 - train: epoch 50, iter:40, loss: 0.0939, lr: 0.0005205483257436738
2026-01-21 00:10:48 - train: epoch 50, iter:50, loss: 0.0919, lr: 0.0005205483257436738
2026-01-21 00:10:51 - train: epoch 50, iter:60, loss: 0.1186, lr: 0.0005205483257436738
2026-01-21 00:10:54 - train: epoch 50, iter:70, loss: 0.0874, lr: 0.0005205483257436738
2026-01-21 00:10:57 - train: epoch 50, iter:80, loss: 0.0876, lr: 0.0005205483257436738
2026-01-21 00:10:58 - Finish one epoch train: epoch 50, loss: 0.0914, time(s): 26.08
2026-01-21 00:10:59 - idx 0 case patient050_frame01 mean_dice 0.885250 mean_hd95 2.089360
2026-01-21 00:11:00 - idx 1 case patient050_frame12 mean_dice 0.840635 mean_hd95 2.292772
2026-01-21 00:11:01 - idx 2 case patient037_frame01 mean_dice 0.856359 mean_hd95 1.412023
2026-01-21 00:11:02 - idx 3 case patient037_frame12 mean_dice 0.729392 mean_hd95 2.265515
2026-01-21 00:11:03 - idx 4 case patient095_frame01 mean_dice 0.941128 mean_hd95 1.000000
2026-01-21 00:11:05 - idx 5 case patient095_frame12 mean_dice 0.893150 mean_hd95 1.621234
2026-01-21 00:11:06 - idx 6 case patient047_frame01 mean_dice 0.892106 mean_hd95 1.138071
2026-01-21 00:11:07 - idx 7 case patient047_frame09 mean_dice 0.895591 mean_hd95 1.000000
2026-01-21 00:11:08 - idx 8 case patient044_frame01 mean_dice 0.925229 mean_hd95 1.000000
2026-01-21 00:11:09 - idx 9 case patient044_frame11 mean_dice 0.874237 mean_hd95 1.333333
2026-01-21 00:11:10 - idx 10 case patient064_frame01 mean_dice 0.950897 mean_hd95 1.000000
2026-01-21 00:11:12 - idx 11 case patient064_frame12 mean_dice 0.861514 mean_hd95 1.333333
2026-01-21 00:11:13 - idx 12 case patient017_frame01 mean_dice 0.900228 mean_hd95 1.333333
2026-01-21 00:11:14 - idx 13 case patient017_frame09 mean_dice 0.915714 mean_hd95 1.333333
2026-01-21 00:11:15 - idx 14 case patient039_frame01 mean_dice 0.935809 mean_hd95 1.000000
2026-01-21 00:11:16 - idx 15 case patient039_frame10 mean_dice 0.788576 mean_hd95 1.883427
2026-01-21 00:11:16 - idx 16 case patient041_frame01 mean_dice 0.910201 mean_hd95 1.000000
2026-01-21 00:11:17 - idx 17 case patient041_frame11 mean_dice 0.869129 mean_hd95 1.333333
2026-01-21 00:11:18 - idx 18 case patient067_frame01 mean_dice 0.916071 mean_hd95 1.000000
2026-01-21 00:11:19 - idx 19 case patient067_frame10 mean_dice 0.930798 mean_hd95 1.000000
2026-01-21 00:11:19 - Mean class 1 mean_dice 0.879735 mean_hd95 1.617121
2026-01-21 00:11:19 - Mean class 2 mean_dice 0.863140 mean_hd95 1.273212
2026-01-21 00:11:19 - Mean class 3 mean_dice 0.913927 mean_hd95 1.215028
2026-01-21 00:11:19 - val epoch: 50, mean_dice: 0.8856007096693285, mean_hd95: 1.3684534785753328, time(s): 21.97
2026-01-21 00:11:20 - train: epoch 51, iter:0, loss: 0.0863, lr: 0.0005050000000000002
2026-01-21 00:11:23 - train: epoch 51, iter:10, loss: 0.0848, lr: 0.0005050000000000002
2026-01-21 00:11:27 - train: epoch 51, iter:20, loss: 0.0811, lr: 0.0005050000000000002
2026-01-21 00:11:30 - train: epoch 51, iter:30, loss: 0.0883, lr: 0.0005050000000000002
2026-01-21 00:11:33 - train: epoch 51, iter:40, loss: 0.0784, lr: 0.0005050000000000002
2026-01-21 00:11:36 - train: epoch 51, iter:50, loss: 0.0810, lr: 0.0005050000000000002
2026-01-21 00:11:39 - train: epoch 51, iter:60, loss: 0.0916, lr: 0.0005050000000000002
2026-01-21 00:11:42 - train: epoch 51, iter:70, loss: 0.0825, lr: 0.0005050000000000002
2026-01-21 00:11:46 - train: epoch 51, iter:80, loss: 0.0850, lr: 0.0005050000000000002
2026-01-21 00:11:46 - Finish one epoch train: epoch 51, loss: 0.0893, time(s): 25.73
2026-01-21 00:11:47 - idx 0 case patient050_frame01 mean_dice 0.875019 mean_hd95 1.276142
2026-01-21 00:11:48 - idx 1 case patient050_frame12 mean_dice 0.813269 mean_hd95 1.656040
2026-01-21 00:11:49 - idx 2 case patient037_frame01 mean_dice 0.844012 mean_hd95 1.666667
2026-01-21 00:11:50 - idx 3 case patient037_frame12 mean_dice 0.631737 mean_hd95 8.203782
2026-01-21 00:11:51 - idx 4 case patient095_frame01 mean_dice 0.935816 mean_hd95 1.000000
2026-01-21 00:11:53 - idx 5 case patient095_frame12 mean_dice 0.860584 mean_hd95 2.138071
2026-01-21 00:11:54 - idx 6 case patient047_frame01 mean_dice 0.885923 mean_hd95 1.550094
2026-01-21 00:11:55 - idx 7 case patient047_frame09 mean_dice 0.864675 mean_hd95 1.853493
2026-01-21 00:11:56 - idx 8 case patient044_frame01 mean_dice 0.930446 mean_hd95 1.000000
2026-01-21 00:11:57 - idx 9 case patient044_frame11 mean_dice 0.854087 mean_hd95 1.333333
2026-01-21 00:11:59 - idx 10 case patient064_frame01 mean_dice 0.950337 mean_hd95 1.000000
2026-01-21 00:12:00 - idx 11 case patient064_frame12 mean_dice 0.923748 mean_hd95 1.000000
2026-01-21 00:12:01 - idx 12 case patient017_frame01 mean_dice 0.921124 mean_hd95 1.138071
2026-01-21 00:12:02 - idx 13 case patient017_frame09 mean_dice 0.929114 mean_hd95 1.138071
2026-01-21 00:12:03 - idx 14 case patient039_frame01 mean_dice 0.942313 mean_hd95 1.000000
2026-01-21 00:12:04 - idx 15 case patient039_frame10 mean_dice 0.864590 mean_hd95 1.656040
2026-01-21 00:12:05 - idx 16 case patient041_frame01 mean_dice 0.912421 mean_hd95 1.000000
2026-01-21 00:12:06 - idx 17 case patient041_frame11 mean_dice 0.852094 mean_hd95 1.688165
2026-01-21 00:12:07 - idx 18 case patient067_frame01 mean_dice 0.929816 mean_hd95 1.000000
2026-01-21 00:12:08 - idx 19 case patient067_frame10 mean_dice 0.935189 mean_hd95 1.000000
2026-01-21 00:12:08 - Mean class 1 mean_dice 0.846082 mean_hd95 1.751096
2026-01-21 00:12:08 - Mean class 2 mean_dice 0.875090 mean_hd95 1.379983
2026-01-21 00:12:08 - Mean class 3 mean_dice 0.927275 mean_hd95 1.863616
2026-01-21 00:12:08 - val epoch: 51, mean_dice: 0.8828157100305377, mean_hd95: 1.6648984295585454, time(s): 22.42
2026-01-21 00:12:09 - train: epoch 52, iter:0, loss: 0.0845, lr: 0.0004894516742563267
2026-01-21 00:12:12 - train: epoch 52, iter:10, loss: 0.1104, lr: 0.0004894516742563267
2026-01-21 00:12:15 - train: epoch 52, iter:20, loss: 0.0798, lr: 0.0004894516742563267
2026-01-21 00:12:18 - train: epoch 52, iter:30, loss: 0.0799, lr: 0.0004894516742563267
2026-01-21 00:12:22 - train: epoch 52, iter:40, loss: 0.0846, lr: 0.0004894516742563267
2026-01-21 00:12:25 - train: epoch 52, iter:50, loss: 0.1260, lr: 0.0004894516742563267
2026-01-21 00:12:28 - train: epoch 52, iter:60, loss: 0.0938, lr: 0.0004894516742563267
2026-01-21 00:12:31 - train: epoch 52, iter:70, loss: 0.1096, lr: 0.0004894516742563267
2026-01-21 00:12:34 - train: epoch 52, iter:80, loss: 0.1211, lr: 0.0004894516742563267
2026-01-21 00:12:35 - Finish one epoch train: epoch 52, loss: 0.0947, time(s): 25.90
2026-01-21 00:12:36 - idx 0 case patient050_frame01 mean_dice 0.877703 mean_hd95 1.471405
2026-01-21 00:12:37 - idx 1 case patient050_frame12 mean_dice 0.767944 mean_hd95 4.365862
2026-01-21 00:12:38 - idx 2 case patient037_frame01 mean_dice 0.800856 mean_hd95 6.388584
2026-01-21 00:12:39 - idx 3 case patient037_frame12 mean_dice 0.695936 mean_hd95 6.315731
2026-01-21 00:12:40 - idx 4 case patient095_frame01 mean_dice 0.932060 mean_hd95 1.000000
2026-01-21 00:12:42 - idx 5 case patient095_frame12 mean_dice 0.861094 mean_hd95 6.409882
2026-01-21 00:12:43 - idx 6 case patient047_frame01 mean_dice 0.902444 mean_hd95 1.138071
2026-01-21 00:12:44 - idx 7 case patient047_frame09 mean_dice 0.870757 mean_hd95 1.858830
2026-01-21 00:12:45 - idx 8 case patient044_frame01 mean_dice 0.925866 mean_hd95 1.000000
2026-01-21 00:12:47 - idx 9 case patient044_frame11 mean_dice 0.826108 mean_hd95 2.041035
2026-01-21 00:12:48 - idx 10 case patient064_frame01 mean_dice 0.949624 mean_hd95 1.000000
2026-01-21 00:12:49 - idx 11 case patient064_frame12 mean_dice 0.928799 mean_hd95 1.000000
2026-01-21 00:12:50 - idx 12 case patient017_frame01 mean_dice 0.896240 mean_hd95 1.138071
2026-01-21 00:12:51 - idx 13 case patient017_frame09 mean_dice 0.925321 mean_hd95 1.138071
2026-01-21 00:12:52 - idx 14 case patient039_frame01 mean_dice 0.935979 mean_hd95 1.000000
2026-01-21 00:12:53 - idx 15 case patient039_frame10 mean_dice 0.743208 mean_hd95 15.700726
2026-01-21 00:12:54 - idx 16 case patient041_frame01 mean_dice 0.902736 mean_hd95 1.000000
2026-01-21 00:12:55 - idx 17 case patient041_frame11 mean_dice 0.791026 mean_hd95 2.466115
2026-01-21 00:12:56 - idx 18 case patient067_frame01 mean_dice 0.909857 mean_hd95 1.000000
2026-01-21 00:12:57 - idx 19 case patient067_frame10 mean_dice 0.906576 mean_hd95 1.000000
2026-01-21 00:12:57 - Mean class 1 mean_dice 0.835372 mean_hd95 2.109244
2026-01-21 00:12:57 - Mean class 2 mean_dice 0.857577 mean_hd95 2.133118
2026-01-21 00:12:57 - Mean class 3 mean_dice 0.909571 mean_hd95 4.522495
2026-01-21 00:12:57 - val epoch: 52, mean_dice: 0.867506778516371, mean_hd95: 2.9216191590384946, time(s): 22.49
2026-01-21 00:12:58 - train: epoch 53, iter:0, loss: 0.0952, lr: 0.0004739186928329901
2026-01-21 00:13:01 - train: epoch 53, iter:10, loss: 0.0774, lr: 0.0004739186928329901
2026-01-21 00:13:04 - train: epoch 53, iter:20, loss: 0.0990, lr: 0.0004739186928329901
2026-01-21 00:13:08 - train: epoch 53, iter:30, loss: 0.1052, lr: 0.0004739186928329901
2026-01-21 00:13:11 - train: epoch 53, iter:40, loss: 0.0859, lr: 0.0004739186928329901
2026-01-21 00:13:14 - train: epoch 53, iter:50, loss: 0.0881, lr: 0.0004739186928329901
2026-01-21 00:13:17 - train: epoch 53, iter:60, loss: 0.1291, lr: 0.0004739186928329901
2026-01-21 00:13:20 - train: epoch 53, iter:70, loss: 0.1191, lr: 0.0004739186928329901
2026-01-21 00:13:24 - train: epoch 53, iter:80, loss: 0.0864, lr: 0.0004739186928329901
2026-01-21 00:13:24 - Finish one epoch train: epoch 53, loss: 0.1002, time(s): 25.98
2026-01-21 00:13:25 - idx 0 case patient050_frame01 mean_dice 0.904223 mean_hd95 1.276142
2026-01-21 00:13:27 - idx 1 case patient050_frame12 mean_dice 0.842290 mean_hd95 1.804738
2026-01-21 00:13:27 - idx 2 case patient037_frame01 mean_dice 0.858705 mean_hd95 1.412023
2026-01-21 00:13:28 - idx 3 case patient037_frame12 mean_dice 0.723549 mean_hd95 2.341994
2026-01-21 00:13:30 - idx 4 case patient095_frame01 mean_dice 0.937021 mean_hd95 1.000000
2026-01-21 00:13:31 - idx 5 case patient095_frame12 mean_dice 0.872914 mean_hd95 1.804738
2026-01-21 00:13:32 - idx 6 case patient047_frame01 mean_dice 0.898388 mean_hd95 1.138071
2026-01-21 00:13:34 - idx 7 case patient047_frame09 mean_dice 0.862504 mean_hd95 1.550094
2026-01-21 00:13:35 - idx 8 case patient044_frame01 mean_dice 0.922888 mean_hd95 1.000000
2026-01-21 00:13:36 - idx 9 case patient044_frame11 mean_dice 0.841676 mean_hd95 1.483163
2026-01-21 00:13:38 - idx 10 case patient064_frame01 mean_dice 0.949044 mean_hd95 1.000000
2026-01-21 00:13:39 - idx 11 case patient064_frame12 mean_dice 0.875266 mean_hd95 1.244017
2026-01-21 00:13:40 - idx 12 case patient017_frame01 mean_dice 0.906175 mean_hd95 1.333333
2026-01-21 00:13:41 - idx 13 case patient017_frame09 mean_dice 0.914365 mean_hd95 1.412023
2026-01-21 00:13:42 - idx 14 case patient039_frame01 mean_dice 0.933244 mean_hd95 1.000000
2026-01-21 00:13:43 - idx 15 case patient039_frame10 mean_dice 0.811057 mean_hd95 1.715421
2026-01-21 00:13:44 - idx 16 case patient041_frame01 mean_dice 0.911989 mean_hd95 1.000000
2026-01-21 00:13:45 - idx 17 case patient041_frame11 mean_dice 0.847265 mean_hd95 1.821367
2026-01-21 00:13:46 - idx 18 case patient067_frame01 mean_dice 0.916615 mean_hd95 1.000000
2026-01-21 00:13:47 - idx 19 case patient067_frame10 mean_dice 0.929256 mean_hd95 1.000000
2026-01-21 00:13:47 - Mean class 1 mean_dice 0.860208 mean_hd95 1.757420
2026-01-21 00:13:47 - Mean class 2 mean_dice 0.874954 mean_hd95 1.140156
2026-01-21 00:13:47 - Mean class 3 mean_dice 0.913603 mean_hd95 1.202993
2026-01-21 00:13:47 - val epoch: 53, mean_dice: 0.8829216662703328, mean_hd95: 1.3668562134582398, time(s): 23.18
2026-01-21 00:13:48 - train: epoch 54, iter:0, loss: 0.0799, lr: 0.00045841638490733556
2026-01-21 00:13:51 - train: epoch 54, iter:10, loss: 0.0930, lr: 0.00045841638490733556
2026-01-21 00:13:54 - train: epoch 54, iter:20, loss: 0.0816, lr: 0.00045841638490733556
2026-01-21 00:13:57 - train: epoch 54, iter:30, loss: 0.0763, lr: 0.00045841638490733556
2026-01-21 00:14:00 - train: epoch 54, iter:40, loss: 0.0792, lr: 0.00045841638490733556
2026-01-21 00:14:03 - train: epoch 54, iter:50, loss: 0.0873, lr: 0.00045841638490733556
2026-01-21 00:14:07 - train: epoch 54, iter:60, loss: 0.0771, lr: 0.00045841638490733556
2026-01-21 00:14:10 - train: epoch 54, iter:70, loss: 0.0737, lr: 0.00045841638490733556
2026-01-21 00:14:13 - train: epoch 54, iter:80, loss: 0.0790, lr: 0.00045841638490733556
2026-01-21 00:14:13 - Finish one epoch train: epoch 54, loss: 0.0918, time(s): 25.64
2026-01-21 00:14:15 - idx 0 case patient050_frame01 mean_dice 0.887875 mean_hd95 3.021934
2026-01-21 00:14:16 - idx 1 case patient050_frame12 mean_dice 0.824667 mean_hd95 9.256560
2026-01-21 00:14:17 - idx 2 case patient037_frame01 mean_dice 0.851560 mean_hd95 1.412023
2026-01-21 00:14:18 - idx 3 case patient037_frame12 mean_dice 0.770028 mean_hd95 2.270853
2026-01-21 00:14:19 - idx 4 case patient095_frame01 mean_dice 0.941211 mean_hd95 1.000000
2026-01-21 00:14:21 - idx 5 case patient095_frame12 mean_dice 0.896610 mean_hd95 1.276142
2026-01-21 00:14:22 - idx 6 case patient047_frame01 mean_dice 0.888430 mean_hd95 1.244017
2026-01-21 00:14:23 - idx 7 case patient047_frame09 mean_dice 0.866910 mean_hd95 1.550094
2026-01-21 00:14:24 - idx 8 case patient044_frame01 mean_dice 0.925297 mean_hd95 1.000000
2026-01-21 00:14:25 - idx 9 case patient044_frame11 mean_dice 0.835184 mean_hd95 1.772208
2026-01-21 00:14:26 - idx 10 case patient064_frame01 mean_dice 0.949542 mean_hd95 1.000000
2026-01-21 00:14:28 - idx 11 case patient064_frame12 mean_dice 0.927475 mean_hd95 1.000000
2026-01-21 00:14:29 - idx 12 case patient017_frame01 mean_dice 0.914284 mean_hd95 1.333333
2026-01-21 00:14:30 - idx 13 case patient017_frame09 mean_dice 0.919502 mean_hd95 1.333333
2026-01-21 00:14:31 - idx 14 case patient039_frame01 mean_dice 0.934965 mean_hd95 1.000000
2026-01-21 00:14:32 - idx 15 case patient039_frame10 mean_dice 0.768697 mean_hd95 13.282311
2026-01-21 00:14:32 - idx 16 case patient041_frame01 mean_dice 0.904270 mean_hd95 1.000000
2026-01-21 00:14:33 - idx 17 case patient041_frame11 mean_dice 0.861473 mean_hd95 1.550094
2026-01-21 00:14:35 - idx 18 case patient067_frame01 mean_dice 0.918600 mean_hd95 1.000000
2026-01-21 00:14:36 - idx 19 case patient067_frame10 mean_dice 0.911520 mean_hd95 1.000000
2026-01-21 00:14:36 - Mean class 1 mean_dice 0.856798 mean_hd95 3.099651
2026-01-21 00:14:36 - Mean class 2 mean_dice 0.875700 mean_hd95 1.605119
2026-01-21 00:14:36 - Mean class 3 mean_dice 0.922217 mean_hd95 2.390666
2026-01-21 00:14:36 - val epoch: 54, mean_dice: 0.8849050179795238, mean_hd95: 2.3651450681907957, time(s): 22.70
2026-01-21 00:14:37 - train: epoch 55, iter:0, loss: 0.0780, lr: 0.0004429600493856696
2026-01-21 00:14:40 - train: epoch 55, iter:10, loss: 0.1015, lr: 0.0004429600493856696
2026-01-21 00:14:44 - train: epoch 55, iter:20, loss: 0.0986, lr: 0.0004429600493856696
2026-01-21 00:14:47 - train: epoch 55, iter:30, loss: 0.1091, lr: 0.0004429600493856696
2026-01-21 00:14:50 - train: epoch 55, iter:40, loss: 0.0954, lr: 0.0004429600493856696
2026-01-21 00:14:53 - train: epoch 55, iter:50, loss: 0.0999, lr: 0.0004429600493856696
2026-01-21 00:14:56 - train: epoch 55, iter:60, loss: 0.1181, lr: 0.0004429600493856696
2026-01-21 00:14:59 - train: epoch 55, iter:70, loss: 0.0837, lr: 0.0004429600493856696
2026-01-21 00:15:03 - train: epoch 55, iter:80, loss: 0.0908, lr: 0.0004429600493856696
2026-01-21 00:15:03 - Finish one epoch train: epoch 55, loss: 0.0931, time(s): 26.06
2026-01-21 00:15:04 - idx 0 case patient050_frame01 mean_dice 0.880351 mean_hd95 7.525049
2026-01-21 00:15:05 - idx 1 case patient050_frame12 mean_dice 0.836545 mean_hd95 10.220418
2026-01-21 00:15:06 - idx 2 case patient037_frame01 mean_dice 0.858402 mean_hd95 1.483163
2026-01-21 00:15:07 - idx 3 case patient037_frame12 mean_dice 0.792339 mean_hd95 2.201850
2026-01-21 00:15:08 - idx 4 case patient095_frame01 mean_dice 0.941554 mean_hd95 1.000000
2026-01-21 00:15:10 - idx 5 case patient095_frame12 mean_dice 0.874506 mean_hd95 2.048755
2026-01-21 00:15:11 - idx 6 case patient047_frame01 mean_dice 0.910261 mean_hd95 1.000000
2026-01-21 00:15:12 - idx 7 case patient047_frame09 mean_dice 0.865821 mean_hd95 1.720759
2026-01-21 00:15:13 - idx 8 case patient044_frame01 mean_dice 0.914689 mean_hd95 1.000000
2026-01-21 00:15:14 - idx 9 case patient044_frame11 mean_dice 0.850246 mean_hd95 1.412023
2026-01-21 00:15:16 - idx 10 case patient064_frame01 mean_dice 0.953967 mean_hd95 1.000000
2026-01-21 00:15:17 - idx 11 case patient064_frame12 mean_dice 0.883317 mean_hd95 1.244017
2026-01-21 00:15:19 - idx 12 case patient017_frame01 mean_dice 0.915675 mean_hd95 1.333333
2026-01-21 00:15:20 - idx 13 case patient017_frame09 mean_dice 0.920480 mean_hd95 1.333333
2026-01-21 00:15:21 - idx 14 case patient039_frame01 mean_dice 0.939856 mean_hd95 1.000000
2026-01-21 00:15:22 - idx 15 case patient039_frame10 mean_dice 0.822782 mean_hd95 1.382088
2026-01-21 00:15:23 - idx 16 case patient041_frame01 mean_dice 0.914549 mean_hd95 1.000000
2026-01-21 00:15:24 - idx 17 case patient041_frame11 mean_dice 0.872406 mean_hd95 1.333333
2026-01-21 00:15:25 - idx 18 case patient067_frame01 mean_dice 0.918704 mean_hd95 1.000000
2026-01-21 00:15:26 - idx 19 case patient067_frame10 mean_dice 0.923355 mean_hd95 1.000000
2026-01-21 00:15:26 - Mean class 1 mean_dice 0.867131 mean_hd95 3.860883
2026-01-21 00:15:26 - Mean class 2 mean_dice 0.873005 mean_hd95 1.180920
2026-01-21 00:15:26 - Mean class 3 mean_dice 0.928335 mean_hd95 1.143916
2026-01-21 00:15:26 - val epoch: 55, mean_dice: 0.8894902735744309, mean_hd95: 2.0619061303213098, time(s): 23.45
2026-01-21 00:15:27 - train: epoch 56, iter:0, loss: 0.0947, lr: 0.0004275649398050859
2026-01-21 00:15:30 - train: epoch 56, iter:10, loss: 0.1010, lr: 0.0004275649398050859
2026-01-21 00:15:34 - train: epoch 56, iter:20, loss: 0.0840, lr: 0.0004275649398050859
2026-01-21 00:15:37 - train: epoch 56, iter:30, loss: 0.0831, lr: 0.0004275649398050859
2026-01-21 00:15:40 - train: epoch 56, iter:40, loss: 0.0784, lr: 0.0004275649398050859
2026-01-21 00:15:43 - train: epoch 56, iter:50, loss: 0.0797, lr: 0.0004275649398050859
2026-01-21 00:15:46 - train: epoch 56, iter:60, loss: 0.0856, lr: 0.0004275649398050859
2026-01-21 00:15:49 - train: epoch 56, iter:70, loss: 0.0911, lr: 0.0004275649398050859
2026-01-21 00:15:52 - train: epoch 56, iter:80, loss: 0.0807, lr: 0.0004275649398050859
2026-01-21 00:15:53 - Finish one epoch train: epoch 56, loss: 0.0879, time(s): 25.49
2026-01-21 00:15:54 - idx 0 case patient050_frame01 mean_dice 0.897965 mean_hd95 1.550094
2026-01-21 00:15:55 - idx 1 case patient050_frame12 mean_dice 0.877277 mean_hd95 1.666667
2026-01-21 00:15:56 - idx 2 case patient037_frame01 mean_dice 0.846871 mean_hd95 1.609476
2026-01-21 00:15:57 - idx 3 case patient037_frame12 mean_dice 0.759859 mean_hd95 2.418611
2026-01-21 00:15:59 - idx 4 case patient095_frame01 mean_dice 0.937947 mean_hd95 1.000000
2026-01-21 00:16:00 - idx 5 case patient095_frame12 mean_dice 0.892440 mean_hd95 1.471405
2026-01-21 00:16:02 - idx 6 case patient047_frame01 mean_dice 0.901378 mean_hd95 1.000000
2026-01-21 00:16:03 - idx 7 case patient047_frame09 mean_dice 0.876409 mean_hd95 1.609476
2026-01-21 00:16:04 - idx 8 case patient044_frame01 mean_dice 0.923351 mean_hd95 1.000000
2026-01-21 00:16:05 - idx 9 case patient044_frame11 mean_dice 0.867840 mean_hd95 1.333333
2026-01-21 00:16:06 - idx 10 case patient064_frame01 mean_dice 0.950891 mean_hd95 1.000000
2026-01-21 00:16:08 - idx 11 case patient064_frame12 mean_dice 0.876302 mean_hd95 1.412023
2026-01-21 00:16:09 - idx 12 case patient017_frame01 mean_dice 0.902437 mean_hd95 1.333333
2026-01-21 00:16:10 - idx 13 case patient017_frame09 mean_dice 0.916914 mean_hd95 1.412023
2026-01-21 00:16:11 - idx 14 case patient039_frame01 mean_dice 0.937528 mean_hd95 1.000000
2026-01-21 00:16:12 - idx 15 case patient039_frame10 mean_dice 0.757334 mean_hd95 9.350789
2026-01-21 00:16:12 - idx 16 case patient041_frame01 mean_dice 0.905346 mean_hd95 1.000000
2026-01-21 00:16:13 - idx 17 case patient041_frame11 mean_dice 0.841690 mean_hd95 1.794111
2026-01-21 00:16:14 - idx 18 case patient067_frame01 mean_dice 0.921056 mean_hd95 1.000000
2026-01-21 00:16:16 - idx 19 case patient067_frame10 mean_dice 0.922508 mean_hd95 1.000000
2026-01-21 00:16:16 - Mean class 1 mean_dice 0.874429 mean_hd95 1.719241
2026-01-21 00:16:16 - Mean class 2 mean_dice 0.868421 mean_hd95 1.452963
2026-01-21 00:16:16 - Mean class 3 mean_dice 0.914152 mean_hd95 2.071996
2026-01-21 00:16:16 - val epoch: 56, mean_dice: 0.8856671786192809, mean_hd95: 1.7480669373271847, time(s): 22.99
2026-01-21 00:16:16 - train: epoch 57, iter:0, loss: 0.0803, lr: 0.0004122462492800665
2026-01-21 00:16:20 - train: epoch 57, iter:10, loss: 0.0915, lr: 0.0004122462492800665
2026-01-21 00:16:23 - train: epoch 57, iter:20, loss: 0.0870, lr: 0.0004122462492800665
2026-01-21 00:16:26 - train: epoch 57, iter:30, loss: 0.0891, lr: 0.0004122462492800665
2026-01-21 00:16:30 - train: epoch 57, iter:40, loss: 0.0862, lr: 0.0004122462492800665
2026-01-21 00:16:33 - train: epoch 57, iter:50, loss: 0.0829, lr: 0.0004122462492800665
2026-01-21 00:16:36 - train: epoch 57, iter:60, loss: 0.0838, lr: 0.0004122462492800665
2026-01-21 00:16:39 - train: epoch 57, iter:70, loss: 0.0849, lr: 0.0004122462492800665
2026-01-21 00:16:42 - train: epoch 57, iter:80, loss: 0.0820, lr: 0.0004122462492800665
2026-01-21 00:16:42 - Finish one epoch train: epoch 57, loss: 0.0864, time(s): 25.87
2026-01-21 00:16:43 - idx 0 case patient050_frame01 mean_dice 0.886094 mean_hd95 6.838021
2026-01-21 00:16:44 - idx 1 case patient050_frame12 mean_dice 0.833450 mean_hd95 9.106979
2026-01-21 00:16:45 - idx 2 case patient037_frame01 mean_dice 0.848540 mean_hd95 1.609476
2026-01-21 00:16:46 - idx 3 case patient037_frame12 mean_dice 0.749349 mean_hd95 2.371461
2026-01-21 00:16:48 - idx 4 case patient095_frame01 mean_dice 0.940138 mean_hd95 1.000000
2026-01-21 00:16:49 - idx 5 case patient095_frame12 mean_dice 0.893165 mean_hd95 1.621234
2026-01-21 00:16:50 - idx 6 case patient047_frame01 mean_dice 0.908242 mean_hd95 1.000000
2026-01-21 00:16:51 - idx 7 case patient047_frame09 mean_dice 0.893153 mean_hd95 1.138071
2026-01-21 00:16:52 - idx 8 case patient044_frame01 mean_dice 0.927471 mean_hd95 1.000000
2026-01-21 00:16:54 - idx 9 case patient044_frame11 mean_dice 0.867016 mean_hd95 1.333333
2026-01-21 00:16:55 - idx 10 case patient064_frame01 mean_dice 0.950796 mean_hd95 1.000000
2026-01-21 00:16:56 - idx 11 case patient064_frame12 mean_dice 0.879344 mean_hd95 1.244017
2026-01-21 00:16:57 - idx 12 case patient017_frame01 mean_dice 0.905594 mean_hd95 1.333333
2026-01-21 00:16:59 - idx 13 case patient017_frame09 mean_dice 0.916966 mean_hd95 1.333333
2026-01-21 00:17:00 - idx 14 case patient039_frame01 mean_dice 0.943602 mean_hd95 1.000000
2026-01-21 00:17:01 - idx 15 case patient039_frame10 mean_dice 0.787245 mean_hd95 1.745356
2026-01-21 00:17:01 - idx 16 case patient041_frame01 mean_dice 0.903168 mean_hd95 1.000000
2026-01-21 00:17:02 - idx 17 case patient041_frame11 mean_dice 0.828345 mean_hd95 2.149830
2026-01-21 00:17:04 - idx 18 case patient067_frame01 mean_dice 0.915789 mean_hd95 1.000000
2026-01-21 00:17:05 - idx 19 case patient067_frame10 mean_dice 0.931710 mean_hd95 1.000000
2026-01-21 00:17:05 - Mean class 1 mean_dice 0.867884 mean_hd95 3.444573
2026-01-21 00:17:05 - Mean class 2 mean_dice 0.869420 mean_hd95 1.277463
2026-01-21 00:17:05 - Mean class 3 mean_dice 0.919073 mean_hd95 1.251631
2026-01-21 00:17:05 - val epoch: 57, mean_dice: 0.8854589115024171, mean_hd95: 1.9912222682506728, time(s): 23.09
2026-01-21 00:17:06 - train: epoch 58, iter:0, loss: 0.0835, lr: 0.00039701909550871175
2026-01-21 00:17:09 - train: epoch 58, iter:10, loss: 0.0817, lr: 0.00039701909550871175
2026-01-21 00:17:13 - train: epoch 58, iter:20, loss: 0.0909, lr: 0.00039701909550871175
2026-01-21 00:17:16 - train: epoch 58, iter:30, loss: 0.0826, lr: 0.00039701909550871175
2026-01-21 00:17:19 - train: epoch 58, iter:40, loss: 0.1151, lr: 0.00039701909550871175
2026-01-21 00:17:23 - train: epoch 58, iter:50, loss: 0.0747, lr: 0.00039701909550871175
2026-01-21 00:17:26 - train: epoch 58, iter:60, loss: 0.0783, lr: 0.00039701909550871175
2026-01-21 00:17:29 - train: epoch 58, iter:70, loss: 0.0883, lr: 0.00039701909550871175
2026-01-21 00:17:33 - train: epoch 58, iter:80, loss: 0.0810, lr: 0.00039701909550871175
2026-01-21 00:17:33 - Finish one epoch train: epoch 58, loss: 0.0909, time(s): 27.28
2026-01-21 00:17:34 - idx 0 case patient050_frame01 mean_dice 0.866254 mean_hd95 3.768875
2026-01-21 00:17:36 - idx 1 case patient050_frame12 mean_dice 0.792778 mean_hd95 4.118303
2026-01-21 00:17:36 - idx 2 case patient037_frame01 mean_dice 0.850621 mean_hd95 1.666667
2026-01-21 00:17:37 - idx 3 case patient037_frame12 mean_dice 0.739012 mean_hd95 3.078689
2026-01-21 00:17:39 - idx 4 case patient095_frame01 mean_dice 0.934108 mean_hd95 1.000000
2026-01-21 00:17:41 - idx 5 case patient095_frame12 mean_dice 0.897873 mean_hd95 1.276142
2026-01-21 00:17:42 - idx 6 case patient047_frame01 mean_dice 0.898299 mean_hd95 1.138071
2026-01-21 00:17:43 - idx 7 case patient047_frame09 mean_dice 0.857682 mean_hd95 1.858830
2026-01-21 00:17:44 - idx 8 case patient044_frame01 mean_dice 0.922456 mean_hd95 1.000000
2026-01-21 00:17:45 - idx 9 case patient044_frame11 mean_dice 0.848883 mean_hd95 1.412023
2026-01-21 00:17:46 - idx 10 case patient064_frame01 mean_dice 0.947568 mean_hd95 1.000000
2026-01-21 00:17:48 - idx 11 case patient064_frame12 mean_dice 0.920614 mean_hd95 1.000000
2026-01-21 00:17:49 - idx 12 case patient017_frame01 mean_dice 0.907390 mean_hd95 1.640931
2026-01-21 00:17:50 - idx 13 case patient017_frame09 mean_dice 0.918332 mean_hd95 4.153140
2026-01-21 00:17:51 - idx 14 case patient039_frame01 mean_dice 0.939927 mean_hd95 1.000000
2026-01-21 00:17:52 - idx 15 case patient039_frame10 mean_dice 0.756260 mean_hd95 2.547134
2026-01-21 00:17:52 - idx 16 case patient041_frame01 mean_dice 0.898110 mean_hd95 1.000000
2026-01-21 00:17:53 - idx 17 case patient041_frame11 mean_dice 0.869207 mean_hd95 1.414214
2026-01-21 00:17:54 - idx 18 case patient067_frame01 mean_dice 0.925481 mean_hd95 1.000000
2026-01-21 00:17:56 - idx 19 case patient067_frame10 mean_dice 0.872285 mean_hd95 3.041035
2026-01-21 00:17:56 - Mean class 1 mean_dice 0.850322 mean_hd95 2.328026
2026-01-21 00:17:56 - Mean class 2 mean_dice 0.865328 mean_hd95 2.032612
2026-01-21 00:17:56 - Mean class 3 mean_dice 0.918822 mean_hd95 1.356470
2026-01-21 00:17:56 - val epoch: 58, mean_dice: 0.8781570106412732, mean_hd95: 1.905702703485635, time(s): 22.50
2026-01-21 00:17:56 - train: epoch 59, iter:0, loss: 0.0787, lr: 0.000381898505853397
2026-01-21 00:17:59 - train: epoch 59, iter:10, loss: 0.0777, lr: 0.000381898505853397
2026-01-21 00:18:03 - train: epoch 59, iter:20, loss: 0.1063, lr: 0.000381898505853397
2026-01-21 00:18:06 - train: epoch 59, iter:30, loss: 0.0847, lr: 0.000381898505853397
2026-01-21 00:18:09 - train: epoch 59, iter:40, loss: 0.0890, lr: 0.000381898505853397
2026-01-21 00:18:13 - train: epoch 59, iter:50, loss: 0.1010, lr: 0.000381898505853397
2026-01-21 00:18:16 - train: epoch 59, iter:60, loss: 0.1053, lr: 0.000381898505853397
2026-01-21 00:18:19 - train: epoch 59, iter:70, loss: 0.0824, lr: 0.000381898505853397
2026-01-21 00:18:22 - train: epoch 59, iter:80, loss: 0.0906, lr: 0.000381898505853397
2026-01-21 00:18:23 - Finish one epoch train: epoch 59, loss: 0.0957, time(s): 26.49
2026-01-21 00:18:24 - idx 0 case patient050_frame01 mean_dice 0.873710 mean_hd95 7.783564
2026-01-21 00:18:25 - idx 1 case patient050_frame12 mean_dice 0.831257 mean_hd95 10.279535
2026-01-21 00:18:26 - idx 2 case patient037_frame01 mean_dice 0.862679 mean_hd95 1.333333
2026-01-21 00:18:27 - idx 3 case patient037_frame12 mean_dice 0.722070 mean_hd95 2.132782
2026-01-21 00:18:28 - idx 4 case patient095_frame01 mean_dice 0.938369 mean_hd95 1.000000
2026-01-21 00:18:30 - idx 5 case patient095_frame12 mean_dice 0.856651 mean_hd95 1.942809
2026-01-21 00:18:31 - idx 6 case patient047_frame01 mean_dice 0.902137 mean_hd95 1.138071
2026-01-21 00:18:32 - idx 7 case patient047_frame09 mean_dice 0.873904 mean_hd95 1.412023
2026-01-21 00:18:33 - idx 8 case patient044_frame01 mean_dice 0.919630 mean_hd95 1.000000
2026-01-21 00:18:35 - idx 9 case patient044_frame11 mean_dice 0.866520 mean_hd95 1.244017
2026-01-21 00:18:36 - idx 10 case patient064_frame01 mean_dice 0.951026 mean_hd95 1.000000
2026-01-21 00:18:37 - idx 11 case patient064_frame12 mean_dice 0.882195 mean_hd95 1.138071
2026-01-21 00:18:38 - idx 12 case patient017_frame01 mean_dice 0.913185 mean_hd95 1.244017
2026-01-21 00:18:40 - idx 13 case patient017_frame09 mean_dice 0.925277 mean_hd95 1.138071
2026-01-21 00:18:41 - idx 14 case patient039_frame01 mean_dice 0.939377 mean_hd95 1.000000
2026-01-21 00:18:42 - idx 15 case patient039_frame10 mean_dice 0.785451 mean_hd95 1.804738
2026-01-21 00:18:42 - idx 16 case patient041_frame01 mean_dice 0.914843 mean_hd95 1.000000
2026-01-21 00:18:43 - idx 17 case patient041_frame11 mean_dice 0.879680 mean_hd95 1.138071
2026-01-21 00:18:44 - idx 18 case patient067_frame01 mean_dice 0.914600 mean_hd95 1.000000
2026-01-21 00:18:46 - idx 19 case patient067_frame10 mean_dice 0.924375 mean_hd95 1.000000
2026-01-21 00:18:46 - Mean class 1 mean_dice 0.857134 mean_hd95 3.723626
2026-01-21 00:18:46 - Mean class 2 mean_dice 0.872690 mean_hd95 1.232514
2026-01-21 00:18:46 - Mean class 3 mean_dice 0.921717 mean_hd95 1.153225
2026-01-21 00:18:46 - val epoch: 59, mean_dice: 0.8838466728830415, mean_hd95: 2.0364550760890623, time(s): 22.99
2026-01-21 00:18:46 - train: epoch 60, iter:0, loss: 0.0786, lr: 0.00036689940251058173
2026-01-21 00:18:50 - train: epoch 60, iter:10, loss: 0.0926, lr: 0.00036689940251058173
2026-01-21 00:18:53 - train: epoch 60, iter:20, loss: 0.0777, lr: 0.00036689940251058173
2026-01-21 00:18:56 - train: epoch 60, iter:30, loss: 0.0778, lr: 0.00036689940251058173
2026-01-21 00:19:00 - train: epoch 60, iter:40, loss: 0.0867, lr: 0.00036689940251058173
2026-01-21 00:19:03 - train: epoch 60, iter:50, loss: 0.0929, lr: 0.00036689940251058173
2026-01-21 00:19:06 - train: epoch 60, iter:60, loss: 0.0857, lr: 0.00036689940251058173
2026-01-21 00:19:09 - train: epoch 60, iter:70, loss: 0.0822, lr: 0.00036689940251058173
2026-01-21 00:19:13 - train: epoch 60, iter:80, loss: 0.0987, lr: 0.00036689940251058173
2026-01-21 00:19:13 - Finish one epoch train: epoch 60, loss: 0.0871, time(s): 26.76
2026-01-21 00:19:14 - idx 0 case patient050_frame01 mean_dice 0.879629 mean_hd95 5.301650
2026-01-21 00:19:16 - idx 1 case patient050_frame12 mean_dice 0.785269 mean_hd95 9.671792
2026-01-21 00:19:16 - idx 2 case patient037_frame01 mean_dice 0.854705 mean_hd95 1.483163
2026-01-21 00:19:17 - idx 3 case patient037_frame12 mean_dice 0.712259 mean_hd95 2.478977
2026-01-21 00:19:19 - idx 4 case patient095_frame01 mean_dice 0.941898 mean_hd95 1.000000
2026-01-21 00:19:20 - idx 5 case patient095_frame12 mean_dice 0.871054 mean_hd95 1.885618
2026-01-21 00:19:21 - idx 6 case patient047_frame01 mean_dice 0.893726 mean_hd95 1.138071
2026-01-21 00:19:22 - idx 7 case patient047_frame09 mean_dice 0.875938 mean_hd95 8.787969
2026-01-21 00:19:24 - idx 8 case patient044_frame01 mean_dice 0.920676 mean_hd95 1.000000
2026-01-21 00:19:25 - idx 9 case patient044_frame11 mean_dice 0.862169 mean_hd95 1.333333
2026-01-21 00:19:26 - idx 10 case patient064_frame01 mean_dice 0.951700 mean_hd95 1.000000
2026-01-21 00:19:27 - idx 11 case patient064_frame12 mean_dice 0.921930 mean_hd95 1.000000
2026-01-21 00:19:28 - idx 12 case patient017_frame01 mean_dice 0.915332 mean_hd95 1.244017
2026-01-21 00:19:29 - idx 13 case patient017_frame09 mean_dice 0.925651 mean_hd95 1.138071
2026-01-21 00:19:30 - idx 14 case patient039_frame01 mean_dice 0.941004 mean_hd95 1.000000
2026-01-21 00:19:31 - idx 15 case patient039_frame10 mean_dice 0.816161 mean_hd95 1.883427
2026-01-21 00:19:32 - idx 16 case patient041_frame01 mean_dice 0.907062 mean_hd95 1.000000
2026-01-21 00:19:33 - idx 17 case patient041_frame11 mean_dice 0.841123 mean_hd95 1.333333
2026-01-21 00:19:34 - idx 18 case patient067_frame01 mean_dice 0.927115 mean_hd95 1.000000
2026-01-21 00:19:35 - idx 19 case patient067_frame10 mean_dice 0.929541 mean_hd95 1.000000
2026-01-21 00:19:35 - Mean class 1 mean_dice 0.851032 mean_hd95 4.516175
2026-01-21 00:19:35 - Mean class 2 mean_dice 0.873228 mean_hd95 1.191421
2026-01-21 00:19:35 - Mean class 3 mean_dice 0.926831 mean_hd95 1.144317
2026-01-21 00:19:35 - val epoch: 60, mean_dice: 0.88369710525293, mean_hd95: 2.2839711220772316, time(s): 22.34
2026-01-21 00:19:36 - train: epoch 61, iter:0, loss: 0.0800, lr: 0.00035203658778440135
2026-01-21 00:19:39 - train: epoch 61, iter:10, loss: 0.0805, lr: 0.00035203658778440135
2026-01-21 00:19:43 - train: epoch 61, iter:20, loss: 0.0847, lr: 0.00035203658778440135
2026-01-21 00:19:46 - train: epoch 61, iter:30, loss: 0.0974, lr: 0.00035203658778440135
2026-01-21 00:19:49 - train: epoch 61, iter:40, loss: 0.0795, lr: 0.00035203658778440135
2026-01-21 00:19:52 - train: epoch 61, iter:50, loss: 0.0765, lr: 0.00035203658778440135
2026-01-21 00:19:55 - train: epoch 61, iter:60, loss: 0.0919, lr: 0.00035203658778440135
2026-01-21 00:19:58 - train: epoch 61, iter:70, loss: 0.0810, lr: 0.00035203658778440135
2026-01-21 00:20:02 - train: epoch 61, iter:80, loss: 0.0862, lr: 0.00035203658778440135
2026-01-21 00:20:02 - Finish one epoch train: epoch 61, loss: 0.0867, time(s): 25.94
2026-01-21 00:20:03 - idx 0 case patient050_frame01 mean_dice 0.906117 mean_hd95 1.138071
2026-01-21 00:20:04 - idx 1 case patient050_frame12 mean_dice 0.841136 mean_hd95 1.471405
2026-01-21 00:20:05 - idx 2 case patient037_frame01 mean_dice 0.850015 mean_hd95 1.666667
2026-01-21 00:20:06 - idx 3 case patient037_frame12 mean_dice 0.730508 mean_hd95 2.550094
2026-01-21 00:20:08 - idx 4 case patient095_frame01 mean_dice 0.940020 mean_hd95 1.000000
2026-01-21 00:20:09 - idx 5 case patient095_frame12 mean_dice 0.868998 mean_hd95 2.138071
2026-01-21 00:20:10 - idx 6 case patient047_frame01 mean_dice 0.916061 mean_hd95 1.000000
2026-01-21 00:20:11 - idx 7 case patient047_frame09 mean_dice 0.878314 mean_hd95 1.412023
2026-01-21 00:20:12 - idx 8 case patient044_frame01 mean_dice 0.927513 mean_hd95 1.000000
2026-01-21 00:20:13 - idx 9 case patient044_frame11 mean_dice 0.868613 mean_hd95 1.244017
2026-01-21 00:20:15 - idx 10 case patient064_frame01 mean_dice 0.953643 mean_hd95 1.000000
2026-01-21 00:20:16 - idx 11 case patient064_frame12 mean_dice 0.900213 mean_hd95 1.138071
2026-01-21 00:20:17 - idx 12 case patient017_frame01 mean_dice 0.910527 mean_hd95 1.333333
2026-01-21 00:20:18 - idx 13 case patient017_frame09 mean_dice 0.922768 mean_hd95 1.333333
2026-01-21 00:20:19 - idx 14 case patient039_frame01 mean_dice 0.941700 mean_hd95 1.000000
2026-01-21 00:20:20 - idx 15 case patient039_frame10 mean_dice 0.767060 mean_hd95 1.910684
2026-01-21 00:20:21 - idx 16 case patient041_frame01 mean_dice 0.929094 mean_hd95 1.000000
2026-01-21 00:20:21 - idx 17 case patient041_frame11 mean_dice 0.861879 mean_hd95 1.333333
2026-01-21 00:20:23 - idx 18 case patient067_frame01 mean_dice 0.924974 mean_hd95 1.000000
2026-01-21 00:20:24 - idx 19 case patient067_frame10 mean_dice 0.916373 mean_hd95 1.000000
2026-01-21 00:20:24 - Mean class 1 mean_dice 0.863811 mean_hd95 1.698406
2026-01-21 00:20:24 - Mean class 2 mean_dice 0.878552 mean_hd95 1.119445
2026-01-21 00:20:24 - Mean class 3 mean_dice 0.920966 mean_hd95 1.182514
2026-01-21 00:20:24 - val epoch: 61, mean_dice: 0.8877763362523797, mean_hd95: 1.3334550897000466, time(s): 22.18
2026-01-21 00:20:25 - train: epoch 62, iter:0, loss: 0.0807, lr: 0.00033732472947858096
2026-01-21 00:20:28 - train: epoch 62, iter:10, loss: 0.0729, lr: 0.00033732472947858096
2026-01-21 00:20:31 - train: epoch 62, iter:20, loss: 0.0903, lr: 0.00033732472947858096
2026-01-21 00:20:34 - train: epoch 62, iter:30, loss: 0.0749, lr: 0.00033732472947858096
2026-01-21 00:20:38 - train: epoch 62, iter:40, loss: 0.0743, lr: 0.00033732472947858096
2026-01-21 00:20:41 - train: epoch 62, iter:50, loss: 0.0974, lr: 0.00033732472947858096
2026-01-21 00:20:44 - train: epoch 62, iter:60, loss: 0.0825, lr: 0.00033732472947858096
2026-01-21 00:20:48 - train: epoch 62, iter:70, loss: 0.0852, lr: 0.00033732472947858096
2026-01-21 00:20:51 - train: epoch 62, iter:80, loss: 0.0808, lr: 0.00033732472947858096
2026-01-21 00:20:51 - Finish one epoch train: epoch 62, loss: 0.0851, time(s): 26.77
2026-01-21 00:20:53 - idx 0 case patient050_frame01 mean_dice 0.872048 mean_hd95 7.779693
2026-01-21 00:20:54 - idx 1 case patient050_frame12 mean_dice 0.829774 mean_hd95 2.078689
2026-01-21 00:20:55 - idx 2 case patient037_frame01 mean_dice 0.864505 mean_hd95 1.412023
2026-01-21 00:20:56 - idx 3 case patient037_frame12 mean_dice 0.754395 mean_hd95 2.054093
2026-01-21 00:20:57 - idx 4 case patient095_frame01 mean_dice 0.939233 mean_hd95 1.000000
2026-01-21 00:20:59 - idx 5 case patient095_frame12 mean_dice 0.878865 mean_hd95 1.804738
2026-01-21 00:21:00 - idx 6 case patient047_frame01 mean_dice 0.900321 mean_hd95 1.138071
2026-01-21 00:21:01 - idx 7 case patient047_frame09 mean_dice 0.866095 mean_hd95 1.412023
2026-01-21 00:21:02 - idx 8 case patient044_frame01 mean_dice 0.924059 mean_hd95 1.000000
2026-01-21 00:21:03 - idx 9 case patient044_frame11 mean_dice 0.848542 mean_hd95 1.333333
2026-01-21 00:21:05 - idx 10 case patient064_frame01 mean_dice 0.952126 mean_hd95 1.000000
2026-01-21 00:21:06 - idx 11 case patient064_frame12 mean_dice 0.880154 mean_hd95 1.138071
2026-01-21 00:21:07 - idx 12 case patient017_frame01 mean_dice 0.906842 mean_hd95 1.333333
2026-01-21 00:21:08 - idx 13 case patient017_frame09 mean_dice 0.922467 mean_hd95 1.333333
2026-01-21 00:21:09 - idx 14 case patient039_frame01 mean_dice 0.942726 mean_hd95 1.000000
2026-01-21 00:21:10 - idx 15 case patient039_frame10 mean_dice 0.811991 mean_hd95 1.471405
2026-01-21 00:21:11 - idx 16 case patient041_frame01 mean_dice 0.919521 mean_hd95 1.000000
2026-01-21 00:21:11 - idx 17 case patient041_frame11 mean_dice 0.788192 mean_hd95 3.507556
2026-01-21 00:21:12 - idx 18 case patient067_frame01 mean_dice 0.919126 mean_hd95 1.000000
2026-01-21 00:21:14 - idx 19 case patient067_frame10 mean_dice 0.909664 mean_hd95 1.000000
2026-01-21 00:21:14 - Mean class 1 mean_dice 0.858621 mean_hd95 2.552281
2026-01-21 00:21:14 - Mean class 2 mean_dice 0.868283 mean_hd95 1.359380
2026-01-21 00:21:14 - Mean class 3 mean_dice 0.917694 mean_hd95 1.307794
2026-01-21 00:21:14 - val epoch: 62, mean_dice: 0.8815323635809301, mean_hd95: 1.7398180627204696, time(s): 22.50
2026-01-21 00:21:15 - train: epoch 63, iter:0, loss: 0.0833, lr: 0.0003227783464210847
2026-01-21 00:21:18 - train: epoch 63, iter:10, loss: 0.0818, lr: 0.0003227783464210847
2026-01-21 00:21:21 - train: epoch 63, iter:20, loss: 0.1007, lr: 0.0003227783464210847
2026-01-21 00:21:24 - train: epoch 63, iter:30, loss: 0.0743, lr: 0.0003227783464210847
2026-01-21 00:21:28 - train: epoch 63, iter:40, loss: 0.0855, lr: 0.0003227783464210847
2026-01-21 00:21:31 - train: epoch 63, iter:50, loss: 0.0853, lr: 0.0003227783464210847
2026-01-21 00:21:34 - train: epoch 63, iter:60, loss: 0.0805, lr: 0.0003227783464210847
2026-01-21 00:21:38 - train: epoch 63, iter:70, loss: 0.0786, lr: 0.0003227783464210847
2026-01-21 00:21:41 - train: epoch 63, iter:80, loss: 0.0934, lr: 0.0003227783464210847
2026-01-21 00:21:41 - Finish one epoch train: epoch 63, loss: 0.0867, time(s): 26.70
2026-01-21 00:21:43 - idx 0 case patient050_frame01 mean_dice 0.880469 mean_hd95 7.313808
2026-01-21 00:21:44 - idx 1 case patient050_frame12 mean_dice 0.795531 mean_hd95 10.192963
2026-01-21 00:21:45 - idx 2 case patient037_frame01 mean_dice 0.867689 mean_hd95 1.483163
2026-01-21 00:21:45 - idx 3 case patient037_frame12 mean_dice 0.726847 mean_hd95 2.341994
2026-01-21 00:21:47 - idx 4 case patient095_frame01 mean_dice 0.943028 mean_hd95 1.000000
2026-01-21 00:21:49 - idx 5 case patient095_frame12 mean_dice 0.893283 mean_hd95 1.471405
2026-01-21 00:21:50 - idx 6 case patient047_frame01 mean_dice 0.912244 mean_hd95 1.138071
2026-01-21 00:21:51 - idx 7 case patient047_frame09 mean_dice 0.867331 mean_hd95 1.720759
2026-01-21 00:21:52 - idx 8 case patient044_frame01 mean_dice 0.924110 mean_hd95 1.000000
2026-01-21 00:21:53 - idx 9 case patient044_frame11 mean_dice 0.859527 mean_hd95 1.333333
2026-01-21 00:21:54 - idx 10 case patient064_frame01 mean_dice 0.949548 mean_hd95 1.000000
2026-01-21 00:21:55 - idx 11 case patient064_frame12 mean_dice 0.905958 mean_hd95 1.138071
2026-01-21 00:21:57 - idx 12 case patient017_frame01 mean_dice 0.913239 mean_hd95 1.138071
2026-01-21 00:21:58 - idx 13 case patient017_frame09 mean_dice 0.926582 mean_hd95 1.138071
2026-01-21 00:21:59 - idx 14 case patient039_frame01 mean_dice 0.940409 mean_hd95 1.000000
2026-01-21 00:22:00 - idx 15 case patient039_frame10 mean_dice 0.842325 mean_hd95 1.276142
2026-01-21 00:22:00 - idx 16 case patient041_frame01 mean_dice 0.914861 mean_hd95 1.000000
2026-01-21 00:22:01 - idx 17 case patient041_frame11 mean_dice 0.843733 mean_hd95 1.688165
2026-01-21 00:22:02 - idx 18 case patient067_frame01 mean_dice 0.912764 mean_hd95 1.138071
2026-01-21 00:22:03 - idx 19 case patient067_frame10 mean_dice 0.924444 mean_hd95 1.138071
2026-01-21 00:22:03 - Mean class 1 mean_dice 0.864602 mean_hd95 3.719537
2026-01-21 00:22:03 - Mean class 2 mean_dice 0.875323 mean_hd95 1.201959
2026-01-21 00:22:03 - Mean class 3 mean_dice 0.921664 mean_hd95 1.176028
2026-01-21 00:22:03 - val epoch: 63, mean_dice: 0.8871961590655367, mean_hd95: 2.03250795303054, time(s): 22.39
2026-01-21 00:22:04 - train: epoch 64, iter:0, loss: 0.0771, lr: 0.0003084117941357837
2026-01-21 00:22:07 - train: epoch 64, iter:10, loss: 0.0809, lr: 0.0003084117941357837
2026-01-21 00:22:11 - train: epoch 64, iter:20, loss: 0.0778, lr: 0.0003084117941357837
2026-01-21 00:22:14 - train: epoch 64, iter:30, loss: 0.0856, lr: 0.0003084117941357837
2026-01-21 00:22:17 - train: epoch 64, iter:40, loss: 0.0814, lr: 0.0003084117941357837
2026-01-21 00:22:20 - train: epoch 64, iter:50, loss: 0.0629, lr: 0.0003084117941357837
2026-01-21 00:22:24 - train: epoch 64, iter:60, loss: 0.0745, lr: 0.0003084117941357837
2026-01-21 00:22:27 - train: epoch 64, iter:70, loss: 0.0905, lr: 0.0003084117941357837
2026-01-21 00:22:30 - train: epoch 64, iter:80, loss: 0.0746, lr: 0.0003084117941357837
2026-01-21 00:22:30 - Finish one epoch train: epoch 64, loss: 0.0839, time(s): 26.02
2026-01-21 00:22:31 - idx 0 case patient050_frame01 mean_dice 0.887218 mean_hd95 5.161172
2026-01-21 00:22:33 - idx 1 case patient050_frame12 mean_dice 0.867962 mean_hd95 7.680334
2026-01-21 00:22:33 - idx 2 case patient037_frame01 mean_dice 0.868034 mean_hd95 1.412023
2026-01-21 00:22:34 - idx 3 case patient037_frame12 mean_dice 0.642472 mean_hd95 2.650379
2026-01-21 00:22:36 - idx 4 case patient095_frame01 mean_dice 0.941519 mean_hd95 1.000000
2026-01-21 00:22:37 - idx 5 case patient095_frame12 mean_dice 0.889249 mean_hd95 1.747547
2026-01-21 00:22:38 - idx 6 case patient047_frame01 mean_dice 0.897814 mean_hd95 1.138071
2026-01-21 00:22:39 - idx 7 case patient047_frame09 mean_dice 0.861733 mean_hd95 2.000000
2026-01-21 00:22:40 - idx 8 case patient044_frame01 mean_dice 0.924521 mean_hd95 1.000000
2026-01-21 00:22:42 - idx 9 case patient044_frame11 mean_dice 0.872606 mean_hd95 1.244017
2026-01-21 00:22:43 - idx 10 case patient064_frame01 mean_dice 0.950442 mean_hd95 1.000000
2026-01-21 00:22:44 - idx 11 case patient064_frame12 mean_dice 0.873611 mean_hd95 1.333333
2026-01-21 00:22:45 - idx 12 case patient017_frame01 mean_dice 0.900036 mean_hd95 1.333333
2026-01-21 00:22:46 - idx 13 case patient017_frame09 mean_dice 0.917729 mean_hd95 1.333333
2026-01-21 00:22:47 - idx 14 case patient039_frame01 mean_dice 0.940962 mean_hd95 1.000000
2026-01-21 00:22:48 - idx 15 case patient039_frame10 mean_dice 0.779925 mean_hd95 1.577350
2026-01-21 00:22:49 - idx 16 case patient041_frame01 mean_dice 0.922420 mean_hd95 1.000000
2026-01-21 00:22:49 - idx 17 case patient041_frame11 mean_dice 0.855772 mean_hd95 1.550094
2026-01-21 00:22:50 - idx 18 case patient067_frame01 mean_dice 0.915748 mean_hd95 1.000000
2026-01-21 00:22:52 - idx 19 case patient067_frame10 mean_dice 0.932282 mean_hd95 1.000000
2026-01-21 00:22:52 - Mean class 1 mean_dice 0.869037 mean_hd95 3.134527
2026-01-21 00:22:52 - Mean class 2 mean_dice 0.868315 mean_hd95 1.180920
2026-01-21 00:22:52 - Mean class 3 mean_dice 0.908956 mean_hd95 1.258701
2026-01-21 00:22:52 - val epoch: 64, mean_dice: 0.8821027705047942, mean_hd95: 1.8580493121782042, time(s): 21.75
2026-01-21 00:22:53 - train: epoch 65, iter:0, loss: 0.0832, lr: 0.0002942392506752892
2026-01-21 00:22:56 - train: epoch 65, iter:10, loss: 0.1289, lr: 0.0002942392506752892
2026-01-21 00:22:59 - train: epoch 65, iter:20, loss: 0.0861, lr: 0.0002942392506752892
2026-01-21 00:23:02 - train: epoch 65, iter:30, loss: 0.0826, lr: 0.0002942392506752892
2026-01-21 00:23:05 - train: epoch 65, iter:40, loss: 0.0823, lr: 0.0002942392506752892
2026-01-21 00:23:08 - train: epoch 65, iter:50, loss: 0.0854, lr: 0.0002942392506752892
2026-01-21 00:23:11 - train: epoch 65, iter:60, loss: 0.0828, lr: 0.0002942392506752892
2026-01-21 00:23:15 - train: epoch 65, iter:70, loss: 0.0785, lr: 0.0002942392506752892
2026-01-21 00:23:18 - train: epoch 65, iter:80, loss: 0.1084, lr: 0.0002942392506752892
2026-01-21 00:23:18 - Finish one epoch train: epoch 65, loss: 0.0841, time(s): 25.97
2026-01-21 00:23:20 - idx 0 case patient050_frame01 mean_dice 0.885452 mean_hd95 4.531610
2026-01-21 00:23:21 - idx 1 case patient050_frame12 mean_dice 0.797242 mean_hd95 7.852823
2026-01-21 00:23:22 - idx 2 case patient037_frame01 mean_dice 0.864615 mean_hd95 1.609476
2026-01-21 00:23:23 - idx 3 case patient037_frame12 mean_dice 0.759901 mean_hd95 2.197385
2026-01-21 00:23:25 - idx 4 case patient095_frame01 mean_dice 0.941530 mean_hd95 1.000000
2026-01-21 00:23:27 - idx 5 case patient095_frame12 mean_dice 0.881612 mean_hd95 1.621234
2026-01-21 00:23:28 - idx 6 case patient047_frame01 mean_dice 0.897374 mean_hd95 1.138071
2026-01-21 00:23:29 - idx 7 case patient047_frame09 mean_dice 0.892040 mean_hd95 1.138071
2026-01-21 00:23:31 - idx 8 case patient044_frame01 mean_dice 0.926539 mean_hd95 1.000000
2026-01-21 00:23:32 - idx 9 case patient044_frame11 mean_dice 0.871360 mean_hd95 1.138071
2026-01-21 00:23:33 - idx 10 case patient064_frame01 mean_dice 0.950655 mean_hd95 1.000000
2026-01-21 00:23:35 - idx 11 case patient064_frame12 mean_dice 0.927907 mean_hd95 1.000000
2026-01-21 00:23:36 - idx 12 case patient017_frame01 mean_dice 0.914022 mean_hd95 1.333333
2026-01-21 00:23:37 - idx 13 case patient017_frame09 mean_dice 0.924015 mean_hd95 1.333333
2026-01-21 00:23:38 - idx 14 case patient039_frame01 mean_dice 0.946517 mean_hd95 1.000000
2026-01-21 00:23:39 - idx 15 case patient039_frame10 mean_dice 0.848200 mean_hd95 1.276142
2026-01-21 00:23:40 - idx 16 case patient041_frame01 mean_dice 0.921993 mean_hd95 1.000000
2026-01-21 00:23:40 - idx 17 case patient041_frame11 mean_dice 0.845943 mean_hd95 1.471405
2026-01-21 00:23:42 - idx 18 case patient067_frame01 mean_dice 0.924151 mean_hd95 1.000000
2026-01-21 00:23:43 - idx 19 case patient067_frame10 mean_dice 0.934777 mean_hd95 1.000000
2026-01-21 00:23:43 - Mean class 1 mean_dice 0.865682 mean_hd95 2.965565
2026-01-21 00:23:43 - Mean class 2 mean_dice 0.879694 mean_hd95 1.139827
2026-01-21 00:23:43 - Mean class 3 mean_dice 0.933001 mean_hd95 1.090751
2026-01-21 00:23:43 - val epoch: 65, mean_dice: 0.8927923463529265, mean_hd95: 1.732047772152565, time(s): 24.47
2026-01-21 00:23:44 - train: epoch 66, iter:0, loss: 0.0822, lr: 0.0002802747026289245
2026-01-21 00:23:47 - train: epoch 66, iter:10, loss: 0.0732, lr: 0.0002802747026289245
2026-01-21 00:23:50 - train: epoch 66, iter:20, loss: 0.0816, lr: 0.0002802747026289245
2026-01-21 00:23:54 - train: epoch 66, iter:30, loss: 0.0817, lr: 0.0002802747026289245
2026-01-21 00:23:57 - train: epoch 66, iter:40, loss: 0.0999, lr: 0.0002802747026289245
2026-01-21 00:24:00 - train: epoch 66, iter:50, loss: 0.0862, lr: 0.0002802747026289245
2026-01-21 00:24:03 - train: epoch 66, iter:60, loss: 0.0927, lr: 0.0002802747026289245
2026-01-21 00:24:06 - train: epoch 66, iter:70, loss: 0.0898, lr: 0.0002802747026289245
2026-01-21 00:24:09 - train: epoch 66, iter:80, loss: 0.0710, lr: 0.0002802747026289245
2026-01-21 00:24:10 - Finish one epoch train: epoch 66, loss: 0.0818, time(s): 26.08
2026-01-21 00:24:11 - idx 0 case patient050_frame01 mean_dice 0.903752 mean_hd95 1.276142
2026-01-21 00:24:12 - idx 1 case patient050_frame12 mean_dice 0.819846 mean_hd95 2.132782
2026-01-21 00:24:13 - idx 2 case patient037_frame01 mean_dice 0.853274 mean_hd95 1.666667
2026-01-21 00:24:14 - idx 3 case patient037_frame12 mean_dice 0.691051 mean_hd95 2.630974
2026-01-21 00:24:15 - idx 4 case patient095_frame01 mean_dice 0.941762 mean_hd95 1.000000
2026-01-21 00:24:17 - idx 5 case patient095_frame12 mean_dice 0.882952 mean_hd95 1.621234
2026-01-21 00:24:18 - idx 6 case patient047_frame01 mean_dice 0.915007 mean_hd95 1.000000
2026-01-21 00:24:19 - idx 7 case patient047_frame09 mean_dice 0.891596 mean_hd95 1.138071
2026-01-21 00:24:20 - idx 8 case patient044_frame01 mean_dice 0.921792 mean_hd95 1.000000
2026-01-21 00:24:22 - idx 9 case patient044_frame11 mean_dice 0.875931 mean_hd95 1.138071
2026-01-21 00:24:23 - idx 10 case patient064_frame01 mean_dice 0.951432 mean_hd95 1.000000
2026-01-21 00:24:24 - idx 11 case patient064_frame12 mean_dice 0.898200 mean_hd95 1.138071
2026-01-21 00:24:25 - idx 12 case patient017_frame01 mean_dice 0.908235 mean_hd95 1.333333
2026-01-21 00:24:26 - idx 13 case patient017_frame09 mean_dice 0.919641 mean_hd95 1.333333
2026-01-21 00:24:27 - idx 14 case patient039_frame01 mean_dice 0.941332 mean_hd95 1.000000
2026-01-21 00:24:28 - idx 15 case patient039_frame10 mean_dice 0.805764 mean_hd95 1.382088
2026-01-21 00:24:29 - idx 16 case patient041_frame01 mean_dice 0.922108 mean_hd95 1.000000
2026-01-21 00:24:30 - idx 17 case patient041_frame11 mean_dice 0.855472 mean_hd95 1.333333
2026-01-21 00:24:31 - idx 18 case patient067_frame01 mean_dice 0.905422 mean_hd95 1.000000
2026-01-21 00:24:32 - idx 19 case patient067_frame10 mean_dice 0.933922 mean_hd95 1.000000
2026-01-21 00:24:32 - Mean class 1 mean_dice 0.871559 mean_hd95 1.654852
2026-01-21 00:24:32 - Mean class 2 mean_dice 0.868600 mean_hd95 1.123935
2026-01-21 00:24:32 - Mean class 3 mean_dice 0.920615 mean_hd95 1.139827
2026-01-21 00:24:32 - val epoch: 66, mean_dice: 0.8869246230163093, mean_hd95: 1.3062050558604008, time(s): 22.78
2026-01-21 00:24:33 - train: epoch 67, iter:0, loss: 0.0802, lr: 0.000266531931319651
2026-01-21 00:24:36 - train: epoch 67, iter:10, loss: 0.0915, lr: 0.000266531931319651
2026-01-21 00:24:40 - train: epoch 67, iter:20, loss: 0.0766, lr: 0.000266531931319651
2026-01-21 00:24:43 - train: epoch 67, iter:30, loss: 0.0774, lr: 0.000266531931319651
2026-01-21 00:24:46 - train: epoch 67, iter:40, loss: 0.0796, lr: 0.000266531931319651
2026-01-21 00:24:49 - train: epoch 67, iter:50, loss: 0.0775, lr: 0.000266531931319651
2026-01-21 00:24:52 - train: epoch 67, iter:60, loss: 0.0821, lr: 0.000266531931319651
2026-01-21 00:24:56 - train: epoch 67, iter:70, loss: 0.0823, lr: 0.000266531931319651
2026-01-21 00:24:59 - train: epoch 67, iter:80, loss: 0.0944, lr: 0.000266531931319651
2026-01-21 00:24:59 - Finish one epoch train: epoch 67, loss: 0.0825, time(s): 26.05
2026-01-21 00:25:01 - idx 0 case patient050_frame01 mean_dice 0.900975 mean_hd95 1.471405
2026-01-21 00:25:02 - idx 1 case patient050_frame12 mean_dice 0.844293 mean_hd95 1.577350
2026-01-21 00:25:03 - idx 2 case patient037_frame01 mean_dice 0.857813 mean_hd95 1.603160
2026-01-21 00:25:04 - idx 3 case patient037_frame12 mean_dice 0.723098 mean_hd95 2.159570
2026-01-21 00:25:05 - idx 4 case patient095_frame01 mean_dice 0.939526 mean_hd95 1.000000
2026-01-21 00:25:07 - idx 5 case patient095_frame12 mean_dice 0.888231 mean_hd95 1.621234
2026-01-21 00:25:08 - idx 6 case patient047_frame01 mean_dice 0.904391 mean_hd95 1.138071
2026-01-21 00:25:09 - idx 7 case patient047_frame09 mean_dice 0.879989 mean_hd95 1.345137
2026-01-21 00:25:10 - idx 8 case patient044_frame01 mean_dice 0.924418 mean_hd95 1.000000
2026-01-21 00:25:11 - idx 9 case patient044_frame11 mean_dice 0.870552 mean_hd95 1.244017
2026-01-21 00:25:12 - idx 10 case patient064_frame01 mean_dice 0.952681 mean_hd95 1.000000
2026-01-21 00:25:14 - idx 11 case patient064_frame12 mean_dice 0.925109 mean_hd95 1.000000
2026-01-21 00:25:15 - idx 12 case patient017_frame01 mean_dice 0.911478 mean_hd95 1.333333
2026-01-21 00:25:16 - idx 13 case patient017_frame09 mean_dice 0.924568 mean_hd95 1.333333
2026-01-21 00:25:17 - idx 14 case patient039_frame01 mean_dice 0.939367 mean_hd95 1.000000
2026-01-21 00:25:18 - idx 15 case patient039_frame10 mean_dice 0.780301 mean_hd95 1.715421
2026-01-21 00:25:18 - idx 16 case patient041_frame01 mean_dice 0.919398 mean_hd95 1.000000
2026-01-21 00:25:19 - idx 17 case patient041_frame11 mean_dice 0.847405 mean_hd95 1.688165
2026-01-21 00:25:20 - idx 18 case patient067_frame01 mean_dice 0.914483 mean_hd95 1.000000
2026-01-21 00:25:22 - idx 19 case patient067_frame10 mean_dice 0.931181 mean_hd95 1.000000
2026-01-21 00:25:22 - Mean class 1 mean_dice 0.871252 mean_hd95 1.645968
2026-01-21 00:25:22 - Mean class 2 mean_dice 0.872898 mean_hd95 1.135337
2026-01-21 00:25:22 - Mean class 3 mean_dice 0.922738 mean_hd95 1.153225
2026-01-21 00:25:22 - val epoch: 67, mean_dice: 0.8889628574950512, mean_hd95: 1.3115098439020019, time(s): 22.62
2026-01-21 00:25:23 - train: epoch 68, iter:0, loss: 0.0696, lr: 0.0002530244992035663
2026-01-21 00:25:26 - train: epoch 68, iter:10, loss: 0.0741, lr: 0.0002530244992035663
2026-01-21 00:25:29 - train: epoch 68, iter:20, loss: 0.0774, lr: 0.0002530244992035663
2026-01-21 00:25:32 - train: epoch 68, iter:30, loss: 0.0805, lr: 0.0002530244992035663
2026-01-21 00:25:35 - train: epoch 68, iter:40, loss: 0.0745, lr: 0.0002530244992035663
2026-01-21 00:25:38 - train: epoch 68, iter:50, loss: 0.0782, lr: 0.0002530244992035663
2026-01-21 00:25:41 - train: epoch 68, iter:60, loss: 0.0690, lr: 0.0002530244992035663
2026-01-21 00:25:45 - train: epoch 68, iter:70, loss: 0.0718, lr: 0.0002530244992035663
2026-01-21 00:25:48 - train: epoch 68, iter:80, loss: 0.0779, lr: 0.0002530244992035663
2026-01-21 00:25:48 - Finish one epoch train: epoch 68, loss: 0.0809, time(s): 25.49
2026-01-21 00:25:50 - idx 0 case patient050_frame01 mean_dice 0.908038 mean_hd95 1.333333
2026-01-21 00:25:51 - idx 1 case patient050_frame12 mean_dice 0.890833 mean_hd95 1.550094
2026-01-21 00:25:52 - idx 2 case patient037_frame01 mean_dice 0.827282 mean_hd95 1.666667
2026-01-21 00:25:52 - idx 3 case patient037_frame12 mean_dice 0.674931 mean_hd95 2.598695
2026-01-21 00:25:54 - idx 4 case patient095_frame01 mean_dice 0.941766 mean_hd95 1.000000
2026-01-21 00:25:56 - idx 5 case patient095_frame12 mean_dice 0.868490 mean_hd95 1.804738
2026-01-21 00:25:57 - idx 6 case patient047_frame01 mean_dice 0.912470 mean_hd95 1.138071
2026-01-21 00:25:58 - idx 7 case patient047_frame09 mean_dice 0.888031 mean_hd95 1.333333
2026-01-21 00:25:59 - idx 8 case patient044_frame01 mean_dice 0.924194 mean_hd95 1.000000
2026-01-21 00:26:00 - idx 9 case patient044_frame11 mean_dice 0.874442 mean_hd95 1.412023
2026-01-21 00:26:01 - idx 10 case patient064_frame01 mean_dice 0.952495 mean_hd95 1.000000
2026-01-21 00:26:02 - idx 11 case patient064_frame12 mean_dice 0.916183 mean_hd95 1.000000
2026-01-21 00:26:03 - idx 12 case patient017_frame01 mean_dice 0.905194 mean_hd95 1.333333
2026-01-21 00:26:04 - idx 13 case patient017_frame09 mean_dice 0.917574 mean_hd95 1.333333
2026-01-21 00:26:05 - idx 14 case patient039_frame01 mean_dice 0.941015 mean_hd95 1.000000
2026-01-21 00:26:06 - idx 15 case patient039_frame10 mean_dice 0.778351 mean_hd95 1.715421
2026-01-21 00:26:07 - idx 16 case patient041_frame01 mean_dice 0.919666 mean_hd95 1.000000
2026-01-21 00:26:08 - idx 17 case patient041_frame11 mean_dice 0.858179 mean_hd95 1.471405
2026-01-21 00:26:09 - idx 18 case patient067_frame01 mean_dice 0.916576 mean_hd95 1.000000
2026-01-21 00:26:10 - idx 19 case patient067_frame10 mean_dice 0.939164 mean_hd95 1.000000
2026-01-21 00:26:10 - Mean class 1 mean_dice 0.863557 mean_hd95 1.761647
2026-01-21 00:26:10 - Mean class 2 mean_dice 0.876596 mean_hd95 1.091421
2026-01-21 00:26:10 - Mean class 3 mean_dice 0.923078 mean_hd95 1.150498
2026-01-21 00:26:10 - val epoch: 68, mean_dice: 0.887743779262626, mean_hd95: 1.3345223230964336, time(s): 22.20
2026-01-21 00:26:11 - train: epoch 69, iter:0, loss: 0.0727, lr: 0.00023976573648539667
2026-01-21 00:26:15 - train: epoch 69, iter:10, loss: 0.0694, lr: 0.00023976573648539667
2026-01-21 00:26:18 - train: epoch 69, iter:20, loss: 0.0928, lr: 0.00023976573648539667
2026-01-21 00:26:21 - train: epoch 69, iter:30, loss: 0.0873, lr: 0.00023976573648539667
2026-01-21 00:26:24 - train: epoch 69, iter:40, loss: 0.0791, lr: 0.00023976573648539667
2026-01-21 00:26:27 - train: epoch 69, iter:50, loss: 0.0734, lr: 0.00023976573648539667
2026-01-21 00:26:31 - train: epoch 69, iter:60, loss: 0.0689, lr: 0.00023976573648539667
2026-01-21 00:26:34 - train: epoch 69, iter:70, loss: 0.0794, lr: 0.00023976573648539667
2026-01-21 00:26:37 - train: epoch 69, iter:80, loss: 0.0975, lr: 0.00023976573648539667
2026-01-21 00:26:37 - Finish one epoch train: epoch 69, loss: 0.0819, time(s): 26.13
2026-01-21 00:26:38 - idx 0 case patient050_frame01 mean_dice 0.877964 mean_hd95 4.349959
2026-01-21 00:26:40 - idx 1 case patient050_frame12 mean_dice 0.826083 mean_hd95 2.078689
2026-01-21 00:26:41 - idx 2 case patient037_frame01 mean_dice 0.871649 mean_hd95 1.412023
2026-01-21 00:26:41 - idx 3 case patient037_frame12 mean_dice 0.704135 mean_hd95 2.341994
2026-01-21 00:26:43 - idx 4 case patient095_frame01 mean_dice 0.939880 mean_hd95 1.000000
2026-01-21 00:26:44 - idx 5 case patient095_frame12 mean_dice 0.868680 mean_hd95 1.673570
2026-01-21 00:26:46 - idx 6 case patient047_frame01 mean_dice 0.917486 mean_hd95 1.000000
2026-01-21 00:26:47 - idx 7 case patient047_frame09 mean_dice 0.883426 mean_hd95 1.333333
2026-01-21 00:26:48 - idx 8 case patient044_frame01 mean_dice 0.915843 mean_hd95 1.000000
2026-01-21 00:26:49 - idx 9 case patient044_frame11 mean_dice 0.867171 mean_hd95 1.159260
2026-01-21 00:26:50 - idx 10 case patient064_frame01 mean_dice 0.949047 mean_hd95 1.000000
2026-01-21 00:26:51 - idx 11 case patient064_frame12 mean_dice 0.909545 mean_hd95 1.138071
2026-01-21 00:26:52 - idx 12 case patient017_frame01 mean_dice 0.896544 mean_hd95 1.333333
2026-01-21 00:26:53 - idx 13 case patient017_frame09 mean_dice 0.914242 mean_hd95 1.412023
2026-01-21 00:26:54 - idx 14 case patient039_frame01 mean_dice 0.940881 mean_hd95 1.000000
2026-01-21 00:26:55 - idx 15 case patient039_frame10 mean_dice 0.753220 mean_hd95 2.000000
2026-01-21 00:26:56 - idx 16 case patient041_frame01 mean_dice 0.910571 mean_hd95 1.000000
2026-01-21 00:26:56 - idx 17 case patient041_frame11 mean_dice 0.885760 mean_hd95 1.138071
2026-01-21 00:26:58 - idx 18 case patient067_frame01 mean_dice 0.905117 mean_hd95 1.000000
2026-01-21 00:26:59 - idx 19 case patient067_frame10 mean_dice 0.920168 mean_hd95 1.000000
2026-01-21 00:26:59 - Mean class 1 mean_dice 0.858801 mean_hd95 2.078814
2026-01-21 00:26:59 - Mean class 2 mean_dice 0.869081 mean_hd95 1.182514
2026-01-21 00:26:59 - Mean class 3 mean_dice 0.920731 mean_hd95 1.144221
2026-01-21 00:26:59 - val epoch: 69, mean_dice: 0.8828706337431057, mean_hd95: 1.4685163222203637, time(s): 21.78
2026-01-21 00:27:00 - train: epoch 70, iter:0, loss: 0.0848, lr: 0.00022676872796319544
2026-01-21 00:27:03 - train: epoch 70, iter:10, loss: 0.0791, lr: 0.00022676872796319544
2026-01-21 00:27:06 - train: epoch 70, iter:20, loss: 0.0767, lr: 0.00022676872796319544
2026-01-21 00:27:09 - train: epoch 70, iter:30, loss: 0.0825, lr: 0.00022676872796319544
2026-01-21 00:27:12 - train: epoch 70, iter:40, loss: 0.0798, lr: 0.00022676872796319544
2026-01-21 00:27:15 - train: epoch 70, iter:50, loss: 0.0793, lr: 0.00022676872796319544
2026-01-21 00:27:19 - train: epoch 70, iter:60, loss: 0.0930, lr: 0.00022676872796319544
2026-01-21 00:27:22 - train: epoch 70, iter:70, loss: 0.0689, lr: 0.00022676872796319544
2026-01-21 00:27:25 - train: epoch 70, iter:80, loss: 0.0839, lr: 0.00022676872796319544
2026-01-21 00:27:25 - Finish one epoch train: epoch 70, loss: 0.0808, time(s): 25.55
2026-01-21 00:27:26 - idx 0 case patient050_frame01 mean_dice 0.911135 mean_hd95 1.138071
2026-01-21 00:27:28 - idx 1 case patient050_frame12 mean_dice 0.836848 mean_hd95 1.804738
2026-01-21 00:27:29 - idx 2 case patient037_frame01 mean_dice 0.862756 mean_hd95 1.412023
2026-01-21 00:27:29 - idx 3 case patient037_frame12 mean_dice 0.710103 mean_hd95 2.270853
2026-01-21 00:27:31 - idx 4 case patient095_frame01 mean_dice 0.941715 mean_hd95 1.000000
2026-01-21 00:27:32 - idx 5 case patient095_frame12 mean_dice 0.873536 mean_hd95 1.804738
2026-01-21 00:27:34 - idx 6 case patient047_frame01 mean_dice 0.893255 mean_hd95 1.138071
2026-01-21 00:27:35 - idx 7 case patient047_frame09 mean_dice 0.882302 mean_hd95 1.333333
2026-01-21 00:27:36 - idx 8 case patient044_frame01 mean_dice 0.928672 mean_hd95 1.000000
2026-01-21 00:27:37 - idx 9 case patient044_frame11 mean_dice 0.871556 mean_hd95 1.244017
2026-01-21 00:27:38 - idx 10 case patient064_frame01 mean_dice 0.953295 mean_hd95 1.000000
2026-01-21 00:27:40 - idx 11 case patient064_frame12 mean_dice 0.924617 mean_hd95 1.000000
2026-01-21 00:27:41 - idx 12 case patient017_frame01 mean_dice 0.912705 mean_hd95 1.333333
2026-01-21 00:27:42 - idx 13 case patient017_frame09 mean_dice 0.923738 mean_hd95 1.333333
2026-01-21 00:27:43 - idx 14 case patient039_frame01 mean_dice 0.944086 mean_hd95 1.000000
2026-01-21 00:27:44 - idx 15 case patient039_frame10 mean_dice 0.782909 mean_hd95 1.727180
2026-01-21 00:27:45 - idx 16 case patient041_frame01 mean_dice 0.917828 mean_hd95 1.000000
2026-01-21 00:27:45 - idx 17 case patient041_frame11 mean_dice 0.842366 mean_hd95 1.804738
2026-01-21 00:27:46 - idx 18 case patient067_frame01 mean_dice 0.917413 mean_hd95 1.000000
2026-01-21 00:27:48 - idx 19 case patient067_frame10 mean_dice 0.937403 mean_hd95 1.000000
2026-01-21 00:27:48 - Mean class 1 mean_dice 0.862956 mean_hd95 1.627231
2026-01-21 00:27:48 - Mean class 2 mean_dice 0.879028 mean_hd95 1.119445
2026-01-21 00:27:48 - Mean class 3 mean_dice 0.923251 mean_hd95 1.204989
2026-01-21 00:27:48 - val epoch: 70, mean_dice: 0.8884118798933877, mean_hd95: 1.3172214391221246, time(s): 22.45
2026-01-21 00:27:49 - train: epoch 71, iter:0, loss: 0.0809, lr: 0.00021404630011522598
2026-01-21 00:27:52 - train: epoch 71, iter:10, loss: 0.0728, lr: 0.00021404630011522598
2026-01-21 00:27:55 - train: epoch 71, iter:20, loss: 0.0747, lr: 0.00021404630011522598
2026-01-21 00:27:58 - train: epoch 71, iter:30, loss: 0.0800, lr: 0.00021404630011522598
2026-01-21 00:28:01 - train: epoch 71, iter:40, loss: 0.0737, lr: 0.00021404630011522598
2026-01-21 00:28:04 - train: epoch 71, iter:50, loss: 0.0758, lr: 0.00021404630011522598
2026-01-21 00:28:08 - train: epoch 71, iter:60, loss: 0.0724, lr: 0.00021404630011522598
2026-01-21 00:28:11 - train: epoch 71, iter:70, loss: 0.0683, lr: 0.00021404630011522598
2026-01-21 00:28:14 - train: epoch 71, iter:80, loss: 0.0811, lr: 0.00021404630011522598
2026-01-21 00:28:14 - Finish one epoch train: epoch 71, loss: 0.0782, time(s): 25.73
2026-01-21 00:28:15 - idx 0 case patient050_frame01 mean_dice 0.900926 mean_hd95 1.550094
2026-01-21 00:28:17 - idx 1 case patient050_frame12 mean_dice 0.830687 mean_hd95 1.816497
2026-01-21 00:28:18 - idx 2 case patient037_frame01 mean_dice 0.861636 mean_hd95 1.333333
2026-01-21 00:28:19 - idx 3 case patient037_frame12 mean_dice 0.634508 mean_hd95 2.577350
2026-01-21 00:28:21 - idx 4 case patient095_frame01 mean_dice 0.940201 mean_hd95 1.000000
2026-01-21 00:28:23 - idx 5 case patient095_frame12 mean_dice 0.862411 mean_hd95 1.942809
2026-01-21 00:28:24 - idx 6 case patient047_frame01 mean_dice 0.908312 mean_hd95 1.138071
2026-01-21 00:28:25 - idx 7 case patient047_frame09 mean_dice 0.883090 mean_hd95 1.333333
2026-01-21 00:28:26 - idx 8 case patient044_frame01 mean_dice 0.918517 mean_hd95 1.000000
2026-01-21 00:28:27 - idx 9 case patient044_frame11 mean_dice 0.880040 mean_hd95 1.138071
2026-01-21 00:28:28 - idx 10 case patient064_frame01 mean_dice 0.951791 mean_hd95 1.000000
2026-01-21 00:28:29 - idx 11 case patient064_frame12 mean_dice 0.877686 mean_hd95 1.244017
2026-01-21 00:28:31 - idx 12 case patient017_frame01 mean_dice 0.892524 mean_hd95 1.333333
2026-01-21 00:28:32 - idx 13 case patient017_frame09 mean_dice 0.909568 mean_hd95 1.609476
2026-01-21 00:28:33 - idx 14 case patient039_frame01 mean_dice 0.940560 mean_hd95 1.000000
2026-01-21 00:28:34 - idx 15 case patient039_frame10 mean_dice 0.767622 mean_hd95 1.883427
2026-01-21 00:28:34 - idx 16 case patient041_frame01 mean_dice 0.914732 mean_hd95 1.000000
2026-01-21 00:28:35 - idx 17 case patient041_frame11 mean_dice 0.869751 mean_hd95 1.333333
2026-01-21 00:28:36 - idx 18 case patient067_frame01 mean_dice 0.907214 mean_hd95 1.000000
2026-01-21 00:28:38 - idx 19 case patient067_frame10 mean_dice 0.935520 mean_hd95 1.000000
2026-01-21 00:28:38 - Mean class 1 mean_dice 0.869108 mean_hd95 1.646739
2026-01-21 00:28:38 - Mean class 2 mean_dice 0.861693 mean_hd95 1.219117
2026-01-21 00:28:38 - Mean class 3 mean_dice 0.907293 mean_hd95 1.219117
2026-01-21 00:28:38 - val epoch: 71, mean_dice: 0.8793648166231023, mean_hd95: 1.3616572635317545, time(s): 23.65
2026-01-21 00:28:39 - train: epoch 72, iter:0, loss: 0.0738, lr: 0.00020161100844177672
2026-01-21 00:28:42 - train: epoch 72, iter:10, loss: 0.0817, lr: 0.00020161100844177672
2026-01-21 00:28:45 - train: epoch 72, iter:20, loss: 0.0675, lr: 0.00020161100844177672
2026-01-21 00:28:48 - train: epoch 72, iter:30, loss: 0.0855, lr: 0.00020161100844177672
2026-01-21 00:28:51 - train: epoch 72, iter:40, loss: 0.0725, lr: 0.00020161100844177672
2026-01-21 00:28:55 - train: epoch 72, iter:50, loss: 0.0743, lr: 0.00020161100844177672
2026-01-21 00:28:58 - train: epoch 72, iter:60, loss: 0.0784, lr: 0.00020161100844177672
2026-01-21 00:29:01 - train: epoch 72, iter:70, loss: 0.0835, lr: 0.00020161100844177672
2026-01-21 00:29:04 - train: epoch 72, iter:80, loss: 0.0734, lr: 0.00020161100844177672
2026-01-21 00:29:04 - Finish one epoch train: epoch 72, loss: 0.0787, time(s): 26.14
2026-01-21 00:29:06 - idx 0 case patient050_frame01 mean_dice 0.892730 mean_hd95 1.412023
2026-01-21 00:29:07 - idx 1 case patient050_frame12 mean_dice 0.838833 mean_hd95 1.577350
2026-01-21 00:29:08 - idx 2 case patient037_frame01 mean_dice 0.868456 mean_hd95 1.412023
2026-01-21 00:29:09 - idx 3 case patient037_frame12 mean_dice 0.655136 mean_hd95 2.341994
2026-01-21 00:29:11 - idx 4 case patient095_frame01 mean_dice 0.942925 mean_hd95 1.000000
2026-01-21 00:29:12 - idx 5 case patient095_frame12 mean_dice 0.875257 mean_hd95 1.804738
2026-01-21 00:29:13 - idx 6 case patient047_frame01 mean_dice 0.904500 mean_hd95 1.138071
2026-01-21 00:29:14 - idx 7 case patient047_frame09 mean_dice 0.876271 mean_hd95 1.720759
2026-01-21 00:29:15 - idx 8 case patient044_frame01 mean_dice 0.924120 mean_hd95 1.000000
2026-01-21 00:29:16 - idx 9 case patient044_frame11 mean_dice 0.876145 mean_hd95 1.244017
2026-01-21 00:29:18 - idx 10 case patient064_frame01 mean_dice 0.951045 mean_hd95 1.000000
2026-01-21 00:29:19 - idx 11 case patient064_frame12 mean_dice 0.882443 mean_hd95 1.244017
2026-01-21 00:29:20 - idx 12 case patient017_frame01 mean_dice 0.906515 mean_hd95 1.333333
2026-01-21 00:29:21 - idx 13 case patient017_frame09 mean_dice 0.918021 mean_hd95 1.412023
2026-01-21 00:29:22 - idx 14 case patient039_frame01 mean_dice 0.944430 mean_hd95 1.000000
2026-01-21 00:29:23 - idx 15 case patient039_frame10 mean_dice 0.777194 mean_hd95 1.804738
2026-01-21 00:29:24 - idx 16 case patient041_frame01 mean_dice 0.915874 mean_hd95 1.000000
2026-01-21 00:29:24 - idx 17 case patient041_frame11 mean_dice 0.879435 mean_hd95 1.138071
2026-01-21 00:29:25 - idx 18 case patient067_frame01 mean_dice 0.914674 mean_hd95 1.000000
2026-01-21 00:29:27 - idx 19 case patient067_frame10 mean_dice 0.937154 mean_hd95 1.000000
2026-01-21 00:29:27 - Mean class 1 mean_dice 0.866396 mean_hd95 1.638569
2026-01-21 00:29:27 - Mean class 2 mean_dice 0.871792 mean_hd95 1.169117
2026-01-21 00:29:27 - Mean class 3 mean_dice 0.913986 mean_hd95 1.179788
2026-01-21 00:29:27 - val epoch: 72, mean_dice: 0.8840579495722869, mean_hd95: 1.3291578205031902, time(s): 22.34
2026-01-21 00:29:28 - train: epoch 73, iter:0, loss: 0.0676, lr: 0.0001894751250743987
2026-01-21 00:29:31 - train: epoch 73, iter:10, loss: 0.0841, lr: 0.0001894751250743987
2026-01-21 00:29:34 - train: epoch 73, iter:20, loss: 0.0667, lr: 0.0001894751250743987
2026-01-21 00:29:37 - train: epoch 73, iter:30, loss: 0.0749, lr: 0.0001894751250743987
2026-01-21 00:29:40 - train: epoch 73, iter:40, loss: 0.0872, lr: 0.0001894751250743987
2026-01-21 00:29:44 - train: epoch 73, iter:50, loss: 0.0764, lr: 0.0001894751250743987
2026-01-21 00:29:47 - train: epoch 73, iter:60, loss: 0.0998, lr: 0.0001894751250743987
2026-01-21 00:29:50 - train: epoch 73, iter:70, loss: 0.0701, lr: 0.0001894751250743987
2026-01-21 00:29:53 - train: epoch 73, iter:80, loss: 0.0660, lr: 0.0001894751250743987
2026-01-21 00:29:53 - Finish one epoch train: epoch 73, loss: 0.0772, time(s): 26.03
2026-01-21 00:29:55 - idx 0 case patient050_frame01 mean_dice 0.890852 mean_hd95 4.312108
2026-01-21 00:29:56 - idx 1 case patient050_frame12 mean_dice 0.822515 mean_hd95 8.190793
2026-01-21 00:29:57 - idx 2 case patient037_frame01 mean_dice 0.862826 mean_hd95 1.483163
2026-01-21 00:29:58 - idx 3 case patient037_frame12 mean_dice 0.686616 mean_hd95 2.341994
2026-01-21 00:30:00 - idx 4 case patient095_frame01 mean_dice 0.941275 mean_hd95 1.000000
2026-01-21 00:30:01 - idx 5 case patient095_frame12 mean_dice 0.872848 mean_hd95 1.804738
2026-01-21 00:30:03 - idx 6 case patient047_frame01 mean_dice 0.913976 mean_hd95 1.000000
2026-01-21 00:30:04 - idx 7 case patient047_frame09 mean_dice 0.891958 mean_hd95 1.138071
2026-01-21 00:30:05 - idx 8 case patient044_frame01 mean_dice 0.925988 mean_hd95 1.000000
2026-01-21 00:30:06 - idx 9 case patient044_frame11 mean_dice 0.875785 mean_hd95 1.138071
2026-01-21 00:30:08 - idx 10 case patient064_frame01 mean_dice 0.951232 mean_hd95 1.000000
2026-01-21 00:30:09 - idx 11 case patient064_frame12 mean_dice 0.906301 mean_hd95 1.138071
2026-01-21 00:30:10 - idx 12 case patient017_frame01 mean_dice 0.908324 mean_hd95 1.333333
2026-01-21 00:30:11 - idx 13 case patient017_frame09 mean_dice 0.920585 mean_hd95 1.333333
2026-01-21 00:30:13 - idx 14 case patient039_frame01 mean_dice 0.940893 mean_hd95 1.000000
2026-01-21 00:30:14 - idx 15 case patient039_frame10 mean_dice 0.801522 mean_hd95 1.816497
2026-01-21 00:30:14 - idx 16 case patient041_frame01 mean_dice 0.913861 mean_hd95 1.000000
2026-01-21 00:30:15 - idx 17 case patient041_frame11 mean_dice 0.868032 mean_hd95 1.138071
2026-01-21 00:30:17 - idx 18 case patient067_frame01 mean_dice 0.913824 mean_hd95 1.000000
2026-01-21 00:30:18 - idx 19 case patient067_frame10 mean_dice 0.935171 mean_hd95 1.000000
2026-01-21 00:30:18 - Mean class 1 mean_dice 0.867011 mean_hd95 2.909079
2026-01-21 00:30:18 - Mean class 2 mean_dice 0.872325 mean_hd95 1.179788
2026-01-21 00:30:18 - Mean class 3 mean_dice 0.922321 mean_hd95 1.186370
2026-01-21 00:30:18 - val epoch: 73, mean_dice: 0.8872191964674686, mean_hd95: 1.7584121910242538, time(s): 25.03
2026-01-21 00:30:19 - train: epoch 74, iter:0, loss: 0.0649, lr: 0.00017765062666479255
2026-01-21 00:30:23 - train: epoch 74, iter:10, loss: 0.0749, lr: 0.00017765062666479255
2026-01-21 00:30:26 - train: epoch 74, iter:20, loss: 0.0728, lr: 0.00017765062666479255
2026-01-21 00:30:29 - train: epoch 74, iter:30, loss: 0.0772, lr: 0.00017765062666479255
2026-01-21 00:30:32 - train: epoch 74, iter:40, loss: 0.0846, lr: 0.00017765062666479255
2026-01-21 00:30:35 - train: epoch 74, iter:50, loss: 0.0767, lr: 0.00017765062666479255
2026-01-21 00:30:38 - train: epoch 74, iter:60, loss: 0.0731, lr: 0.00017765062666479255
2026-01-21 00:30:41 - train: epoch 74, iter:70, loss: 0.0702, lr: 0.00017765062666479255
2026-01-21 00:30:45 - train: epoch 74, iter:80, loss: 0.0670, lr: 0.00017765062666479255
2026-01-21 00:30:45 - Finish one epoch train: epoch 74, loss: 0.0762, time(s): 26.00
2026-01-21 00:30:46 - idx 0 case patient050_frame01 mean_dice 0.894993 mean_hd95 1.550094
2026-01-21 00:30:48 - idx 1 case patient050_frame12 mean_dice 0.852843 mean_hd95 8.376616
2026-01-21 00:30:49 - idx 2 case patient037_frame01 mean_dice 0.869092 mean_hd95 1.412023
2026-01-21 00:30:50 - idx 3 case patient037_frame12 mean_dice 0.696863 mean_hd95 2.357023
2026-01-21 00:30:51 - idx 4 case patient095_frame01 mean_dice 0.941196 mean_hd95 1.000000
2026-01-21 00:30:53 - idx 5 case patient095_frame12 mean_dice 0.871182 mean_hd95 1.804738
2026-01-21 00:30:54 - idx 6 case patient047_frame01 mean_dice 0.912541 mean_hd95 1.000000
2026-01-21 00:30:55 - idx 7 case patient047_frame09 mean_dice 0.871032 mean_hd95 1.720759
2026-01-21 00:30:56 - idx 8 case patient044_frame01 mean_dice 0.928372 mean_hd95 1.000000
2026-01-21 00:30:57 - idx 9 case patient044_frame11 mean_dice 0.870236 mean_hd95 1.244017
2026-01-21 00:30:59 - idx 10 case patient064_frame01 mean_dice 0.951783 mean_hd95 1.000000
2026-01-21 00:31:00 - idx 11 case patient064_frame12 mean_dice 0.911507 mean_hd95 1.000000
2026-01-21 00:31:01 - idx 12 case patient017_frame01 mean_dice 0.904103 mean_hd95 1.412023
2026-01-21 00:31:02 - idx 13 case patient017_frame09 mean_dice 0.916196 mean_hd95 1.666667
2026-01-21 00:31:03 - idx 14 case patient039_frame01 mean_dice 0.943904 mean_hd95 1.000000
2026-01-21 00:31:04 - idx 15 case patient039_frame10 mean_dice 0.778523 mean_hd95 1.666667
2026-01-21 00:31:04 - idx 16 case patient041_frame01 mean_dice 0.918349 mean_hd95 1.000000
2026-01-21 00:31:05 - idx 17 case patient041_frame11 mean_dice 0.882453 mean_hd95 1.138071
2026-01-21 00:31:06 - idx 18 case patient067_frame01 mean_dice 0.911115 mean_hd95 1.000000
2026-01-21 00:31:08 - idx 19 case patient067_frame10 mean_dice 0.928926 mean_hd95 1.000000
2026-01-21 00:31:08 - Mean class 1 mean_dice 0.867063 mean_hd95 2.728040
2026-01-21 00:31:08 - Mean class 2 mean_dice 0.875104 mean_hd95 1.112132
2026-01-21 00:31:08 - Mean class 3 mean_dice 0.921115 mean_hd95 1.162132
2026-01-21 00:31:08 - val epoch: 74, mean_dice: 0.8877605603255615, mean_hd95: 1.6674347974132593, time(s): 22.72
2026-01-21 00:31:09 - train: epoch 75, iter:0, loss: 0.0755, lr: 0.0001661491825652992
2026-01-21 00:31:12 - train: epoch 75, iter:10, loss: 0.0773, lr: 0.0001661491825652992
2026-01-21 00:31:15 - train: epoch 75, iter:20, loss: 0.0747, lr: 0.0001661491825652992
2026-01-21 00:31:18 - train: epoch 75, iter:30, loss: 0.0751, lr: 0.0001661491825652992
2026-01-21 00:31:21 - train: epoch 75, iter:40, loss: 0.0815, lr: 0.0001661491825652992
2026-01-21 00:31:24 - train: epoch 75, iter:50, loss: 0.0753, lr: 0.0001661491825652992
2026-01-21 00:31:27 - train: epoch 75, iter:60, loss: 0.0740, lr: 0.0001661491825652992
2026-01-21 00:31:31 - train: epoch 75, iter:70, loss: 0.0784, lr: 0.0001661491825652992
2026-01-21 00:31:34 - train: epoch 75, iter:80, loss: 0.0717, lr: 0.0001661491825652992
2026-01-21 00:31:34 - Finish one epoch train: epoch 75, loss: 0.0756, time(s): 25.77
2026-01-21 00:31:35 - idx 0 case patient050_frame01 mean_dice 0.910963 mean_hd95 1.138071
2026-01-21 00:31:37 - idx 1 case patient050_frame12 mean_dice 0.856493 mean_hd95 1.550094
2026-01-21 00:31:37 - idx 2 case patient037_frame01 mean_dice 0.863085 mean_hd95 1.483163
2026-01-21 00:31:38 - idx 3 case patient037_frame12 mean_dice 0.742348 mean_hd95 2.312813
2026-01-21 00:31:40 - idx 4 case patient095_frame01 mean_dice 0.941967 mean_hd95 1.000000
2026-01-21 00:31:41 - idx 5 case patient095_frame12 mean_dice 0.889119 mean_hd95 1.666667
2026-01-21 00:31:42 - idx 6 case patient047_frame01 mean_dice 0.914794 mean_hd95 1.138071
2026-01-21 00:31:43 - idx 7 case patient047_frame09 mean_dice 0.880538 mean_hd95 1.483163
2026-01-21 00:31:45 - idx 8 case patient044_frame01 mean_dice 0.929727 mean_hd95 1.000000
2026-01-21 00:31:46 - idx 9 case patient044_frame11 mean_dice 0.873887 mean_hd95 1.138071
2026-01-21 00:31:47 - idx 10 case patient064_frame01 mean_dice 0.951668 mean_hd95 1.000000
2026-01-21 00:31:49 - idx 11 case patient064_frame12 mean_dice 0.926518 mean_hd95 1.000000
2026-01-21 00:31:50 - idx 12 case patient017_frame01 mean_dice 0.904413 mean_hd95 1.412023
2026-01-21 00:31:51 - idx 13 case patient017_frame09 mean_dice 0.916325 mean_hd95 1.655228
2026-01-21 00:31:52 - idx 14 case patient039_frame01 mean_dice 0.941869 mean_hd95 1.000000
2026-01-21 00:31:53 - idx 15 case patient039_frame10 mean_dice 0.787990 mean_hd95 1.276142
2026-01-21 00:31:53 - idx 16 case patient041_frame01 mean_dice 0.913600 mean_hd95 1.000000
2026-01-21 00:31:54 - idx 17 case patient041_frame11 mean_dice 0.849523 mean_hd95 1.471405
2026-01-21 00:31:55 - idx 18 case patient067_frame01 mean_dice 0.916816 mean_hd95 1.000000
2026-01-21 00:31:56 - idx 19 case patient067_frame10 mean_dice 0.928169 mean_hd95 1.000000
2026-01-21 00:31:56 - Mean class 1 mean_dice 0.877593 mean_hd95 1.643051
2026-01-21 00:31:56 - Mean class 2 mean_dice 0.876548 mean_hd95 1.082843
2026-01-21 00:31:56 - Mean class 3 mean_dice 0.921831 mean_hd95 1.132843
2026-01-21 00:31:56 - val epoch: 75, mean_dice: 0.8919905627766539, mean_hd95: 1.2862455921717515, time(s): 22.31
2026-01-21 00:31:57 - train: epoch 76, iter:0, loss: 0.0724, lr: 0.00015498214331265912
2026-01-21 00:32:00 - train: epoch 76, iter:10, loss: 0.0790, lr: 0.00015498214331265912
2026-01-21 00:32:03 - train: epoch 76, iter:20, loss: 0.0796, lr: 0.00015498214331265912
2026-01-21 00:32:07 - train: epoch 76, iter:30, loss: 0.0739, lr: 0.00015498214331265912
2026-01-21 00:32:10 - train: epoch 76, iter:40, loss: 0.0680, lr: 0.00015498214331265912
2026-01-21 00:32:13 - train: epoch 76, iter:50, loss: 0.0759, lr: 0.00015498214331265912
2026-01-21 00:32:16 - train: epoch 76, iter:60, loss: 0.0774, lr: 0.00015498214331265912
2026-01-21 00:32:19 - train: epoch 76, iter:70, loss: 0.0769, lr: 0.00015498214331265912
2026-01-21 00:32:22 - train: epoch 76, iter:80, loss: 0.0718, lr: 0.00015498214331265912
2026-01-21 00:32:22 - Finish one epoch train: epoch 76, loss: 0.0755, time(s): 25.47
2026-01-21 00:32:24 - idx 0 case patient050_frame01 mean_dice 0.901795 mean_hd95 1.276142
2026-01-21 00:32:25 - idx 1 case patient050_frame12 mean_dice 0.891793 mean_hd95 1.138071
2026-01-21 00:32:26 - idx 2 case patient037_frame01 mean_dice 0.851551 mean_hd95 1.666667
2026-01-21 00:32:26 - idx 3 case patient037_frame12 mean_dice 0.636934 mean_hd95 2.673255
2026-01-21 00:32:28 - idx 4 case patient095_frame01 mean_dice 0.938561 mean_hd95 1.000000
2026-01-21 00:32:30 - idx 5 case patient095_frame12 mean_dice 0.871513 mean_hd95 1.666667
2026-01-21 00:32:31 - idx 6 case patient047_frame01 mean_dice 0.906649 mean_hd95 1.138071
2026-01-21 00:32:32 - idx 7 case patient047_frame09 mean_dice 0.883431 mean_hd95 1.244017
2026-01-21 00:32:33 - idx 8 case patient044_frame01 mean_dice 0.927675 mean_hd95 1.000000
2026-01-21 00:32:34 - idx 9 case patient044_frame11 mean_dice 0.874647 mean_hd95 1.244017
2026-01-21 00:32:36 - idx 10 case patient064_frame01 mean_dice 0.951586 mean_hd95 1.000000
2026-01-21 00:32:37 - idx 11 case patient064_frame12 mean_dice 0.924744 mean_hd95 1.000000
2026-01-21 00:32:38 - idx 12 case patient017_frame01 mean_dice 0.897969 mean_hd95 1.483163
2026-01-21 00:32:39 - idx 13 case patient017_frame09 mean_dice 0.908793 mean_hd95 1.666667
2026-01-21 00:32:41 - idx 14 case patient039_frame01 mean_dice 0.941130 mean_hd95 1.000000
2026-01-21 00:32:42 - idx 15 case patient039_frame10 mean_dice 0.717512 mean_hd95 2.000000
2026-01-21 00:32:43 - idx 16 case patient041_frame01 mean_dice 0.916496 mean_hd95 1.000000
2026-01-21 00:32:43 - idx 17 case patient041_frame11 mean_dice 0.870075 mean_hd95 1.138071
2026-01-21 00:32:45 - idx 18 case patient067_frame01 mean_dice 0.912631 mean_hd95 1.000000
2026-01-21 00:32:46 - idx 19 case patient067_frame10 mean_dice 0.935756 mean_hd95 1.000000
2026-01-21 00:32:46 - Mean class 1 mean_dice 0.856781 mean_hd95 1.688089
2026-01-21 00:32:46 - Mean class 2 mean_dice 0.874719 mean_hd95 1.112132
2026-01-21 00:32:46 - Mean class 3 mean_dice 0.917686 mean_hd95 1.150000
2026-01-21 00:32:46 - val epoch: 76, mean_dice: 0.8830620196302849, mean_hd95: 1.3167404001270582, time(s): 23.69
2026-01-21 00:32:47 - train: epoch 77, iter:0, loss: 0.0703, lr: 0.00014416052942640148
2026-01-21 00:32:51 - train: epoch 77, iter:10, loss: 0.0677, lr: 0.00014416052942640148
2026-01-21 00:32:54 - train: epoch 77, iter:20, loss: 0.0702, lr: 0.00014416052942640148
2026-01-21 00:32:57 - train: epoch 77, iter:30, loss: 0.0828, lr: 0.00014416052942640148
2026-01-21 00:33:00 - train: epoch 77, iter:40, loss: 0.0718, lr: 0.00014416052942640148
2026-01-21 00:33:04 - train: epoch 77, iter:50, loss: 0.0795, lr: 0.00014416052942640148
2026-01-21 00:33:07 - train: epoch 77, iter:60, loss: 0.0669, lr: 0.00014416052942640148
2026-01-21 00:33:10 - train: epoch 77, iter:70, loss: 0.0749, lr: 0.00014416052942640148
2026-01-21 00:33:13 - train: epoch 77, iter:80, loss: 0.0833, lr: 0.00014416052942640148
2026-01-21 00:33:14 - Finish one epoch train: epoch 77, loss: 0.0759, time(s): 26.77
2026-01-21 00:33:15 - idx 0 case patient050_frame01 mean_dice 0.907186 mean_hd95 1.138071
2026-01-21 00:33:16 - idx 1 case patient050_frame12 mean_dice 0.823129 mean_hd95 9.342887
2026-01-21 00:33:17 - idx 2 case patient037_frame01 mean_dice 0.867467 mean_hd95 1.609476
2026-01-21 00:33:18 - idx 3 case patient037_frame12 mean_dice 0.775942 mean_hd95 2.216761
2026-01-21 00:33:19 - idx 4 case patient095_frame01 mean_dice 0.943309 mean_hd95 1.000000
2026-01-21 00:33:21 - idx 5 case patient095_frame12 mean_dice 0.893219 mean_hd95 1.520159
2026-01-21 00:33:22 - idx 6 case patient047_frame01 mean_dice 0.916581 mean_hd95 1.138071
2026-01-21 00:33:23 - idx 7 case patient047_frame09 mean_dice 0.864398 mean_hd95 1.913886
2026-01-21 00:33:25 - idx 8 case patient044_frame01 mean_dice 0.926529 mean_hd95 1.000000
2026-01-21 00:33:26 - idx 9 case patient044_frame11 mean_dice 0.861292 mean_hd95 1.244017
2026-01-21 00:33:27 - idx 10 case patient064_frame01 mean_dice 0.951642 mean_hd95 1.000000
2026-01-21 00:33:28 - idx 11 case patient064_frame12 mean_dice 0.934641 mean_hd95 1.000000
2026-01-21 00:33:29 - idx 12 case patient017_frame01 mean_dice 0.911821 mean_hd95 1.333333
2026-01-21 00:33:30 - idx 13 case patient017_frame09 mean_dice 0.921583 mean_hd95 1.333333
2026-01-21 00:33:31 - idx 14 case patient039_frame01 mean_dice 0.945418 mean_hd95 1.000000
2026-01-21 00:33:33 - idx 15 case patient039_frame10 mean_dice 0.796972 mean_hd95 1.577350
2026-01-21 00:33:33 - idx 16 case patient041_frame01 mean_dice 0.905873 mean_hd95 1.000000
2026-01-21 00:33:34 - idx 17 case patient041_frame11 mean_dice 0.862144 mean_hd95 1.138071
2026-01-21 00:33:35 - idx 18 case patient067_frame01 mean_dice 0.916298 mean_hd95 1.000000
2026-01-21 00:33:36 - idx 19 case patient067_frame10 mean_dice 0.928560 mean_hd95 1.000000
2026-01-21 00:33:36 - Mean class 1 mean_dice 0.868928 mean_hd95 2.757961
2026-01-21 00:33:36 - Mean class 2 mean_dice 0.878659 mean_hd95 1.119445
2026-01-21 00:33:36 - Mean class 3 mean_dice 0.930514 mean_hd95 1.148406
2026-01-21 00:33:36 - val epoch: 77, mean_dice: 0.8927001865753991, mean_hd95: 1.6752708037781954, time(s): 22.81
2026-01-21 00:33:37 - train: epoch 78, iter:0, loss: 0.0843, lr: 0.00013369502053292258
2026-01-21 00:33:40 - train: epoch 78, iter:10, loss: 0.0840, lr: 0.00013369502053292258
2026-01-21 00:33:43 - train: epoch 78, iter:20, loss: 0.0765, lr: 0.00013369502053292258
2026-01-21 00:33:46 - train: epoch 78, iter:30, loss: 0.0746, lr: 0.00013369502053292258
2026-01-21 00:33:50 - train: epoch 78, iter:40, loss: 0.0693, lr: 0.00013369502053292258
2026-01-21 00:33:53 - train: epoch 78, iter:50, loss: 0.0819, lr: 0.00013369502053292258
2026-01-21 00:33:56 - train: epoch 78, iter:60, loss: 0.0735, lr: 0.00013369502053292258
2026-01-21 00:34:00 - train: epoch 78, iter:70, loss: 0.0854, lr: 0.00013369502053292258
2026-01-21 00:34:03 - train: epoch 78, iter:80, loss: 0.0682, lr: 0.00013369502053292258
2026-01-21 00:34:03 - Finish one epoch train: epoch 78, loss: 0.0752, time(s): 26.07
2026-01-21 00:34:04 - idx 0 case patient050_frame01 mean_dice 0.906445 mean_hd95 1.276142
2026-01-21 00:34:06 - idx 1 case patient050_frame12 mean_dice 0.853600 mean_hd95 9.028348
2026-01-21 00:34:06 - idx 2 case patient037_frame01 mean_dice 0.864824 mean_hd95 1.483163
2026-01-21 00:34:07 - idx 3 case patient037_frame12 mean_dice 0.705617 mean_hd95 2.287901
2026-01-21 00:34:09 - idx 4 case patient095_frame01 mean_dice 0.939157 mean_hd95 1.000000
2026-01-21 00:34:11 - idx 5 case patient095_frame12 mean_dice 0.892624 mean_hd95 1.804738
2026-01-21 00:34:12 - idx 6 case patient047_frame01 mean_dice 0.907806 mean_hd95 1.138071
2026-01-21 00:34:13 - idx 7 case patient047_frame09 mean_dice 0.881950 mean_hd95 1.333333
2026-01-21 00:34:14 - idx 8 case patient044_frame01 mean_dice 0.929034 mean_hd95 1.000000
2026-01-21 00:34:15 - idx 9 case patient044_frame11 mean_dice 0.874009 mean_hd95 1.333333
2026-01-21 00:34:16 - idx 10 case patient064_frame01 mean_dice 0.950949 mean_hd95 1.000000
2026-01-21 00:34:18 - idx 11 case patient064_frame12 mean_dice 0.932283 mean_hd95 1.000000
2026-01-21 00:34:19 - idx 12 case patient017_frame01 mean_dice 0.901465 mean_hd95 1.333333
2026-01-21 00:34:20 - idx 13 case patient017_frame09 mean_dice 0.914523 mean_hd95 1.412023
2026-01-21 00:34:21 - idx 14 case patient039_frame01 mean_dice 0.942469 mean_hd95 1.000000
2026-01-21 00:34:22 - idx 15 case patient039_frame10 mean_dice 0.774689 mean_hd95 1.883427
2026-01-21 00:34:22 - idx 16 case patient041_frame01 mean_dice 0.912106 mean_hd95 1.000000
2026-01-21 00:34:23 - idx 17 case patient041_frame11 mean_dice 0.877391 mean_hd95 1.138071
2026-01-21 00:34:24 - idx 18 case patient067_frame01 mean_dice 0.913452 mean_hd95 1.000000
2026-01-21 00:34:25 - idx 19 case patient067_frame10 mean_dice 0.936425 mean_hd95 1.000000
2026-01-21 00:34:25 - Mean class 1 mean_dice 0.871760 mean_hd95 2.750662
2026-01-21 00:34:25 - Mean class 2 mean_dice 0.876068 mean_hd95 1.112132
2026-01-21 00:34:25 - Mean class 3 mean_dice 0.923795 mean_hd95 1.154989
2026-01-21 00:34:25 - val epoch: 78, mean_dice: 0.8905409530030824, mean_hd95: 1.672594250445604, time(s): 22.49
2026-01-21 00:34:26 - train: epoch 79, iter:0, loss: 0.0727, lr: 0.00012359594482598446
2026-01-21 00:34:29 - train: epoch 79, iter:10, loss: 0.0722, lr: 0.00012359594482598446
2026-01-21 00:34:32 - train: epoch 79, iter:20, loss: 0.0775, lr: 0.00012359594482598446
2026-01-21 00:34:36 - train: epoch 79, iter:30, loss: 0.0634, lr: 0.00012359594482598446
2026-01-21 00:34:39 - train: epoch 79, iter:40, loss: 0.0618, lr: 0.00012359594482598446
2026-01-21 00:34:42 - train: epoch 79, iter:50, loss: 0.0742, lr: 0.00012359594482598446
2026-01-21 00:34:45 - train: epoch 79, iter:60, loss: 0.0720, lr: 0.00012359594482598446
2026-01-21 00:34:49 - train: epoch 79, iter:70, loss: 0.0671, lr: 0.00012359594482598446
2026-01-21 00:34:52 - train: epoch 79, iter:80, loss: 0.0742, lr: 0.00012359594482598446
2026-01-21 00:34:52 - Finish one epoch train: epoch 79, loss: 0.0738, time(s): 25.88
2026-01-21 00:34:53 - idx 0 case patient050_frame01 mean_dice 0.901811 mean_hd95 1.471405
2026-01-21 00:34:54 - idx 1 case patient050_frame12 mean_dice 0.843815 mean_hd95 8.409553
2026-01-21 00:34:55 - idx 2 case patient037_frame01 mean_dice 0.869910 mean_hd95 1.483163
2026-01-21 00:34:56 - idx 3 case patient037_frame12 mean_dice 0.752301 mean_hd95 2.265025
2026-01-21 00:34:57 - idx 4 case patient095_frame01 mean_dice 0.941788 mean_hd95 1.000000
2026-01-21 00:34:59 - idx 5 case patient095_frame12 mean_dice 0.881268 mean_hd95 1.804738
2026-01-21 00:35:00 - idx 6 case patient047_frame01 mean_dice 0.916621 mean_hd95 1.138071
2026-01-21 00:35:01 - idx 7 case patient047_frame09 mean_dice 0.881961 mean_hd95 1.412023
2026-01-21 00:35:02 - idx 8 case patient044_frame01 mean_dice 0.927947 mean_hd95 1.000000
2026-01-21 00:35:04 - idx 9 case patient044_frame11 mean_dice 0.871326 mean_hd95 1.138071
2026-01-21 00:35:05 - idx 10 case patient064_frame01 mean_dice 0.951418 mean_hd95 1.000000
2026-01-21 00:35:06 - idx 11 case patient064_frame12 mean_dice 0.936532 mean_hd95 1.000000
2026-01-21 00:35:07 - idx 12 case patient017_frame01 mean_dice 0.907292 mean_hd95 1.333333
2026-01-21 00:35:09 - idx 13 case patient017_frame09 mean_dice 0.919032 mean_hd95 1.412023
2026-01-21 00:35:10 - idx 14 case patient039_frame01 mean_dice 0.945424 mean_hd95 1.000000
2026-01-21 00:35:11 - idx 15 case patient039_frame10 mean_dice 0.803898 mean_hd95 1.666667
2026-01-21 00:35:11 - idx 16 case patient041_frame01 mean_dice 0.917310 mean_hd95 1.000000
2026-01-21 00:35:12 - idx 17 case patient041_frame11 mean_dice 0.872475 mean_hd95 1.333333
2026-01-21 00:35:13 - idx 18 case patient067_frame01 mean_dice 0.916223 mean_hd95 1.000000
2026-01-21 00:35:15 - idx 19 case patient067_frame10 mean_dice 0.936762 mean_hd95 1.000000
2026-01-21 00:35:15 - Mean class 1 mean_dice 0.877545 mean_hd95 2.674793
2026-01-21 00:35:15 - Mean class 2 mean_dice 0.878412 mean_hd95 1.112132
2026-01-21 00:35:15 - Mean class 3 mean_dice 0.928310 mean_hd95 1.143185
2026-01-21 00:35:15 - val epoch: 79, mean_dice: 0.8947557435033002, mean_hd95: 1.6433702163657842, time(s): 23.11
2026-01-21 00:35:16 - train: epoch 80, iter:0, loss: 0.0634, lr: 0.00011387326887403332
2026-01-21 00:35:20 - train: epoch 80, iter:10, loss: 0.0711, lr: 0.00011387326887403332
2026-01-21 00:35:23 - train: epoch 80, iter:20, loss: 0.0786, lr: 0.00011387326887403332
2026-01-21 00:35:26 - train: epoch 80, iter:30, loss: 0.0804, lr: 0.00011387326887403332
2026-01-21 00:35:29 - train: epoch 80, iter:40, loss: 0.0796, lr: 0.00011387326887403332
2026-01-21 00:35:32 - train: epoch 80, iter:50, loss: 0.0746, lr: 0.00011387326887403332
2026-01-21 00:35:36 - train: epoch 80, iter:60, loss: 0.0762, lr: 0.00011387326887403332
2026-01-21 00:35:39 - train: epoch 80, iter:70, loss: 0.0801, lr: 0.00011387326887403332
2026-01-21 00:35:42 - train: epoch 80, iter:80, loss: 0.0694, lr: 0.00011387326887403332
2026-01-21 00:35:42 - Finish one epoch train: epoch 80, loss: 0.0738, time(s): 26.31
2026-01-21 00:35:43 - idx 0 case patient050_frame01 mean_dice 0.909274 mean_hd95 1.138071
2026-01-21 00:35:45 - idx 1 case patient050_frame12 mean_dice 0.843855 mean_hd95 7.678197
2026-01-21 00:35:45 - idx 2 case patient037_frame01 mean_dice 0.870749 mean_hd95 1.412023
2026-01-21 00:35:46 - idx 3 case patient037_frame12 mean_dice 0.698450 mean_hd95 2.287901
2026-01-21 00:35:48 - idx 4 case patient095_frame01 mean_dice 0.941702 mean_hd95 1.000000
2026-01-21 00:35:49 - idx 5 case patient095_frame12 mean_dice 0.885419 mean_hd95 1.804738
2026-01-21 00:35:51 - idx 6 case patient047_frame01 mean_dice 0.912874 mean_hd95 1.138071
2026-01-21 00:35:52 - idx 7 case patient047_frame09 mean_dice 0.877172 mean_hd95 1.412023
2026-01-21 00:35:53 - idx 8 case patient044_frame01 mean_dice 0.929735 mean_hd95 1.000000
2026-01-21 00:35:55 - idx 9 case patient044_frame11 mean_dice 0.874524 mean_hd95 1.244017
2026-01-21 00:35:56 - idx 10 case patient064_frame01 mean_dice 0.951373 mean_hd95 1.000000
2026-01-21 00:35:57 - idx 11 case patient064_frame12 mean_dice 0.933929 mean_hd95 1.000000
2026-01-21 00:35:58 - idx 12 case patient017_frame01 mean_dice 0.905575 mean_hd95 1.333333
2026-01-21 00:35:59 - idx 13 case patient017_frame09 mean_dice 0.914733 mean_hd95 1.333333
2026-01-21 00:36:00 - idx 14 case patient039_frame01 mean_dice 0.943980 mean_hd95 1.000000
2026-01-21 00:36:01 - idx 15 case patient039_frame10 mean_dice 0.789905 mean_hd95 1.745356
2026-01-21 00:36:02 - idx 16 case patient041_frame01 mean_dice 0.918545 mean_hd95 1.000000
2026-01-21 00:36:03 - idx 17 case patient041_frame11 mean_dice 0.876553 mean_hd95 1.164558
2026-01-21 00:36:04 - idx 18 case patient067_frame01 mean_dice 0.921949 mean_hd95 1.000000
2026-01-21 00:36:05 - idx 19 case patient067_frame10 mean_dice 0.935330 mean_hd95 1.000000
2026-01-21 00:36:05 - Mean class 1 mean_dice 0.871100 mean_hd95 2.486622
2026-01-21 00:36:05 - Mean class 2 mean_dice 0.878925 mean_hd95 1.112132
2026-01-21 00:36:05 - Mean class 3 mean_dice 0.925319 mean_hd95 1.154989
2026-01-21 00:36:05 - val epoch: 80, mean_dice: 0.8917812617518323, mean_hd95: 1.5845810193161605, time(s): 23.12
2026-01-21 00:36:06 - train: epoch 81, iter:0, loss: 0.0700, lr: 0.00010453658778440112
2026-01-21 00:36:09 - train: epoch 81, iter:10, loss: 0.0815, lr: 0.00010453658778440112
2026-01-21 00:36:12 - train: epoch 81, iter:20, loss: 0.0677, lr: 0.00010453658778440112
2026-01-21 00:36:15 - train: epoch 81, iter:30, loss: 0.0818, lr: 0.00010453658778440112
2026-01-21 00:36:18 - train: epoch 81, iter:40, loss: 0.0696, lr: 0.00010453658778440112
2026-01-21 00:36:21 - train: epoch 81, iter:50, loss: 0.0875, lr: 0.00010453658778440112
2026-01-21 00:36:24 - train: epoch 81, iter:60, loss: 0.0806, lr: 0.00010453658778440112
2026-01-21 00:36:28 - train: epoch 81, iter:70, loss: 0.0665, lr: 0.00010453658778440112
2026-01-21 00:36:31 - train: epoch 81, iter:80, loss: 0.0804, lr: 0.00010453658778440112
2026-01-21 00:36:31 - Finish one epoch train: epoch 81, loss: 0.0735, time(s): 25.34
2026-01-21 00:36:32 - idx 0 case patient050_frame01 mean_dice 0.908014 mean_hd95 1.138071
2026-01-21 00:36:34 - idx 1 case patient050_frame12 mean_dice 0.870825 mean_hd95 7.416576
2026-01-21 00:36:35 - idx 2 case patient037_frame01 mean_dice 0.873188 mean_hd95 1.412023
2026-01-21 00:36:36 - idx 3 case patient037_frame12 mean_dice 0.708364 mean_hd95 2.287901
2026-01-21 00:36:38 - idx 4 case patient095_frame01 mean_dice 0.942891 mean_hd95 1.000000
2026-01-21 00:36:39 - idx 5 case patient095_frame12 mean_dice 0.866983 mean_hd95 1.804738
2026-01-21 00:36:41 - idx 6 case patient047_frame01 mean_dice 0.912725 mean_hd95 1.138071
2026-01-21 00:36:42 - idx 7 case patient047_frame09 mean_dice 0.873296 mean_hd95 1.666667
2026-01-21 00:36:43 - idx 8 case patient044_frame01 mean_dice 0.927551 mean_hd95 1.000000
2026-01-21 00:36:44 - idx 9 case patient044_frame11 mean_dice 0.875532 mean_hd95 1.138071
2026-01-21 00:36:45 - idx 10 case patient064_frame01 mean_dice 0.952414 mean_hd95 1.000000
2026-01-21 00:36:46 - idx 11 case patient064_frame12 mean_dice 0.934099 mean_hd95 1.000000
2026-01-21 00:36:47 - idx 12 case patient017_frame01 mean_dice 0.907350 mean_hd95 1.333333
2026-01-21 00:36:48 - idx 13 case patient017_frame09 mean_dice 0.917719 mean_hd95 1.333333
2026-01-21 00:36:49 - idx 14 case patient039_frame01 mean_dice 0.944789 mean_hd95 1.000000
2026-01-21 00:36:50 - idx 15 case patient039_frame10 mean_dice 0.791356 mean_hd95 1.666667
2026-01-21 00:36:51 - idx 16 case patient041_frame01 mean_dice 0.918223 mean_hd95 1.000000
2026-01-21 00:36:52 - idx 17 case patient041_frame11 mean_dice 0.873349 mean_hd95 1.138071
2026-01-21 00:36:53 - idx 18 case patient067_frame01 mean_dice 0.916987 mean_hd95 1.000000
2026-01-21 00:36:54 - idx 19 case patient067_frame10 mean_dice 0.936512 mean_hd95 1.000000
2026-01-21 00:36:54 - Mean class 1 mean_dice 0.873972 mean_hd95 2.465711
2026-01-21 00:36:54 - Mean class 2 mean_dice 0.878573 mean_hd95 1.112132
2026-01-21 00:36:54 - Mean class 3 mean_dice 0.925280 mean_hd95 1.143185
2026-01-21 00:36:54 - val epoch: 81, mean_dice: 0.8926083429433161, mean_hd95: 1.57367609602003, time(s): 23.05
2026-01-21 00:36:55 - train: epoch 82, iter:0, loss: 0.0701, lr: 9.5595115734092e-05
2026-01-21 00:36:58 - train: epoch 82, iter:10, loss: 0.0767, lr: 9.5595115734092e-05
2026-01-21 00:37:01 - train: epoch 82, iter:20, loss: 0.0696, lr: 9.5595115734092e-05
2026-01-21 00:37:05 - train: epoch 82, iter:30, loss: 0.0779, lr: 9.5595115734092e-05
2026-01-21 00:37:08 - train: epoch 82, iter:40, loss: 0.0754, lr: 9.5595115734092e-05
2026-01-21 00:37:11 - train: epoch 82, iter:50, loss: 0.0685, lr: 9.5595115734092e-05
2026-01-21 00:37:14 - train: epoch 82, iter:60, loss: 0.0738, lr: 9.5595115734092e-05
2026-01-21 00:37:17 - train: epoch 82, iter:70, loss: 0.0694, lr: 9.5595115734092e-05
2026-01-21 00:37:20 - train: epoch 82, iter:80, loss: 0.0700, lr: 9.5595115734092e-05
2026-01-21 00:37:20 - Finish one epoch train: epoch 82, loss: 0.0735, time(s): 25.43
2026-01-21 00:37:21 - idx 0 case patient050_frame01 mean_dice 0.895979 mean_hd95 1.656040
2026-01-21 00:37:23 - idx 1 case patient050_frame12 mean_dice 0.835226 mean_hd95 7.394271
2026-01-21 00:37:23 - idx 2 case patient037_frame01 mean_dice 0.870105 mean_hd95 1.483163
2026-01-21 00:37:24 - idx 3 case patient037_frame12 mean_dice 0.733118 mean_hd95 2.270853
2026-01-21 00:37:26 - idx 4 case patient095_frame01 mean_dice 0.941185 mean_hd95 1.000000
2026-01-21 00:37:27 - idx 5 case patient095_frame12 mean_dice 0.881319 mean_hd95 1.804738
2026-01-21 00:37:29 - idx 6 case patient047_frame01 mean_dice 0.914211 mean_hd95 1.138071
2026-01-21 00:37:30 - idx 7 case patient047_frame09 mean_dice 0.866201 mean_hd95 1.666667
2026-01-21 00:37:31 - idx 8 case patient044_frame01 mean_dice 0.930192 mean_hd95 1.000000
2026-01-21 00:37:32 - idx 9 case patient044_frame11 mean_dice 0.867806 mean_hd95 1.244017
2026-01-21 00:37:33 - idx 10 case patient064_frame01 mean_dice 0.951701 mean_hd95 1.000000
2026-01-21 00:37:34 - idx 11 case patient064_frame12 mean_dice 0.934913 mean_hd95 1.000000
2026-01-21 00:37:35 - idx 12 case patient017_frame01 mean_dice 0.910047 mean_hd95 1.333333
2026-01-21 00:37:36 - idx 13 case patient017_frame09 mean_dice 0.918662 mean_hd95 1.333333
2026-01-21 00:37:37 - idx 14 case patient039_frame01 mean_dice 0.943241 mean_hd95 1.000000
2026-01-21 00:37:38 - idx 15 case patient039_frame10 mean_dice 0.809040 mean_hd95 1.577350
2026-01-21 00:37:39 - idx 16 case patient041_frame01 mean_dice 0.916003 mean_hd95 1.000000
2026-01-21 00:37:40 - idx 17 case patient041_frame11 mean_dice 0.867859 mean_hd95 1.333333
2026-01-21 00:37:41 - idx 18 case patient067_frame01 mean_dice 0.913187 mean_hd95 1.000000
2026-01-21 00:37:42 - idx 19 case patient067_frame10 mean_dice 0.935787 mean_hd95 1.000000
2026-01-21 00:37:42 - Mean class 1 mean_dice 0.870196 mean_hd95 2.588135
2026-01-21 00:37:42 - Mean class 2 mean_dice 0.876787 mean_hd95 1.128024
2026-01-21 00:37:42 - Mean class 3 mean_dice 0.928384 mean_hd95 1.119117
2026-01-21 00:37:42 - val epoch: 82, mean_dice: 0.8917891701332256, mean_hd95: 1.6117584676448917, time(s): 21.87
2026-01-21 00:37:43 - train: epoch 83, iter:0, loss: 0.0762, lr: 8.705767687650269e-05
2026-01-21 00:37:46 - train: epoch 83, iter:10, loss: 0.0775, lr: 8.705767687650269e-05
2026-01-21 00:37:49 - train: epoch 83, iter:20, loss: 0.0642, lr: 8.705767687650269e-05
2026-01-21 00:37:53 - train: epoch 83, iter:30, loss: 0.0633, lr: 8.705767687650269e-05
2026-01-21 00:37:56 - train: epoch 83, iter:40, loss: 0.0712, lr: 8.705767687650269e-05
2026-01-21 00:37:59 - train: epoch 83, iter:50, loss: 0.0689, lr: 8.705767687650269e-05
2026-01-21 00:38:02 - train: epoch 83, iter:60, loss: 0.0724, lr: 8.705767687650269e-05
2026-01-21 00:38:05 - train: epoch 83, iter:70, loss: 0.0847, lr: 8.705767687650269e-05
2026-01-21 00:38:08 - train: epoch 83, iter:80, loss: 0.0783, lr: 8.705767687650269e-05
2026-01-21 00:38:08 - Finish one epoch train: epoch 83, loss: 0.0741, time(s): 25.44
2026-01-21 00:38:09 - idx 0 case patient050_frame01 mean_dice 0.883698 mean_hd95 5.257336
2026-01-21 00:38:11 - idx 1 case patient050_frame12 mean_dice 0.817191 mean_hd95 8.945331
2026-01-21 00:38:11 - idx 2 case patient037_frame01 mean_dice 0.869057 mean_hd95 1.483163
2026-01-21 00:38:12 - idx 3 case patient037_frame12 mean_dice 0.692375 mean_hd95 2.341994
2026-01-21 00:38:14 - idx 4 case patient095_frame01 mean_dice 0.941369 mean_hd95 1.000000
2026-01-21 00:38:16 - idx 5 case patient095_frame12 mean_dice 0.867701 mean_hd95 1.942809
2026-01-21 00:38:17 - idx 6 case patient047_frame01 mean_dice 0.911764 mean_hd95 1.138071
2026-01-21 00:38:18 - idx 7 case patient047_frame09 mean_dice 0.876812 mean_hd95 1.666667
2026-01-21 00:38:19 - idx 8 case patient044_frame01 mean_dice 0.928680 mean_hd95 1.000000
2026-01-21 00:38:20 - idx 9 case patient044_frame11 mean_dice 0.868506 mean_hd95 1.244017
2026-01-21 00:38:22 - idx 10 case patient064_frame01 mean_dice 0.952235 mean_hd95 1.000000
2026-01-21 00:38:23 - idx 11 case patient064_frame12 mean_dice 0.935817 mean_hd95 1.000000
2026-01-21 00:38:24 - idx 12 case patient017_frame01 mean_dice 0.908686 mean_hd95 1.333333
2026-01-21 00:38:25 - idx 13 case patient017_frame09 mean_dice 0.919812 mean_hd95 1.333333
2026-01-21 00:38:26 - idx 14 case patient039_frame01 mean_dice 0.941845 mean_hd95 1.000000
2026-01-21 00:38:27 - idx 15 case patient039_frame10 mean_dice 0.777998 mean_hd95 1.804738
2026-01-21 00:38:27 - idx 16 case patient041_frame01 mean_dice 0.911955 mean_hd95 1.000000
2026-01-21 00:38:28 - idx 17 case patient041_frame11 mean_dice 0.867469 mean_hd95 1.333333
2026-01-21 00:38:29 - idx 18 case patient067_frame01 mean_dice 0.915980 mean_hd95 1.000000
2026-01-21 00:38:31 - idx 19 case patient067_frame10 mean_dice 0.931982 mean_hd95 1.000000
2026-01-21 00:38:31 - Mean class 1 mean_dice 0.858093 mean_hd95 3.340606
2026-01-21 00:38:31 - Mean class 2 mean_dice 0.876198 mean_hd95 1.189827
2026-01-21 00:38:31 - Mean class 3 mean_dice 0.923849 mean_hd95 1.143185
2026-01-21 00:38:31 - val epoch: 83, mean_dice: 0.88604661485479, mean_hd95: 1.8912062728890422, time(s): 22.76
2026-01-21 00:38:32 - train: epoch 84, iter:0, loss: 0.0793, lr: 7.893269663304787e-05
2026-01-21 00:38:35 - train: epoch 84, iter:10, loss: 0.0799, lr: 7.893269663304787e-05
2026-01-21 00:38:38 - train: epoch 84, iter:20, loss: 0.0654, lr: 7.893269663304787e-05
2026-01-21 00:38:41 - train: epoch 84, iter:30, loss: 0.0717, lr: 7.893269663304787e-05
2026-01-21 00:38:45 - train: epoch 84, iter:40, loss: 0.0669, lr: 7.893269663304787e-05
2026-01-21 00:38:48 - train: epoch 84, iter:50, loss: 0.0666, lr: 7.893269663304787e-05
2026-01-21 00:38:51 - train: epoch 84, iter:60, loss: 0.0763, lr: 7.893269663304787e-05
2026-01-21 00:38:54 - train: epoch 84, iter:70, loss: 0.0677, lr: 7.893269663304787e-05
2026-01-21 00:38:58 - train: epoch 84, iter:80, loss: 0.0774, lr: 7.893269663304787e-05
2026-01-21 00:38:58 - Finish one epoch train: epoch 84, loss: 0.0732, time(s): 26.47
2026-01-21 00:38:59 - idx 0 case patient050_frame01 mean_dice 0.894479 mean_hd95 1.816497
2026-01-21 00:39:00 - idx 1 case patient050_frame12 mean_dice 0.848549 mean_hd95 1.804738
2026-01-21 00:39:01 - idx 2 case patient037_frame01 mean_dice 0.867072 mean_hd95 1.483163
2026-01-21 00:39:02 - idx 3 case patient037_frame12 mean_dice 0.714747 mean_hd95 2.287901
2026-01-21 00:39:04 - idx 4 case patient095_frame01 mean_dice 0.941513 mean_hd95 1.000000
2026-01-21 00:39:06 - idx 5 case patient095_frame12 mean_dice 0.877494 mean_hd95 1.804738
2026-01-21 00:39:07 - idx 6 case patient047_frame01 mean_dice 0.908495 mean_hd95 1.138071
2026-01-21 00:39:08 - idx 7 case patient047_frame09 mean_dice 0.886661 mean_hd95 1.333333
2026-01-21 00:39:09 - idx 8 case patient044_frame01 mean_dice 0.928747 mean_hd95 1.000000
2026-01-21 00:39:10 - idx 9 case patient044_frame11 mean_dice 0.874726 mean_hd95 1.244017
2026-01-21 00:39:11 - idx 10 case patient064_frame01 mean_dice 0.954201 mean_hd95 1.000000
2026-01-21 00:39:13 - idx 11 case patient064_frame12 mean_dice 0.935488 mean_hd95 1.000000
2026-01-21 00:39:14 - idx 12 case patient017_frame01 mean_dice 0.909216 mean_hd95 1.333333
2026-01-21 00:39:15 - idx 13 case patient017_frame09 mean_dice 0.916650 mean_hd95 1.412023
2026-01-21 00:39:16 - idx 14 case patient039_frame01 mean_dice 0.944122 mean_hd95 1.000000
2026-01-21 00:39:17 - idx 15 case patient039_frame10 mean_dice 0.779289 mean_hd95 1.883427
2026-01-21 00:39:18 - idx 16 case patient041_frame01 mean_dice 0.916984 mean_hd95 1.000000
2026-01-21 00:39:18 - idx 17 case patient041_frame11 mean_dice 0.877267 mean_hd95 1.138071
2026-01-21 00:39:20 - idx 18 case patient067_frame01 mean_dice 0.916354 mean_hd95 1.000000
2026-01-21 00:39:21 - idx 19 case patient067_frame10 mean_dice 0.937060 mean_hd95 1.000000
2026-01-21 00:39:21 - Mean class 1 mean_dice 0.871208 mean_hd95 1.705487
2026-01-21 00:39:21 - Mean class 2 mean_dice 0.878973 mean_hd95 1.141421
2026-01-21 00:39:21 - Mean class 3 mean_dice 0.924187 mean_hd95 1.154989
2026-01-21 00:39:21 - val epoch: 84, mean_dice: 0.8914556137220065, mean_hd95: 1.3339656227526095, time(s): 23.02
2026-01-21 00:39:22 - train: epoch 85, iter:0, loss: 0.0696, lr: 7.122819337828756e-05
2026-01-21 00:39:25 - train: epoch 85, iter:10, loss: 0.0697, lr: 7.122819337828756e-05
2026-01-21 00:39:28 - train: epoch 85, iter:20, loss: 0.0756, lr: 7.122819337828756e-05
2026-01-21 00:39:31 - train: epoch 85, iter:30, loss: 0.0632, lr: 7.122819337828756e-05
2026-01-21 00:39:34 - train: epoch 85, iter:40, loss: 0.0696, lr: 7.122819337828756e-05
2026-01-21 00:39:38 - train: epoch 85, iter:50, loss: 0.0764, lr: 7.122819337828756e-05
2026-01-21 00:39:41 - train: epoch 85, iter:60, loss: 0.0839, lr: 7.122819337828756e-05
2026-01-21 00:39:44 - train: epoch 85, iter:70, loss: 0.0686, lr: 7.122819337828756e-05
2026-01-21 00:39:47 - train: epoch 85, iter:80, loss: 0.0731, lr: 7.122819337828756e-05
2026-01-21 00:39:47 - Finish one epoch train: epoch 85, loss: 0.0724, time(s): 25.84
2026-01-21 00:39:49 - idx 0 case patient050_frame01 mean_dice 0.896735 mean_hd95 1.621234
2026-01-21 00:39:50 - idx 1 case patient050_frame12 mean_dice 0.871423 mean_hd95 1.577350
2026-01-21 00:39:51 - idx 2 case patient037_frame01 mean_dice 0.874099 mean_hd95 1.412023
2026-01-21 00:39:52 - idx 3 case patient037_frame12 mean_dice 0.723481 mean_hd95 2.142291
2026-01-21 00:39:54 - idx 4 case patient095_frame01 mean_dice 0.941861 mean_hd95 1.000000
2026-01-21 00:39:55 - idx 5 case patient095_frame12 mean_dice 0.880561 mean_hd95 1.804738
2026-01-21 00:39:56 - idx 6 case patient047_frame01 mean_dice 0.909664 mean_hd95 1.138071
2026-01-21 00:39:57 - idx 7 case patient047_frame09 mean_dice 0.883577 mean_hd95 1.333333
2026-01-21 00:39:59 - idx 8 case patient044_frame01 mean_dice 0.927733 mean_hd95 1.000000
2026-01-21 00:40:00 - idx 9 case patient044_frame11 mean_dice 0.880474 mean_hd95 1.138071
2026-01-21 00:40:01 - idx 10 case patient064_frame01 mean_dice 0.953242 mean_hd95 1.000000
2026-01-21 00:40:02 - idx 11 case patient064_frame12 mean_dice 0.920774 mean_hd95 1.000000
2026-01-21 00:40:03 - idx 12 case patient017_frame01 mean_dice 0.907547 mean_hd95 1.333333
2026-01-21 00:40:04 - idx 13 case patient017_frame09 mean_dice 0.916300 mean_hd95 1.412023
2026-01-21 00:40:05 - idx 14 case patient039_frame01 mean_dice 0.944039 mean_hd95 1.000000
2026-01-21 00:40:06 - idx 15 case patient039_frame10 mean_dice 0.791894 mean_hd95 1.666667
2026-01-21 00:40:07 - idx 16 case patient041_frame01 mean_dice 0.918160 mean_hd95 1.000000
2026-01-21 00:40:07 - idx 17 case patient041_frame11 mean_dice 0.862456 mean_hd95 1.609476
2026-01-21 00:40:09 - idx 18 case patient067_frame01 mean_dice 0.911039 mean_hd95 1.000000
2026-01-21 00:40:10 - idx 19 case patient067_frame10 mean_dice 0.937398 mean_hd95 1.000000
2026-01-21 00:40:10 - Mean class 1 mean_dice 0.880564 mean_hd95 1.563897
2026-01-21 00:40:10 - Mean class 2 mean_dice 0.875563 mean_hd95 1.200498
2026-01-21 00:40:10 - Mean class 3 mean_dice 0.921742 mean_hd95 1.163896
2026-01-21 00:40:10 - val epoch: 85, mean_dice: 0.8926229642884281, mean_hd95: 1.3094305357019758, time(s): 22.68
2026-01-21 00:40:11 - train: epoch 86, iter:0, loss: 0.0800, lr: 6.395177052675798e-05
2026-01-21 00:40:14 - train: epoch 86, iter:10, loss: 0.0721, lr: 6.395177052675798e-05
2026-01-21 00:40:17 - train: epoch 86, iter:20, loss: 0.0726, lr: 6.395177052675798e-05
2026-01-21 00:40:20 - train: epoch 86, iter:30, loss: 0.1006, lr: 6.395177052675798e-05
2026-01-21 00:40:24 - train: epoch 86, iter:40, loss: 0.0768, lr: 6.395177052675798e-05
2026-01-21 00:40:27 - train: epoch 86, iter:50, loss: 0.0728, lr: 6.395177052675798e-05
2026-01-21 00:40:30 - train: epoch 86, iter:60, loss: 0.0775, lr: 6.395177052675798e-05
2026-01-21 00:40:33 - train: epoch 86, iter:70, loss: 0.0684, lr: 6.395177052675798e-05
2026-01-21 00:40:36 - train: epoch 86, iter:80, loss: 0.0705, lr: 6.395177052675798e-05
2026-01-21 00:40:36 - Finish one epoch train: epoch 86, loss: 0.0730, time(s): 25.31
2026-01-21 00:40:37 - idx 0 case patient050_frame01 mean_dice 0.888764 mean_hd95 1.816497
2026-01-21 00:40:39 - idx 1 case patient050_frame12 mean_dice 0.831737 mean_hd95 1.910684
2026-01-21 00:40:39 - idx 2 case patient037_frame01 mean_dice 0.874872 mean_hd95 1.412023
2026-01-21 00:40:40 - idx 3 case patient037_frame12 mean_dice 0.771442 mean_hd95 1.962117
2026-01-21 00:40:42 - idx 4 case patient095_frame01 mean_dice 0.942889 mean_hd95 1.000000
2026-01-21 00:40:43 - idx 5 case patient095_frame12 mean_dice 0.881016 mean_hd95 1.804738
2026-01-21 00:40:44 - idx 6 case patient047_frame01 mean_dice 0.912376 mean_hd95 1.138071
2026-01-21 00:40:45 - idx 7 case patient047_frame09 mean_dice 0.881296 mean_hd95 1.412023
2026-01-21 00:40:46 - idx 8 case patient044_frame01 mean_dice 0.928471 mean_hd95 1.000000
2026-01-21 00:40:48 - idx 9 case patient044_frame11 mean_dice 0.873338 mean_hd95 1.138071
2026-01-21 00:40:49 - idx 10 case patient064_frame01 mean_dice 0.951531 mean_hd95 1.000000
2026-01-21 00:40:50 - idx 11 case patient064_frame12 mean_dice 0.935962 mean_hd95 1.000000
2026-01-21 00:40:51 - idx 12 case patient017_frame01 mean_dice 0.913694 mean_hd95 1.333333
2026-01-21 00:40:52 - idx 13 case patient017_frame09 mean_dice 0.922413 mean_hd95 1.333333
2026-01-21 00:40:53 - idx 14 case patient039_frame01 mean_dice 0.944513 mean_hd95 1.000000
2026-01-21 00:40:54 - idx 15 case patient039_frame10 mean_dice 0.801956 mean_hd95 1.745356
2026-01-21 00:40:55 - idx 16 case patient041_frame01 mean_dice 0.911327 mean_hd95 1.000000
2026-01-21 00:40:55 - idx 17 case patient041_frame11 mean_dice 0.848829 mean_hd95 1.609476
2026-01-21 00:40:57 - idx 18 case patient067_frame01 mean_dice 0.915195 mean_hd95 1.000000
2026-01-21 00:40:58 - idx 19 case patient067_frame10 mean_dice 0.934696 mean_hd95 1.000000
2026-01-21 00:40:58 - Mean class 1 mean_dice 0.878032 mean_hd95 1.626832
2026-01-21 00:40:58 - Mean class 2 mean_dice 0.877662 mean_hd95 1.200498
2026-01-21 00:40:58 - Mean class 3 mean_dice 0.924254 mean_hd95 1.165028
2026-01-21 00:40:58 - val epoch: 86, mean_dice: 0.8933158830996103, mean_hd95: 1.3307860302014929, time(s): 21.63
2026-01-21 00:40:59 - train: epoch 87, iter:0, loss: 0.0687, lr: 5.711060902932045e-05
2026-01-21 00:41:02 - train: epoch 87, iter:10, loss: 0.0757, lr: 5.711060902932045e-05
2026-01-21 00:41:05 - train: epoch 87, iter:20, loss: 0.0685, lr: 5.711060902932045e-05
2026-01-21 00:41:09 - train: epoch 87, iter:30, loss: 0.0686, lr: 5.711060902932045e-05
2026-01-21 00:41:12 - train: epoch 87, iter:40, loss: 0.0626, lr: 5.711060902932045e-05
2026-01-21 00:41:15 - train: epoch 87, iter:50, loss: 0.0748, lr: 5.711060902932045e-05
2026-01-21 00:41:18 - train: epoch 87, iter:60, loss: 0.0778, lr: 5.711060902932045e-05
2026-01-21 00:41:21 - train: epoch 87, iter:70, loss: 0.0800, lr: 5.711060902932045e-05
2026-01-21 00:41:25 - train: epoch 87, iter:80, loss: 0.0859, lr: 5.711060902932045e-05
2026-01-21 00:41:25 - Finish one epoch train: epoch 87, loss: 0.0722, time(s): 26.38
2026-01-21 00:41:26 - idx 0 case patient050_frame01 mean_dice 0.897353 mean_hd95 1.483163
2026-01-21 00:41:27 - idx 1 case patient050_frame12 mean_dice 0.850759 mean_hd95 1.471405
2026-01-21 00:41:28 - idx 2 case patient037_frame01 mean_dice 0.875665 mean_hd95 1.412023
2026-01-21 00:41:29 - idx 3 case patient037_frame12 mean_dice 0.717329 mean_hd95 2.087774
2026-01-21 00:41:31 - idx 4 case patient095_frame01 mean_dice 0.942233 mean_hd95 1.000000
2026-01-21 00:41:32 - idx 5 case patient095_frame12 mean_dice 0.877704 mean_hd95 1.804738
2026-01-21 00:41:33 - idx 6 case patient047_frame01 mean_dice 0.913705 mean_hd95 1.000000
2026-01-21 00:41:34 - idx 7 case patient047_frame09 mean_dice 0.887095 mean_hd95 1.333333
2026-01-21 00:41:35 - idx 8 case patient044_frame01 mean_dice 0.927396 mean_hd95 1.000000
2026-01-21 00:41:36 - idx 9 case patient044_frame11 mean_dice 0.878488 mean_hd95 1.244017
2026-01-21 00:41:38 - idx 10 case patient064_frame01 mean_dice 0.952711 mean_hd95 1.000000
2026-01-21 00:41:39 - idx 11 case patient064_frame12 mean_dice 0.930401 mean_hd95 1.000000
2026-01-21 00:41:40 - idx 12 case patient017_frame01 mean_dice 0.907484 mean_hd95 1.333333
2026-01-21 00:41:41 - idx 13 case patient017_frame09 mean_dice 0.917591 mean_hd95 1.333333
2026-01-21 00:41:42 - idx 14 case patient039_frame01 mean_dice 0.944868 mean_hd95 1.000000
2026-01-21 00:41:43 - idx 15 case patient039_frame10 mean_dice 0.787090 mean_hd95 1.666667
2026-01-21 00:41:43 - idx 16 case patient041_frame01 mean_dice 0.911185 mean_hd95 1.000000
2026-01-21 00:41:44 - idx 17 case patient041_frame11 mean_dice 0.875717 mean_hd95 1.138071
2026-01-21 00:41:45 - idx 18 case patient067_frame01 mean_dice 0.910528 mean_hd95 1.000000
2026-01-21 00:41:47 - idx 19 case patient067_frame10 mean_dice 0.936274 mean_hd95 1.000000
2026-01-21 00:41:47 - Mean class 1 mean_dice 0.879606 mean_hd95 1.486256
2026-01-21 00:41:47 - Mean class 2 mean_dice 0.875381 mean_hd95 1.163896
2026-01-21 00:41:47 - Mean class 3 mean_dice 0.921249 mean_hd95 1.146027
2026-01-21 00:41:47 - val epoch: 87, mean_dice: 0.8920787848605428, mean_hd95: 1.265392866459389, time(s): 22.00
2026-01-21 00:41:48 - train: epoch 88, iter:0, loss: 0.0699, lr: 5.071146028642948e-05
2026-01-21 00:41:51 - train: epoch 88, iter:10, loss: 0.0718, lr: 5.071146028642948e-05
2026-01-21 00:41:54 - train: epoch 88, iter:20, loss: 0.0646, lr: 5.071146028642948e-05
2026-01-21 00:41:57 - train: epoch 88, iter:30, loss: 0.0689, lr: 5.071146028642948e-05
2026-01-21 00:42:00 - train: epoch 88, iter:40, loss: 0.0796, lr: 5.071146028642948e-05
2026-01-21 00:42:03 - train: epoch 88, iter:50, loss: 0.0701, lr: 5.071146028642948e-05
2026-01-21 00:42:06 - train: epoch 88, iter:60, loss: 0.0693, lr: 5.071146028642948e-05
2026-01-21 00:42:10 - train: epoch 88, iter:70, loss: 0.0682, lr: 5.071146028642948e-05
2026-01-21 00:42:13 - train: epoch 88, iter:80, loss: 0.0705, lr: 5.071146028642948e-05
2026-01-21 00:42:13 - Finish one epoch train: epoch 88, loss: 0.0718, time(s): 25.62
2026-01-21 00:42:14 - idx 0 case patient050_frame01 mean_dice 0.898305 mean_hd95 1.550094
2026-01-21 00:42:16 - idx 1 case patient050_frame12 mean_dice 0.856502 mean_hd95 1.577350
2026-01-21 00:42:17 - idx 2 case patient037_frame01 mean_dice 0.872817 mean_hd95 1.412023
2026-01-21 00:42:17 - idx 3 case patient037_frame12 mean_dice 0.685784 mean_hd95 2.344742
2026-01-21 00:42:19 - idx 4 case patient095_frame01 mean_dice 0.941994 mean_hd95 1.000000
2026-01-21 00:42:20 - idx 5 case patient095_frame12 mean_dice 0.875018 mean_hd95 1.804738
2026-01-21 00:42:22 - idx 6 case patient047_frame01 mean_dice 0.914568 mean_hd95 1.138071
2026-01-21 00:42:23 - idx 7 case patient047_frame09 mean_dice 0.886120 mean_hd95 1.333333
2026-01-21 00:42:24 - idx 8 case patient044_frame01 mean_dice 0.927853 mean_hd95 1.000000
2026-01-21 00:42:25 - idx 9 case patient044_frame11 mean_dice 0.879017 mean_hd95 1.138071
2026-01-21 00:42:26 - idx 10 case patient064_frame01 mean_dice 0.953810 mean_hd95 1.000000
2026-01-21 00:42:27 - idx 11 case patient064_frame12 mean_dice 0.931312 mean_hd95 1.000000
2026-01-21 00:42:28 - idx 12 case patient017_frame01 mean_dice 0.909516 mean_hd95 1.333333
2026-01-21 00:42:30 - idx 13 case patient017_frame09 mean_dice 0.917642 mean_hd95 1.333333
2026-01-21 00:42:31 - idx 14 case patient039_frame01 mean_dice 0.944546 mean_hd95 1.000000
2026-01-21 00:42:32 - idx 15 case patient039_frame10 mean_dice 0.789701 mean_hd95 1.666667
2026-01-21 00:42:32 - idx 16 case patient041_frame01 mean_dice 0.915220 mean_hd95 1.000000
2026-01-21 00:42:33 - idx 17 case patient041_frame11 mean_dice 0.872794 mean_hd95 1.138071
2026-01-21 00:42:34 - idx 18 case patient067_frame01 mean_dice 0.909258 mean_hd95 1.000000
2026-01-21 00:42:35 - idx 19 case patient067_frame10 mean_dice 0.935564 mean_hd95 1.000000
2026-01-21 00:42:35 - Mean class 1 mean_dice 0.874950 mean_hd95 1.544646
2026-01-21 00:42:35 - Mean class 2 mean_dice 0.877365 mean_hd95 1.169117
2026-01-21 00:42:35 - Mean class 3 mean_dice 0.920286 mean_hd95 1.151711
2026-01-21 00:42:35 - val epoch: 88, mean_dice: 0.8908670036511652, mean_hd95: 1.2884913283578923, time(s): 22.19
2026-01-21 00:42:36 - train: epoch 89, iter:0, loss: 0.0763, lr: 4.476063948531561e-05
2026-01-21 00:42:39 - train: epoch 89, iter:10, loss: 0.0700, lr: 4.476063948531561e-05
2026-01-21 00:42:43 - train: epoch 89, iter:20, loss: 0.0679, lr: 4.476063948531561e-05
2026-01-21 00:42:46 - train: epoch 89, iter:30, loss: 0.0737, lr: 4.476063948531561e-05
2026-01-21 00:42:49 - train: epoch 89, iter:40, loss: 0.0707, lr: 4.476063948531561e-05
2026-01-21 00:42:52 - train: epoch 89, iter:50, loss: 0.0663, lr: 4.476063948531561e-05
2026-01-21 00:42:55 - train: epoch 89, iter:60, loss: 0.0775, lr: 4.476063948531561e-05
2026-01-21 00:42:58 - train: epoch 89, iter:70, loss: 0.1112, lr: 4.476063948531561e-05
2026-01-21 00:43:02 - train: epoch 89, iter:80, loss: 0.0721, lr: 4.476063948531561e-05
2026-01-21 00:43:02 - Finish one epoch train: epoch 89, loss: 0.0719, time(s): 25.84
2026-01-21 00:43:03 - idx 0 case patient050_frame01 mean_dice 0.899359 mean_hd95 1.471405
2026-01-21 00:43:04 - idx 1 case patient050_frame12 mean_dice 0.847810 mean_hd95 1.471405
2026-01-21 00:43:05 - idx 2 case patient037_frame01 mean_dice 0.870741 mean_hd95 1.412023
2026-01-21 00:43:06 - idx 3 case patient037_frame12 mean_dice 0.667168 mean_hd95 2.471405
2026-01-21 00:43:07 - idx 4 case patient095_frame01 mean_dice 0.942621 mean_hd95 1.000000
2026-01-21 00:43:09 - idx 5 case patient095_frame12 mean_dice 0.879186 mean_hd95 1.804738
2026-01-21 00:43:10 - idx 6 case patient047_frame01 mean_dice 0.915416 mean_hd95 1.138071
2026-01-21 00:43:11 - idx 7 case patient047_frame09 mean_dice 0.879228 mean_hd95 1.483163
2026-01-21 00:43:13 - idx 8 case patient044_frame01 mean_dice 0.931069 mean_hd95 1.000000
2026-01-21 00:43:14 - idx 9 case patient044_frame11 mean_dice 0.878784 mean_hd95 1.244017
2026-01-21 00:43:15 - idx 10 case patient064_frame01 mean_dice 0.951619 mean_hd95 1.000000
2026-01-21 00:43:16 - idx 11 case patient064_frame12 mean_dice 0.928623 mean_hd95 1.000000
2026-01-21 00:43:17 - idx 12 case patient017_frame01 mean_dice 0.909143 mean_hd95 1.333333
2026-01-21 00:43:18 - idx 13 case patient017_frame09 mean_dice 0.918902 mean_hd95 1.333333
2026-01-21 00:43:19 - idx 14 case patient039_frame01 mean_dice 0.943521 mean_hd95 1.000000
2026-01-21 00:43:20 - idx 15 case patient039_frame10 mean_dice 0.789078 mean_hd95 1.666667
2026-01-21 00:43:21 - idx 16 case patient041_frame01 mean_dice 0.913307 mean_hd95 1.000000
2026-01-21 00:43:22 - idx 17 case patient041_frame11 mean_dice 0.870869 mean_hd95 1.138071
2026-01-21 00:43:23 - idx 18 case patient067_frame01 mean_dice 0.910531 mean_hd95 1.000000
2026-01-21 00:43:25 - idx 19 case patient067_frame10 mean_dice 0.934058 mean_hd95 1.000000
2026-01-21 00:43:25 - Mean class 1 mean_dice 0.873787 mean_hd95 1.583012
2026-01-21 00:43:25 - Mean class 2 mean_dice 0.876523 mean_hd95 1.141421
2026-01-21 00:43:25 - Mean class 3 mean_dice 0.916844 mean_hd95 1.170711
2026-01-21 00:43:25 - val epoch: 89, mean_dice: 0.8890516320199762, mean_hd95: 1.2983814983681736, time(s): 23.03
2026-01-21 00:43:26 - train: epoch 90, iter:0, loss: 0.0590, lr: 3.9264019367658426e-05
2026-01-21 00:43:29 - train: epoch 90, iter:10, loss: 0.0736, lr: 3.9264019367658426e-05
2026-01-21 00:43:32 - train: epoch 90, iter:20, loss: 0.0751, lr: 3.9264019367658426e-05
2026-01-21 00:43:36 - train: epoch 90, iter:30, loss: 0.0690, lr: 3.9264019367658426e-05
2026-01-21 00:43:39 - train: epoch 90, iter:40, loss: 0.0788, lr: 3.9264019367658426e-05
2026-01-21 00:43:42 - train: epoch 90, iter:50, loss: 0.0719, lr: 3.9264019367658426e-05
2026-01-21 00:43:45 - train: epoch 90, iter:60, loss: 0.0712, lr: 3.9264019367658426e-05
2026-01-21 00:43:48 - train: epoch 90, iter:70, loss: 0.0674, lr: 3.9264019367658426e-05
2026-01-21 00:43:52 - train: epoch 90, iter:80, loss: 0.0724, lr: 3.9264019367658426e-05
2026-01-21 00:43:52 - Finish one epoch train: epoch 90, loss: 0.0719, time(s): 26.50
2026-01-21 00:43:53 - idx 0 case patient050_frame01 mean_dice 0.902585 mean_hd95 1.244017
2026-01-21 00:43:54 - idx 1 case patient050_frame12 mean_dice 0.858396 mean_hd95 1.471405
2026-01-21 00:43:55 - idx 2 case patient037_frame01 mean_dice 0.871549 mean_hd95 1.412023
2026-01-21 00:43:56 - idx 3 case patient037_frame12 mean_dice 0.682443 mean_hd95 2.445669
2026-01-21 00:43:58 - idx 4 case patient095_frame01 mean_dice 0.942301 mean_hd95 1.000000
2026-01-21 00:43:59 - idx 5 case patient095_frame12 mean_dice 0.877320 mean_hd95 1.804738
2026-01-21 00:44:00 - idx 6 case patient047_frame01 mean_dice 0.913553 mean_hd95 1.138071
2026-01-21 00:44:01 - idx 7 case patient047_frame09 mean_dice 0.880958 mean_hd95 1.472492
2026-01-21 00:44:02 - idx 8 case patient044_frame01 mean_dice 0.928685 mean_hd95 1.000000
2026-01-21 00:44:04 - idx 9 case patient044_frame11 mean_dice 0.874776 mean_hd95 1.244017
2026-01-21 00:44:05 - idx 10 case patient064_frame01 mean_dice 0.952327 mean_hd95 1.000000
2026-01-21 00:44:06 - idx 11 case patient064_frame12 mean_dice 0.931002 mean_hd95 1.000000
2026-01-21 00:44:07 - idx 12 case patient017_frame01 mean_dice 0.907905 mean_hd95 1.333333
2026-01-21 00:44:08 - idx 13 case patient017_frame09 mean_dice 0.917090 mean_hd95 1.412023
2026-01-21 00:44:09 - idx 14 case patient039_frame01 mean_dice 0.944439 mean_hd95 1.000000
2026-01-21 00:44:10 - idx 15 case patient039_frame10 mean_dice 0.791881 mean_hd95 1.666667
2026-01-21 00:44:11 - idx 16 case patient041_frame01 mean_dice 0.910757 mean_hd95 1.000000
2026-01-21 00:44:12 - idx 17 case patient041_frame11 mean_dice 0.874724 mean_hd95 1.138071
2026-01-21 00:44:13 - idx 18 case patient067_frame01 mean_dice 0.911212 mean_hd95 1.000000
2026-01-21 00:44:15 - idx 19 case patient067_frame10 mean_dice 0.933580 mean_hd95 1.000000
2026-01-21 00:44:15 - Mean class 1 mean_dice 0.872391 mean_hd95 1.572505
2026-01-21 00:44:15 - Mean class 2 mean_dice 0.877956 mean_hd95 1.128024
2026-01-21 00:44:15 - Mean class 3 mean_dice 0.920775 mean_hd95 1.166850
2026-01-21 00:44:15 - val epoch: 90, mean_dice: 0.8903741200419933, mean_hd95: 1.2891262344354875, time(s): 22.74
2026-01-21 00:44:16 - train: epoch 91, iter:0, loss: 0.0731, lr: 3.4227024433899026e-05
2026-01-21 00:44:19 - train: epoch 91, iter:10, loss: 0.0724, lr: 3.4227024433899026e-05
2026-01-21 00:44:22 - train: epoch 91, iter:20, loss: 0.0693, lr: 3.4227024433899026e-05
2026-01-21 00:44:25 - train: epoch 91, iter:30, loss: 0.0696, lr: 3.4227024433899026e-05
2026-01-21 00:44:28 - train: epoch 91, iter:40, loss: 0.0678, lr: 3.4227024433899026e-05
2026-01-21 00:44:31 - train: epoch 91, iter:50, loss: 0.0832, lr: 3.4227024433899026e-05
2026-01-21 00:44:35 - train: epoch 91, iter:60, loss: 0.0762, lr: 3.4227024433899026e-05
2026-01-21 00:44:38 - train: epoch 91, iter:70, loss: 0.0762, lr: 3.4227024433899026e-05
2026-01-21 00:44:41 - train: epoch 91, iter:80, loss: 0.0690, lr: 3.4227024433899026e-05
2026-01-21 00:44:41 - Finish one epoch train: epoch 91, loss: 0.0710, time(s): 25.97
2026-01-21 00:44:42 - idx 0 case patient050_frame01 mean_dice 0.904698 mean_hd95 1.244017
2026-01-21 00:44:44 - idx 1 case patient050_frame12 mean_dice 0.856615 mean_hd95 1.550094
2026-01-21 00:44:44 - idx 2 case patient037_frame01 mean_dice 0.870087 mean_hd95 1.412023
2026-01-21 00:44:45 - idx 3 case patient037_frame12 mean_dice 0.691646 mean_hd95 2.407898
2026-01-21 00:44:47 - idx 4 case patient095_frame01 mean_dice 0.942855 mean_hd95 1.000000
2026-01-21 00:44:48 - idx 5 case patient095_frame12 mean_dice 0.877193 mean_hd95 1.804738
2026-01-21 00:44:49 - idx 6 case patient047_frame01 mean_dice 0.914563 mean_hd95 1.138071
2026-01-21 00:44:50 - idx 7 case patient047_frame09 mean_dice 0.880125 mean_hd95 1.483163
2026-01-21 00:44:52 - idx 8 case patient044_frame01 mean_dice 0.929166 mean_hd95 1.000000
2026-01-21 00:44:53 - idx 9 case patient044_frame11 mean_dice 0.873366 mean_hd95 1.244017
2026-01-21 00:44:54 - idx 10 case patient064_frame01 mean_dice 0.953424 mean_hd95 1.000000
2026-01-21 00:44:55 - idx 11 case patient064_frame12 mean_dice 0.933014 mean_hd95 1.000000
2026-01-21 00:44:56 - idx 12 case patient017_frame01 mean_dice 0.909269 mean_hd95 1.333333
2026-01-21 00:44:57 - idx 13 case patient017_frame09 mean_dice 0.918131 mean_hd95 1.333333
2026-01-21 00:44:58 - idx 14 case patient039_frame01 mean_dice 0.943045 mean_hd95 1.000000
2026-01-21 00:44:59 - idx 15 case patient039_frame10 mean_dice 0.791926 mean_hd95 1.666667
2026-01-21 00:45:00 - idx 16 case patient041_frame01 mean_dice 0.910704 mean_hd95 1.000000
2026-01-21 00:45:01 - idx 17 case patient041_frame11 mean_dice 0.872036 mean_hd95 1.138071
2026-01-21 00:45:02 - idx 18 case patient067_frame01 mean_dice 0.909741 mean_hd95 1.000000
2026-01-21 00:45:03 - idx 19 case patient067_frame10 mean_dice 0.932940 mean_hd95 1.000000
2026-01-21 00:45:03 - Mean class 1 mean_dice 0.873128 mean_hd95 1.574105
2026-01-21 00:45:03 - Mean class 2 mean_dice 0.875987 mean_hd95 1.128024
2026-01-21 00:45:03 - Mean class 3 mean_dice 0.923066 mean_hd95 1.161185
2026-01-21 00:45:03 - val epoch: 91, mean_dice: 0.8907272094512767, mean_hd95: 1.2877712563405668, time(s): 21.91
2026-01-21 00:45:04 - train: epoch 92, iter:0, loss: 0.0752, lr: 2.9654625589913258e-05
2026-01-21 00:45:07 - train: epoch 92, iter:10, loss: 0.0817, lr: 2.9654625589913258e-05
2026-01-21 00:45:10 - train: epoch 92, iter:20, loss: 0.0682, lr: 2.9654625589913258e-05
2026-01-21 00:45:13 - train: epoch 92, iter:30, loss: 0.0778, lr: 2.9654625589913258e-05
2026-01-21 00:45:16 - train: epoch 92, iter:40, loss: 0.0709, lr: 2.9654625589913258e-05
2026-01-21 00:45:19 - train: epoch 92, iter:50, loss: 0.0716, lr: 2.9654625589913258e-05
2026-01-21 00:45:22 - train: epoch 92, iter:60, loss: 0.0660, lr: 2.9654625589913258e-05
2026-01-21 00:45:25 - train: epoch 92, iter:70, loss: 0.0755, lr: 2.9654625589913258e-05
2026-01-21 00:45:28 - train: epoch 92, iter:80, loss: 0.0741, lr: 2.9654625589913258e-05
2026-01-21 00:45:29 - Finish one epoch train: epoch 92, loss: 0.0709, time(s): 25.03
2026-01-21 00:45:30 - idx 0 case patient050_frame01 mean_dice 0.902292 mean_hd95 1.333333
2026-01-21 00:45:31 - idx 1 case patient050_frame12 mean_dice 0.849637 mean_hd95 1.722284
2026-01-21 00:45:32 - idx 2 case patient037_frame01 mean_dice 0.869154 mean_hd95 1.412023
2026-01-21 00:45:33 - idx 3 case patient037_frame12 mean_dice 0.683257 mean_hd95 2.414214
2026-01-21 00:45:34 - idx 4 case patient095_frame01 mean_dice 0.941896 mean_hd95 1.000000
2026-01-21 00:45:36 - idx 5 case patient095_frame12 mean_dice 0.874564 mean_hd95 1.804738
2026-01-21 00:45:37 - idx 6 case patient047_frame01 mean_dice 0.914782 mean_hd95 1.000000
2026-01-21 00:45:38 - idx 7 case patient047_frame09 mean_dice 0.883251 mean_hd95 1.412023
2026-01-21 00:45:40 - idx 8 case patient044_frame01 mean_dice 0.929318 mean_hd95 1.000000
2026-01-21 00:45:41 - idx 9 case patient044_frame11 mean_dice 0.873705 mean_hd95 1.266346
2026-01-21 00:45:42 - idx 10 case patient064_frame01 mean_dice 0.951918 mean_hd95 1.000000
2026-01-21 00:45:43 - idx 11 case patient064_frame12 mean_dice 0.932326 mean_hd95 1.000000
2026-01-21 00:45:44 - idx 12 case patient017_frame01 mean_dice 0.909283 mean_hd95 1.333333
2026-01-21 00:45:45 - idx 13 case patient017_frame09 mean_dice 0.918075 mean_hd95 1.333333
2026-01-21 00:45:47 - idx 14 case patient039_frame01 mean_dice 0.944894 mean_hd95 1.000000
2026-01-21 00:45:48 - idx 15 case patient039_frame10 mean_dice 0.796516 mean_hd95 1.666667
2026-01-21 00:45:48 - idx 16 case patient041_frame01 mean_dice 0.911720 mean_hd95 1.000000
2026-01-21 00:45:49 - idx 17 case patient041_frame11 mean_dice 0.867864 mean_hd95 1.138071
2026-01-21 00:45:50 - idx 18 case patient067_frame01 mean_dice 0.910857 mean_hd95 1.000000
2026-01-21 00:45:52 - idx 19 case patient067_frame10 mean_dice 0.934168 mean_hd95 1.000000
2026-01-21 00:45:52 - Mean class 1 mean_dice 0.871980 mean_hd95 1.571901
2026-01-21 00:45:52 - Mean class 2 mean_dice 0.877021 mean_hd95 1.141421
2026-01-21 00:45:52 - Mean class 3 mean_dice 0.920920 mean_hd95 1.162132
2026-01-21 00:45:52 - val epoch: 92, mean_dice: 0.889973795952035, mean_hd95: 1.291818251387805, time(s): 22.95
2026-01-21 00:45:53 - train: epoch 93, iter:0, loss: 0.0631, lr: 2.5551335241327692e-05
2026-01-21 00:45:56 - train: epoch 93, iter:10, loss: 0.0760, lr: 2.5551335241327692e-05
2026-01-21 00:45:59 - train: epoch 93, iter:20, loss: 0.0639, lr: 2.5551335241327692e-05
2026-01-21 00:46:02 - train: epoch 93, iter:30, loss: 0.0792, lr: 2.5551335241327692e-05
2026-01-21 00:46:05 - train: epoch 93, iter:40, loss: 0.0624, lr: 2.5551335241327692e-05
2026-01-21 00:46:08 - train: epoch 93, iter:50, loss: 0.0844, lr: 2.5551335241327692e-05
2026-01-21 00:46:11 - train: epoch 93, iter:60, loss: 0.0725, lr: 2.5551335241327692e-05
2026-01-21 00:46:14 - train: epoch 93, iter:70, loss: 0.0713, lr: 2.5551335241327692e-05
2026-01-21 00:46:17 - train: epoch 93, iter:80, loss: 0.0816, lr: 2.5551335241327692e-05
2026-01-21 00:46:18 - Finish one epoch train: epoch 93, loss: 0.0710, time(s): 25.46
2026-01-21 00:46:19 - idx 0 case patient050_frame01 mean_dice 0.901523 mean_hd95 1.333333
2026-01-21 00:46:21 - idx 1 case patient050_frame12 mean_dice 0.846292 mean_hd95 1.804738
2026-01-21 00:46:21 - idx 2 case patient037_frame01 mean_dice 0.870286 mean_hd95 1.412023
2026-01-21 00:46:22 - idx 3 case patient037_frame12 mean_dice 0.680470 mean_hd95 2.414214
2026-01-21 00:46:24 - idx 4 case patient095_frame01 mean_dice 0.942026 mean_hd95 1.000000
2026-01-21 00:46:25 - idx 5 case patient095_frame12 mean_dice 0.877838 mean_hd95 1.804738
2026-01-21 00:46:26 - idx 6 case patient047_frame01 mean_dice 0.917357 mean_hd95 1.138071
2026-01-21 00:46:28 - idx 7 case patient047_frame09 mean_dice 0.881976 mean_hd95 1.412023
2026-01-21 00:46:29 - idx 8 case patient044_frame01 mean_dice 0.929678 mean_hd95 1.000000
2026-01-21 00:46:30 - idx 9 case patient044_frame11 mean_dice 0.875619 mean_hd95 1.244017
2026-01-21 00:46:31 - idx 10 case patient064_frame01 mean_dice 0.953002 mean_hd95 1.000000
2026-01-21 00:46:32 - idx 11 case patient064_frame12 mean_dice 0.929467 mean_hd95 1.000000
2026-01-21 00:46:33 - idx 12 case patient017_frame01 mean_dice 0.911053 mean_hd95 1.333333
2026-01-21 00:46:34 - idx 13 case patient017_frame09 mean_dice 0.919764 mean_hd95 1.333333
2026-01-21 00:46:35 - idx 14 case patient039_frame01 mean_dice 0.944708 mean_hd95 1.000000
2026-01-21 00:46:36 - idx 15 case patient039_frame10 mean_dice 0.797604 mean_hd95 1.666667
2026-01-21 00:46:37 - idx 16 case patient041_frame01 mean_dice 0.912361 mean_hd95 1.000000
2026-01-21 00:46:38 - idx 17 case patient041_frame11 mean_dice 0.867553 mean_hd95 1.138071
2026-01-21 00:46:39 - idx 18 case patient067_frame01 mean_dice 0.911235 mean_hd95 1.000000
2026-01-21 00:46:40 - idx 19 case patient067_frame10 mean_dice 0.934688 mean_hd95 1.000000
2026-01-21 00:46:40 - Mean class 1 mean_dice 0.872490 mean_hd95 1.601631
2026-01-21 00:46:40 - Mean class 2 mean_dice 0.877893 mean_hd95 1.141421
2026-01-21 00:46:40 - Mean class 3 mean_dice 0.920292 mean_hd95 1.162132
2026-01-21 00:46:40 - val epoch: 93, mean_dice: 0.8902250578783425, mean_hd95: 1.3017280283196688, time(s): 22.42
2026-01-21 00:46:41 - train: epoch 94, iter:0, loss: 0.0643, lr: 2.192120284032009e-05
2026-01-21 00:46:44 - train: epoch 94, iter:10, loss: 0.0749, lr: 2.192120284032009e-05
2026-01-21 00:46:47 - train: epoch 94, iter:20, loss: 0.0780, lr: 2.192120284032009e-05
2026-01-21 00:46:51 - train: epoch 94, iter:30, loss: 0.0658, lr: 2.192120284032009e-05
2026-01-21 00:46:54 - train: epoch 94, iter:40, loss: 0.0652, lr: 2.192120284032009e-05
2026-01-21 00:46:57 - train: epoch 94, iter:50, loss: 0.0757, lr: 2.192120284032009e-05
2026-01-21 00:47:00 - train: epoch 94, iter:60, loss: 0.0711, lr: 2.192120284032009e-05
2026-01-21 00:47:03 - train: epoch 94, iter:70, loss: 0.0728, lr: 2.192120284032009e-05
2026-01-21 00:47:06 - train: epoch 94, iter:80, loss: 0.0780, lr: 2.192120284032009e-05
2026-01-21 00:47:06 - Finish one epoch train: epoch 94, loss: 0.0708, time(s): 25.72
2026-01-21 00:47:08 - idx 0 case patient050_frame01 mean_dice 0.899389 mean_hd95 1.412023
2026-01-21 00:47:09 - idx 1 case patient050_frame12 mean_dice 0.849712 mean_hd95 1.550094
2026-01-21 00:47:10 - idx 2 case patient037_frame01 mean_dice 0.870286 mean_hd95 1.412023
2026-01-21 00:47:10 - idx 3 case patient037_frame12 mean_dice 0.690867 mean_hd95 2.414214
2026-01-21 00:47:12 - idx 4 case patient095_frame01 mean_dice 0.941507 mean_hd95 1.000000
2026-01-21 00:47:14 - idx 5 case patient095_frame12 mean_dice 0.877354 mean_hd95 1.804738
2026-01-21 00:47:15 - idx 6 case patient047_frame01 mean_dice 0.917270 mean_hd95 1.000000
2026-01-21 00:47:16 - idx 7 case patient047_frame09 mean_dice 0.882233 mean_hd95 1.412023
2026-01-21 00:47:17 - idx 8 case patient044_frame01 mean_dice 0.929776 mean_hd95 1.000000
2026-01-21 00:47:18 - idx 9 case patient044_frame11 mean_dice 0.876245 mean_hd95 1.244017
2026-01-21 00:47:19 - idx 10 case patient064_frame01 mean_dice 0.952407 mean_hd95 1.000000
2026-01-21 00:47:20 - idx 11 case patient064_frame12 mean_dice 0.926045 mean_hd95 1.000000
2026-01-21 00:47:21 - idx 12 case patient017_frame01 mean_dice 0.909829 mean_hd95 1.333333
2026-01-21 00:47:22 - idx 13 case patient017_frame09 mean_dice 0.919046 mean_hd95 1.333333
2026-01-21 00:47:23 - idx 14 case patient039_frame01 mean_dice 0.944211 mean_hd95 1.000000
2026-01-21 00:47:24 - idx 15 case patient039_frame10 mean_dice 0.792956 mean_hd95 1.666667
2026-01-21 00:47:25 - idx 16 case patient041_frame01 mean_dice 0.912861 mean_hd95 1.000000
2026-01-21 00:47:26 - idx 17 case patient041_frame11 mean_dice 0.873203 mean_hd95 1.138071
2026-01-21 00:47:27 - idx 18 case patient067_frame01 mean_dice 0.909194 mean_hd95 1.000000
2026-01-21 00:47:28 - idx 19 case patient067_frame10 mean_dice 0.933938 mean_hd95 1.000000
2026-01-21 00:47:28 - Mean class 1 mean_dice 0.873167 mean_hd95 1.542723
2026-01-21 00:47:28 - Mean class 2 mean_dice 0.877410 mean_hd95 1.153225
2026-01-21 00:47:28 - Mean class 3 mean_dice 0.920672 mean_hd95 1.162132
2026-01-21 00:47:28 - val epoch: 94, mean_dice: 0.8904164525098764, mean_hd95: 1.2860267348634435, time(s): 21.68
2026-01-21 00:47:29 - train: epoch 95, iter:0, loss: 0.0760, lr: 1.8767810889299096e-05
2026-01-21 00:47:32 - train: epoch 95, iter:10, loss: 0.0701, lr: 1.8767810889299096e-05
2026-01-21 00:47:35 - train: epoch 95, iter:20, loss: 0.0752, lr: 1.8767810889299096e-05
2026-01-21 00:47:39 - train: epoch 95, iter:30, loss: 0.0739, lr: 1.8767810889299096e-05
2026-01-21 00:47:42 - train: epoch 95, iter:40, loss: 0.0714, lr: 1.8767810889299096e-05
2026-01-21 00:47:45 - train: epoch 95, iter:50, loss: 0.0742, lr: 1.8767810889299096e-05
2026-01-21 00:47:48 - train: epoch 95, iter:60, loss: 0.0749, lr: 1.8767810889299096e-05
2026-01-21 00:47:51 - train: epoch 95, iter:70, loss: 0.0836, lr: 1.8767810889299096e-05
2026-01-21 00:47:54 - train: epoch 95, iter:80, loss: 0.0712, lr: 1.8767810889299096e-05
2026-01-21 00:47:55 - Finish one epoch train: epoch 95, loss: 0.0705, time(s): 25.82
2026-01-21 00:47:56 - idx 0 case patient050_frame01 mean_dice 0.894680 mean_hd95 1.824045
2026-01-21 00:47:57 - idx 1 case patient050_frame12 mean_dice 0.843175 mean_hd95 7.268311
2026-01-21 00:47:58 - idx 2 case patient037_frame01 mean_dice 0.869387 mean_hd95 1.412023
2026-01-21 00:47:59 - idx 3 case patient037_frame12 mean_dice 0.725571 mean_hd95 2.414214
2026-01-21 00:48:00 - idx 4 case patient095_frame01 mean_dice 0.941769 mean_hd95 1.000000
2026-01-21 00:48:02 - idx 5 case patient095_frame12 mean_dice 0.877348 mean_hd95 1.804738
2026-01-21 00:48:03 - idx 6 case patient047_frame01 mean_dice 0.918036 mean_hd95 1.000000
2026-01-21 00:48:04 - idx 7 case patient047_frame09 mean_dice 0.879021 mean_hd95 1.609476
2026-01-21 00:48:05 - idx 8 case patient044_frame01 mean_dice 0.928139 mean_hd95 1.000000
2026-01-21 00:48:06 - idx 9 case patient044_frame11 mean_dice 0.872233 mean_hd95 1.228125
2026-01-21 00:48:07 - idx 10 case patient064_frame01 mean_dice 0.952744 mean_hd95 1.000000
2026-01-21 00:48:09 - idx 11 case patient064_frame12 mean_dice 0.926138 mean_hd95 1.000000
2026-01-21 00:48:10 - idx 12 case patient017_frame01 mean_dice 0.907382 mean_hd95 1.333333
2026-01-21 00:48:11 - idx 13 case patient017_frame09 mean_dice 0.917458 mean_hd95 1.333333
2026-01-21 00:48:12 - idx 14 case patient039_frame01 mean_dice 0.943326 mean_hd95 1.000000
2026-01-21 00:48:13 - idx 15 case patient039_frame10 mean_dice 0.788851 mean_hd95 1.666667
2026-01-21 00:48:13 - idx 16 case patient041_frame01 mean_dice 0.908288 mean_hd95 1.000000
2026-01-21 00:48:14 - idx 17 case patient041_frame11 mean_dice 0.878080 mean_hd95 1.138071
2026-01-21 00:48:15 - idx 18 case patient067_frame01 mean_dice 0.907232 mean_hd95 1.000000
2026-01-21 00:48:16 - idx 19 case patient067_frame10 mean_dice 0.933191 mean_hd95 1.000000
2026-01-21 00:48:16 - Mean class 1 mean_dice 0.874707 mean_hd95 2.489494
2026-01-21 00:48:16 - Mean class 2 mean_dice 0.875195 mean_hd95 1.153225
2026-01-21 00:48:16 - Mean class 3 mean_dice 0.921906 mean_hd95 1.162132
2026-01-21 00:48:16 - val epoch: 95, mean_dice: 0.8906025588381494, mean_hd95: 1.6016167846989822, time(s): 21.73
2026-01-21 00:48:17 - train: epoch 96, iter:0, loss: 0.0705, lr: 1.609427140540687e-05
2026-01-21 00:48:20 - train: epoch 96, iter:10, loss: 0.0617, lr: 1.609427140540687e-05
2026-01-21 00:48:23 - train: epoch 96, iter:20, loss: 0.0838, lr: 1.609427140540687e-05
2026-01-21 00:48:27 - train: epoch 96, iter:30, loss: 0.0580, lr: 1.609427140540687e-05
2026-01-21 00:48:30 - train: epoch 96, iter:40, loss: 0.0717, lr: 1.609427140540687e-05
2026-01-21 00:48:33 - train: epoch 96, iter:50, loss: 0.0721, lr: 1.609427140540687e-05
2026-01-21 00:48:36 - train: epoch 96, iter:60, loss: 0.0708, lr: 1.609427140540687e-05
2026-01-21 00:48:39 - train: epoch 96, iter:70, loss: 0.0782, lr: 1.609427140540687e-05
2026-01-21 00:48:42 - train: epoch 96, iter:80, loss: 0.0686, lr: 1.609427140540687e-05
2026-01-21 00:48:42 - Finish one epoch train: epoch 96, loss: 0.0703, time(s): 25.59
2026-01-21 00:48:44 - idx 0 case patient050_frame01 mean_dice 0.894811 mean_hd95 1.550094
2026-01-21 00:48:45 - idx 1 case patient050_frame12 mean_dice 0.847208 mean_hd95 2.374629
2026-01-21 00:48:46 - idx 2 case patient037_frame01 mean_dice 0.869134 mean_hd95 1.412023
2026-01-21 00:48:47 - idx 3 case patient037_frame12 mean_dice 0.736505 mean_hd95 2.287901
2026-01-21 00:48:48 - idx 4 case patient095_frame01 mean_dice 0.941389 mean_hd95 1.000000
2026-01-21 00:48:50 - idx 5 case patient095_frame12 mean_dice 0.877925 mean_hd95 1.804738
2026-01-21 00:48:51 - idx 6 case patient047_frame01 mean_dice 0.917217 mean_hd95 1.000000
2026-01-21 00:48:52 - idx 7 case patient047_frame09 mean_dice 0.880743 mean_hd95 1.412023
2026-01-21 00:48:53 - idx 8 case patient044_frame01 mean_dice 0.928599 mean_hd95 1.000000
2026-01-21 00:48:54 - idx 9 case patient044_frame11 mean_dice 0.873891 mean_hd95 1.244017
2026-01-21 00:48:55 - idx 10 case patient064_frame01 mean_dice 0.952521 mean_hd95 1.000000
2026-01-21 00:48:56 - idx 11 case patient064_frame12 mean_dice 0.930313 mean_hd95 1.000000
2026-01-21 00:48:58 - idx 12 case patient017_frame01 mean_dice 0.908318 mean_hd95 1.333333
2026-01-21 00:48:59 - idx 13 case patient017_frame09 mean_dice 0.917978 mean_hd95 1.333333
2026-01-21 00:49:00 - idx 14 case patient039_frame01 mean_dice 0.944136 mean_hd95 1.000000
2026-01-21 00:49:01 - idx 15 case patient039_frame10 mean_dice 0.791854 mean_hd95 1.666667
2026-01-21 00:49:01 - idx 16 case patient041_frame01 mean_dice 0.909672 mean_hd95 1.000000
2026-01-21 00:49:02 - idx 17 case patient041_frame11 mean_dice 0.876046 mean_hd95 1.138071
2026-01-21 00:49:03 - idx 18 case patient067_frame01 mean_dice 0.909490 mean_hd95 1.000000
2026-01-21 00:49:04 - idx 19 case patient067_frame10 mean_dice 0.934699 mean_hd95 1.000000
2026-01-21 00:49:04 - Mean class 1 mean_dice 0.875837 mean_hd95 1.687114
2026-01-21 00:49:04 - Mean class 2 mean_dice 0.876866 mean_hd95 1.153225
2026-01-21 00:49:04 - Mean class 3 mean_dice 0.923664 mean_hd95 1.143185
2026-01-21 00:49:04 - val epoch: 96, mean_dice: 0.8921223996267309, mean_hd95: 1.3278414511661094, time(s): 21.86
2026-01-21 00:49:05 - train: epoch 97, iter:0, loss: 0.0847, lr: 1.3903222849333514e-05
2026-01-21 00:49:08 - train: epoch 97, iter:10, loss: 0.0705, lr: 1.3903222849333514e-05
2026-01-21 00:49:12 - train: epoch 97, iter:20, loss: 0.0724, lr: 1.3903222849333514e-05
2026-01-21 00:49:15 - train: epoch 97, iter:30, loss: 0.0762, lr: 1.3903222849333514e-05
2026-01-21 00:49:18 - train: epoch 97, iter:40, loss: 0.0724, lr: 1.3903222849333514e-05
2026-01-21 00:49:21 - train: epoch 97, iter:50, loss: 0.0690, lr: 1.3903222849333514e-05
2026-01-21 00:49:24 - train: epoch 97, iter:60, loss: 0.0806, lr: 1.3903222849333514e-05
2026-01-21 00:49:28 - train: epoch 97, iter:70, loss: 0.0685, lr: 1.3903222849333514e-05
2026-01-21 00:49:31 - train: epoch 97, iter:80, loss: 0.0732, lr: 1.3903222849333514e-05
2026-01-21 00:49:31 - Finish one epoch train: epoch 97, loss: 0.0708, time(s): 26.19
2026-01-21 00:49:32 - idx 0 case patient050_frame01 mean_dice 0.898382 mean_hd95 1.471405
2026-01-21 00:49:34 - idx 1 case patient050_frame12 mean_dice 0.845830 mean_hd95 1.804738
2026-01-21 00:49:34 - idx 2 case patient037_frame01 mean_dice 0.870431 mean_hd95 1.412023
2026-01-21 00:49:35 - idx 3 case patient037_frame12 mean_dice 0.701749 mean_hd95 2.287901
2026-01-21 00:49:37 - idx 4 case patient095_frame01 mean_dice 0.941685 mean_hd95 1.000000
2026-01-21 00:49:38 - idx 5 case patient095_frame12 mean_dice 0.880022 mean_hd95 1.804738
2026-01-21 00:49:39 - idx 6 case patient047_frame01 mean_dice 0.914139 mean_hd95 1.138071
2026-01-21 00:49:41 - idx 7 case patient047_frame09 mean_dice 0.878758 mean_hd95 1.412023
2026-01-21 00:49:42 - idx 8 case patient044_frame01 mean_dice 0.929231 mean_hd95 1.000000
2026-01-21 00:49:43 - idx 9 case patient044_frame11 mean_dice 0.875760 mean_hd95 1.244017
2026-01-21 00:49:44 - idx 10 case patient064_frame01 mean_dice 0.952523 mean_hd95 1.000000
2026-01-21 00:49:45 - idx 11 case patient064_frame12 mean_dice 0.929572 mean_hd95 1.000000
2026-01-21 00:49:46 - idx 12 case patient017_frame01 mean_dice 0.908436 mean_hd95 1.333333
2026-01-21 00:49:47 - idx 13 case patient017_frame09 mean_dice 0.917845 mean_hd95 1.333333
2026-01-21 00:49:48 - idx 14 case patient039_frame01 mean_dice 0.944360 mean_hd95 1.000000
2026-01-21 00:49:49 - idx 15 case patient039_frame10 mean_dice 0.791557 mean_hd95 1.666667
2026-01-21 00:49:50 - idx 16 case patient041_frame01 mean_dice 0.911115 mean_hd95 1.000000
2026-01-21 00:49:50 - idx 17 case patient041_frame11 mean_dice 0.873472 mean_hd95 1.138071
2026-01-21 00:49:52 - idx 18 case patient067_frame01 mean_dice 0.910547 mean_hd95 1.000000
2026-01-21 00:49:53 - idx 19 case patient067_frame10 mean_dice 0.935234 mean_hd95 1.000000
2026-01-21 00:49:53 - Mean class 1 mean_dice 0.871541 mean_hd95 1.622341
2026-01-21 00:49:53 - Mean class 2 mean_dice 0.877095 mean_hd95 1.141421
2026-01-21 00:49:53 - Mean class 3 mean_dice 0.922961 mean_hd95 1.143185
2026-01-21 00:49:53 - val epoch: 97, mean_dice: 0.8905323927717185, mean_hd95: 1.3023159646598368, time(s): 21.91
2026-01-21 00:49:54 - train: epoch 98, iter:0, loss: 0.0689, lr: 1.2196827521475406e-05
2026-01-21 00:49:57 - train: epoch 98, iter:10, loss: 0.0636, lr: 1.2196827521475406e-05
2026-01-21 00:50:00 - train: epoch 98, iter:20, loss: 0.0677, lr: 1.2196827521475406e-05
2026-01-21 00:50:03 - train: epoch 98, iter:30, loss: 0.0669, lr: 1.2196827521475406e-05
2026-01-21 00:50:07 - train: epoch 98, iter:40, loss: 0.0708, lr: 1.2196827521475406e-05
2026-01-21 00:50:10 - train: epoch 98, iter:50, loss: 0.0828, lr: 1.2196827521475406e-05
2026-01-21 00:50:13 - train: epoch 98, iter:60, loss: 0.0767, lr: 1.2196827521475406e-05
2026-01-21 00:50:17 - train: epoch 98, iter:70, loss: 0.0711, lr: 1.2196827521475406e-05
2026-01-21 00:50:20 - train: epoch 98, iter:80, loss: 0.0649, lr: 1.2196827521475406e-05
2026-01-21 00:50:20 - Finish one epoch train: epoch 98, loss: 0.0704, time(s): 26.41
2026-01-21 00:50:21 - idx 0 case patient050_frame01 mean_dice 0.896973 mean_hd95 1.471405
2026-01-21 00:50:23 - idx 1 case patient050_frame12 mean_dice 0.843062 mean_hd95 7.294462
2026-01-21 00:50:24 - idx 2 case patient037_frame01 mean_dice 0.869583 mean_hd95 1.412023
2026-01-21 00:50:25 - idx 3 case patient037_frame12 mean_dice 0.713885 mean_hd95 2.287901
2026-01-21 00:50:26 - idx 4 case patient095_frame01 mean_dice 0.942009 mean_hd95 1.000000
2026-01-21 00:50:28 - idx 5 case patient095_frame12 mean_dice 0.878120 mean_hd95 1.804738
2026-01-21 00:50:29 - idx 6 case patient047_frame01 mean_dice 0.916258 mean_hd95 1.138071
2026-01-21 00:50:30 - idx 7 case patient047_frame09 mean_dice 0.879313 mean_hd95 1.412023
2026-01-21 00:50:31 - idx 8 case patient044_frame01 mean_dice 0.928653 mean_hd95 1.000000
2026-01-21 00:50:33 - idx 9 case patient044_frame11 mean_dice 0.874490 mean_hd95 1.138071
2026-01-21 00:50:34 - idx 10 case patient064_frame01 mean_dice 0.952425 mean_hd95 1.000000
2026-01-21 00:50:35 - idx 11 case patient064_frame12 mean_dice 0.929553 mean_hd95 1.000000
2026-01-21 00:50:36 - idx 12 case patient017_frame01 mean_dice 0.908693 mean_hd95 1.333333
2026-01-21 00:50:37 - idx 13 case patient017_frame09 mean_dice 0.918038 mean_hd95 1.333333
2026-01-21 00:50:38 - idx 14 case patient039_frame01 mean_dice 0.943980 mean_hd95 1.000000
2026-01-21 00:50:39 - idx 15 case patient039_frame10 mean_dice 0.790347 mean_hd95 1.666667
2026-01-21 00:50:40 - idx 16 case patient041_frame01 mean_dice 0.910269 mean_hd95 1.000000
2026-01-21 00:50:40 - idx 17 case patient041_frame11 mean_dice 0.874236 mean_hd95 1.138071
2026-01-21 00:50:42 - idx 18 case patient067_frame01 mean_dice 0.909628 mean_hd95 1.000000
2026-01-21 00:50:43 - idx 19 case patient067_frame10 mean_dice 0.935050 mean_hd95 1.000000
2026-01-21 00:50:43 - Mean class 1 mean_dice 0.871870 mean_hd95 2.429908
2026-01-21 00:50:43 - Mean class 2 mean_dice 0.876444 mean_hd95 1.141421
2026-01-21 00:50:43 - Mean class 3 mean_dice 0.923870 mean_hd95 1.143185
2026-01-21 00:50:43 - val epoch: 98, mean_dice: 0.8907282272828962, mean_hd95: 1.5715048741644975, time(s): 22.84
2026-01-21 00:50:44 - train: epoch 99, iter:0, loss: 0.0696, lr: 1.097676942800558e-05
2026-01-21 00:50:47 - train: epoch 99, iter:10, loss: 0.0830, lr: 1.097676942800558e-05
2026-01-21 00:50:50 - train: epoch 99, iter:20, loss: 0.0785, lr: 1.097676942800558e-05
2026-01-21 00:50:53 - train: epoch 99, iter:30, loss: 0.0653, lr: 1.097676942800558e-05
2026-01-21 00:50:56 - train: epoch 99, iter:40, loss: 0.0630, lr: 1.097676942800558e-05
2026-01-21 00:50:59 - train: epoch 99, iter:50, loss: 0.0757, lr: 1.097676942800558e-05
2026-01-21 00:51:02 - train: epoch 99, iter:60, loss: 0.0753, lr: 1.097676942800558e-05
2026-01-21 00:51:05 - train: epoch 99, iter:70, loss: 0.0789, lr: 1.097676942800558e-05
2026-01-21 00:51:09 - train: epoch 99, iter:80, loss: 0.0694, lr: 1.097676942800558e-05
2026-01-21 00:51:09 - Finish one epoch train: epoch 99, loss: 0.0703, time(s): 25.26
2026-01-21 00:51:10 - idx 0 case patient050_frame01 mean_dice 0.896826 mean_hd95 1.471405
2026-01-21 00:51:11 - idx 1 case patient050_frame12 mean_dice 0.844056 mean_hd95 7.207862
2026-01-21 00:51:12 - idx 2 case patient037_frame01 mean_dice 0.870640 mean_hd95 1.412023
2026-01-21 00:51:13 - idx 3 case patient037_frame12 mean_dice 0.743962 mean_hd95 2.287901
2026-01-21 00:51:15 - idx 4 case patient095_frame01 mean_dice 0.942213 mean_hd95 1.000000
2026-01-21 00:51:16 - idx 5 case patient095_frame12 mean_dice 0.879196 mean_hd95 1.804738
2026-01-21 00:51:18 - idx 6 case patient047_frame01 mean_dice 0.917418 mean_hd95 1.000000
2026-01-21 00:51:19 - idx 7 case patient047_frame09 mean_dice 0.879007 mean_hd95 1.483163
2026-01-21 00:51:20 - idx 8 case patient044_frame01 mean_dice 0.928748 mean_hd95 1.000000
2026-01-21 00:51:21 - idx 9 case patient044_frame11 mean_dice 0.873799 mean_hd95 1.138071
2026-01-21 00:51:22 - idx 10 case patient064_frame01 mean_dice 0.952616 mean_hd95 1.000000
2026-01-21 00:51:23 - idx 11 case patient064_frame12 mean_dice 0.932279 mean_hd95 1.000000
2026-01-21 00:51:24 - idx 12 case patient017_frame01 mean_dice 0.909367 mean_hd95 1.333333
2026-01-21 00:51:25 - idx 13 case patient017_frame09 mean_dice 0.919301 mean_hd95 1.333333
2026-01-21 00:51:26 - idx 14 case patient039_frame01 mean_dice 0.944146 mean_hd95 1.000000
2026-01-21 00:51:27 - idx 15 case patient039_frame10 mean_dice 0.795764 mean_hd95 1.666667
2026-01-21 00:51:28 - idx 16 case patient041_frame01 mean_dice 0.909938 mean_hd95 1.000000
2026-01-21 00:51:29 - idx 17 case patient041_frame11 mean_dice 0.873072 mean_hd95 1.138071
2026-01-21 00:51:30 - idx 18 case patient067_frame01 mean_dice 0.910063 mean_hd95 1.000000
2026-01-21 00:51:31 - idx 19 case patient067_frame10 mean_dice 0.933723 mean_hd95 1.000000
2026-01-21 00:51:31 - Mean class 1 mean_dice 0.876120 mean_hd95 2.406879
2026-01-21 00:51:31 - Mean class 2 mean_dice 0.877260 mean_hd95 1.141421
2026-01-21 00:51:31 - Mean class 3 mean_dice 0.925040 mean_hd95 1.143185
2026-01-21 00:51:31 - val epoch: 99, mean_dice: 0.8928066637556378, mean_hd95: 1.5638283591600544, time(s): 22.39
2026-01-21 00:51:32 - train: epoch 100, iter:0, loss: 0.0645, lr: 1.024425261896286e-05
2026-01-21 00:51:35 - train: epoch 100, iter:10, loss: 0.0709, lr: 1.024425261896286e-05
2026-01-21 00:51:38 - train: epoch 100, iter:20, loss: 0.0632, lr: 1.024425261896286e-05
2026-01-21 00:51:42 - train: epoch 100, iter:30, loss: 0.0766, lr: 1.024425261896286e-05
2026-01-21 00:51:45 - train: epoch 100, iter:40, loss: 0.0696, lr: 1.024425261896286e-05
2026-01-21 00:51:48 - train: epoch 100, iter:50, loss: 0.0627, lr: 1.024425261896286e-05
2026-01-21 00:51:51 - train: epoch 100, iter:60, loss: 0.0709, lr: 1.024425261896286e-05
2026-01-21 00:51:55 - train: epoch 100, iter:70, loss: 0.0691, lr: 1.024425261896286e-05
2026-01-21 00:51:58 - train: epoch 100, iter:80, loss: 0.0671, lr: 1.024425261896286e-05
2026-01-21 00:51:58 - Finish one epoch train: epoch 100, loss: 0.0699, time(s): 26.56
2026-01-21 00:51:59 - idx 0 case patient050_frame01 mean_dice 0.897502 mean_hd95 1.471405
2026-01-21 00:52:01 - idx 1 case patient050_frame12 mean_dice 0.843321 mean_hd95 7.268311
2026-01-21 00:52:01 - idx 2 case patient037_frame01 mean_dice 0.870189 mean_hd95 1.412023
2026-01-21 00:52:02 - idx 3 case patient037_frame12 mean_dice 0.736999 mean_hd95 2.287901
2026-01-21 00:52:04 - idx 4 case patient095_frame01 mean_dice 0.942117 mean_hd95 1.000000
2026-01-21 00:52:05 - idx 5 case patient095_frame12 mean_dice 0.880291 mean_hd95 1.804738
2026-01-21 00:52:06 - idx 6 case patient047_frame01 mean_dice 0.916527 mean_hd95 1.138071
2026-01-21 00:52:07 - idx 7 case patient047_frame09 mean_dice 0.880340 mean_hd95 1.412023
2026-01-21 00:52:09 - idx 8 case patient044_frame01 mean_dice 0.929141 mean_hd95 1.000000
2026-01-21 00:52:10 - idx 9 case patient044_frame11 mean_dice 0.873793 mean_hd95 1.244017
2026-01-21 00:52:11 - idx 10 case patient064_frame01 mean_dice 0.952825 mean_hd95 1.000000
2026-01-21 00:52:12 - idx 11 case patient064_frame12 mean_dice 0.932482 mean_hd95 1.000000
2026-01-21 00:52:13 - idx 12 case patient017_frame01 mean_dice 0.908724 mean_hd95 1.333333
2026-01-21 00:52:14 - idx 13 case patient017_frame09 mean_dice 0.918876 mean_hd95 1.333333
2026-01-21 00:52:15 - idx 14 case patient039_frame01 mean_dice 0.944221 mean_hd95 1.000000
2026-01-21 00:52:16 - idx 15 case patient039_frame10 mean_dice 0.794983 mean_hd95 1.666667
2026-01-21 00:52:17 - idx 16 case patient041_frame01 mean_dice 0.910864 mean_hd95 1.000000
2026-01-21 00:52:18 - idx 17 case patient041_frame11 mean_dice 0.870957 mean_hd95 1.138071
2026-01-21 00:52:20 - idx 18 case patient067_frame01 mean_dice 0.908945 mean_hd95 1.000000
2026-01-21 00:52:21 - idx 19 case patient067_frame10 mean_dice 0.934432 mean_hd95 1.000000
2026-01-21 00:52:21 - Mean class 1 mean_dice 0.876603 mean_hd95 2.441877
2026-01-21 00:52:21 - Mean class 2 mean_dice 0.876853 mean_hd95 1.141421
2026-01-21 00:52:21 - Mean class 3 mean_dice 0.923673 mean_hd95 1.143185
2026-01-21 00:52:21 - val epoch: 100, mean_dice: 0.8923764393484968, mean_hd95: 1.5754946218209254, time(s): 22.78
2026-01-21 00:52:23 - idx 0 case patient072_frame01 mean_dice 0.952258 mean_hd95 1.000000
2026-01-21 00:52:24 - idx 1 case patient072_frame11 mean_dice 0.943148 mean_hd95 1.000000
2026-01-21 00:52:26 - idx 2 case patient081_frame01 mean_dice 0.921690 mean_hd95 1.244017
2026-01-21 00:52:28 - idx 3 case patient081_frame07 mean_dice 0.894720 mean_hd95 1.412023
2026-01-21 00:52:29 - idx 4 case patient019_frame01 mean_dice 0.961920 mean_hd95 1.000000
2026-01-21 00:52:31 - idx 5 case patient019_frame11 mean_dice 0.956489 mean_hd95 1.000000
2026-01-21 00:52:32 - idx 6 case patient027_frame01 mean_dice 0.892950 mean_hd95 1.276142
2026-01-21 00:52:34 - idx 7 case patient027_frame11 mean_dice 0.804754 mean_hd95 2.987574
2026-01-21 00:52:35 - idx 8 case patient056_frame01 mean_dice 0.951434 mean_hd95 1.000000
2026-01-21 00:52:36 - idx 9 case patient056_frame12 mean_dice 0.931854 mean_hd95 1.000000
2026-01-21 00:52:37 - idx 10 case patient052_frame01 mean_dice 0.912001 mean_hd95 1.000000
2026-01-21 00:52:38 - idx 11 case patient052_frame09 mean_dice 0.815468 mean_hd95 1.471405
2026-01-21 00:52:39 - idx 12 case patient028_frame01 mean_dice 0.929251 mean_hd95 1.000000
2026-01-21 00:52:41 - idx 13 case patient028_frame09 mean_dice 0.861923 mean_hd95 1.804738
2026-01-21 00:52:43 - idx 14 case patient099_frame01 mean_dice 0.947893 mean_hd95 1.000000
2026-01-21 00:52:45 - idx 15 case patient099_frame09 mean_dice 0.912899 mean_hd95 1.000000
2026-01-21 00:52:47 - idx 16 case patient007_frame01 mean_dice 0.944825 mean_hd95 1.000000
2026-01-21 00:52:48 - idx 17 case patient007_frame07 mean_dice 0.928893 mean_hd95 1.000000
2026-01-21 00:52:49 - idx 18 case patient076_frame01 mean_dice 0.949421 mean_hd95 1.000000
2026-01-21 00:52:50 - idx 19 case patient076_frame12 mean_dice 0.931232 mean_hd95 1.000000
2026-01-21 00:52:52 - idx 20 case patient084_frame01 mean_dice 0.771589 mean_hd95 2.552285
2026-01-21 00:52:54 - idx 21 case patient084_frame10 mean_dice 0.775825 mean_hd95 2.006588
2026-01-21 00:52:55 - idx 22 case patient008_frame01 mean_dice 0.939670 mean_hd95 1.000000
2026-01-21 00:52:57 - idx 23 case patient008_frame13 mean_dice 0.915071 mean_hd95 1.000000
2026-01-21 00:52:59 - idx 24 case patient085_frame01 mean_dice 0.918274 mean_hd95 1.244017
2026-01-21 00:53:01 - idx 25 case patient085_frame09 mean_dice 0.896687 mean_hd95 1.333333
2026-01-21 00:53:03 - idx 26 case patient021_frame13 mean_dice 0.863461 mean_hd95 1.000000
2026-01-21 00:53:04 - idx 27 case patient021_frame01 mean_dice 0.943372 mean_hd95 1.000000
2026-01-21 00:53:05 - idx 28 case patient054_frame01 mean_dice 0.887611 mean_hd95 1.913886
2026-01-21 00:53:06 - idx 29 case patient054_frame12 mean_dice 0.810005 mean_hd95 2.041035
2026-01-21 00:53:07 - idx 30 case patient026_frame01 mean_dice 0.922630 mean_hd95 1.000000
2026-01-21 00:53:09 - idx 31 case patient026_frame12 mean_dice 0.853927 mean_hd95 1.609476
2026-01-21 00:53:10 - idx 32 case patient059_frame01 mean_dice 0.961846 mean_hd95 1.000000
2026-01-21 00:53:11 - idx 33 case patient059_frame09 mean_dice 0.923444 mean_hd95 1.000000
2026-01-21 00:53:12 - idx 34 case patient073_frame01 mean_dice 0.941684 mean_hd95 1.000000
2026-01-21 00:53:13 - idx 35 case patient073_frame10 mean_dice 0.869788 mean_hd95 1.550094
2026-01-21 00:53:14 - idx 36 case patient029_frame01 mean_dice 0.934065 mean_hd95 1.000000
2026-01-21 00:53:16 - idx 37 case patient029_frame12 mean_dice 0.761380 mean_hd95 2.666667
2026-01-21 00:53:17 - idx 38 case patient068_frame01 mean_dice 0.927490 mean_hd95 1.000000
2026-01-21 00:53:18 - idx 39 case patient068_frame12 mean_dice 0.880243 mean_hd95 1.138071
2026-01-21 00:53:18 - Mean class 1 mean_dice 0.868230 mean_hd95 1.735127
2026-01-21 00:53:18 - Mean class 2 mean_dice 0.893145 mean_hd95 1.091421
2026-01-21 00:53:18 - Mean class 3 mean_dice 0.941856 mean_hd95 1.092303
2026-01-21 00:53:18 - val epoch: 100, mean_dice: 0.9010771194782685, mean_hd95: 1.3062837582299351, time(s): 55.97
