2026-01-13 02:00:09 - #----------Config info----------#
2026-01-13 02:00:09 - network: vmunet,
2026-01-13 02:00:09 - model_config: {'num_classes': 9, 'input_channels': 1, 'depths': [2, 2, 2, 2], 'depths_decoder': [2, 2, 2, 1], 'drop_path_rate': 0.2, 'load_ckpt_path': './pre_trained_weights/vmamba_small_e238_ema.pth'},
2026-01-13 02:00:09 - datasets_name: synapse,
2026-01-13 02:00:09 - input_size_h: 256,
2026-01-13 02:00:09 - input_size_w: 256,
2026-01-13 02:00:09 - data_path: ../Synapse/train_npz/,
2026-01-13 02:00:09 - val_path: ../Synapse/test_vol_2d_slices/,
2026-01-13 02:00:09 - datasets: <class 'datasets.dataset.Synapse_dataset'>,
2026-01-13 02:00:09 - list_dir: ../Synapse/lists/lists_Synapse/,
2026-01-13 02:00:09 - volume_path: ../Synapse/test_vol_h5/,
2026-01-13 02:00:09 - pretrained_path: ,
2026-01-13 02:00:09 - num_classes: 9,
2026-01-13 02:00:09 - loss_weight: [1, 1],
2026-01-13 02:00:09 - criterion: CeDiceLoss(
  (celoss): CrossEntropyLoss()
  (diceloss): nDiceLoss()
),
2026-01-13 02:00:09 - z_spacing: 1,
2026-01-13 02:00:09 - input_channels: 1,
2026-01-13 02:00:09 - distributed: False,
2026-01-13 02:00:09 - local_rank: -1,
2026-01-13 02:00:09 - num_workers: 0,
2026-01-13 02:00:09 - seed: 42,
2026-01-13 02:00:09 - world_size: None,
2026-01-13 02:00:09 - rank: None,
2026-01-13 02:00:09 - amp: False,
2026-01-13 02:00:09 - batch_size: 16,
2026-01-13 02:00:09 - epochs: 100,
2026-01-13 02:00:09 - work_dir: results/vmunet_synapse_Tuesday_13_January_2026_02h_00m_09s/,
2026-01-13 02:00:09 - print_interval: 10,
2026-01-13 02:00:09 - val_interval: 1,
2026-01-13 02:00:09 - threshold: 0.5,
2026-01-13 02:00:09 - only_test_and_save_figs: False,
2026-01-13 02:00:09 - best_ckpt_path: results/synapase/checkpoints/best.pth,
2026-01-13 02:00:09 - img_save_path: imagessynapse,
2026-01-13 02:00:09 - opt: AdamW,
2026-01-13 02:00:09 - lr: 0.001,
2026-01-13 02:00:09 - betas: (0.9, 0.999),
2026-01-13 02:00:09 - eps: 1e-08,
2026-01-13 02:00:09 - weight_decay: 0.01,
2026-01-13 02:00:09 - amsgrad: False,
2026-01-13 02:00:09 - sch: CosineAnnealingLR,
2026-01-13 02:00:09 - T_max: 100,
2026-01-13 02:00:09 - eta_min: 1e-05,
2026-01-13 02:00:09 - last_epoch: -1,
2026-01-13 02:00:11 - train: epoch 1, iter:0, loss: 6.3033, lr: 0.001
2026-01-13 02:00:17 - train: epoch 1, iter:10, loss: 3.7998, lr: 0.001
2026-01-13 02:00:22 - train: epoch 1, iter:20, loss: 3.0016, lr: 0.001
2026-01-13 02:00:28 - train: epoch 1, iter:30, loss: 2.7403, lr: 0.001
2026-01-13 02:00:33 - train: epoch 1, iter:40, loss: 2.5730, lr: 0.001
2026-01-13 02:00:39 - train: epoch 1, iter:50, loss: 2.3291, lr: 0.001
2026-01-13 02:00:44 - train: epoch 1, iter:60, loss: 2.1975, lr: 0.001
2026-01-13 02:00:50 - train: epoch 1, iter:70, loss: 2.1242, lr: 0.001
2026-01-13 02:00:55 - train: epoch 1, iter:80, loss: 2.0049, lr: 0.001
2026-01-13 02:01:01 - train: epoch 1, iter:90, loss: 1.9278, lr: 0.001
2026-01-13 02:01:07 - train: epoch 1, iter:100, loss: 1.8552, lr: 0.001
2026-01-13 02:01:12 - train: epoch 1, iter:110, loss: 1.7600, lr: 0.001
2026-01-13 02:01:18 - train: epoch 1, iter:120, loss: 1.7530, lr: 0.001
2026-01-13 02:01:24 - train: epoch 1, iter:130, loss: 1.6416, lr: 0.001
2026-01-13 02:01:28 - Finish one epoch train: epoch 1, loss: 2.4241, time(s): 78.71
2026-01-13 02:02:05 - [Fast Val] Epoch 1, Mean Loss: 1.6218, Time: 36.76s
2026-01-13 02:02:06 - train: epoch 2, iter:0, loss: 1.6323, lr: 0.0009997557473810372
2026-01-13 02:02:12 - train: epoch 2, iter:10, loss: 1.4699, lr: 0.0009997557473810372
2026-01-13 02:02:17 - train: epoch 2, iter:20, loss: 1.4733, lr: 0.0009997557473810372
2026-01-13 02:02:23 - train: epoch 2, iter:30, loss: 1.3579, lr: 0.0009997557473810372
2026-01-13 02:02:28 - train: epoch 2, iter:40, loss: 1.3165, lr: 0.0009997557473810372
2026-01-13 02:02:34 - train: epoch 2, iter:50, loss: 1.4939, lr: 0.0009997557473810372
2026-01-13 02:02:39 - train: epoch 2, iter:60, loss: 1.5316, lr: 0.0009997557473810372
2026-01-13 02:02:45 - train: epoch 2, iter:70, loss: 1.3967, lr: 0.0009997557473810372
2026-01-13 02:02:50 - train: epoch 2, iter:80, loss: 1.2830, lr: 0.0009997557473810372
2026-01-13 02:02:56 - train: epoch 2, iter:90, loss: 1.4208, lr: 0.0009997557473810372
2026-01-13 02:03:01 - train: epoch 2, iter:100, loss: 1.2580, lr: 0.0009997557473810372
2026-01-13 02:03:07 - train: epoch 2, iter:110, loss: 1.2550, lr: 0.0009997557473810372
2026-01-13 02:03:12 - train: epoch 2, iter:120, loss: 1.2863, lr: 0.0009997557473810372
2026-01-13 02:03:18 - train: epoch 2, iter:130, loss: 1.5124, lr: 0.0009997557473810372
2026-01-13 02:03:22 - Finish one epoch train: epoch 2, loss: 1.3980, time(s): 76.40
2026-01-13 02:03:58 - [Fast Val] Epoch 2, Mean Loss: 1.3003, Time: 36.07s
2026-01-13 02:03:59 - train: epoch 3, iter:0, loss: 1.2045, lr: 0.0009990232305719946
2026-01-13 02:04:05 - train: epoch 3, iter:10, loss: 1.3289, lr: 0.0009990232305719946
2026-01-13 02:04:10 - train: epoch 3, iter:20, loss: 1.2281, lr: 0.0009990232305719946
2026-01-13 02:04:15 - train: epoch 3, iter:30, loss: 1.2533, lr: 0.0009990232305719946
2026-01-13 02:04:21 - train: epoch 3, iter:40, loss: 0.9177, lr: 0.0009990232305719946
2026-01-13 02:04:27 - train: epoch 3, iter:50, loss: 1.1365, lr: 0.0009990232305719946
2026-01-13 02:04:32 - train: epoch 3, iter:60, loss: 0.8859, lr: 0.0009990232305719946
2026-01-13 02:04:38 - train: epoch 3, iter:70, loss: 1.2185, lr: 0.0009990232305719946
2026-01-13 02:04:43 - train: epoch 3, iter:80, loss: 1.0160, lr: 0.0009990232305719946
2026-01-13 02:04:49 - train: epoch 3, iter:90, loss: 0.6465, lr: 0.0009990232305719946
2026-01-13 02:04:54 - train: epoch 3, iter:100, loss: 1.1556, lr: 0.0009990232305719946
2026-01-13 02:05:00 - train: epoch 3, iter:110, loss: 1.5290, lr: 0.0009990232305719946
2026-01-13 02:05:05 - train: epoch 3, iter:120, loss: 1.6090, lr: 0.0009990232305719946
2026-01-13 02:05:11 - train: epoch 3, iter:130, loss: 0.9139, lr: 0.0009990232305719946
2026-01-13 02:05:15 - Finish one epoch train: epoch 3, loss: 1.1097, time(s): 76.28
2026-01-13 02:05:50 - [Fast Val] Epoch 3, Mean Loss: 1.1642, Time: 35.38s
2026-01-13 02:05:51 - train: epoch 4, iter:0, loss: 1.2607, lr: 0.0009978031724785247
2026-01-13 02:05:56 - train: epoch 4, iter:10, loss: 0.7129, lr: 0.0009978031724785247
2026-01-13 02:06:02 - train: epoch 4, iter:20, loss: 1.1232, lr: 0.0009978031724785247
2026-01-13 02:06:07 - train: epoch 4, iter:30, loss: 1.1860, lr: 0.0009978031724785247
2026-01-13 02:06:13 - train: epoch 4, iter:40, loss: 0.7768, lr: 0.0009978031724785247
2026-01-13 02:06:18 - train: epoch 4, iter:50, loss: 0.8996, lr: 0.0009978031724785247
2026-01-13 02:06:24 - train: epoch 4, iter:60, loss: 0.8329, lr: 0.0009978031724785247
2026-01-13 02:06:29 - train: epoch 4, iter:70, loss: 0.8914, lr: 0.0009978031724785247
2026-01-13 02:06:35 - train: epoch 4, iter:80, loss: 1.2029, lr: 0.0009978031724785247
2026-01-13 02:06:40 - train: epoch 4, iter:90, loss: 0.7194, lr: 0.0009978031724785247
2026-01-13 02:06:45 - train: epoch 4, iter:100, loss: 0.6607, lr: 0.0009978031724785247
2026-01-13 02:06:51 - train: epoch 4, iter:110, loss: 1.0214, lr: 0.0009978031724785247
2026-01-13 02:06:56 - train: epoch 4, iter:120, loss: 0.8909, lr: 0.0009978031724785247
2026-01-13 02:07:02 - train: epoch 4, iter:130, loss: 0.6794, lr: 0.0009978031724785247
2026-01-13 02:07:06 - Finish one epoch train: epoch 4, loss: 0.9250, time(s): 74.92
2026-01-13 02:07:41 - [Fast Val] Epoch 4, Mean Loss: 0.8530, Time: 35.41s
2026-01-13 02:07:43 - train: epoch 5, iter:0, loss: 0.6060, lr: 0.0009960967771506667
2026-01-13 02:07:48 - train: epoch 5, iter:10, loss: 0.8737, lr: 0.0009960967771506667
2026-01-13 02:07:54 - train: epoch 5, iter:20, loss: 1.1071, lr: 0.0009960967771506667
2026-01-13 02:07:59 - train: epoch 5, iter:30, loss: 1.1989, lr: 0.0009960967771506667
2026-01-13 02:08:05 - train: epoch 5, iter:40, loss: 0.9521, lr: 0.0009960967771506667
2026-01-13 02:08:10 - train: epoch 5, iter:50, loss: 0.7521, lr: 0.0009960967771506667
2026-01-13 02:08:16 - train: epoch 5, iter:60, loss: 0.7134, lr: 0.0009960967771506667
2026-01-13 02:08:21 - train: epoch 5, iter:70, loss: 0.7004, lr: 0.0009960967771506667
2026-01-13 02:08:27 - train: epoch 5, iter:80, loss: 0.8216, lr: 0.0009960967771506667
2026-01-13 02:08:32 - train: epoch 5, iter:90, loss: 0.5766, lr: 0.0009960967771506667
2026-01-13 02:08:38 - train: epoch 5, iter:100, loss: 0.6356, lr: 0.0009960967771506667
2026-01-13 02:08:43 - train: epoch 5, iter:110, loss: 0.5905, lr: 0.0009960967771506667
2026-01-13 02:08:49 - train: epoch 5, iter:120, loss: 0.5243, lr: 0.0009960967771506667
2026-01-13 02:08:54 - train: epoch 5, iter:130, loss: 0.4854, lr: 0.0009960967771506667
2026-01-13 02:08:58 - Finish one epoch train: epoch 5, loss: 0.8013, time(s): 76.39
2026-01-13 02:09:34 - [Fast Val] Epoch 5, Mean Loss: 0.8160, Time: 35.72s
2026-01-13 02:09:35 - train: epoch 6, iter:0, loss: 0.6661, lr: 0.0009939057285945933
2026-01-13 02:09:41 - train: epoch 6, iter:10, loss: 0.9262, lr: 0.0009939057285945933
2026-01-13 02:09:47 - train: epoch 6, iter:20, loss: 0.8721, lr: 0.0009939057285945933
2026-01-13 02:09:52 - train: epoch 6, iter:30, loss: 0.7322, lr: 0.0009939057285945933
2026-01-13 02:09:58 - train: epoch 6, iter:40, loss: 0.6519, lr: 0.0009939057285945933
2026-01-13 02:10:04 - train: epoch 6, iter:50, loss: 0.5565, lr: 0.0009939057285945933
2026-01-13 02:10:09 - train: epoch 6, iter:60, loss: 0.7016, lr: 0.0009939057285945933
2026-01-13 02:10:15 - train: epoch 6, iter:70, loss: 0.8311, lr: 0.0009939057285945933
2026-01-13 02:10:20 - train: epoch 6, iter:80, loss: 0.6576, lr: 0.0009939057285945933
2026-01-13 02:10:26 - train: epoch 6, iter:90, loss: 0.7322, lr: 0.0009939057285945933
2026-01-13 02:10:31 - train: epoch 6, iter:100, loss: 0.7185, lr: 0.0009939057285945933
2026-01-13 02:10:37 - train: epoch 6, iter:110, loss: 0.5723, lr: 0.0009939057285945933
2026-01-13 02:10:42 - train: epoch 6, iter:120, loss: 0.7281, lr: 0.0009939057285945933
2026-01-13 02:10:48 - train: epoch 6, iter:130, loss: 0.6806, lr: 0.0009939057285945933
2026-01-13 02:10:52 - Finish one epoch train: epoch 6, loss: 0.6784, time(s): 76.98
2026-01-13 02:11:28 - [Fast Val] Epoch 6, Mean Loss: 0.8564, Time: 35.88s
2026-01-13 02:11:29 - train: epoch 7, iter:0, loss: 0.5432, lr: 0.0009912321891107012
2026-01-13 02:11:34 - train: epoch 7, iter:10, loss: 0.7969, lr: 0.0009912321891107012
2026-01-13 02:11:40 - train: epoch 7, iter:20, loss: 0.8135, lr: 0.0009912321891107012
2026-01-13 02:11:46 - train: epoch 7, iter:30, loss: 0.7031, lr: 0.0009912321891107012
2026-01-13 02:11:51 - train: epoch 7, iter:40, loss: 0.5855, lr: 0.0009912321891107012
2026-01-13 02:11:57 - train: epoch 7, iter:50, loss: 0.7727, lr: 0.0009912321891107012
2026-01-13 02:12:03 - train: epoch 7, iter:60, loss: 0.5179, lr: 0.0009912321891107012
2026-01-13 02:12:08 - train: epoch 7, iter:70, loss: 0.5834, lr: 0.0009912321891107012
2026-01-13 02:12:14 - train: epoch 7, iter:80, loss: 0.6969, lr: 0.0009912321891107012
2026-01-13 02:12:20 - train: epoch 7, iter:90, loss: 0.7569, lr: 0.0009912321891107012
2026-01-13 02:12:25 - train: epoch 7, iter:100, loss: 0.7666, lr: 0.0009912321891107012
2026-01-13 02:12:31 - train: epoch 7, iter:110, loss: 0.8291, lr: 0.0009912321891107012
2026-01-13 02:12:37 - train: epoch 7, iter:120, loss: 0.6742, lr: 0.0009912321891107012
2026-01-13 02:12:42 - train: epoch 7, iter:130, loss: 0.6316, lr: 0.0009912321891107012
2026-01-13 02:12:46 - Finish one epoch train: epoch 7, loss: 0.6793, time(s): 77.81
2026-01-13 02:13:22 - [Fast Val] Epoch 7, Mean Loss: 0.8241, Time: 35.76s
2026-01-13 02:13:23 - train: epoch 8, iter:0, loss: 0.7776, lr: 0.0009880787971596802
2026-01-13 02:13:29 - train: epoch 8, iter:10, loss: 0.5555, lr: 0.0009880787971596802
2026-01-13 02:13:34 - train: epoch 8, iter:20, loss: 0.5070, lr: 0.0009880787971596802
2026-01-13 02:13:40 - train: epoch 8, iter:30, loss: 0.5235, lr: 0.0009880787971596802
2026-01-13 02:13:45 - train: epoch 8, iter:40, loss: 0.6261, lr: 0.0009880787971596802
2026-01-13 02:13:50 - train: epoch 8, iter:50, loss: 0.6641, lr: 0.0009880787971596802
2026-01-13 02:13:56 - train: epoch 8, iter:60, loss: 0.4911, lr: 0.0009880787971596802
2026-01-13 02:14:01 - train: epoch 8, iter:70, loss: 0.6695, lr: 0.0009880787971596802
2026-01-13 02:14:07 - train: epoch 8, iter:80, loss: 0.4744, lr: 0.0009880787971596802
2026-01-13 02:14:12 - train: epoch 8, iter:90, loss: 0.4974, lr: 0.0009880787971596802
2026-01-13 02:14:18 - train: epoch 8, iter:100, loss: 0.7466, lr: 0.0009880787971596802
2026-01-13 02:14:23 - train: epoch 8, iter:110, loss: 0.7296, lr: 0.0009880787971596802
2026-01-13 02:14:29 - train: epoch 8, iter:120, loss: 0.7356, lr: 0.0009880787971596802
2026-01-13 02:14:34 - train: epoch 8, iter:130, loss: 0.7299, lr: 0.0009880787971596802
2026-01-13 02:14:38 - Finish one epoch train: epoch 8, loss: 0.6244, time(s): 75.97
2026-01-13 02:15:14 - [Fast Val] Epoch 8, Mean Loss: 0.7267, Time: 35.67s
2026-01-13 02:15:15 - train: epoch 9, iter:0, loss: 1.0817, lr: 0.0009844486647586726
2026-01-13 02:15:21 - train: epoch 9, iter:10, loss: 0.4883, lr: 0.0009844486647586726
2026-01-13 02:15:26 - train: epoch 9, iter:20, loss: 0.9973, lr: 0.0009844486647586726
2026-01-13 02:15:32 - train: epoch 9, iter:30, loss: 0.4265, lr: 0.0009844486647586726
2026-01-13 02:15:37 - train: epoch 9, iter:40, loss: 0.5812, lr: 0.0009844486647586726
2026-01-13 02:15:43 - train: epoch 9, iter:50, loss: 0.5311, lr: 0.0009844486647586726
2026-01-13 02:15:49 - train: epoch 9, iter:60, loss: 0.9007, lr: 0.0009844486647586726
2026-01-13 02:15:55 - train: epoch 9, iter:70, loss: 0.7331, lr: 0.0009844486647586726
2026-01-13 02:16:00 - train: epoch 9, iter:80, loss: 0.7897, lr: 0.0009844486647586726
2026-01-13 02:16:06 - train: epoch 9, iter:90, loss: 0.3865, lr: 0.0009844486647586726
2026-01-13 02:16:11 - train: epoch 9, iter:100, loss: 0.4603, lr: 0.0009844486647586726
2026-01-13 02:16:17 - train: epoch 9, iter:110, loss: 0.4564, lr: 0.0009844486647586726
2026-01-13 02:16:22 - train: epoch 9, iter:120, loss: 0.6011, lr: 0.0009844486647586726
2026-01-13 02:16:28 - train: epoch 9, iter:130, loss: 0.5681, lr: 0.0009844486647586726
2026-01-13 02:16:32 - Finish one epoch train: epoch 9, loss: 0.5805, time(s): 77.04
2026-01-13 02:17:07 - [Fast Val] Epoch 9, Mean Loss: 0.7391, Time: 35.59s
2026-01-13 02:17:09 - train: epoch 10, iter:0, loss: 0.4493, lr: 0.000980345374410087
2026-01-13 02:17:14 - train: epoch 10, iter:10, loss: 0.6369, lr: 0.000980345374410087
2026-01-13 02:17:20 - train: epoch 10, iter:20, loss: 0.7910, lr: 0.000980345374410087
2026-01-13 02:17:25 - train: epoch 10, iter:30, loss: 0.5641, lr: 0.000980345374410087
2026-01-13 02:17:31 - train: epoch 10, iter:40, loss: 0.5719, lr: 0.000980345374410087
2026-01-13 02:17:36 - train: epoch 10, iter:50, loss: 1.4647, lr: 0.000980345374410087
2026-01-13 02:17:41 - train: epoch 10, iter:60, loss: 0.3714, lr: 0.000980345374410087
2026-01-13 02:17:47 - train: epoch 10, iter:70, loss: 0.6088, lr: 0.000980345374410087
2026-01-13 02:17:53 - train: epoch 10, iter:80, loss: 0.3805, lr: 0.000980345374410087
2026-01-13 02:17:58 - train: epoch 10, iter:90, loss: 0.4766, lr: 0.000980345374410087
2026-01-13 02:18:04 - train: epoch 10, iter:100, loss: 0.7043, lr: 0.000980345374410087
2026-01-13 02:18:10 - train: epoch 10, iter:110, loss: 0.5220, lr: 0.000980345374410087
2026-01-13 02:18:16 - train: epoch 10, iter:120, loss: 0.5973, lr: 0.000980345374410087
2026-01-13 02:18:21 - train: epoch 10, iter:130, loss: 0.4640, lr: 0.000980345374410087
2026-01-13 02:18:25 - Finish one epoch train: epoch 10, loss: 0.5488, time(s): 77.35
2026-01-13 02:19:01 - [Fast Val] Epoch 10, Mean Loss: 0.6909, Time: 36.01s
2026-01-13 02:19:03 - train: epoch 11, iter:0, loss: 0.5300, lr: 0.0009757729755661012
2026-01-13 02:19:08 - train: epoch 11, iter:10, loss: 0.5100, lr: 0.0009757729755661012
2026-01-13 02:19:14 - train: epoch 11, iter:20, loss: 0.5263, lr: 0.0009757729755661012
2026-01-13 02:19:19 - train: epoch 11, iter:30, loss: 0.7012, lr: 0.0009757729755661012
2026-01-13 02:19:25 - train: epoch 11, iter:40, loss: 0.8153, lr: 0.0009757729755661012
2026-01-13 02:19:30 - train: epoch 11, iter:50, loss: 0.5731, lr: 0.0009757729755661012
2026-01-13 02:19:36 - train: epoch 11, iter:60, loss: 0.5545, lr: 0.0009757729755661012
2026-01-13 02:19:41 - train: epoch 11, iter:70, loss: 0.7572, lr: 0.0009757729755661012
2026-01-13 02:19:47 - train: epoch 11, iter:80, loss: 0.5092, lr: 0.0009757729755661012
2026-01-13 02:19:52 - train: epoch 11, iter:90, loss: 0.4203, lr: 0.0009757729755661012
2026-01-13 02:19:58 - train: epoch 11, iter:100, loss: 0.5915, lr: 0.0009757729755661012
2026-01-13 02:20:03 - train: epoch 11, iter:110, loss: 0.4731, lr: 0.0009757729755661012
2026-01-13 02:20:09 - train: epoch 11, iter:120, loss: 0.4578, lr: 0.0009757729755661012
2026-01-13 02:20:15 - train: epoch 11, iter:130, loss: 0.4635, lr: 0.0009757729755661012
2026-01-13 02:20:19 - Finish one epoch train: epoch 11, loss: 0.5641, time(s): 76.57
2026-01-13 02:20:54 - [Fast Val] Epoch 11, Mean Loss: 0.9486, Time: 35.60s
2026-01-13 02:20:55 - train: epoch 12, iter:0, loss: 0.6563, lr: 0.0009707359806323418
2026-01-13 02:21:01 - train: epoch 12, iter:10, loss: 0.5952, lr: 0.0009707359806323418
2026-01-13 02:21:06 - train: epoch 12, iter:20, loss: 0.7318, lr: 0.0009707359806323418
2026-01-13 02:21:12 - train: epoch 12, iter:30, loss: 0.6339, lr: 0.0009707359806323418
2026-01-13 02:21:17 - train: epoch 12, iter:40, loss: 0.3024, lr: 0.0009707359806323418
2026-01-13 02:21:22 - train: epoch 12, iter:50, loss: 0.5191, lr: 0.0009707359806323418
2026-01-13 02:21:28 - train: epoch 12, iter:60, loss: 0.4140, lr: 0.0009707359806323418
2026-01-13 02:21:34 - train: epoch 12, iter:70, loss: 0.4896, lr: 0.0009707359806323418
2026-01-13 02:21:39 - train: epoch 12, iter:80, loss: 0.6029, lr: 0.0009707359806323418
2026-01-13 02:21:45 - train: epoch 12, iter:90, loss: 0.4536, lr: 0.0009707359806323418
2026-01-13 02:21:50 - train: epoch 12, iter:100, loss: 0.3062, lr: 0.0009707359806323418
2026-01-13 02:21:56 - train: epoch 12, iter:110, loss: 0.9460, lr: 0.0009707359806323418
2026-01-13 02:22:01 - train: epoch 12, iter:120, loss: 0.5069, lr: 0.0009707359806323418
2026-01-13 02:22:07 - train: epoch 12, iter:130, loss: 0.5551, lr: 0.0009707359806323418
2026-01-13 02:22:11 - Finish one epoch train: epoch 12, loss: 0.5425, time(s): 76.08
2026-01-13 02:22:46 - [Fast Val] Epoch 12, Mean Loss: 0.6562, Time: 35.57s
2026-01-13 02:22:48 - train: epoch 13, iter:0, loss: 0.3329, lr: 0.0009652393605146846
2026-01-13 02:22:54 - train: epoch 13, iter:10, loss: 0.5082, lr: 0.0009652393605146846
2026-01-13 02:22:59 - train: epoch 13, iter:20, loss: 0.3766, lr: 0.0009652393605146846
2026-01-13 02:23:05 - train: epoch 13, iter:30, loss: 0.3788, lr: 0.0009652393605146846
2026-01-13 02:23:11 - train: epoch 13, iter:40, loss: 0.5455, lr: 0.0009652393605146846
2026-01-13 02:23:16 - train: epoch 13, iter:50, loss: 0.4077, lr: 0.0009652393605146846
2026-01-13 02:23:22 - train: epoch 13, iter:60, loss: 0.4531, lr: 0.0009652393605146846
2026-01-13 02:23:28 - train: epoch 13, iter:70, loss: 0.3807, lr: 0.0009652393605146846
2026-01-13 02:23:34 - train: epoch 13, iter:80, loss: 0.2912, lr: 0.0009652393605146846
2026-01-13 02:23:39 - train: epoch 13, iter:90, loss: 0.3414, lr: 0.0009652393605146846
2026-01-13 02:23:45 - train: epoch 13, iter:100, loss: 0.3243, lr: 0.0009652393605146846
2026-01-13 02:23:50 - train: epoch 13, iter:110, loss: 0.4298, lr: 0.0009652393605146846
2026-01-13 02:23:55 - train: epoch 13, iter:120, loss: 0.4631, lr: 0.0009652393605146846
2026-01-13 02:24:01 - train: epoch 13, iter:130, loss: 0.4929, lr: 0.0009652393605146846
2026-01-13 02:24:05 - Finish one epoch train: epoch 13, loss: 0.4575, time(s): 77.53
2026-01-13 02:24:41 - [Fast Val] Epoch 13, Mean Loss: 0.6328, Time: 35.86s
2026-01-13 02:24:42 - train: epoch 14, iter:0, loss: 0.3452, lr: 0.0009592885397135708
2026-01-13 02:24:48 - train: epoch 14, iter:10, loss: 0.4152, lr: 0.0009592885397135708
2026-01-13 02:24:53 - train: epoch 14, iter:20, loss: 0.5044, lr: 0.0009592885397135708
2026-01-13 02:24:59 - train: epoch 14, iter:30, loss: 0.3689, lr: 0.0009592885397135708
2026-01-13 02:25:04 - train: epoch 14, iter:40, loss: 0.4114, lr: 0.0009592885397135708
2026-01-13 02:25:10 - train: epoch 14, iter:50, loss: 0.4143, lr: 0.0009592885397135708
2026-01-13 02:25:15 - train: epoch 14, iter:60, loss: 0.3033, lr: 0.0009592885397135708
2026-01-13 02:25:21 - train: epoch 14, iter:70, loss: 0.3511, lr: 0.0009592885397135708
2026-01-13 02:25:26 - train: epoch 14, iter:80, loss: 0.5132, lr: 0.0009592885397135708
2026-01-13 02:25:32 - train: epoch 14, iter:90, loss: 0.4357, lr: 0.0009592885397135708
2026-01-13 02:25:37 - train: epoch 14, iter:100, loss: 0.3601, lr: 0.0009592885397135708
2026-01-13 02:25:43 - train: epoch 14, iter:110, loss: 0.6769, lr: 0.0009592885397135708
2026-01-13 02:25:48 - train: epoch 14, iter:120, loss: 0.7297, lr: 0.0009592885397135708
2026-01-13 02:25:54 - train: epoch 14, iter:130, loss: 0.8418, lr: 0.0009592885397135708
2026-01-13 02:25:58 - Finish one epoch train: epoch 14, loss: 0.4994, time(s): 76.39
2026-01-13 02:26:34 - [Fast Val] Epoch 14, Mean Loss: 0.6815, Time: 35.70s
2026-01-13 02:26:35 - train: epoch 15, iter:0, loss: 0.5788, lr: 0.0009528893909706799
2026-01-13 02:26:40 - train: epoch 15, iter:10, loss: 0.4603, lr: 0.0009528893909706799
2026-01-13 02:26:46 - train: epoch 15, iter:20, loss: 0.5597, lr: 0.0009528893909706799
2026-01-13 02:26:52 - train: epoch 15, iter:30, loss: 0.3789, lr: 0.0009528893909706799
2026-01-13 02:26:57 - train: epoch 15, iter:40, loss: 0.4982, lr: 0.0009528893909706799
2026-01-13 02:27:03 - train: epoch 15, iter:50, loss: 0.5238, lr: 0.0009528893909706799
2026-01-13 02:27:09 - train: epoch 15, iter:60, loss: 0.7553, lr: 0.0009528893909706799
2026-01-13 02:27:14 - train: epoch 15, iter:70, loss: 0.7336, lr: 0.0009528893909706799
2026-01-13 02:27:20 - train: epoch 15, iter:80, loss: 0.5133, lr: 0.0009528893909706799
2026-01-13 02:27:25 - train: epoch 15, iter:90, loss: 0.4884, lr: 0.0009528893909706799
2026-01-13 02:27:31 - train: epoch 15, iter:100, loss: 0.5546, lr: 0.0009528893909706799
2026-01-13 02:27:36 - train: epoch 15, iter:110, loss: 0.5232, lr: 0.0009528893909706799
2026-01-13 02:27:42 - train: epoch 15, iter:120, loss: 0.4218, lr: 0.0009528893909706799
2026-01-13 02:27:47 - train: epoch 15, iter:130, loss: 0.5526, lr: 0.0009528893909706799
2026-01-13 02:27:51 - Finish one epoch train: epoch 15, loss: 0.5452, time(s): 77.13
2026-01-13 02:28:27 - [Fast Val] Epoch 15, Mean Loss: 0.8714, Time: 35.82s
2026-01-13 02:28:28 - train: epoch 16, iter:0, loss: 0.5421, lr: 0.0009460482294732424
2026-01-13 02:28:34 - train: epoch 16, iter:10, loss: 0.5088, lr: 0.0009460482294732424
2026-01-13 02:28:39 - train: epoch 16, iter:20, loss: 0.5400, lr: 0.0009460482294732424
2026-01-13 02:28:45 - train: epoch 16, iter:30, loss: 0.3799, lr: 0.0009460482294732424
2026-01-13 02:28:50 - train: epoch 16, iter:40, loss: 0.4915, lr: 0.0009460482294732424
2026-01-13 02:28:56 - train: epoch 16, iter:50, loss: 0.7385, lr: 0.0009460482294732424
2026-01-13 02:29:02 - train: epoch 16, iter:60, loss: 0.5891, lr: 0.0009460482294732424
2026-01-13 02:29:07 - train: epoch 16, iter:70, loss: 0.6037, lr: 0.0009460482294732424
2026-01-13 02:29:13 - train: epoch 16, iter:80, loss: 0.5888, lr: 0.0009460482294732424
2026-01-13 02:29:18 - train: epoch 16, iter:90, loss: 0.5290, lr: 0.0009460482294732424
2026-01-13 02:29:24 - train: epoch 16, iter:100, loss: 0.6164, lr: 0.0009460482294732424
2026-01-13 02:29:30 - train: epoch 16, iter:110, loss: 0.5909, lr: 0.0009460482294732424
2026-01-13 02:29:35 - train: epoch 16, iter:120, loss: 0.7898, lr: 0.0009460482294732424
2026-01-13 02:29:41 - train: epoch 16, iter:130, loss: 0.5463, lr: 0.0009460482294732424
2026-01-13 02:29:45 - Finish one epoch train: epoch 16, loss: 0.5997, time(s): 77.18
2026-01-13 02:30:20 - [Fast Val] Epoch 16, Mean Loss: 0.7276, Time: 35.28s
2026-01-13 02:30:22 - train: epoch 17, iter:0, loss: 0.5899, lr: 0.0009387718066217127
2026-01-13 02:30:27 - train: epoch 17, iter:10, loss: 0.4643, lr: 0.0009387718066217127
2026-01-13 02:30:33 - train: epoch 17, iter:20, loss: 0.4347, lr: 0.0009387718066217127
2026-01-13 02:30:38 - train: epoch 17, iter:30, loss: 0.5117, lr: 0.0009387718066217127
2026-01-13 02:30:44 - train: epoch 17, iter:40, loss: 0.4414, lr: 0.0009387718066217127
2026-01-13 02:30:49 - train: epoch 17, iter:50, loss: 0.6706, lr: 0.0009387718066217127
2026-01-13 02:30:55 - train: epoch 17, iter:60, loss: 0.5103, lr: 0.0009387718066217127
2026-01-13 02:31:00 - train: epoch 17, iter:70, loss: 0.4163, lr: 0.0009387718066217127
2026-01-13 02:31:05 - train: epoch 17, iter:80, loss: 0.2928, lr: 0.0009387718066217127
2026-01-13 02:31:11 - train: epoch 17, iter:90, loss: 0.3552, lr: 0.0009387718066217127
2026-01-13 02:31:17 - train: epoch 17, iter:100, loss: 0.6294, lr: 0.0009387718066217127
2026-01-13 02:31:22 - train: epoch 17, iter:110, loss: 0.5593, lr: 0.0009387718066217127
2026-01-13 02:31:28 - train: epoch 17, iter:120, loss: 0.6698, lr: 0.0009387718066217127
2026-01-13 02:31:34 - train: epoch 17, iter:130, loss: 0.3219, lr: 0.0009387718066217127
2026-01-13 02:31:38 - Finish one epoch train: epoch 17, loss: 0.4943, time(s): 76.49
2026-01-13 02:32:13 - [Fast Val] Epoch 17, Mean Loss: 0.6384, Time: 35.87s
2026-01-13 02:32:15 - train: epoch 18, iter:0, loss: 0.3211, lr: 0.0009310673033669524
2026-01-13 02:32:20 - train: epoch 18, iter:10, loss: 0.3557, lr: 0.0009310673033669524
2026-01-13 02:32:25 - train: epoch 18, iter:20, loss: 0.6663, lr: 0.0009310673033669524
2026-01-13 02:32:31 - train: epoch 18, iter:30, loss: 0.5061, lr: 0.0009310673033669524
2026-01-13 02:32:36 - train: epoch 18, iter:40, loss: 0.3692, lr: 0.0009310673033669524
2026-01-13 02:32:42 - train: epoch 18, iter:50, loss: 0.3592, lr: 0.0009310673033669524
2026-01-13 02:32:47 - train: epoch 18, iter:60, loss: 0.6473, lr: 0.0009310673033669524
2026-01-13 02:32:53 - train: epoch 18, iter:70, loss: 0.7989, lr: 0.0009310673033669524
2026-01-13 02:32:58 - train: epoch 18, iter:80, loss: 0.4666, lr: 0.0009310673033669524
2026-01-13 02:33:04 - train: epoch 18, iter:90, loss: 0.4721, lr: 0.0009310673033669524
2026-01-13 02:33:09 - train: epoch 18, iter:100, loss: 0.3500, lr: 0.0009310673033669524
2026-01-13 02:33:15 - train: epoch 18, iter:110, loss: 0.4675, lr: 0.0009310673033669524
2026-01-13 02:33:20 - train: epoch 18, iter:120, loss: 0.5668, lr: 0.0009310673033669524
2026-01-13 02:33:26 - train: epoch 18, iter:130, loss: 0.5052, lr: 0.0009310673033669524
2026-01-13 02:33:30 - Finish one epoch train: epoch 18, loss: 0.5197, time(s): 75.79
2026-01-13 02:34:05 - [Fast Val] Epoch 18, Mean Loss: 0.6531, Time: 35.68s
2026-01-13 02:34:07 - train: epoch 19, iter:0, loss: 0.3797, lr: 0.0009229423231234977
2026-01-13 02:34:12 - train: epoch 19, iter:10, loss: 0.5993, lr: 0.0009229423231234977
2026-01-13 02:34:18 - train: epoch 19, iter:20, loss: 0.5572, lr: 0.0009229423231234977
2026-01-13 02:34:23 - train: epoch 19, iter:30, loss: 0.6118, lr: 0.0009229423231234977
2026-01-13 02:34:29 - train: epoch 19, iter:40, loss: 0.5187, lr: 0.0009229423231234977
2026-01-13 02:34:35 - train: epoch 19, iter:50, loss: 0.4793, lr: 0.0009229423231234977
2026-01-13 02:34:40 - train: epoch 19, iter:60, loss: 0.4083, lr: 0.0009229423231234977
2026-01-13 02:34:46 - train: epoch 19, iter:70, loss: 0.3759, lr: 0.0009229423231234977
2026-01-13 02:34:51 - train: epoch 19, iter:80, loss: 0.3431, lr: 0.0009229423231234977
2026-01-13 02:34:57 - train: epoch 19, iter:90, loss: 0.5262, lr: 0.0009229423231234977
2026-01-13 02:35:02 - train: epoch 19, iter:100, loss: 0.4234, lr: 0.0009229423231234977
2026-01-13 02:35:08 - train: epoch 19, iter:110, loss: 0.3906, lr: 0.0009229423231234977
2026-01-13 02:35:13 - train: epoch 19, iter:120, loss: 0.2981, lr: 0.0009229423231234977
2026-01-13 02:35:19 - train: epoch 19, iter:130, loss: 0.6788, lr: 0.0009229423231234977
2026-01-13 02:35:23 - Finish one epoch train: epoch 19, loss: 0.4573, time(s): 76.95
2026-01-13 02:35:59 - [Fast Val] Epoch 19, Mean Loss: 0.6419, Time: 35.58s
2026-01-13 02:36:00 - train: epoch 20, iter:0, loss: 0.5111, lr: 0.0009144048842659084
2026-01-13 02:36:05 - train: epoch 20, iter:10, loss: 0.2701, lr: 0.0009144048842659084
2026-01-13 02:36:11 - train: epoch 20, iter:20, loss: 0.3533, lr: 0.0009144048842659084
2026-01-13 02:36:16 - train: epoch 20, iter:30, loss: 0.2652, lr: 0.0009144048842659084
2026-01-13 02:36:22 - train: epoch 20, iter:40, loss: 0.2824, lr: 0.0009144048842659084
2026-01-13 02:36:27 - train: epoch 20, iter:50, loss: 0.3653, lr: 0.0009144048842659084
2026-01-13 02:36:33 - train: epoch 20, iter:60, loss: 0.3172, lr: 0.0009144048842659084
2026-01-13 02:36:38 - train: epoch 20, iter:70, loss: 0.3721, lr: 0.0009144048842659084
2026-01-13 02:36:44 - train: epoch 20, iter:80, loss: 0.3368, lr: 0.0009144048842659084
2026-01-13 02:36:49 - train: epoch 20, iter:90, loss: 0.4220, lr: 0.0009144048842659084
2026-01-13 02:36:55 - train: epoch 20, iter:100, loss: 0.2513, lr: 0.0009144048842659084
2026-01-13 02:37:01 - train: epoch 20, iter:110, loss: 0.3392, lr: 0.0009144048842659084
2026-01-13 02:37:06 - train: epoch 20, iter:120, loss: 0.3308, lr: 0.0009144048842659084
2026-01-13 02:37:12 - train: epoch 20, iter:130, loss: 0.3915, lr: 0.0009144048842659084
2026-01-13 02:37:16 - Finish one epoch train: epoch 20, loss: 0.3939, time(s): 76.57
2026-01-13 02:37:52 - [Fast Val] Epoch 20, Mean Loss: 0.6247, Time: 36.17s
2026-01-13 02:37:53 - train: epoch 21, iter:0, loss: 0.3369, lr: 0.0009054634122155993
2026-01-13 02:37:59 - train: epoch 21, iter:10, loss: 0.3259, lr: 0.0009054634122155993
2026-01-13 02:38:05 - train: epoch 21, iter:20, loss: 0.2194, lr: 0.0009054634122155993
2026-01-13 02:38:10 - train: epoch 21, iter:30, loss: 0.6594, lr: 0.0009054634122155993
2026-01-13 02:38:16 - train: epoch 21, iter:40, loss: 0.3126, lr: 0.0009054634122155993
2026-01-13 02:38:21 - train: epoch 21, iter:50, loss: 0.2884, lr: 0.0009054634122155993
2026-01-13 02:38:27 - train: epoch 21, iter:60, loss: 0.5469, lr: 0.0009054634122155993
2026-01-13 02:38:32 - train: epoch 21, iter:70, loss: 0.3860, lr: 0.0009054634122155993
2026-01-13 02:38:38 - train: epoch 21, iter:80, loss: 0.2866, lr: 0.0009054634122155993
2026-01-13 02:38:43 - train: epoch 21, iter:90, loss: 0.3170, lr: 0.0009054634122155993
2026-01-13 02:38:49 - train: epoch 21, iter:100, loss: 0.2992, lr: 0.0009054634122155993
2026-01-13 02:38:55 - train: epoch 21, iter:110, loss: 0.4925, lr: 0.0009054634122155993
2026-01-13 02:39:00 - train: epoch 21, iter:120, loss: 0.4289, lr: 0.0009054634122155993
2026-01-13 02:39:06 - train: epoch 21, iter:130, loss: 0.4235, lr: 0.0009054634122155993
2026-01-13 02:39:10 - Finish one epoch train: epoch 21, loss: 0.3746, time(s): 77.13
2026-01-13 02:39:46 - [Fast Val] Epoch 21, Mean Loss: 0.6328, Time: 36.01s
2026-01-13 02:39:47 - train: epoch 22, iter:0, loss: 0.3470, lr: 0.000896126731125967
2026-01-13 02:39:52 - train: epoch 22, iter:10, loss: 0.3187, lr: 0.000896126731125967
2026-01-13 02:39:58 - train: epoch 22, iter:20, loss: 0.3415, lr: 0.000896126731125967
2026-01-13 02:40:03 - train: epoch 22, iter:30, loss: 0.3245, lr: 0.000896126731125967
2026-01-13 02:40:09 - train: epoch 22, iter:40, loss: 0.5951, lr: 0.000896126731125967
2026-01-13 02:40:15 - train: epoch 22, iter:50, loss: 0.3529, lr: 0.000896126731125967
2026-01-13 02:40:20 - train: epoch 22, iter:60, loss: 0.4083, lr: 0.000896126731125967
2026-01-13 02:40:26 - train: epoch 22, iter:70, loss: 0.3537, lr: 0.000896126731125967
2026-01-13 02:40:31 - train: epoch 22, iter:80, loss: 0.9267, lr: 0.000896126731125967
2026-01-13 02:40:37 - train: epoch 22, iter:90, loss: 0.4247, lr: 0.000896126731125967
2026-01-13 02:40:42 - train: epoch 22, iter:100, loss: 0.4739, lr: 0.000896126731125967
2026-01-13 02:40:48 - train: epoch 22, iter:110, loss: 0.3135, lr: 0.000896126731125967
2026-01-13 02:40:53 - train: epoch 22, iter:120, loss: 0.3695, lr: 0.000896126731125967
2026-01-13 02:40:59 - train: epoch 22, iter:130, loss: 0.3845, lr: 0.000896126731125967
2026-01-13 02:41:03 - Finish one epoch train: epoch 22, loss: 0.3949, time(s): 76.26
2026-01-13 02:41:39 - [Fast Val] Epoch 22, Mean Loss: 0.6333, Time: 36.00s
2026-01-13 02:41:40 - train: epoch 23, iter:0, loss: 0.2726, lr: 0.000886404055174016
2026-01-13 02:41:45 - train: epoch 23, iter:10, loss: 0.2888, lr: 0.000886404055174016
2026-01-13 02:41:51 - train: epoch 23, iter:20, loss: 0.3482, lr: 0.000886404055174016
2026-01-13 02:41:57 - train: epoch 23, iter:30, loss: 0.2754, lr: 0.000886404055174016
2026-01-13 02:42:02 - train: epoch 23, iter:40, loss: 0.8064, lr: 0.000886404055174016
2026-01-13 02:42:07 - train: epoch 23, iter:50, loss: 0.4272, lr: 0.000886404055174016
2026-01-13 02:42:13 - train: epoch 23, iter:60, loss: 0.2599, lr: 0.000886404055174016
2026-01-13 02:42:19 - train: epoch 23, iter:70, loss: 0.2251, lr: 0.000886404055174016
2026-01-13 02:42:24 - train: epoch 23, iter:80, loss: 0.4059, lr: 0.000886404055174016
2026-01-13 02:42:30 - train: epoch 23, iter:90, loss: 0.4838, lr: 0.000886404055174016
2026-01-13 02:42:36 - train: epoch 23, iter:100, loss: 0.5390, lr: 0.000886404055174016
2026-01-13 02:42:41 - train: epoch 23, iter:110, loss: 0.5071, lr: 0.000886404055174016
2026-01-13 02:42:47 - train: epoch 23, iter:120, loss: 0.3530, lr: 0.000886404055174016
2026-01-13 02:42:52 - train: epoch 23, iter:130, loss: 0.5718, lr: 0.000886404055174016
2026-01-13 02:42:56 - Finish one epoch train: epoch 23, loss: 0.3810, time(s): 77.27
2026-01-13 02:43:32 - [Fast Val] Epoch 23, Mean Loss: 0.6367, Time: 35.65s
2026-01-13 02:43:33 - train: epoch 24, iter:0, loss: 0.6871, lr: 0.0008763049794670778
2026-01-13 02:43:39 - train: epoch 24, iter:10, loss: 0.7439, lr: 0.0008763049794670778
2026-01-13 02:43:44 - train: epoch 24, iter:20, loss: 0.5482, lr: 0.0008763049794670778
2026-01-13 02:43:50 - train: epoch 24, iter:30, loss: 0.4697, lr: 0.0008763049794670778
2026-01-13 02:43:56 - train: epoch 24, iter:40, loss: 0.5525, lr: 0.0008763049794670778
2026-01-13 02:44:01 - train: epoch 24, iter:50, loss: 0.4222, lr: 0.0008763049794670778
2026-01-13 02:44:07 - train: epoch 24, iter:60, loss: 0.4693, lr: 0.0008763049794670778
2026-01-13 02:44:12 - train: epoch 24, iter:70, loss: 0.8016, lr: 0.0008763049794670778
2026-01-13 02:44:18 - train: epoch 24, iter:80, loss: 1.6521, lr: 0.0008763049794670778
2026-01-13 02:44:23 - train: epoch 24, iter:90, loss: 0.3273, lr: 0.0008763049794670778
2026-01-13 02:44:29 - train: epoch 24, iter:100, loss: 0.5896, lr: 0.0008763049794670778
2026-01-13 02:44:34 - train: epoch 24, iter:110, loss: 0.3653, lr: 0.0008763049794670778
2026-01-13 02:44:40 - train: epoch 24, iter:120, loss: 0.2658, lr: 0.0008763049794670778
2026-01-13 02:44:45 - train: epoch 24, iter:130, loss: 0.3933, lr: 0.0008763049794670778
2026-01-13 02:44:50 - Finish one epoch train: epoch 24, loss: 0.4907, time(s): 77.00
2026-01-13 02:45:25 - [Fast Val] Epoch 24, Mean Loss: 0.6016, Time: 35.70s
2026-01-13 02:45:27 - train: epoch 25, iter:0, loss: 0.7259, lr: 0.000865839470573599
2026-01-13 02:45:32 - train: epoch 25, iter:10, loss: 0.2974, lr: 0.000865839470573599
2026-01-13 02:45:38 - train: epoch 25, iter:20, loss: 0.4560, lr: 0.000865839470573599
2026-01-13 02:45:43 - train: epoch 25, iter:30, loss: 0.9145, lr: 0.000865839470573599
2026-01-13 02:45:48 - train: epoch 25, iter:40, loss: 0.2492, lr: 0.000865839470573599
2026-01-13 02:45:54 - train: epoch 25, iter:50, loss: 0.3248, lr: 0.000865839470573599
2026-01-13 02:46:00 - train: epoch 25, iter:60, loss: 0.2401, lr: 0.000865839470573599
2026-01-13 02:46:06 - train: epoch 25, iter:70, loss: 0.3477, lr: 0.000865839470573599
2026-01-13 02:46:11 - train: epoch 25, iter:80, loss: 0.6140, lr: 0.000865839470573599
2026-01-13 02:46:17 - train: epoch 25, iter:90, loss: 0.3279, lr: 0.000865839470573599
2026-01-13 02:46:23 - train: epoch 25, iter:100, loss: 0.5110, lr: 0.000865839470573599
2026-01-13 02:46:28 - train: epoch 25, iter:110, loss: 0.2564, lr: 0.000865839470573599
2026-01-13 02:46:34 - train: epoch 25, iter:120, loss: 0.5594, lr: 0.000865839470573599
2026-01-13 02:46:39 - train: epoch 25, iter:130, loss: 0.3642, lr: 0.000865839470573599
2026-01-13 02:46:43 - Finish one epoch train: epoch 25, loss: 0.4673, time(s): 77.31
2026-01-13 02:47:19 - [Fast Val] Epoch 25, Mean Loss: 0.5840, Time: 35.61s
2026-01-13 02:47:20 - train: epoch 26, iter:0, loss: 0.2617, lr: 0.0008550178566873413
2026-01-13 02:47:26 - train: epoch 26, iter:10, loss: 0.3130, lr: 0.0008550178566873413
2026-01-13 02:47:31 - train: epoch 26, iter:20, loss: 0.4018, lr: 0.0008550178566873413
2026-01-13 02:47:37 - train: epoch 26, iter:30, loss: 0.4633, lr: 0.0008550178566873413
2026-01-13 02:47:43 - train: epoch 26, iter:40, loss: 0.2607, lr: 0.0008550178566873413
2026-01-13 02:47:48 - train: epoch 26, iter:50, loss: 0.3147, lr: 0.0008550178566873413
2026-01-13 02:47:53 - train: epoch 26, iter:60, loss: 0.5482, lr: 0.0008550178566873413
2026-01-13 02:47:59 - train: epoch 26, iter:70, loss: 0.4767, lr: 0.0008550178566873413
2026-01-13 02:48:05 - train: epoch 26, iter:80, loss: 0.2465, lr: 0.0008550178566873413
2026-01-13 02:48:10 - train: epoch 26, iter:90, loss: 0.3002, lr: 0.0008550178566873413
2026-01-13 02:48:16 - train: epoch 26, iter:100, loss: 0.5364, lr: 0.0008550178566873413
2026-01-13 02:48:21 - train: epoch 26, iter:110, loss: 0.2604, lr: 0.0008550178566873413
2026-01-13 02:48:26 - train: epoch 26, iter:120, loss: 0.2804, lr: 0.0008550178566873413
2026-01-13 02:48:32 - train: epoch 26, iter:130, loss: 0.6343, lr: 0.0008550178566873413
2026-01-13 02:48:36 - Finish one epoch train: epoch 26, loss: 0.3944, time(s): 76.13
2026-01-13 02:49:11 - [Fast Val] Epoch 26, Mean Loss: 0.5136, Time: 35.49s
2026-01-13 02:49:13 - train: epoch 27, iter:0, loss: 0.2058, lr: 0.0008438508174347012
2026-01-13 02:49:18 - train: epoch 27, iter:10, loss: 0.3863, lr: 0.0008438508174347012
2026-01-13 02:49:24 - train: epoch 27, iter:20, loss: 0.3937, lr: 0.0008438508174347012
2026-01-13 02:49:29 - train: epoch 27, iter:30, loss: 0.2547, lr: 0.0008438508174347012
2026-01-13 02:49:35 - train: epoch 27, iter:40, loss: 0.2368, lr: 0.0008438508174347012
2026-01-13 02:49:40 - train: epoch 27, iter:50, loss: 0.2097, lr: 0.0008438508174347012
2026-01-13 02:49:46 - train: epoch 27, iter:60, loss: 0.3623, lr: 0.0008438508174347012
2026-01-13 02:49:52 - train: epoch 27, iter:70, loss: 0.3134, lr: 0.0008438508174347012
2026-01-13 02:49:57 - train: epoch 27, iter:80, loss: 0.2952, lr: 0.0008438508174347012
2026-01-13 02:50:03 - train: epoch 27, iter:90, loss: 0.3479, lr: 0.0008438508174347012
2026-01-13 02:50:08 - train: epoch 27, iter:100, loss: 0.2699, lr: 0.0008438508174347012
2026-01-13 02:50:14 - train: epoch 27, iter:110, loss: 0.2698, lr: 0.0008438508174347012
2026-01-13 02:50:19 - train: epoch 27, iter:120, loss: 0.5297, lr: 0.0008438508174347012
2026-01-13 02:50:25 - train: epoch 27, iter:130, loss: 0.2655, lr: 0.0008438508174347012
2026-01-13 02:50:29 - Finish one epoch train: epoch 27, loss: 0.3811, time(s): 76.78
2026-01-13 02:51:05 - [Fast Val] Epoch 27, Mean Loss: 0.6338, Time: 35.67s
2026-01-13 02:51:06 - train: epoch 28, iter:0, loss: 0.2108, lr: 0.000832349373335208
2026-01-13 02:51:11 - train: epoch 28, iter:10, loss: 0.2238, lr: 0.000832349373335208
2026-01-13 02:51:17 - train: epoch 28, iter:20, loss: 0.3599, lr: 0.000832349373335208
2026-01-13 02:51:23 - train: epoch 28, iter:30, loss: 0.8333, lr: 0.000832349373335208
2026-01-13 02:51:28 - train: epoch 28, iter:40, loss: 0.4057, lr: 0.000832349373335208
2026-01-13 02:51:34 - train: epoch 28, iter:50, loss: 0.4205, lr: 0.000832349373335208
2026-01-13 02:51:39 - train: epoch 28, iter:60, loss: 0.3277, lr: 0.000832349373335208
2026-01-13 02:51:45 - train: epoch 28, iter:70, loss: 0.2452, lr: 0.000832349373335208
2026-01-13 02:51:50 - train: epoch 28, iter:80, loss: 0.1804, lr: 0.000832349373335208
2026-01-13 02:51:56 - train: epoch 28, iter:90, loss: 0.3218, lr: 0.000832349373335208
2026-01-13 02:52:01 - train: epoch 28, iter:100, loss: 0.3293, lr: 0.000832349373335208
2026-01-13 02:52:07 - train: epoch 28, iter:110, loss: 0.3167, lr: 0.000832349373335208
2026-01-13 02:52:12 - train: epoch 28, iter:120, loss: 0.4539, lr: 0.000832349373335208
2026-01-13 02:52:18 - train: epoch 28, iter:130, loss: 0.2668, lr: 0.000832349373335208
2026-01-13 02:52:22 - Finish one epoch train: epoch 28, loss: 0.3438, time(s): 76.31
2026-01-13 02:52:57 - [Fast Val] Epoch 28, Mean Loss: 0.5303, Time: 35.54s
2026-01-13 02:52:58 - train: epoch 29, iter:0, loss: 0.4380, lr: 0.0008205248749256018
2026-01-13 02:53:04 - train: epoch 29, iter:10, loss: 0.2896, lr: 0.0008205248749256018
2026-01-13 02:53:09 - train: epoch 29, iter:20, loss: 0.4374, lr: 0.0008205248749256018
2026-01-13 02:53:15 - train: epoch 29, iter:30, loss: 0.2672, lr: 0.0008205248749256018
2026-01-13 02:53:20 - train: epoch 29, iter:40, loss: 0.2825, lr: 0.0008205248749256018
2026-01-13 02:53:26 - train: epoch 29, iter:50, loss: 0.2566, lr: 0.0008205248749256018
2026-01-13 02:53:31 - train: epoch 29, iter:60, loss: 0.2489, lr: 0.0008205248749256018
2026-01-13 02:53:37 - train: epoch 29, iter:70, loss: 0.2762, lr: 0.0008205248749256018
2026-01-13 02:53:42 - train: epoch 29, iter:80, loss: 0.2410, lr: 0.0008205248749256018
2026-01-13 02:53:47 - train: epoch 29, iter:90, loss: 0.1729, lr: 0.0008205248749256018
2026-01-13 02:53:53 - train: epoch 29, iter:100, loss: 0.4736, lr: 0.0008205248749256018
2026-01-13 02:53:58 - train: epoch 29, iter:110, loss: 0.4470, lr: 0.0008205248749256018
2026-01-13 02:54:04 - train: epoch 29, iter:120, loss: 0.2947, lr: 0.0008205248749256018
2026-01-13 02:54:09 - train: epoch 29, iter:130, loss: 0.4854, lr: 0.0008205248749256018
2026-01-13 02:54:13 - Finish one epoch train: epoch 29, loss: 0.3288, time(s): 75.62
2026-01-13 02:54:49 - [Fast Val] Epoch 29, Mean Loss: 0.7700, Time: 35.97s
2026-01-13 02:54:51 - train: epoch 30, iter:0, loss: 0.2502, lr: 0.0008083889915582238
2026-01-13 02:54:56 - train: epoch 30, iter:10, loss: 0.3015, lr: 0.0008083889915582238
2026-01-13 02:55:02 - train: epoch 30, iter:20, loss: 0.2134, lr: 0.0008083889915582238
2026-01-13 02:55:07 - train: epoch 30, iter:30, loss: 0.5452, lr: 0.0008083889915582238
2026-01-13 02:55:13 - train: epoch 30, iter:40, loss: 0.4007, lr: 0.0008083889915582238
2026-01-13 02:55:18 - train: epoch 30, iter:50, loss: 0.3087, lr: 0.0008083889915582238
2026-01-13 02:55:23 - train: epoch 30, iter:60, loss: 0.3710, lr: 0.0008083889915582238
2026-01-13 02:55:29 - train: epoch 30, iter:70, loss: 0.4905, lr: 0.0008083889915582238
2026-01-13 02:55:34 - train: epoch 30, iter:80, loss: 0.3132, lr: 0.0008083889915582238
2026-01-13 02:55:40 - train: epoch 30, iter:90, loss: 0.2748, lr: 0.0008083889915582238
2026-01-13 02:55:46 - train: epoch 30, iter:100, loss: 0.4282, lr: 0.0008083889915582238
2026-01-13 02:55:51 - train: epoch 30, iter:110, loss: 0.2433, lr: 0.0008083889915582238
2026-01-13 02:55:57 - train: epoch 30, iter:120, loss: 0.3074, lr: 0.0008083889915582238
2026-01-13 02:56:02 - train: epoch 30, iter:130, loss: 0.4906, lr: 0.0008083889915582238
2026-01-13 02:56:06 - Finish one epoch train: epoch 30, loss: 0.3378, time(s): 76.13
2026-01-13 02:56:42 - [Fast Val] Epoch 30, Mean Loss: 0.6850, Time: 35.53s
2026-01-13 02:56:43 - train: epoch 31, iter:0, loss: 0.3252, lr: 0.0007959536998847747
2026-01-13 02:56:49 - train: epoch 31, iter:10, loss: 0.2736, lr: 0.0007959536998847747
2026-01-13 02:56:54 - train: epoch 31, iter:20, loss: 0.3063, lr: 0.0007959536998847747
2026-01-13 02:57:00 - train: epoch 31, iter:30, loss: 0.1805, lr: 0.0007959536998847747
2026-01-13 02:57:06 - train: epoch 31, iter:40, loss: 0.2262, lr: 0.0007959536998847747
2026-01-13 02:57:11 - train: epoch 31, iter:50, loss: 0.2106, lr: 0.0007959536998847747
2026-01-13 02:57:17 - train: epoch 31, iter:60, loss: 0.2273, lr: 0.0007959536998847747
2026-01-13 02:57:22 - train: epoch 31, iter:70, loss: 0.2248, lr: 0.0007959536998847747
2026-01-13 02:57:28 - train: epoch 31, iter:80, loss: 0.2635, lr: 0.0007959536998847747
2026-01-13 02:57:34 - train: epoch 31, iter:90, loss: 0.2148, lr: 0.0007959536998847747
2026-01-13 02:57:39 - train: epoch 31, iter:100, loss: 0.2409, lr: 0.0007959536998847747
2026-01-13 02:57:45 - train: epoch 31, iter:110, loss: 0.1941, lr: 0.0007959536998847747
2026-01-13 02:57:50 - train: epoch 31, iter:120, loss: 0.5109, lr: 0.0007959536998847747
2026-01-13 02:57:56 - train: epoch 31, iter:130, loss: 0.3762, lr: 0.0007959536998847747
2026-01-13 02:58:00 - Finish one epoch train: epoch 31, loss: 0.3218, time(s): 77.17
2026-01-13 02:58:36 - [Fast Val] Epoch 31, Mean Loss: 0.5582, Time: 36.26s
2026-01-13 02:58:37 - train: epoch 32, iter:0, loss: 0.2279, lr: 0.0007832312720368051
2026-01-13 02:58:43 - train: epoch 32, iter:10, loss: 0.3833, lr: 0.0007832312720368051
2026-01-13 02:58:48 - train: epoch 32, iter:20, loss: 0.2750, lr: 0.0007832312720368051
2026-01-13 02:58:54 - train: epoch 32, iter:30, loss: 0.2507, lr: 0.0007832312720368051
2026-01-13 02:59:00 - train: epoch 32, iter:40, loss: 0.2884, lr: 0.0007832312720368051
2026-01-13 02:59:05 - train: epoch 32, iter:50, loss: 0.2943, lr: 0.0007832312720368051
2026-01-13 02:59:10 - train: epoch 32, iter:60, loss: 0.2678, lr: 0.0007832312720368051
2026-01-13 02:59:16 - train: epoch 32, iter:70, loss: 0.2748, lr: 0.0007832312720368051
2026-01-13 02:59:21 - train: epoch 32, iter:80, loss: 0.7241, lr: 0.0007832312720368051
2026-01-13 02:59:27 - train: epoch 32, iter:90, loss: 0.2235, lr: 0.0007832312720368051
2026-01-13 02:59:32 - train: epoch 32, iter:100, loss: 0.2380, lr: 0.0007832312720368051
2026-01-13 02:59:38 - train: epoch 32, iter:110, loss: 0.3782, lr: 0.0007832312720368051
2026-01-13 02:59:43 - train: epoch 32, iter:120, loss: 0.5360, lr: 0.0007832312720368051
2026-01-13 02:59:49 - train: epoch 32, iter:130, loss: 0.2573, lr: 0.0007832312720368051
2026-01-13 02:59:53 - Finish one epoch train: epoch 32, loss: 0.3158, time(s): 76.72
2026-01-13 03:00:29 - [Fast Val] Epoch 32, Mean Loss: 0.5041, Time: 35.67s
2026-01-13 03:00:30 - train: epoch 33, iter:0, loss: 0.5574, lr: 0.0007702342635146037
2026-01-13 03:00:36 - train: epoch 33, iter:10, loss: 0.1891, lr: 0.0007702342635146037
2026-01-13 03:00:41 - train: epoch 33, iter:20, loss: 0.1544, lr: 0.0007702342635146037
2026-01-13 03:00:46 - train: epoch 33, iter:30, loss: 0.2332, lr: 0.0007702342635146037
2026-01-13 03:00:52 - train: epoch 33, iter:40, loss: 0.2168, lr: 0.0007702342635146037
2026-01-13 03:00:57 - train: epoch 33, iter:50, loss: 0.4222, lr: 0.0007702342635146037
2026-01-13 03:01:03 - train: epoch 33, iter:60, loss: 0.3400, lr: 0.0007702342635146037
2026-01-13 03:01:08 - train: epoch 33, iter:70, loss: 0.5119, lr: 0.0007702342635146037
2026-01-13 03:01:14 - train: epoch 33, iter:80, loss: 0.5031, lr: 0.0007702342635146037
2026-01-13 03:01:19 - train: epoch 33, iter:90, loss: 0.3554, lr: 0.0007702342635146037
2026-01-13 03:01:25 - train: epoch 33, iter:100, loss: 0.4099, lr: 0.0007702342635146037
2026-01-13 03:01:30 - train: epoch 33, iter:110, loss: 0.2585, lr: 0.0007702342635146037
2026-01-13 03:01:35 - train: epoch 33, iter:120, loss: 0.1952, lr: 0.0007702342635146037
2026-01-13 03:01:41 - train: epoch 33, iter:130, loss: 0.2142, lr: 0.0007702342635146037
2026-01-13 03:01:45 - Finish one epoch train: epoch 33, loss: 0.3118, time(s): 75.26
2026-01-13 03:02:20 - [Fast Val] Epoch 33, Mean Loss: 0.5518, Time: 35.47s
2026-01-13 03:02:21 - train: epoch 34, iter:0, loss: 0.2028, lr: 0.0007569755007964342
2026-01-13 03:02:27 - train: epoch 34, iter:10, loss: 0.1727, lr: 0.0007569755007964342
2026-01-13 03:02:32 - train: epoch 34, iter:20, loss: 0.1759, lr: 0.0007569755007964342
2026-01-13 03:02:38 - train: epoch 34, iter:30, loss: 0.7782, lr: 0.0007569755007964342
2026-01-13 03:02:43 - train: epoch 34, iter:40, loss: 0.3126, lr: 0.0007569755007964342
2026-01-13 03:02:49 - train: epoch 34, iter:50, loss: 0.1896, lr: 0.0007569755007964342
2026-01-13 03:02:54 - train: epoch 34, iter:60, loss: 0.2534, lr: 0.0007569755007964342
2026-01-13 03:02:59 - train: epoch 34, iter:70, loss: 0.6166, lr: 0.0007569755007964342
2026-01-13 03:03:05 - train: epoch 34, iter:80, loss: 0.2605, lr: 0.0007569755007964342
2026-01-13 03:03:10 - train: epoch 34, iter:90, loss: 0.1986, lr: 0.0007569755007964342
2026-01-13 03:03:16 - train: epoch 34, iter:100, loss: 0.1889, lr: 0.0007569755007964342
2026-01-13 03:03:22 - train: epoch 34, iter:110, loss: 0.2739, lr: 0.0007569755007964342
2026-01-13 03:03:27 - train: epoch 34, iter:120, loss: 0.2946, lr: 0.0007569755007964342
2026-01-13 03:03:33 - train: epoch 34, iter:130, loss: 0.3130, lr: 0.0007569755007964342
2026-01-13 03:03:37 - Finish one epoch train: epoch 34, loss: 0.3180, time(s): 75.85
2026-01-13 03:04:12 - [Fast Val] Epoch 34, Mean Loss: 0.6896, Time: 35.31s
2026-01-13 03:04:13 - train: epoch 35, iter:0, loss: 0.2431, lr: 0.0007434680686803494
2026-01-13 03:04:19 - train: epoch 35, iter:10, loss: 0.6670, lr: 0.0007434680686803494
2026-01-13 03:04:24 - train: epoch 35, iter:20, loss: 0.3823, lr: 0.0007434680686803494
2026-01-13 03:04:30 - train: epoch 35, iter:30, loss: 0.5834, lr: 0.0007434680686803494
2026-01-13 03:04:35 - train: epoch 35, iter:40, loss: 0.7623, lr: 0.0007434680686803494
2026-01-13 03:04:41 - train: epoch 35, iter:50, loss: 0.4754, lr: 0.0007434680686803494
2026-01-13 03:04:47 - train: epoch 35, iter:60, loss: 0.8703, lr: 0.0007434680686803494
2026-01-13 03:04:52 - train: epoch 35, iter:70, loss: 0.4513, lr: 0.0007434680686803494
2026-01-13 03:04:58 - train: epoch 35, iter:80, loss: 0.3649, lr: 0.0007434680686803494
2026-01-13 03:05:03 - train: epoch 35, iter:90, loss: 0.2176, lr: 0.0007434680686803494
2026-01-13 03:05:09 - train: epoch 35, iter:100, loss: 0.4366, lr: 0.0007434680686803494
2026-01-13 03:05:14 - train: epoch 35, iter:110, loss: 0.3657, lr: 0.0007434680686803494
2026-01-13 03:05:20 - train: epoch 35, iter:120, loss: 0.4004, lr: 0.0007434680686803494
2026-01-13 03:05:25 - train: epoch 35, iter:130, loss: 0.4027, lr: 0.0007434680686803494
2026-01-13 03:05:30 - Finish one epoch train: epoch 35, loss: 0.4468, time(s): 77.01
2026-01-13 03:06:05 - [Fast Val] Epoch 35, Mean Loss: 0.5223, Time: 35.77s
2026-01-13 03:06:06 - train: epoch 36, iter:0, loss: 0.3117, lr: 0.0007297252973710761
2026-01-13 03:06:12 - train: epoch 36, iter:10, loss: 0.2771, lr: 0.0007297252973710761
2026-01-13 03:06:18 - train: epoch 36, iter:20, loss: 0.3384, lr: 0.0007297252973710761
2026-01-13 03:06:23 - train: epoch 36, iter:30, loss: 0.3409, lr: 0.0007297252973710761
2026-01-13 03:06:29 - train: epoch 36, iter:40, loss: 0.2483, lr: 0.0007297252973710761
2026-01-13 03:06:34 - train: epoch 36, iter:50, loss: 0.2509, lr: 0.0007297252973710761
2026-01-13 03:06:40 - train: epoch 36, iter:60, loss: 0.4646, lr: 0.0007297252973710761
2026-01-13 03:06:45 - train: epoch 36, iter:70, loss: 0.3602, lr: 0.0007297252973710761
2026-01-13 03:06:51 - train: epoch 36, iter:80, loss: 0.2908, lr: 0.0007297252973710761
2026-01-13 03:06:56 - train: epoch 36, iter:90, loss: 0.2892, lr: 0.0007297252973710761
2026-01-13 03:07:01 - train: epoch 36, iter:100, loss: 0.3256, lr: 0.0007297252973710761
2026-01-13 03:07:07 - train: epoch 36, iter:110, loss: 0.3902, lr: 0.0007297252973710761
2026-01-13 03:07:13 - train: epoch 36, iter:120, loss: 0.2721, lr: 0.0007297252973710761
2026-01-13 03:07:18 - train: epoch 36, iter:130, loss: 0.2140, lr: 0.0007297252973710761
2026-01-13 03:07:22 - Finish one epoch train: epoch 36, loss: 0.3443, time(s): 76.16
2026-01-13 03:07:58 - [Fast Val] Epoch 36, Mean Loss: 0.5288, Time: 35.45s
2026-01-13 03:07:59 - train: epoch 37, iter:0, loss: 0.2060, lr: 0.0007157607493247114
2026-01-13 03:08:04 - train: epoch 37, iter:10, loss: 0.1949, lr: 0.0007157607493247114
2026-01-13 03:08:10 - train: epoch 37, iter:20, loss: 0.2967, lr: 0.0007157607493247114
2026-01-13 03:08:15 - train: epoch 37, iter:30, loss: 0.5167, lr: 0.0007157607493247114
2026-01-13 03:08:21 - train: epoch 37, iter:40, loss: 0.1708, lr: 0.0007157607493247114
2026-01-13 03:08:26 - train: epoch 37, iter:50, loss: 0.4264, lr: 0.0007157607493247114
2026-01-13 03:08:32 - train: epoch 37, iter:60, loss: 0.2213, lr: 0.0007157607493247114
2026-01-13 03:08:37 - train: epoch 37, iter:70, loss: 0.3750, lr: 0.0007157607493247114
2026-01-13 03:08:42 - train: epoch 37, iter:80, loss: 0.1948, lr: 0.0007157607493247114
2026-01-13 03:08:48 - train: epoch 37, iter:90, loss: 0.2697, lr: 0.0007157607493247114
2026-01-13 03:08:53 - train: epoch 37, iter:100, loss: 0.2172, lr: 0.0007157607493247114
2026-01-13 03:08:59 - train: epoch 37, iter:110, loss: 0.2521, lr: 0.0007157607493247114
2026-01-13 03:09:05 - train: epoch 37, iter:120, loss: 0.2757, lr: 0.0007157607493247114
2026-01-13 03:09:10 - train: epoch 37, iter:130, loss: 0.2347, lr: 0.0007157607493247114
2026-01-13 03:09:14 - Finish one epoch train: epoch 37, loss: 0.3077, time(s): 76.05
2026-01-13 03:09:50 - [Fast Val] Epoch 37, Mean Loss: 0.5667, Time: 35.74s
2026-01-13 03:09:51 - train: epoch 38, iter:0, loss: 0.2361, lr: 0.0007015882058642168
2026-01-13 03:09:57 - train: epoch 38, iter:10, loss: 0.1815, lr: 0.0007015882058642168
2026-01-13 03:10:02 - train: epoch 38, iter:20, loss: 0.4006, lr: 0.0007015882058642168
2026-01-13 03:10:08 - train: epoch 38, iter:30, loss: 0.3479, lr: 0.0007015882058642168
2026-01-13 03:10:13 - train: epoch 38, iter:40, loss: 0.4477, lr: 0.0007015882058642168
2026-01-13 03:10:19 - train: epoch 38, iter:50, loss: 0.2554, lr: 0.0007015882058642168
2026-01-13 03:10:24 - train: epoch 38, iter:60, loss: 0.1716, lr: 0.0007015882058642168
2026-01-13 03:10:30 - train: epoch 38, iter:70, loss: 0.3963, lr: 0.0007015882058642168
2026-01-13 03:10:36 - train: epoch 38, iter:80, loss: 0.2263, lr: 0.0007015882058642168
2026-01-13 03:10:42 - train: epoch 38, iter:90, loss: 0.7483, lr: 0.0007015882058642168
2026-01-13 03:10:47 - train: epoch 38, iter:100, loss: 0.2264, lr: 0.0007015882058642168
2026-01-13 03:10:52 - train: epoch 38, iter:110, loss: 0.3052, lr: 0.0007015882058642168
2026-01-13 03:10:58 - train: epoch 38, iter:120, loss: 0.2642, lr: 0.0007015882058642168
2026-01-13 03:11:04 - train: epoch 38, iter:130, loss: 0.4323, lr: 0.0007015882058642168
2026-01-13 03:11:08 - Finish one epoch train: epoch 38, loss: 0.2963, time(s): 77.13
2026-01-13 03:11:44 - [Fast Val] Epoch 38, Mean Loss: 0.5765, Time: 35.93s
2026-01-13 03:11:45 - train: epoch 39, iter:0, loss: 0.2213, lr: 0.0006872216535789162
2026-01-13 03:11:50 - train: epoch 39, iter:10, loss: 0.4790, lr: 0.0006872216535789162
2026-01-13 03:11:56 - train: epoch 39, iter:20, loss: 0.2300, lr: 0.0006872216535789162
2026-01-13 03:12:01 - train: epoch 39, iter:30, loss: 0.2338, lr: 0.0006872216535789162
2026-01-13 03:12:07 - train: epoch 39, iter:40, loss: 0.1758, lr: 0.0006872216535789162
2026-01-13 03:12:12 - train: epoch 39, iter:50, loss: 0.2318, lr: 0.0006872216535789162
2026-01-13 03:12:18 - train: epoch 39, iter:60, loss: 0.1645, lr: 0.0006872216535789162
2026-01-13 03:12:23 - train: epoch 39, iter:70, loss: 0.2577, lr: 0.0006872216535789162
2026-01-13 03:12:29 - train: epoch 39, iter:80, loss: 0.2651, lr: 0.0006872216535789162
2026-01-13 03:12:34 - train: epoch 39, iter:90, loss: 0.2096, lr: 0.0006872216535789162
2026-01-13 03:12:40 - train: epoch 39, iter:100, loss: 0.2859, lr: 0.0006872216535789162
2026-01-13 03:12:45 - train: epoch 39, iter:110, loss: 0.3178, lr: 0.0006872216535789162
2026-01-13 03:12:51 - train: epoch 39, iter:120, loss: 0.4405, lr: 0.0006872216535789162
2026-01-13 03:12:57 - train: epoch 39, iter:130, loss: 0.2100, lr: 0.0006872216535789162
2026-01-13 03:13:01 - Finish one epoch train: epoch 39, loss: 0.3065, time(s): 76.39
2026-01-13 03:13:36 - [Fast Val] Epoch 39, Mean Loss: 0.5758, Time: 35.69s
2026-01-13 03:13:37 - train: epoch 40, iter:0, loss: 0.2600, lr: 0.0006726752705214198
2026-01-13 03:13:43 - train: epoch 40, iter:10, loss: 0.2263, lr: 0.0006726752705214198
2026-01-13 03:13:48 - train: epoch 40, iter:20, loss: 0.1387, lr: 0.0006726752705214198
2026-01-13 03:13:54 - train: epoch 40, iter:30, loss: 0.1941, lr: 0.0006726752705214198
2026-01-13 03:13:59 - train: epoch 40, iter:40, loss: 0.2243, lr: 0.0006726752705214198
2026-01-13 03:14:05 - train: epoch 40, iter:50, loss: 0.2743, lr: 0.0006726752705214198
2026-01-13 03:14:10 - train: epoch 40, iter:60, loss: 0.3901, lr: 0.0006726752705214198
2026-01-13 03:14:16 - train: epoch 40, iter:70, loss: 0.2321, lr: 0.0006726752705214198
2026-01-13 03:14:21 - train: epoch 40, iter:80, loss: 0.5438, lr: 0.0006726752705214198
2026-01-13 03:14:27 - train: epoch 40, iter:90, loss: 0.2532, lr: 0.0006726752705214198
2026-01-13 03:14:33 - train: epoch 40, iter:100, loss: 0.1683, lr: 0.0006726752705214198
2026-01-13 03:14:38 - train: epoch 40, iter:110, loss: 0.2237, lr: 0.0006726752705214198
2026-01-13 03:14:44 - train: epoch 40, iter:120, loss: 0.2900, lr: 0.0006726752705214198
2026-01-13 03:14:50 - train: epoch 40, iter:130, loss: 0.2617, lr: 0.0006726752705214198
2026-01-13 03:14:54 - Finish one epoch train: epoch 40, loss: 0.2842, time(s): 76.75
2026-01-13 03:15:29 - [Fast Val] Epoch 40, Mean Loss: 0.5441, Time: 35.46s
2026-01-13 03:15:30 - train: epoch 41, iter:0, loss: 0.4083, lr: 0.0006579634122155995
2026-01-13 14:56:56 - #----------Config info----------#
2026-01-13 14:56:56 - network: vmunet,
2026-01-13 14:56:56 - model_config: {'num_classes': 9, 'input_channels': 1, 'depths': [2, 2, 2, 2], 'depths_decoder': [2, 2, 2, 1], 'drop_path_rate': 0.2, 'load_ckpt_path': './pre_trained_weights/vmamba_small_e238_ema.pth'},
2026-01-13 14:56:56 - datasets_name: synapse,
2026-01-13 14:56:56 - input_size_h: 256,
2026-01-13 14:56:56 - input_size_w: 256,
2026-01-13 14:56:56 - data_path: ../Synapse/train_npz/,
2026-01-13 14:56:56 - val_path: ../Synapse/test_vol_2d_slices/,
2026-01-13 14:56:56 - datasets: <class 'datasets.dataset.Synapse_dataset'>,
2026-01-13 14:56:56 - list_dir: ../Synapse/lists/lists_Synapse/,
2026-01-13 14:56:56 - volume_path: ../Synapse/test_vol_h5/,
2026-01-13 14:56:56 - pretrained_path: ,
2026-01-13 14:56:56 - num_classes: 9,
2026-01-13 14:56:56 - loss_weight: [1, 1],
2026-01-13 14:56:56 - criterion: CeDiceLoss(
  (celoss): CrossEntropyLoss()
  (diceloss): nDiceLoss()
),
2026-01-13 14:56:56 - z_spacing: 1,
2026-01-13 14:56:56 - input_channels: 1,
2026-01-13 14:56:56 - distributed: False,
2026-01-13 14:56:56 - local_rank: -1,
2026-01-13 14:56:56 - num_workers: 0,
2026-01-13 14:56:56 - seed: 42,
2026-01-13 14:56:56 - world_size: None,
2026-01-13 14:56:56 - rank: None,
2026-01-13 14:56:56 - amp: False,
2026-01-13 14:56:56 - batch_size: 16,
2026-01-13 14:56:56 - epochs: 100,
2026-01-13 14:56:56 - work_dir: results/synapse1/,
2026-01-13 14:56:56 - print_interval: 10,
2026-01-13 14:56:56 - val_interval: 1,
2026-01-13 14:56:56 - threshold: 0.5,
2026-01-13 14:56:56 - only_test_and_save_figs: False,
2026-01-13 14:56:56 - best_ckpt_path: results/synapase/checkpoints/best.pth,
2026-01-13 14:56:56 - img_save_path: imagessynapse,
2026-01-13 14:56:56 - opt: AdamW,
2026-01-13 14:56:56 - lr: 0.001,
2026-01-13 14:56:56 - betas: (0.9, 0.999),
2026-01-13 14:56:56 - eps: 1e-08,
2026-01-13 14:56:56 - weight_decay: 0.01,
2026-01-13 14:56:56 - amsgrad: False,
2026-01-13 14:56:56 - sch: CosineAnnealingLR,
2026-01-13 14:56:56 - T_max: 100,
2026-01-13 14:56:56 - eta_min: 1e-05,
2026-01-13 14:56:56 - last_epoch: -1,
2026-01-13 14:59:48 - #----------Config info----------#
2026-01-13 14:59:48 - network: vmunet,
2026-01-13 14:59:48 - model_config: {'num_classes': 9, 'input_channels': 1, 'depths': [2, 2, 2, 2], 'depths_decoder': [2, 2, 2, 1], 'drop_path_rate': 0.2, 'load_ckpt_path': './pre_trained_weights/vmamba_small_e238_ema.pth'},
2026-01-13 14:59:48 - datasets_name: synapse,
2026-01-13 14:59:48 - input_size_h: 256,
2026-01-13 14:59:48 - input_size_w: 256,
2026-01-13 14:59:48 - data_path: ../Synapse/train_npz/,
2026-01-13 14:59:48 - val_path: ../Synapse/test_vol_2d_slices/,
2026-01-13 14:59:48 - datasets: <class 'datasets.dataset.Synapse_dataset'>,
2026-01-13 14:59:48 - list_dir: ../Synapse/lists/lists_Synapse/,
2026-01-13 14:59:48 - volume_path: ../Synapse/test_vol_h5/,
2026-01-13 14:59:48 - pretrained_path: ,
2026-01-13 14:59:48 - num_classes: 9,
2026-01-13 14:59:48 - loss_weight: [1, 1],
2026-01-13 14:59:48 - criterion: CeDiceLoss(
  (celoss): CrossEntropyLoss()
  (diceloss): nDiceLoss()
),
2026-01-13 14:59:48 - z_spacing: 1,
2026-01-13 14:59:48 - input_channels: 1,
2026-01-13 14:59:48 - distributed: False,
2026-01-13 14:59:48 - local_rank: -1,
2026-01-13 14:59:48 - num_workers: 0,
2026-01-13 14:59:48 - seed: 42,
2026-01-13 14:59:48 - world_size: None,
2026-01-13 14:59:48 - rank: None,
2026-01-13 14:59:48 - amp: False,
2026-01-13 14:59:48 - batch_size: 16,
2026-01-13 14:59:48 - epochs: 100,
2026-01-13 14:59:48 - work_dir: results/synapse1/,
2026-01-13 14:59:48 - print_interval: 10,
2026-01-13 14:59:48 - val_interval: 1,
2026-01-13 14:59:48 - threshold: 0.5,
2026-01-13 14:59:48 - only_test_and_save_figs: False,
2026-01-13 14:59:48 - best_ckpt_path: results/synapase/checkpoints/best.pth,
2026-01-13 14:59:48 - img_save_path: imagessynapse,
2026-01-13 14:59:48 - opt: AdamW,
2026-01-13 14:59:48 - lr: 0.001,
2026-01-13 14:59:48 - betas: (0.9, 0.999),
2026-01-13 14:59:48 - eps: 1e-08,
2026-01-13 14:59:48 - weight_decay: 0.01,
2026-01-13 14:59:48 - amsgrad: False,
2026-01-13 14:59:48 - sch: CosineAnnealingLR,
2026-01-13 14:59:48 - T_max: 100,
2026-01-13 14:59:48 - eta_min: 1e-05,
2026-01-13 14:59:48 - last_epoch: -1,
2026-01-13 14:59:49 - resuming model from results/synapse1/checkpoints/latest.pth. resume_epoch: 40, min_loss: 0.5041, min_epoch: 32, loss: 0.2842
2026-01-13 14:59:50 - train: epoch 41, iter:0, loss: 0.2049, lr: 0.0006579634122155995
2026-01-13 14:59:56 - train: epoch 41, iter:10, loss: 0.3294, lr: 0.0006579634122155995
2026-01-13 15:00:01 - train: epoch 41, iter:20, loss: 0.4481, lr: 0.0006579634122155995
2026-01-13 15:00:07 - train: epoch 41, iter:30, loss: 0.2430, lr: 0.0006579634122155995
2026-01-13 15:00:33 - #----------Config info----------#
2026-01-13 15:00:33 - network: vmunet,
2026-01-13 15:00:33 - model_config: {'num_classes': 9, 'input_channels': 1, 'depths': [2, 2, 2, 2], 'depths_decoder': [2, 2, 2, 1], 'drop_path_rate': 0.2, 'load_ckpt_path': './pre_trained_weights/vmamba_small_e238_ema.pth'},
2026-01-13 15:00:33 - datasets_name: synapse,
2026-01-13 15:00:33 - input_size_h: 256,
2026-01-13 15:00:33 - input_size_w: 256,
2026-01-13 15:00:33 - data_path: ../Synapse/train_npz/,
2026-01-13 15:00:33 - val_path: ../Synapse/test_vol_2d_slices/,
2026-01-13 15:00:33 - datasets: <class 'datasets.dataset.Synapse_dataset'>,
2026-01-13 15:00:33 - list_dir: ../Synapse/lists/lists_Synapse/,
2026-01-13 15:00:33 - volume_path: ../Synapse/test_vol_h5/,
2026-01-13 15:00:33 - pretrained_path: ,
2026-01-13 15:00:33 - num_classes: 9,
2026-01-13 15:00:33 - loss_weight: [1, 1],
2026-01-13 15:00:33 - criterion: CeDiceLoss(
  (celoss): CrossEntropyLoss()
  (diceloss): nDiceLoss()
),
2026-01-13 15:00:33 - z_spacing: 1,
2026-01-13 15:00:33 - input_channels: 1,
2026-01-13 15:00:33 - distributed: False,
2026-01-13 15:00:33 - local_rank: -1,
2026-01-13 15:00:33 - num_workers: 0,
2026-01-13 15:00:33 - seed: 42,
2026-01-13 15:00:33 - world_size: None,
2026-01-13 15:00:33 - rank: None,
2026-01-13 15:00:33 - amp: False,
2026-01-13 15:00:33 - batch_size: 16,
2026-01-13 15:00:33 - epochs: 100,
2026-01-13 15:00:33 - work_dir: results/synapse1/,
2026-01-13 15:00:33 - print_interval: 10,
2026-01-13 15:00:33 - val_interval: 1,
2026-01-13 15:00:33 - threshold: 0.5,
2026-01-13 15:00:33 - only_test_and_save_figs: False,
2026-01-13 15:00:33 - best_ckpt_path: results/synapase/checkpoints/best.pth,
2026-01-13 15:00:33 - img_save_path: imagessynapse,
2026-01-13 15:00:33 - opt: AdamW,
2026-01-13 15:00:33 - lr: 0.001,
2026-01-13 15:00:33 - betas: (0.9, 0.999),
2026-01-13 15:00:33 - eps: 1e-08,
2026-01-13 15:00:33 - weight_decay: 0.01,
2026-01-13 15:00:33 - amsgrad: False,
2026-01-13 15:00:33 - sch: CosineAnnealingLR,
2026-01-13 15:00:33 - T_max: 100,
2026-01-13 15:00:33 - eta_min: 1e-05,
2026-01-13 15:00:33 - last_epoch: -1,
2026-01-13 15:00:34 - resuming model from results/synapse1/checkpoints/latest.pth. resume_epoch: 40, min_loss: 0.5041, min_epoch: 32, loss: 0.2842
2026-01-13 15:00:36 - train: epoch 41, iter:0, loss: 0.2049, lr: 0.0006579634122155995
2026-01-13 15:00:41 - train: epoch 41, iter:10, loss: 0.3291, lr: 0.0006579634122155995
2026-01-13 15:00:47 - train: epoch 41, iter:20, loss: 0.4533, lr: 0.0006579634122155995
2026-01-13 15:00:53 - train: epoch 41, iter:30, loss: 0.2431, lr: 0.0006579634122155995
2026-01-13 15:00:59 - train: epoch 41, iter:40, loss: 0.2123, lr: 0.0006579634122155995
2026-01-13 15:01:05 - train: epoch 41, iter:50, loss: 0.1932, lr: 0.0006579634122155995
2026-01-13 15:01:10 - train: epoch 41, iter:60, loss: 0.2372, lr: 0.0006579634122155995
2026-01-13 15:01:16 - train: epoch 41, iter:70, loss: 0.3927, lr: 0.0006579634122155995
2026-01-13 15:01:21 - train: epoch 41, iter:80, loss: 0.1836, lr: 0.0006579634122155995
2026-01-13 15:01:27 - train: epoch 41, iter:90, loss: 0.2481, lr: 0.0006579634122155995
2026-01-13 15:01:32 - train: epoch 41, iter:100, loss: 0.1690, lr: 0.0006579634122155995
2026-01-13 15:01:38 - train: epoch 41, iter:110, loss: 0.3881, lr: 0.0006579634122155995
2026-01-13 15:01:44 - train: epoch 41, iter:120, loss: 0.2279, lr: 0.0006579634122155995
2026-01-13 15:01:49 - train: epoch 41, iter:130, loss: 0.2052, lr: 0.0006579634122155995
2026-01-13 15:01:53 - Finish one epoch train: epoch 41, loss: 0.2860, time(s): 78.97
2026-01-13 15:02:35 - [Val] Epoch 41, Mean Dice: 0.7595 , Time: 41.69s
2026-01-13 15:02:36 - train: epoch 42, iter:0, loss: 0.6723, lr: 0.000643100597489419
2026-01-13 15:02:42 - train: epoch 42, iter:10, loss: 0.5754, lr: 0.000643100597489419
2026-01-13 15:02:48 - train: epoch 42, iter:20, loss: 0.1974, lr: 0.000643100597489419
2026-01-13 15:02:53 - train: epoch 42, iter:30, loss: 0.2647, lr: 0.000643100597489419
2026-01-13 15:02:59 - train: epoch 42, iter:40, loss: 0.3883, lr: 0.000643100597489419
2026-01-13 15:03:04 - train: epoch 42, iter:50, loss: 0.2187, lr: 0.000643100597489419
2026-01-13 15:03:10 - train: epoch 42, iter:60, loss: 0.3910, lr: 0.000643100597489419
2026-01-13 15:03:16 - train: epoch 42, iter:70, loss: 0.1437, lr: 0.000643100597489419
2026-01-13 15:03:21 - train: epoch 42, iter:80, loss: 0.2681, lr: 0.000643100597489419
2026-01-13 15:03:27 - train: epoch 42, iter:90, loss: 0.4348, lr: 0.000643100597489419
2026-01-13 15:03:33 - train: epoch 42, iter:100, loss: 0.3617, lr: 0.000643100597489419
2026-01-13 15:03:38 - train: epoch 42, iter:110, loss: 0.3184, lr: 0.000643100597489419
2026-01-13 15:03:44 - train: epoch 42, iter:120, loss: 0.2621, lr: 0.000643100597489419
2026-01-13 15:03:50 - train: epoch 42, iter:130, loss: 0.5472, lr: 0.000643100597489419
2026-01-13 15:03:54 - Finish one epoch train: epoch 42, loss: 0.2869, time(s): 77.90
2026-01-13 15:04:35 - [Val] Epoch 42, Mean Dice: 0.7528 , Time: 41.70s
2026-01-13 15:04:37 - train: epoch 43, iter:0, loss: 0.2062, lr: 0.0006281014941466035
2026-01-13 15:04:42 - train: epoch 43, iter:10, loss: 0.4457, lr: 0.0006281014941466035
2026-01-13 15:04:47 - train: epoch 43, iter:20, loss: 0.3107, lr: 0.0006281014941466035
2026-01-13 15:04:53 - train: epoch 43, iter:30, loss: 0.3177, lr: 0.0006281014941466035
2026-01-13 15:04:58 - train: epoch 43, iter:40, loss: 0.1719, lr: 0.0006281014941466035
2026-01-13 15:05:04 - train: epoch 43, iter:50, loss: 0.2673, lr: 0.0006281014941466035
2026-01-13 15:05:09 - train: epoch 43, iter:60, loss: 0.1940, lr: 0.0006281014941466035
2026-01-13 15:05:15 - train: epoch 43, iter:70, loss: 0.9275, lr: 0.0006281014941466035
2026-01-13 15:05:20 - train: epoch 43, iter:80, loss: 0.2048, lr: 0.0006281014941466035
2026-01-13 15:05:26 - train: epoch 43, iter:90, loss: 0.1271, lr: 0.0006281014941466035
2026-01-13 15:05:31 - train: epoch 43, iter:100, loss: 0.5313, lr: 0.0006281014941466035
2026-01-13 15:05:37 - train: epoch 43, iter:110, loss: 0.3923, lr: 0.0006281014941466035
2026-01-13 15:05:43 - train: epoch 43, iter:120, loss: 0.6894, lr: 0.0006281014941466035
2026-01-13 15:05:48 - train: epoch 43, iter:130, loss: 0.1650, lr: 0.0006281014941466035
2026-01-13 15:05:53 - Finish one epoch train: epoch 43, loss: 0.2760, time(s): 76.76
2026-01-13 15:06:34 - [Val] Epoch 43, Mean Dice: 0.7822 , Time: 41.41s
2026-01-13 15:06:35 - train: epoch 44, iter:0, loss: 0.1975, lr: 0.000612980904491289
2026-01-13 15:06:41 - train: epoch 44, iter:10, loss: 0.1642, lr: 0.000612980904491289
2026-01-13 15:06:46 - train: epoch 44, iter:20, loss: 0.3960, lr: 0.000612980904491289
2026-01-13 15:06:52 - train: epoch 44, iter:30, loss: 0.1827, lr: 0.000612980904491289
2026-01-13 15:06:57 - train: epoch 44, iter:40, loss: 0.3110, lr: 0.000612980904491289
2026-01-13 15:07:02 - train: epoch 44, iter:50, loss: 0.1855, lr: 0.000612980904491289
2026-01-13 15:07:08 - train: epoch 44, iter:60, loss: 0.4066, lr: 0.000612980904491289
2026-01-13 15:07:13 - train: epoch 44, iter:70, loss: 0.2368, lr: 0.000612980904491289
2026-01-13 15:07:19 - train: epoch 44, iter:80, loss: 0.2259, lr: 0.000612980904491289
2026-01-13 15:07:24 - train: epoch 44, iter:90, loss: 0.1976, lr: 0.000612980904491289
2026-01-13 15:07:30 - train: epoch 44, iter:100, loss: 0.1712, lr: 0.000612980904491289
2026-01-13 15:07:35 - train: epoch 44, iter:110, loss: 0.1854, lr: 0.000612980904491289
2026-01-13 15:07:41 - train: epoch 44, iter:120, loss: 0.3533, lr: 0.000612980904491289
2026-01-13 15:07:47 - train: epoch 44, iter:130, loss: 0.2199, lr: 0.000612980904491289
2026-01-13 15:07:51 - Finish one epoch train: epoch 44, loss: 0.2754, time(s): 75.96
2026-01-13 15:08:32 - [Val] Epoch 44, Mean Dice: 0.7891 , Time: 41.45s
2026-01-13 15:08:34 - train: epoch 45, iter:0, loss: 0.1969, lr: 0.0005977537507199342
2026-01-13 15:08:40 - train: epoch 45, iter:10, loss: 0.1900, lr: 0.0005977537507199342
2026-01-13 15:08:46 - train: epoch 45, iter:20, loss: 0.7529, lr: 0.0005977537507199342
2026-01-13 15:08:52 - train: epoch 45, iter:30, loss: 0.4129, lr: 0.0005977537507199342
2026-01-13 15:08:58 - train: epoch 45, iter:40, loss: 0.1700, lr: 0.0005977537507199342
2026-01-13 15:09:03 - train: epoch 45, iter:50, loss: 0.2126, lr: 0.0005977537507199342
2026-01-13 15:09:09 - train: epoch 45, iter:60, loss: 0.3407, lr: 0.0005977537507199342
2026-01-13 15:09:15 - train: epoch 45, iter:70, loss: 0.1575, lr: 0.0005977537507199342
2026-01-13 15:09:20 - train: epoch 45, iter:80, loss: 0.1992, lr: 0.0005977537507199342
2026-01-13 15:09:26 - train: epoch 45, iter:90, loss: 0.1583, lr: 0.0005977537507199342
2026-01-13 15:09:31 - train: epoch 45, iter:100, loss: 0.1614, lr: 0.0005977537507199342
2026-01-13 15:09:37 - train: epoch 45, iter:110, loss: 0.1621, lr: 0.0005977537507199342
2026-01-13 15:09:43 - train: epoch 45, iter:120, loss: 0.2036, lr: 0.0005977537507199342
2026-01-13 15:09:49 - train: epoch 45, iter:130, loss: 0.1932, lr: 0.0005977537507199342
2026-01-13 15:09:53 - Finish one epoch train: epoch 45, loss: 0.2601, time(s): 79.64
2026-01-13 15:10:34 - [Val] Epoch 45, Mean Dice: 0.7746 , Time: 41.49s
2026-01-13 15:10:35 - train: epoch 46, iter:0, loss: 0.4141, lr: 0.0005824350601949147
2026-01-13 15:10:41 - train: epoch 46, iter:10, loss: 0.2099, lr: 0.0005824350601949147
2026-01-13 15:10:46 - train: epoch 46, iter:20, loss: 0.1964, lr: 0.0005824350601949147
2026-01-13 15:10:52 - train: epoch 46, iter:30, loss: 0.1925, lr: 0.0005824350601949147
2026-01-13 15:10:58 - train: epoch 46, iter:40, loss: 0.1810, lr: 0.0005824350601949147
2026-01-13 15:11:03 - train: epoch 46, iter:50, loss: 0.1644, lr: 0.0005824350601949147
2026-01-13 15:11:09 - train: epoch 46, iter:60, loss: 0.1865, lr: 0.0005824350601949147
2026-01-13 15:11:15 - train: epoch 46, iter:70, loss: 0.3264, lr: 0.0005824350601949147
2026-01-13 15:11:21 - train: epoch 46, iter:80, loss: 0.1972, lr: 0.0005824350601949147
2026-01-13 15:11:27 - train: epoch 46, iter:90, loss: 0.1514, lr: 0.0005824350601949147
2026-01-13 15:11:32 - train: epoch 46, iter:100, loss: 0.3418, lr: 0.0005824350601949147
2026-01-13 15:11:38 - train: epoch 46, iter:110, loss: 0.1773, lr: 0.0005824350601949147
2026-01-13 15:11:43 - train: epoch 46, iter:120, loss: 0.2232, lr: 0.0005824350601949147
2026-01-13 15:11:49 - train: epoch 46, iter:130, loss: 0.2253, lr: 0.0005824350601949147
2026-01-13 15:11:53 - Finish one epoch train: epoch 46, loss: 0.2393, time(s): 78.24
2026-01-13 15:12:36 - [Val] Epoch 46, Mean Dice: 0.7737 , Time: 42.45s
2026-01-13 15:12:37 - train: epoch 47, iter:0, loss: 0.2016, lr: 0.000567039950614331
2026-01-13 15:12:42 - train: epoch 47, iter:10, loss: 0.2807, lr: 0.000567039950614331
2026-01-13 15:12:48 - train: epoch 47, iter:20, loss: 0.4521, lr: 0.000567039950614331
2026-01-13 15:12:54 - train: epoch 47, iter:30, loss: 0.1932, lr: 0.000567039950614331
2026-01-13 15:13:00 - train: epoch 47, iter:40, loss: 0.2952, lr: 0.000567039950614331
2026-01-13 15:13:05 - train: epoch 47, iter:50, loss: 0.2508, lr: 0.000567039950614331
2026-01-13 15:13:11 - train: epoch 47, iter:60, loss: 0.1752, lr: 0.000567039950614331
2026-01-13 15:13:16 - train: epoch 47, iter:70, loss: 0.2244, lr: 0.000567039950614331
2026-01-13 15:13:22 - train: epoch 47, iter:80, loss: 0.3643, lr: 0.000567039950614331
2026-01-13 15:13:27 - train: epoch 47, iter:90, loss: 0.3642, lr: 0.000567039950614331
2026-01-13 15:13:33 - train: epoch 47, iter:100, loss: 0.3845, lr: 0.000567039950614331
2026-01-13 15:13:39 - train: epoch 47, iter:110, loss: 0.2069, lr: 0.000567039950614331
2026-01-13 15:13:44 - train: epoch 47, iter:120, loss: 0.2838, lr: 0.000567039950614331
2026-01-13 15:13:50 - train: epoch 47, iter:130, loss: 0.1992, lr: 0.000567039950614331
2026-01-13 15:13:54 - Finish one epoch train: epoch 47, loss: 0.2420, time(s): 78.11
2026-01-13 15:14:36 - [Val] Epoch 47, Mean Dice: 0.7859 , Time: 41.90s
2026-01-13 15:14:37 - train: epoch 48, iter:0, loss: 0.1958, lr: 0.0005515836150926649
2026-01-13 15:14:43 - train: epoch 48, iter:10, loss: 0.1466, lr: 0.0005515836150926649
2026-01-13 15:14:48 - train: epoch 48, iter:20, loss: 0.1514, lr: 0.0005515836150926649
2026-01-13 15:14:54 - train: epoch 48, iter:30, loss: 0.1742, lr: 0.0005515836150926649
2026-01-13 15:15:00 - train: epoch 48, iter:40, loss: 0.1753, lr: 0.0005515836150926649
2026-01-13 15:15:05 - train: epoch 48, iter:50, loss: 0.1531, lr: 0.0005515836150926649
2026-01-13 15:15:11 - train: epoch 48, iter:60, loss: 0.1597, lr: 0.0005515836150926649
2026-01-13 15:15:17 - train: epoch 48, iter:70, loss: 0.1563, lr: 0.0005515836150926649
2026-01-13 15:15:23 - train: epoch 48, iter:80, loss: 0.1805, lr: 0.0005515836150926649
2026-01-13 15:15:28 - train: epoch 48, iter:90, loss: 0.2286, lr: 0.0005515836150926649
2026-01-13 15:15:34 - train: epoch 48, iter:100, loss: 0.3901, lr: 0.0005515836150926649
2026-01-13 15:15:39 - train: epoch 48, iter:110, loss: 0.3478, lr: 0.0005515836150926649
2026-01-13 15:15:44 - train: epoch 48, iter:120, loss: 0.3850, lr: 0.0005515836150926649
2026-01-13 15:15:50 - train: epoch 48, iter:130, loss: 0.3620, lr: 0.0005515836150926649
2026-01-13 15:15:54 - Finish one epoch train: epoch 48, loss: 0.2404, time(s): 77.60
2026-01-13 15:16:36 - [Val] Epoch 48, Mean Dice: 0.7772 , Time: 41.56s
2026-01-13 15:16:37 - train: epoch 49, iter:0, loss: 0.6160, lr: 0.0005360813071670105
2026-01-13 15:16:42 - train: epoch 49, iter:10, loss: 0.1952, lr: 0.0005360813071670105
2026-01-13 15:16:48 - train: epoch 49, iter:20, loss: 0.5896, lr: 0.0005360813071670105
2026-01-13 15:16:53 - train: epoch 49, iter:30, loss: 0.1790, lr: 0.0005360813071670105
2026-01-13 15:16:59 - train: epoch 49, iter:40, loss: 0.2399, lr: 0.0005360813071670105
2026-01-13 15:17:04 - train: epoch 49, iter:50, loss: 0.1794, lr: 0.0005360813071670105
2026-01-13 15:17:10 - train: epoch 49, iter:60, loss: 0.5934, lr: 0.0005360813071670105
2026-01-13 15:17:15 - train: epoch 49, iter:70, loss: 0.2046, lr: 0.0005360813071670105
2026-01-13 15:17:21 - train: epoch 49, iter:80, loss: 0.3650, lr: 0.0005360813071670105
2026-01-13 15:17:27 - train: epoch 49, iter:90, loss: 0.1451, lr: 0.0005360813071670105
2026-01-13 15:17:33 - train: epoch 49, iter:100, loss: 0.1827, lr: 0.0005360813071670105
2026-01-13 15:17:38 - train: epoch 49, iter:110, loss: 0.1879, lr: 0.0005360813071670105
2026-01-13 15:17:44 - train: epoch 49, iter:120, loss: 0.2128, lr: 0.0005360813071670105
2026-01-13 15:17:49 - train: epoch 49, iter:130, loss: 0.3126, lr: 0.0005360813071670105
2026-01-13 15:17:53 - Finish one epoch train: epoch 49, loss: 0.2478, time(s): 76.91
2026-01-13 15:18:35 - [Val] Epoch 49, Mean Dice: 0.7360 , Time: 41.73s
2026-01-13 15:18:36 - train: epoch 50, iter:0, loss: 0.1419, lr: 0.0005205483257436738
2026-01-13 15:18:42 - train: epoch 50, iter:10, loss: 0.1559, lr: 0.0005205483257436738
2026-01-13 15:18:47 - train: epoch 50, iter:20, loss: 0.4836, lr: 0.0005205483257436738
2026-01-13 15:18:53 - train: epoch 50, iter:30, loss: 0.3415, lr: 0.0005205483257436738
2026-01-13 15:18:58 - train: epoch 50, iter:40, loss: 0.3975, lr: 0.0005205483257436738
2026-01-13 15:19:04 - train: epoch 50, iter:50, loss: 1.1926, lr: 0.0005205483257436738
2026-01-13 15:19:09 - train: epoch 50, iter:60, loss: 0.1552, lr: 0.0005205483257436738
2026-01-13 15:19:15 - train: epoch 50, iter:70, loss: 0.1527, lr: 0.0005205483257436738
2026-01-13 15:19:21 - train: epoch 50, iter:80, loss: 0.1390, lr: 0.0005205483257436738
2026-01-13 15:19:26 - train: epoch 50, iter:90, loss: 0.2315, lr: 0.0005205483257436738
2026-01-13 15:19:32 - train: epoch 50, iter:100, loss: 0.3405, lr: 0.0005205483257436738
2026-01-13 15:19:37 - train: epoch 50, iter:110, loss: 0.1442, lr: 0.0005205483257436738
2026-01-13 15:19:43 - train: epoch 50, iter:120, loss: 0.1676, lr: 0.0005205483257436738
2026-01-13 15:19:49 - train: epoch 50, iter:130, loss: 0.1923, lr: 0.0005205483257436738
2026-01-13 15:19:53 - Finish one epoch train: epoch 50, loss: 0.2367, time(s): 77.25
2026-01-13 15:20:35 - [Val] Epoch 50, Mean Dice: 0.7572 , Time: 42.19s
2026-01-13 15:20:36 - train: epoch 51, iter:0, loss: 0.1769, lr: 0.0005050000000000002
2026-01-13 15:20:42 - train: epoch 51, iter:10, loss: 0.1625, lr: 0.0005050000000000002
2026-01-13 15:20:47 - train: epoch 51, iter:20, loss: 0.1798, lr: 0.0005050000000000002
2026-01-13 15:20:53 - train: epoch 51, iter:30, loss: 0.3352, lr: 0.0005050000000000002
2026-01-13 15:20:58 - train: epoch 51, iter:40, loss: 0.4828, lr: 0.0005050000000000002
2026-01-13 15:21:04 - train: epoch 51, iter:50, loss: 0.3808, lr: 0.0005050000000000002
2026-01-13 15:21:09 - train: epoch 51, iter:60, loss: 0.1640, lr: 0.0005050000000000002
2026-01-13 15:21:14 - train: epoch 51, iter:70, loss: 0.3585, lr: 0.0005050000000000002
2026-01-13 15:21:20 - train: epoch 51, iter:80, loss: 0.1570, lr: 0.0005050000000000002
2026-01-13 15:21:26 - train: epoch 51, iter:90, loss: 0.1424, lr: 0.0005050000000000002
2026-01-13 15:21:32 - train: epoch 51, iter:100, loss: 0.2077, lr: 0.0005050000000000002
2026-01-13 15:21:38 - train: epoch 51, iter:110, loss: 0.1478, lr: 0.0005050000000000002
2026-01-13 15:21:43 - train: epoch 51, iter:120, loss: 0.1781, lr: 0.0005050000000000002
2026-01-13 15:21:49 - train: epoch 51, iter:130, loss: 0.2331, lr: 0.0005050000000000002
2026-01-13 15:21:53 - Finish one epoch train: epoch 51, loss: 0.2354, time(s): 77.25
2026-01-13 15:22:35 - [Val] Epoch 51, Mean Dice: 0.7763 , Time: 41.64s
2026-01-13 15:22:36 - train: epoch 52, iter:0, loss: 0.2010, lr: 0.0004894516742563267
2026-01-13 15:22:41 - train: epoch 52, iter:10, loss: 0.2816, lr: 0.0004894516742563267
2026-01-13 15:22:47 - train: epoch 52, iter:20, loss: 0.4770, lr: 0.0004894516742563267
2026-01-13 15:22:53 - train: epoch 52, iter:30, loss: 0.4069, lr: 0.0004894516742563267
2026-01-13 15:22:58 - train: epoch 52, iter:40, loss: 0.1365, lr: 0.0004894516742563267
2026-01-13 15:23:03 - train: epoch 52, iter:50, loss: 0.1992, lr: 0.0004894516742563267
2026-01-13 15:23:09 - train: epoch 52, iter:60, loss: 0.1477, lr: 0.0004894516742563267
2026-01-13 15:23:14 - train: epoch 52, iter:70, loss: 0.1493, lr: 0.0004894516742563267
2026-01-13 15:23:20 - train: epoch 52, iter:80, loss: 0.2655, lr: 0.0004894516742563267
2026-01-13 15:23:26 - train: epoch 52, iter:90, loss: 0.1914, lr: 0.0004894516742563267
2026-01-13 15:23:31 - train: epoch 52, iter:100, loss: 0.1658, lr: 0.0004894516742563267
2026-01-13 15:23:37 - train: epoch 52, iter:110, loss: 0.3645, lr: 0.0004894516742563267
2026-01-13 15:23:42 - train: epoch 52, iter:120, loss: 0.1960, lr: 0.0004894516742563267
2026-01-13 15:23:48 - train: epoch 52, iter:130, loss: 0.1513, lr: 0.0004894516742563267
2026-01-13 15:23:53 - Finish one epoch train: epoch 52, loss: 0.2713, time(s): 77.42
2026-01-13 15:24:34 - [Val] Epoch 52, Mean Dice: 0.7555 , Time: 41.91s
2026-01-13 15:24:36 - train: epoch 53, iter:0, loss: 0.1431, lr: 0.0004739186928329901
2026-01-13 15:24:41 - train: epoch 53, iter:10, loss: 0.3522, lr: 0.0004739186928329901
2026-01-13 15:24:47 - train: epoch 53, iter:20, loss: 0.1833, lr: 0.0004739186928329901
2026-01-13 15:24:52 - train: epoch 53, iter:30, loss: 0.1526, lr: 0.0004739186928329901
2026-01-13 15:24:57 - train: epoch 53, iter:40, loss: 0.1840, lr: 0.0004739186928329901
2026-01-13 15:25:03 - train: epoch 53, iter:50, loss: 0.1540, lr: 0.0004739186928329901
2026-01-13 15:25:09 - train: epoch 53, iter:60, loss: 0.1611, lr: 0.0004739186928329901
2026-01-13 15:25:14 - train: epoch 53, iter:70, loss: 0.1709, lr: 0.0004739186928329901
2026-01-13 15:25:20 - train: epoch 53, iter:80, loss: 0.1266, lr: 0.0004739186928329901
2026-01-13 15:25:25 - train: epoch 53, iter:90, loss: 0.1498, lr: 0.0004739186928329901
2026-01-13 15:25:30 - train: epoch 53, iter:100, loss: 0.1239, lr: 0.0004739186928329901
2026-01-13 15:25:36 - train: epoch 53, iter:110, loss: 0.1696, lr: 0.0004739186928329901
2026-01-13 15:25:41 - train: epoch 53, iter:120, loss: 0.1608, lr: 0.0004739186928329901
2026-01-13 15:25:47 - train: epoch 53, iter:130, loss: 0.2091, lr: 0.0004739186928329901
2026-01-13 15:25:51 - Finish one epoch train: epoch 53, loss: 0.2233, time(s): 75.73
2026-01-13 15:26:32 - [Val] Epoch 53, Mean Dice: 0.7846 , Time: 41.75s
2026-01-13 15:26:34 - train: epoch 54, iter:0, loss: 0.1866, lr: 0.00045841638490733556
2026-01-13 15:26:39 - train: epoch 54, iter:10, loss: 0.1709, lr: 0.00045841638490733556
2026-01-13 15:26:45 - train: epoch 54, iter:20, loss: 0.1906, lr: 0.00045841638490733556
2026-01-13 15:26:50 - train: epoch 54, iter:30, loss: 0.1316, lr: 0.00045841638490733556
2026-01-13 15:26:56 - train: epoch 54, iter:40, loss: 0.1500, lr: 0.00045841638490733556
2026-01-13 15:27:01 - train: epoch 54, iter:50, loss: 0.1696, lr: 0.00045841638490733556
2026-01-13 15:27:07 - train: epoch 54, iter:60, loss: 0.1649, lr: 0.00045841638490733556
2026-01-13 15:27:13 - train: epoch 54, iter:70, loss: 0.1418, lr: 0.00045841638490733556
2026-01-13 15:27:18 - train: epoch 54, iter:80, loss: 0.1469, lr: 0.00045841638490733556
2026-01-13 15:27:24 - train: epoch 54, iter:90, loss: 0.1863, lr: 0.00045841638490733556
2026-01-13 15:27:29 - train: epoch 54, iter:100, loss: 0.1409, lr: 0.00045841638490733556
2026-01-13 15:27:35 - train: epoch 54, iter:110, loss: 0.5300, lr: 0.00045841638490733556
2026-01-13 15:27:40 - train: epoch 54, iter:120, loss: 0.2252, lr: 0.00045841638490733556
2026-01-13 15:27:46 - train: epoch 54, iter:130, loss: 0.6187, lr: 0.00045841638490733556
2026-01-13 15:27:50 - Finish one epoch train: epoch 54, loss: 0.2523, time(s): 76.74
2026-01-13 15:28:32 - [Val] Epoch 54, Mean Dice: 0.7694 , Time: 41.74s
2026-01-13 15:28:33 - train: epoch 55, iter:0, loss: 0.1711, lr: 0.0004429600493856696
2026-01-13 15:28:39 - train: epoch 55, iter:10, loss: 0.1745, lr: 0.0004429600493856696
2026-01-13 15:28:44 - train: epoch 55, iter:20, loss: 0.3651, lr: 0.0004429600493856696
2026-01-13 15:28:50 - train: epoch 55, iter:30, loss: 0.1954, lr: 0.0004429600493856696
2026-01-13 15:28:55 - train: epoch 55, iter:40, loss: 0.1748, lr: 0.0004429600493856696
2026-01-13 15:29:01 - train: epoch 55, iter:50, loss: 0.1651, lr: 0.0004429600493856696
2026-01-13 15:29:06 - train: epoch 55, iter:60, loss: 0.1575, lr: 0.0004429600493856696
2026-01-13 15:29:12 - train: epoch 55, iter:70, loss: 0.2126, lr: 0.0004429600493856696
2026-01-13 15:29:17 - train: epoch 55, iter:80, loss: 0.1249, lr: 0.0004429600493856696
2026-01-13 15:29:23 - train: epoch 55, iter:90, loss: 0.1572, lr: 0.0004429600493856696
2026-01-13 15:29:28 - train: epoch 55, iter:100, loss: 0.1449, lr: 0.0004429600493856696
2026-01-13 15:29:34 - train: epoch 55, iter:110, loss: 0.1943, lr: 0.0004429600493856696
2026-01-13 15:29:40 - train: epoch 55, iter:120, loss: 0.1460, lr: 0.0004429600493856696
2026-01-13 15:29:45 - train: epoch 55, iter:130, loss: 0.2257, lr: 0.0004429600493856696
2026-01-13 15:29:49 - Finish one epoch train: epoch 55, loss: 0.2284, time(s): 76.81
2026-01-13 15:30:31 - [Val] Epoch 55, Mean Dice: 0.7640 , Time: 41.95s
2026-01-13 15:30:32 - train: epoch 56, iter:0, loss: 0.3144, lr: 0.0004275649398050859
2026-01-13 15:30:38 - train: epoch 56, iter:10, loss: 0.1611, lr: 0.0004275649398050859
2026-01-13 15:30:43 - train: epoch 56, iter:20, loss: 0.1992, lr: 0.0004275649398050859
2026-01-13 15:30:49 - train: epoch 56, iter:30, loss: 0.1346, lr: 0.0004275649398050859
2026-01-13 15:30:54 - train: epoch 56, iter:40, loss: 0.1585, lr: 0.0004275649398050859
2026-01-13 15:31:00 - train: epoch 56, iter:50, loss: 0.5700, lr: 0.0004275649398050859
2026-01-13 15:31:05 - train: epoch 56, iter:60, loss: 0.2155, lr: 0.0004275649398050859
2026-01-13 15:31:11 - train: epoch 56, iter:70, loss: 0.1504, lr: 0.0004275649398050859
2026-01-13 15:31:16 - train: epoch 56, iter:80, loss: 0.1698, lr: 0.0004275649398050859
2026-01-13 15:31:22 - train: epoch 56, iter:90, loss: 0.1930, lr: 0.0004275649398050859
2026-01-13 15:31:27 - train: epoch 56, iter:100, loss: 0.2095, lr: 0.0004275649398050859
2026-01-13 15:31:33 - train: epoch 56, iter:110, loss: 0.1535, lr: 0.0004275649398050859
2026-01-13 15:31:39 - train: epoch 56, iter:120, loss: 0.3717, lr: 0.0004275649398050859
2026-01-13 15:31:44 - train: epoch 56, iter:130, loss: 0.1707, lr: 0.0004275649398050859
2026-01-13 15:31:49 - Finish one epoch train: epoch 56, loss: 0.2211, time(s): 76.87
2026-01-13 15:32:30 - [Val] Epoch 56, Mean Dice: 0.7819 , Time: 41.60s
2026-01-13 15:32:31 - train: epoch 57, iter:0, loss: 0.3382, lr: 0.0004122462492800665
2026-01-13 15:32:37 - train: epoch 57, iter:10, loss: 0.1625, lr: 0.0004122462492800665
2026-01-13 15:32:42 - train: epoch 57, iter:20, loss: 0.2450, lr: 0.0004122462492800665
2026-01-13 15:32:48 - train: epoch 57, iter:30, loss: 0.3518, lr: 0.0004122462492800665
2026-01-13 15:32:53 - train: epoch 57, iter:40, loss: 0.1867, lr: 0.0004122462492800665
2026-01-13 15:32:59 - train: epoch 57, iter:50, loss: 0.5506, lr: 0.0004122462492800665
2026-01-13 15:33:04 - train: epoch 57, iter:60, loss: 0.1533, lr: 0.0004122462492800665
2026-01-13 15:33:10 - train: epoch 57, iter:70, loss: 0.1744, lr: 0.0004122462492800665
2026-01-13 15:33:15 - train: epoch 57, iter:80, loss: 0.1308, lr: 0.0004122462492800665
2026-01-13 15:33:21 - train: epoch 57, iter:90, loss: 0.1470, lr: 0.0004122462492800665
2026-01-13 15:33:27 - train: epoch 57, iter:100, loss: 0.1760, lr: 0.0004122462492800665
2026-01-13 15:33:32 - train: epoch 57, iter:110, loss: 0.2704, lr: 0.0004122462492800665
2026-01-13 15:33:38 - train: epoch 57, iter:120, loss: 0.5286, lr: 0.0004122462492800665
2026-01-13 15:33:44 - train: epoch 57, iter:130, loss: 0.1254, lr: 0.0004122462492800665
2026-01-13 15:33:49 - Finish one epoch train: epoch 57, loss: 0.2210, time(s): 78.17
2026-01-13 15:34:32 - [Val] Epoch 57, Mean Dice: 0.7611 , Time: 43.46s
2026-01-13 15:34:34 - train: epoch 58, iter:0, loss: 0.1800, lr: 0.00039701909550871175
2026-01-13 15:34:39 - train: epoch 58, iter:10, loss: 0.1322, lr: 0.00039701909550871175
2026-01-13 15:34:45 - train: epoch 58, iter:20, loss: 0.5147, lr: 0.00039701909550871175
2026-01-13 15:34:51 - train: epoch 58, iter:30, loss: 0.2086, lr: 0.00039701909550871175
2026-01-13 15:34:56 - train: epoch 58, iter:40, loss: 0.1592, lr: 0.00039701909550871175
2026-01-13 15:35:02 - train: epoch 58, iter:50, loss: 0.1663, lr: 0.00039701909550871175
2026-01-13 15:35:07 - train: epoch 58, iter:60, loss: 0.3472, lr: 0.00039701909550871175
2026-01-13 15:35:13 - train: epoch 58, iter:70, loss: 0.1895, lr: 0.00039701909550871175
2026-01-13 15:35:18 - train: epoch 58, iter:80, loss: 0.1458, lr: 0.00039701909550871175
2026-01-13 15:35:24 - train: epoch 58, iter:90, loss: 0.1887, lr: 0.00039701909550871175
2026-01-13 15:35:29 - train: epoch 58, iter:100, loss: 0.1715, lr: 0.00039701909550871175
2026-01-13 15:35:35 - train: epoch 58, iter:110, loss: 0.1752, lr: 0.00039701909550871175
2026-01-13 15:35:40 - train: epoch 58, iter:120, loss: 0.3608, lr: 0.00039701909550871175
2026-01-13 15:35:46 - train: epoch 58, iter:130, loss: 0.1570, lr: 0.00039701909550871175
2026-01-13 15:35:50 - Finish one epoch train: epoch 58, loss: 0.2418, time(s): 77.04
2026-01-13 15:36:32 - [Val] Epoch 58, Mean Dice: 0.7653 , Time: 41.59s
2026-01-13 15:36:33 - train: epoch 59, iter:0, loss: 0.1454, lr: 0.000381898505853397
2026-01-13 15:36:38 - train: epoch 59, iter:10, loss: 0.3818, lr: 0.000381898505853397
2026-01-13 15:36:44 - train: epoch 59, iter:20, loss: 0.1994, lr: 0.000381898505853397
2026-01-13 15:36:50 - train: epoch 59, iter:30, loss: 0.1836, lr: 0.000381898505853397
2026-01-13 15:36:55 - train: epoch 59, iter:40, loss: 0.3263, lr: 0.000381898505853397
2026-01-13 15:37:01 - train: epoch 59, iter:50, loss: 0.1618, lr: 0.000381898505853397
2026-01-13 15:37:06 - train: epoch 59, iter:60, loss: 0.1254, lr: 0.000381898505853397
2026-01-13 15:37:12 - train: epoch 59, iter:70, loss: 0.1496, lr: 0.000381898505853397
2026-01-13 15:37:17 - train: epoch 59, iter:80, loss: 0.1382, lr: 0.000381898505853397
2026-01-13 15:37:23 - train: epoch 59, iter:90, loss: 0.1412, lr: 0.000381898505853397
2026-01-13 15:37:29 - train: epoch 59, iter:100, loss: 0.1910, lr: 0.000381898505853397
2026-01-13 15:37:35 - train: epoch 59, iter:110, loss: 0.1571, lr: 0.000381898505853397
2026-01-13 15:37:40 - train: epoch 59, iter:120, loss: 0.1390, lr: 0.000381898505853397
2026-01-13 15:37:46 - train: epoch 59, iter:130, loss: 0.2633, lr: 0.000381898505853397
2026-01-13 15:37:50 - Finish one epoch train: epoch 59, loss: 0.2198, time(s): 78.32
2026-01-13 15:38:33 - [Val] Epoch 59, Mean Dice: 0.7796 , Time: 42.15s
2026-01-13 15:38:34 - train: epoch 60, iter:0, loss: 0.3570, lr: 0.00036689940251058173
2026-01-13 15:38:39 - train: epoch 60, iter:10, loss: 0.1456, lr: 0.00036689940251058173
2026-01-13 15:38:45 - train: epoch 60, iter:20, loss: 0.1392, lr: 0.00036689940251058173
2026-01-13 15:38:51 - train: epoch 60, iter:30, loss: 0.1169, lr: 0.00036689940251058173
2026-01-13 15:38:57 - train: epoch 60, iter:40, loss: 0.1404, lr: 0.00036689940251058173
2026-01-13 15:39:02 - train: epoch 60, iter:50, loss: 0.1785, lr: 0.00036689940251058173
2026-01-13 15:39:08 - train: epoch 60, iter:60, loss: 0.1302, lr: 0.00036689940251058173
2026-01-13 15:39:14 - train: epoch 60, iter:70, loss: 0.1828, lr: 0.00036689940251058173
2026-01-13 15:39:19 - train: epoch 60, iter:80, loss: 0.1510, lr: 0.00036689940251058173
2026-01-13 15:39:25 - train: epoch 60, iter:90, loss: 0.3282, lr: 0.00036689940251058173
2026-01-13 15:39:31 - train: epoch 60, iter:100, loss: 0.1369, lr: 0.00036689940251058173
2026-01-13 15:39:36 - train: epoch 60, iter:110, loss: 0.1571, lr: 0.00036689940251058173
2026-01-13 15:39:41 - train: epoch 60, iter:120, loss: 0.1380, lr: 0.00036689940251058173
2026-01-13 15:39:47 - train: epoch 60, iter:130, loss: 0.1434, lr: 0.00036689940251058173
2026-01-13 15:39:51 - Finish one epoch train: epoch 60, loss: 0.2032, time(s): 78.27
2026-01-13 15:40:34 - [Val] Epoch 60, Mean Dice: 0.7753 , Time: 42.47s
2026-01-13 15:40:35 - train: epoch 61, iter:0, loss: 0.1974, lr: 0.00035203658778440135
2026-01-13 15:40:40 - train: epoch 61, iter:10, loss: 0.2175, lr: 0.00035203658778440135
2026-01-13 15:40:46 - train: epoch 61, iter:20, loss: 0.1222, lr: 0.00035203658778440135
2026-01-13 15:40:51 - train: epoch 61, iter:30, loss: 0.5254, lr: 0.00035203658778440135
2026-01-13 15:40:57 - train: epoch 61, iter:40, loss: 0.1527, lr: 0.00035203658778440135
2026-01-13 15:41:03 - train: epoch 61, iter:50, loss: 0.1392, lr: 0.00035203658778440135
2026-01-13 15:41:08 - train: epoch 61, iter:60, loss: 0.3117, lr: 0.00035203658778440135
2026-01-13 15:41:14 - train: epoch 61, iter:70, loss: 0.1805, lr: 0.00035203658778440135
2026-01-13 15:41:19 - train: epoch 61, iter:80, loss: 0.1663, lr: 0.00035203658778440135
2026-01-13 15:41:25 - train: epoch 61, iter:90, loss: 0.1696, lr: 0.00035203658778440135
2026-01-13 15:41:30 - train: epoch 61, iter:100, loss: 0.1659, lr: 0.00035203658778440135
2026-01-13 15:41:35 - train: epoch 61, iter:110, loss: 0.3550, lr: 0.00035203658778440135
2026-01-13 15:41:41 - train: epoch 61, iter:120, loss: 0.1624, lr: 0.00035203658778440135
2026-01-13 15:41:46 - train: epoch 61, iter:130, loss: 0.2188, lr: 0.00035203658778440135
2026-01-13 15:41:51 - Finish one epoch train: epoch 61, loss: 0.2165, time(s): 76.04
2026-01-13 15:42:32 - [Val] Epoch 61, Mean Dice: 0.7964 , Time: 41.85s
2026-01-13 15:42:34 - train: epoch 62, iter:0, loss: 0.1752, lr: 0.00033732472947858096
2026-01-13 15:42:39 - train: epoch 62, iter:10, loss: 0.1548, lr: 0.00033732472947858096
2026-01-13 15:42:45 - train: epoch 62, iter:20, loss: 0.1665, lr: 0.00033732472947858096
2026-01-13 15:42:50 - train: epoch 62, iter:30, loss: 0.1464, lr: 0.00033732472947858096
2026-01-13 15:42:56 - train: epoch 62, iter:40, loss: 0.3409, lr: 0.00033732472947858096
2026-01-13 15:43:02 - train: epoch 62, iter:50, loss: 0.1674, lr: 0.00033732472947858096
2026-01-13 15:43:07 - train: epoch 62, iter:60, loss: 0.1818, lr: 0.00033732472947858096
2026-01-13 15:43:13 - train: epoch 62, iter:70, loss: 0.1908, lr: 0.00033732472947858096
2026-01-13 15:43:18 - train: epoch 62, iter:80, loss: 0.8159, lr: 0.00033732472947858096
2026-01-13 15:43:23 - train: epoch 62, iter:90, loss: 0.1353, lr: 0.00033732472947858096
2026-01-13 15:43:29 - train: epoch 62, iter:100, loss: 0.1955, lr: 0.00033732472947858096
2026-01-13 15:43:34 - train: epoch 62, iter:110, loss: 0.1346, lr: 0.00033732472947858096
2026-01-13 15:43:40 - train: epoch 62, iter:120, loss: 0.2104, lr: 0.00033732472947858096
2026-01-13 15:43:46 - train: epoch 62, iter:130, loss: 0.2420, lr: 0.00033732472947858096
2026-01-13 15:43:50 - Finish one epoch train: epoch 62, loss: 0.2219, time(s): 77.08
2026-01-13 15:44:32 - [Val] Epoch 62, Mean Dice: 0.7615 , Time: 42.16s
2026-01-13 15:44:34 - train: epoch 63, iter:0, loss: 0.1198, lr: 0.0003227783464210847
2026-01-13 15:44:39 - train: epoch 63, iter:10, loss: 0.1050, lr: 0.0003227783464210847
2026-01-13 15:44:45 - train: epoch 63, iter:20, loss: 0.1952, lr: 0.0003227783464210847
2026-01-13 15:44:51 - train: epoch 63, iter:30, loss: 0.1380, lr: 0.0003227783464210847
2026-01-13 15:44:57 - train: epoch 63, iter:40, loss: 0.7487, lr: 0.0003227783464210847
2026-01-13 15:45:02 - train: epoch 63, iter:50, loss: 0.1923, lr: 0.0003227783464210847
2026-01-13 15:45:08 - train: epoch 63, iter:60, loss: 0.1357, lr: 0.0003227783464210847
2026-01-13 15:45:13 - train: epoch 63, iter:70, loss: 0.1254, lr: 0.0003227783464210847
2026-01-13 15:45:19 - train: epoch 63, iter:80, loss: 0.3313, lr: 0.0003227783464210847
2026-01-13 15:45:25 - train: epoch 63, iter:90, loss: 0.5336, lr: 0.0003227783464210847
2026-01-13 15:45:30 - train: epoch 63, iter:100, loss: 0.3692, lr: 0.0003227783464210847
2026-01-13 15:45:36 - train: epoch 63, iter:110, loss: 0.3473, lr: 0.0003227783464210847
2026-01-13 15:45:41 - train: epoch 63, iter:120, loss: 0.1415, lr: 0.0003227783464210847
2026-01-13 15:45:47 - train: epoch 63, iter:130, loss: 0.3642, lr: 0.0003227783464210847
2026-01-13 15:45:51 - Finish one epoch train: epoch 63, loss: 0.2271, time(s): 78.45
2026-01-13 15:46:33 - [Val] Epoch 63, Mean Dice: 0.7943 , Time: 41.81s
2026-01-13 15:46:34 - train: epoch 64, iter:0, loss: 0.4355, lr: 0.0003084117941357837
2026-01-13 15:46:40 - train: epoch 64, iter:10, loss: 0.5501, lr: 0.0003084117941357837
2026-01-13 15:46:45 - train: epoch 64, iter:20, loss: 0.3807, lr: 0.0003084117941357837
2026-01-13 15:46:51 - train: epoch 64, iter:30, loss: 0.1656, lr: 0.0003084117941357837
2026-01-13 15:46:56 - train: epoch 64, iter:40, loss: 0.1846, lr: 0.0003084117941357837
2026-01-13 15:47:02 - train: epoch 64, iter:50, loss: 0.1609, lr: 0.0003084117941357837
2026-01-13 15:47:07 - train: epoch 64, iter:60, loss: 0.1613, lr: 0.0003084117941357837
2026-01-13 15:47:13 - train: epoch 64, iter:70, loss: 0.6365, lr: 0.0003084117941357837
2026-01-13 15:47:18 - train: epoch 64, iter:80, loss: 1.2237, lr: 0.0003084117941357837
2026-01-13 15:47:24 - train: epoch 64, iter:90, loss: 0.1510, lr: 0.0003084117941357837
2026-01-13 15:47:29 - train: epoch 64, iter:100, loss: 0.3355, lr: 0.0003084117941357837
2026-01-13 15:47:35 - train: epoch 64, iter:110, loss: 0.1387, lr: 0.0003084117941357837
2026-01-13 15:47:40 - train: epoch 64, iter:120, loss: 0.1126, lr: 0.0003084117941357837
2026-01-13 15:47:46 - train: epoch 64, iter:130, loss: 0.1389, lr: 0.0003084117941357837
2026-01-13 15:47:50 - Finish one epoch train: epoch 64, loss: 0.2299, time(s): 76.39
2026-01-13 15:48:32 - [Val] Epoch 64, Mean Dice: 0.7877 , Time: 41.44s
2026-01-13 15:48:33 - train: epoch 65, iter:0, loss: 0.5290, lr: 0.0002942392506752892
2026-01-13 15:48:39 - train: epoch 65, iter:10, loss: 0.1114, lr: 0.0002942392506752892
2026-01-13 15:48:44 - train: epoch 65, iter:20, loss: 0.1398, lr: 0.0002942392506752892
2026-01-13 15:48:50 - train: epoch 65, iter:30, loss: 0.3434, lr: 0.0002942392506752892
2026-01-13 15:48:55 - train: epoch 65, iter:40, loss: 0.0930, lr: 0.0002942392506752892
2026-01-13 15:49:01 - train: epoch 65, iter:50, loss: 0.1384, lr: 0.0002942392506752892
2026-01-13 15:49:06 - train: epoch 65, iter:60, loss: 0.1092, lr: 0.0002942392506752892
2026-01-13 15:49:12 - train: epoch 65, iter:70, loss: 0.1193, lr: 0.0002942392506752892
2026-01-13 15:49:17 - train: epoch 65, iter:80, loss: 0.3067, lr: 0.0002942392506752892
2026-01-13 15:49:23 - train: epoch 65, iter:90, loss: 0.1299, lr: 0.0002942392506752892
2026-01-13 15:49:28 - train: epoch 65, iter:100, loss: 0.3125, lr: 0.0002942392506752892
2026-01-13 15:49:34 - train: epoch 65, iter:110, loss: 0.1250, lr: 0.0002942392506752892
2026-01-13 15:49:39 - train: epoch 65, iter:120, loss: 0.1349, lr: 0.0002942392506752892
2026-01-13 15:49:45 - train: epoch 65, iter:130, loss: 0.1343, lr: 0.0002942392506752892
2026-01-13 15:49:49 - Finish one epoch train: epoch 65, loss: 0.1964, time(s): 76.70
2026-01-13 15:50:31 - [Val] Epoch 65, Mean Dice: 0.7741 , Time: 41.61s
2026-01-13 15:50:32 - train: epoch 66, iter:0, loss: 0.1146, lr: 0.0002802747026289245
2026-01-13 15:50:37 - train: epoch 66, iter:10, loss: 0.1472, lr: 0.0002802747026289245
2026-01-13 15:50:42 - train: epoch 66, iter:20, loss: 0.2724, lr: 0.0002802747026289245
2026-01-13 15:50:48 - train: epoch 66, iter:30, loss: 0.3311, lr: 0.0002802747026289245
2026-01-13 15:50:54 - train: epoch 66, iter:40, loss: 0.1149, lr: 0.0002802747026289245
2026-01-13 15:50:59 - train: epoch 66, iter:50, loss: 0.1551, lr: 0.0002802747026289245
2026-01-13 15:51:04 - train: epoch 66, iter:60, loss: 0.3617, lr: 0.0002802747026289245
2026-01-13 15:51:10 - train: epoch 66, iter:70, loss: 0.3637, lr: 0.0002802747026289245
2026-01-13 15:51:15 - train: epoch 66, iter:80, loss: 0.1432, lr: 0.0002802747026289245
2026-01-13 15:51:21 - train: epoch 66, iter:90, loss: 0.1354, lr: 0.0002802747026289245
2026-01-13 15:51:26 - train: epoch 66, iter:100, loss: 0.3561, lr: 0.0002802747026289245
2026-01-13 15:51:32 - train: epoch 66, iter:110, loss: 0.1105, lr: 0.0002802747026289245
2026-01-13 15:51:37 - train: epoch 66, iter:120, loss: 0.1611, lr: 0.0002802747026289245
2026-01-13 15:51:43 - train: epoch 66, iter:130, loss: 0.3769, lr: 0.0002802747026289245
2026-01-13 15:51:47 - Finish one epoch train: epoch 66, loss: 0.2136, time(s): 75.71
2026-01-13 15:52:28 - [Val] Epoch 66, Mean Dice: 0.7878 , Time: 41.27s
2026-01-13 15:52:29 - train: epoch 67, iter:0, loss: 0.1179, lr: 0.000266531931319651
2026-01-13 15:52:35 - train: epoch 67, iter:10, loss: 0.1248, lr: 0.000266531931319651
2026-01-13 15:52:41 - train: epoch 67, iter:20, loss: 0.1195, lr: 0.000266531931319651
2026-01-13 15:52:46 - train: epoch 67, iter:30, loss: 0.0944, lr: 0.000266531931319651
2026-01-13 15:52:51 - train: epoch 67, iter:40, loss: 0.1295, lr: 0.000266531931319651
2026-01-13 15:52:57 - train: epoch 67, iter:50, loss: 0.1092, lr: 0.000266531931319651
2026-01-13 15:53:02 - train: epoch 67, iter:60, loss: 0.1624, lr: 0.000266531931319651
2026-01-13 15:53:08 - train: epoch 67, iter:70, loss: 0.1602, lr: 0.000266531931319651
2026-01-13 15:53:13 - train: epoch 67, iter:80, loss: 0.1714, lr: 0.000266531931319651
2026-01-13 15:53:19 - train: epoch 67, iter:90, loss: 0.2036, lr: 0.000266531931319651
2026-01-13 15:53:24 - train: epoch 67, iter:100, loss: 0.1269, lr: 0.000266531931319651
2026-01-13 15:53:30 - train: epoch 67, iter:110, loss: 0.1288, lr: 0.000266531931319651
2026-01-13 15:53:35 - train: epoch 67, iter:120, loss: 0.3597, lr: 0.000266531931319651
2026-01-13 15:53:41 - train: epoch 67, iter:130, loss: 0.1256, lr: 0.000266531931319651
2026-01-13 15:53:45 - Finish one epoch train: epoch 67, loss: 0.2134, time(s): 76.51
2026-01-13 15:54:26 - [Val] Epoch 67, Mean Dice: 0.8057 , Time: 41.18s
2026-01-13 15:54:28 - train: epoch 68, iter:0, loss: 0.1206, lr: 0.0002530244992035663
2026-01-13 15:54:33 - train: epoch 68, iter:10, loss: 0.1200, lr: 0.0002530244992035663
2026-01-13 15:54:39 - train: epoch 68, iter:20, loss: 0.1684, lr: 0.0002530244992035663
2026-01-13 15:54:44 - train: epoch 68, iter:30, loss: 0.7304, lr: 0.0002530244992035663
2026-01-13 15:54:50 - train: epoch 68, iter:40, loss: 0.2319, lr: 0.0002530244992035663
2026-01-13 15:54:56 - train: epoch 68, iter:50, loss: 0.3342, lr: 0.0002530244992035663
2026-01-13 15:55:01 - train: epoch 68, iter:60, loss: 0.1769, lr: 0.0002530244992035663
2026-01-13 15:55:06 - train: epoch 68, iter:70, loss: 0.1267, lr: 0.0002530244992035663
2026-01-13 15:55:12 - train: epoch 68, iter:80, loss: 0.1171, lr: 0.0002530244992035663
2026-01-13 15:55:18 - train: epoch 68, iter:90, loss: 0.1206, lr: 0.0002530244992035663
2026-01-13 15:55:23 - train: epoch 68, iter:100, loss: 0.1265, lr: 0.0002530244992035663
2026-01-13 15:55:29 - train: epoch 68, iter:110, loss: 0.1415, lr: 0.0002530244992035663
2026-01-13 15:55:34 - train: epoch 68, iter:120, loss: 0.2043, lr: 0.0002530244992035663
2026-01-13 15:55:39 - train: epoch 68, iter:130, loss: 0.1446, lr: 0.0002530244992035663
2026-01-13 15:55:43 - Finish one epoch train: epoch 68, loss: 0.2061, time(s): 76.43
2026-01-13 15:56:25 - [Val] Epoch 68, Mean Dice: 0.7913 , Time: 41.73s
2026-01-13 15:56:26 - train: epoch 69, iter:0, loss: 0.1951, lr: 0.00023976573648539667
2026-01-13 15:56:32 - train: epoch 69, iter:10, loss: 0.1776, lr: 0.00023976573648539667
2026-01-13 15:56:37 - train: epoch 69, iter:20, loss: 0.3806, lr: 0.00023976573648539667
2026-01-13 15:56:43 - train: epoch 69, iter:30, loss: 0.1603, lr: 0.00023976573648539667
2026-01-13 15:56:48 - train: epoch 69, iter:40, loss: 0.1332, lr: 0.00023976573648539667
2026-01-13 15:56:54 - train: epoch 69, iter:50, loss: 0.1451, lr: 0.00023976573648539667
2026-01-13 15:56:59 - train: epoch 69, iter:60, loss: 0.1198, lr: 0.00023976573648539667
2026-01-13 15:57:05 - train: epoch 69, iter:70, loss: 0.1427, lr: 0.00023976573648539667
2026-01-13 15:57:10 - train: epoch 69, iter:80, loss: 0.1612, lr: 0.00023976573648539667
2026-01-13 15:57:15 - train: epoch 69, iter:90, loss: 0.0941, lr: 0.00023976573648539667
2026-01-13 15:57:21 - train: epoch 69, iter:100, loss: 0.2880, lr: 0.00023976573648539667
2026-01-13 15:57:26 - train: epoch 69, iter:110, loss: 0.3493, lr: 0.00023976573648539667
2026-01-13 15:57:32 - train: epoch 69, iter:120, loss: 0.1496, lr: 0.00023976573648539667
2026-01-13 15:57:37 - train: epoch 69, iter:130, loss: 0.3399, lr: 0.00023976573648539667
2026-01-13 15:57:41 - Finish one epoch train: epoch 69, loss: 0.2064, time(s): 75.62
2026-01-13 15:58:23 - [Val] Epoch 69, Mean Dice: 0.7818 , Time: 41.49s
2026-01-13 15:58:24 - train: epoch 70, iter:0, loss: 0.1335, lr: 0.00022676872796319544
2026-01-13 15:58:29 - train: epoch 70, iter:10, loss: 0.1337, lr: 0.00022676872796319544
2026-01-13 15:58:35 - train: epoch 70, iter:20, loss: 0.1026, lr: 0.00022676872796319544
2026-01-13 15:58:40 - train: epoch 70, iter:30, loss: 0.5077, lr: 0.00022676872796319544
2026-01-13 15:58:46 - train: epoch 70, iter:40, loss: 0.2790, lr: 0.00022676872796319544
2026-01-13 15:58:52 - train: epoch 70, iter:50, loss: 0.1103, lr: 0.00022676872796319544
2026-01-13 15:58:57 - train: epoch 70, iter:60, loss: 0.1752, lr: 0.00022676872796319544
2026-01-13 15:59:03 - train: epoch 70, iter:70, loss: 0.3499, lr: 0.00022676872796319544
2026-01-13 15:59:08 - train: epoch 70, iter:80, loss: 0.1504, lr: 0.00022676872796319544
2026-01-13 15:59:14 - train: epoch 70, iter:90, loss: 0.1492, lr: 0.00022676872796319544
2026-01-13 15:59:20 - train: epoch 70, iter:100, loss: 0.3306, lr: 0.00022676872796319544
2026-01-13 15:59:25 - train: epoch 70, iter:110, loss: 0.1308, lr: 0.00022676872796319544
2026-01-13 15:59:31 - train: epoch 70, iter:120, loss: 0.1842, lr: 0.00022676872796319544
2026-01-13 15:59:36 - train: epoch 70, iter:130, loss: 0.3656, lr: 0.00022676872796319544
2026-01-13 15:59:40 - Finish one epoch train: epoch 70, loss: 0.1995, time(s): 76.76
2026-01-13 16:00:22 - [Val] Epoch 70, Mean Dice: 0.7856 , Time: 42.10s
2026-01-13 16:00:23 - train: epoch 71, iter:0, loss: 0.1615, lr: 0.00021404630011522598
2026-01-13 16:00:29 - train: epoch 71, iter:10, loss: 0.1663, lr: 0.00021404630011522598
2026-01-13 16:00:35 - train: epoch 71, iter:20, loss: 0.1582, lr: 0.00021404630011522598
2026-01-13 16:00:40 - train: epoch 71, iter:30, loss: 0.1077, lr: 0.00021404630011522598
2026-01-13 16:00:46 - train: epoch 71, iter:40, loss: 0.1196, lr: 0.00021404630011522598
2026-01-13 16:00:51 - train: epoch 71, iter:50, loss: 0.1267, lr: 0.00021404630011522598
2026-01-13 16:00:57 - train: epoch 71, iter:60, loss: 0.1254, lr: 0.00021404630011522598
2026-01-13 16:01:02 - train: epoch 71, iter:70, loss: 0.1370, lr: 0.00021404630011522598
2026-01-13 16:01:08 - train: epoch 71, iter:80, loss: 0.1391, lr: 0.00021404630011522598
2026-01-13 16:01:13 - train: epoch 71, iter:90, loss: 0.1142, lr: 0.00021404630011522598
2026-01-13 16:01:19 - train: epoch 71, iter:100, loss: 0.1474, lr: 0.00021404630011522598
2026-01-13 16:01:24 - train: epoch 71, iter:110, loss: 0.1339, lr: 0.00021404630011522598
2026-01-13 16:01:30 - train: epoch 71, iter:120, loss: 0.3679, lr: 0.00021404630011522598
2026-01-13 16:01:35 - train: epoch 71, iter:130, loss: 0.3110, lr: 0.00021404630011522598
2026-01-13 16:01:39 - Finish one epoch train: epoch 71, loss: 0.2066, time(s): 76.45
2026-01-13 16:02:21 - [Val] Epoch 71, Mean Dice: 0.7977 , Time: 41.94s
2026-01-13 16:02:22 - train: epoch 72, iter:0, loss: 0.1351, lr: 0.00020161100844177672
2026-01-13 16:02:28 - train: epoch 72, iter:10, loss: 0.3203, lr: 0.00020161100844177672
2026-01-13 16:02:34 - train: epoch 72, iter:20, loss: 0.1485, lr: 0.00020161100844177672
2026-01-13 16:02:39 - train: epoch 72, iter:30, loss: 0.1395, lr: 0.00020161100844177672
2026-01-13 16:02:45 - train: epoch 72, iter:40, loss: 0.1421, lr: 0.00020161100844177672
2026-01-13 16:02:51 - train: epoch 72, iter:50, loss: 0.1239, lr: 0.00020161100844177672
2026-01-13 16:02:56 - train: epoch 72, iter:60, loss: 0.1437, lr: 0.00020161100844177672
2026-01-13 16:03:01 - train: epoch 72, iter:70, loss: 0.1737, lr: 0.00020161100844177672
2026-01-13 16:03:07 - train: epoch 72, iter:80, loss: 0.3237, lr: 0.00020161100844177672
2026-01-13 16:03:12 - train: epoch 72, iter:90, loss: 0.1098, lr: 0.00020161100844177672
2026-01-13 16:03:18 - train: epoch 72, iter:100, loss: 0.1489, lr: 0.00020161100844177672
2026-01-13 16:03:24 - train: epoch 72, iter:110, loss: 0.2026, lr: 0.00020161100844177672
2026-01-13 16:03:29 - train: epoch 72, iter:120, loss: 0.1721, lr: 0.00020161100844177672
2026-01-13 16:03:35 - train: epoch 72, iter:130, loss: 0.1837, lr: 0.00020161100844177672
2026-01-13 16:03:39 - Finish one epoch train: epoch 72, loss: 0.2000, time(s): 77.18
2026-01-13 16:04:20 - [Val] Epoch 72, Mean Dice: 0.7976 , Time: 41.40s
2026-01-13 16:04:21 - train: epoch 73, iter:0, loss: 0.5116, lr: 0.0001894751250743987
2026-01-13 16:04:27 - train: epoch 73, iter:10, loss: 0.1291, lr: 0.0001894751250743987
2026-01-13 16:04:33 - train: epoch 73, iter:20, loss: 0.0981, lr: 0.0001894751250743987
2026-01-13 16:04:38 - train: epoch 73, iter:30, loss: 0.1466, lr: 0.0001894751250743987
2026-01-13 16:04:44 - train: epoch 73, iter:40, loss: 0.1280, lr: 0.0001894751250743987
2026-01-13 16:04:49 - train: epoch 73, iter:50, loss: 0.3122, lr: 0.0001894751250743987
2026-01-13 16:04:55 - train: epoch 73, iter:60, loss: 0.1413, lr: 0.0001894751250743987
2026-01-13 16:05:01 - train: epoch 73, iter:70, loss: 0.3409, lr: 0.0001894751250743987
2026-01-13 16:05:06 - train: epoch 73, iter:80, loss: 0.3567, lr: 0.0001894751250743987
2026-01-13 16:05:12 - train: epoch 73, iter:90, loss: 0.1425, lr: 0.0001894751250743987
2026-01-13 16:05:17 - train: epoch 73, iter:100, loss: 0.3357, lr: 0.0001894751250743987
2026-01-13 16:05:23 - train: epoch 73, iter:110, loss: 0.1439, lr: 0.0001894751250743987
2026-01-13 16:05:28 - train: epoch 73, iter:120, loss: 0.1217, lr: 0.0001894751250743987
2026-01-13 16:05:33 - train: epoch 73, iter:130, loss: 0.1156, lr: 0.0001894751250743987
2026-01-13 16:05:37 - Finish one epoch train: epoch 73, loss: 0.2036, time(s): 76.48
2026-01-13 16:06:19 - [Val] Epoch 73, Mean Dice: 0.7939 , Time: 41.83s
2026-01-13 16:06:20 - train: epoch 74, iter:0, loss: 0.1347, lr: 0.00017765062666479255
2026-01-13 16:06:26 - train: epoch 74, iter:10, loss: 0.1126, lr: 0.00017765062666479255
2026-01-13 16:06:32 - train: epoch 74, iter:20, loss: 0.1116, lr: 0.00017765062666479255
2026-01-13 16:06:37 - train: epoch 74, iter:30, loss: 0.6807, lr: 0.00017765062666479255
2026-01-13 16:06:43 - train: epoch 74, iter:40, loss: 0.1782, lr: 0.00017765062666479255
2026-01-13 16:06:48 - train: epoch 74, iter:50, loss: 0.1016, lr: 0.00017765062666479255
2026-01-13 16:06:53 - train: epoch 74, iter:60, loss: 0.1387, lr: 0.00017765062666479255
2026-01-13 16:06:59 - train: epoch 74, iter:70, loss: 0.5289, lr: 0.00017765062666479255
2026-01-13 16:07:04 - train: epoch 74, iter:80, loss: 0.1280, lr: 0.00017765062666479255
2026-01-13 16:07:10 - train: epoch 74, iter:90, loss: 0.1183, lr: 0.00017765062666479255
2026-01-13 16:07:15 - train: epoch 74, iter:100, loss: 0.1080, lr: 0.00017765062666479255
2026-01-13 16:07:21 - train: epoch 74, iter:110, loss: 0.1580, lr: 0.00017765062666479255
2026-01-13 16:07:26 - train: epoch 74, iter:120, loss: 0.1370, lr: 0.00017765062666479255
2026-01-13 16:07:32 - train: epoch 74, iter:130, loss: 0.1267, lr: 0.00017765062666479255
2026-01-13 16:07:36 - Finish one epoch train: epoch 74, loss: 0.1996, time(s): 75.95
2026-01-13 16:08:17 - [Val] Epoch 74, Mean Dice: 0.7927 , Time: 41.37s
2026-01-13 16:08:18 - train: epoch 75, iter:0, loss: 0.1024, lr: 0.0001661491825652992
2026-01-13 16:08:24 - train: epoch 75, iter:10, loss: 0.3254, lr: 0.0001661491825652992
2026-01-13 16:08:29 - train: epoch 75, iter:20, loss: 0.1205, lr: 0.0001661491825652992
2026-01-13 16:08:35 - train: epoch 75, iter:30, loss: 0.1949, lr: 0.0001661491825652992
2026-01-13 16:08:41 - train: epoch 75, iter:40, loss: 0.5432, lr: 0.0001661491825652992
2026-01-13 16:08:46 - train: epoch 75, iter:50, loss: 0.1285, lr: 0.0001661491825652992
2026-01-13 16:08:52 - train: epoch 75, iter:60, loss: 0.7413, lr: 0.0001661491825652992
2026-01-13 16:08:57 - train: epoch 75, iter:70, loss: 0.1211, lr: 0.0001661491825652992
2026-01-13 16:09:03 - train: epoch 75, iter:80, loss: 0.1401, lr: 0.0001661491825652992
2026-01-13 16:09:08 - train: epoch 75, iter:90, loss: 0.1002, lr: 0.0001661491825652992
2026-01-13 16:09:14 - train: epoch 75, iter:100, loss: 0.3110, lr: 0.0001661491825652992
2026-01-13 16:09:19 - train: epoch 75, iter:110, loss: 0.1238, lr: 0.0001661491825652992
2026-01-13 16:09:25 - train: epoch 75, iter:120, loss: 0.1439, lr: 0.0001661491825652992
2026-01-13 16:09:30 - train: epoch 75, iter:130, loss: 0.3379, lr: 0.0001661491825652992
2026-01-13 16:09:34 - Finish one epoch train: epoch 75, loss: 0.2010, time(s): 76.74
2026-01-13 16:10:16 - [Val] Epoch 75, Mean Dice: 0.7808 , Time: 41.74s
2026-01-13 16:10:17 - train: epoch 76, iter:0, loss: 0.0992, lr: 0.00015498214331265912
2026-01-13 16:10:23 - train: epoch 76, iter:10, loss: 0.1468, lr: 0.00015498214331265912
2026-01-13 16:10:28 - train: epoch 76, iter:20, loss: 0.1197, lr: 0.00015498214331265912
2026-01-13 16:10:34 - train: epoch 76, iter:30, loss: 0.1178, lr: 0.00015498214331265912
2026-01-13 16:10:40 - train: epoch 76, iter:40, loss: 0.1455, lr: 0.00015498214331265912
2026-01-13 16:10:45 - train: epoch 76, iter:50, loss: 0.1510, lr: 0.00015498214331265912
2026-01-13 16:10:51 - train: epoch 76, iter:60, loss: 0.3375, lr: 0.00015498214331265912
2026-01-13 16:10:56 - train: epoch 76, iter:70, loss: 0.1559, lr: 0.00015498214331265912
2026-01-13 16:11:02 - train: epoch 76, iter:80, loss: 0.1277, lr: 0.00015498214331265912
2026-01-13 16:11:07 - train: epoch 76, iter:90, loss: 0.1691, lr: 0.00015498214331265912
2026-01-13 16:11:13 - train: epoch 76, iter:100, loss: 0.1241, lr: 0.00015498214331265912
2026-01-13 16:11:18 - train: epoch 76, iter:110, loss: 0.1792, lr: 0.00015498214331265912
2026-01-13 16:11:23 - train: epoch 76, iter:120, loss: 0.1278, lr: 0.00015498214331265912
2026-01-13 16:11:29 - train: epoch 76, iter:130, loss: 0.1139, lr: 0.00015498214331265912
2026-01-13 16:11:33 - Finish one epoch train: epoch 76, loss: 0.1992, time(s): 76.16
2026-01-13 16:12:14 - [Val] Epoch 76, Mean Dice: 0.7879 , Time: 40.92s
2026-01-13 16:12:15 - train: epoch 77, iter:0, loss: 0.1266, lr: 0.00014416052942640148
2026-01-13 16:12:20 - train: epoch 77, iter:10, loss: 0.1186, lr: 0.00014416052942640148
2026-01-13 16:12:26 - train: epoch 77, iter:20, loss: 0.1508, lr: 0.00014416052942640148
2026-01-13 16:12:32 - train: epoch 77, iter:30, loss: 0.3628, lr: 0.00014416052942640148
2026-01-13 16:12:37 - train: epoch 77, iter:40, loss: 0.1084, lr: 0.00014416052942640148
2026-01-13 16:12:43 - train: epoch 77, iter:50, loss: 0.3122, lr: 0.00014416052942640148
2026-01-13 16:12:48 - train: epoch 77, iter:60, loss: 0.1162, lr: 0.00014416052942640148
2026-01-13 16:12:54 - train: epoch 77, iter:70, loss: 0.3198, lr: 0.00014416052942640148
2026-01-13 16:12:59 - train: epoch 77, iter:80, loss: 0.1290, lr: 0.00014416052942640148
2026-01-13 16:13:05 - train: epoch 77, iter:90, loss: 0.1125, lr: 0.00014416052942640148
2026-01-13 16:13:10 - train: epoch 77, iter:100, loss: 0.1371, lr: 0.00014416052942640148
2026-01-13 16:13:16 - train: epoch 77, iter:110, loss: 0.1041, lr: 0.00014416052942640148
2026-01-13 16:13:22 - train: epoch 77, iter:120, loss: 0.1312, lr: 0.00014416052942640148
2026-01-13 16:13:28 - train: epoch 77, iter:130, loss: 0.1402, lr: 0.00014416052942640148
2026-01-13 16:13:32 - Finish one epoch train: epoch 77, loss: 0.1946, time(s): 77.40
2026-01-13 16:14:13 - [Val] Epoch 77, Mean Dice: 0.7873 , Time: 41.41s
2026-01-13 16:14:14 - train: epoch 78, iter:0, loss: 0.1052, lr: 0.00013369502053292258
2026-01-13 16:14:20 - train: epoch 78, iter:10, loss: 0.1174, lr: 0.00013369502053292258
2026-01-13 16:14:25 - train: epoch 78, iter:20, loss: 0.3201, lr: 0.00013369502053292258
2026-01-13 16:14:31 - train: epoch 78, iter:30, loss: 0.1116, lr: 0.00013369502053292258
2026-01-13 16:14:36 - train: epoch 78, iter:40, loss: 0.3098, lr: 0.00013369502053292258
2026-01-13 16:14:42 - train: epoch 78, iter:50, loss: 0.1497, lr: 0.00013369502053292258
2026-01-13 16:14:47 - train: epoch 78, iter:60, loss: 0.1047, lr: 0.00013369502053292258
2026-01-13 16:14:53 - train: epoch 78, iter:70, loss: 0.3267, lr: 0.00013369502053292258
2026-01-13 16:14:59 - train: epoch 78, iter:80, loss: 0.1198, lr: 0.00013369502053292258
2026-01-13 16:15:04 - train: epoch 78, iter:90, loss: 0.7223, lr: 0.00013369502053292258
2026-01-13 16:15:10 - train: epoch 78, iter:100, loss: 0.0984, lr: 0.00013369502053292258
2026-01-13 16:15:15 - train: epoch 78, iter:110, loss: 0.1831, lr: 0.00013369502053292258
2026-01-13 16:15:21 - train: epoch 78, iter:120, loss: 0.1296, lr: 0.00013369502053292258
2026-01-13 16:15:26 - train: epoch 78, iter:130, loss: 0.3412, lr: 0.00013369502053292258
2026-01-13 16:15:30 - Finish one epoch train: epoch 78, loss: 0.1787, time(s): 76.15
2026-01-13 16:16:12 - [Val] Epoch 78, Mean Dice: 0.7934 , Time: 41.99s
2026-01-13 16:16:13 - train: epoch 79, iter:0, loss: 0.1036, lr: 0.00012359594482598446
2026-01-13 16:16:19 - train: epoch 79, iter:10, loss: 0.1273, lr: 0.00012359594482598446
2026-01-13 16:16:24 - train: epoch 79, iter:20, loss: 0.1107, lr: 0.00012359594482598446
2026-01-13 16:16:30 - train: epoch 79, iter:30, loss: 0.1397, lr: 0.00012359594482598446
2026-01-13 16:16:35 - train: epoch 79, iter:40, loss: 0.1086, lr: 0.00012359594482598446
2026-01-13 16:16:41 - train: epoch 79, iter:50, loss: 0.1373, lr: 0.00012359594482598446
2026-01-13 16:16:46 - train: epoch 79, iter:60, loss: 0.0885, lr: 0.00012359594482598446
2026-01-13 16:16:52 - train: epoch 79, iter:70, loss: 0.1321, lr: 0.00012359594482598446
2026-01-13 16:16:57 - train: epoch 79, iter:80, loss: 0.1198, lr: 0.00012359594482598446
2026-01-13 16:17:03 - train: epoch 79, iter:90, loss: 0.1268, lr: 0.00012359594482598446
2026-01-13 16:17:08 - train: epoch 79, iter:100, loss: 0.1149, lr: 0.00012359594482598446
2026-01-13 16:17:14 - train: epoch 79, iter:110, loss: 0.1389, lr: 0.00012359594482598446
2026-01-13 16:17:20 - train: epoch 79, iter:120, loss: 0.3156, lr: 0.00012359594482598446
2026-01-13 16:17:25 - train: epoch 79, iter:130, loss: 0.1088, lr: 0.00012359594482598446
2026-01-13 16:17:29 - Finish one epoch train: epoch 79, loss: 0.1877, time(s): 76.81
2026-01-13 16:18:11 - [Val] Epoch 79, Mean Dice: 0.7874 , Time: 41.52s
2026-01-13 16:18:12 - train: epoch 80, iter:0, loss: 0.1597, lr: 0.00011387326887403332
2026-01-13 16:18:17 - train: epoch 80, iter:10, loss: 0.1336, lr: 0.00011387326887403332
2026-01-13 16:18:23 - train: epoch 80, iter:20, loss: 0.0889, lr: 0.00011387326887403332
2026-01-13 16:18:28 - train: epoch 80, iter:30, loss: 0.1017, lr: 0.00011387326887403332
2026-01-13 16:18:34 - train: epoch 80, iter:40, loss: 0.1110, lr: 0.00011387326887403332
2026-01-13 16:18:39 - train: epoch 80, iter:50, loss: 0.1452, lr: 0.00011387326887403332
2026-01-13 16:18:45 - train: epoch 80, iter:60, loss: 0.3159, lr: 0.00011387326887403332
2026-01-13 16:18:50 - train: epoch 80, iter:70, loss: 0.1194, lr: 0.00011387326887403332
2026-01-13 16:18:56 - train: epoch 80, iter:80, loss: 0.5088, lr: 0.00011387326887403332
2026-01-13 16:19:01 - train: epoch 80, iter:90, loss: 0.1591, lr: 0.00011387326887403332
2026-01-13 16:19:07 - train: epoch 80, iter:100, loss: 0.1093, lr: 0.00011387326887403332
2026-01-13 16:19:12 - train: epoch 80, iter:110, loss: 0.1175, lr: 0.00011387326887403332
2026-01-13 16:19:17 - train: epoch 80, iter:120, loss: 0.1701, lr: 0.00011387326887403332
2026-01-13 16:19:23 - train: epoch 80, iter:130, loss: 0.1647, lr: 0.00011387326887403332
2026-01-13 16:19:27 - Finish one epoch train: epoch 80, loss: 0.1827, time(s): 75.80
2026-01-13 16:20:09 - [Val] Epoch 80, Mean Dice: 0.7938 , Time: 41.49s
2026-01-13 16:20:10 - train: epoch 81, iter:0, loss: 0.3371, lr: 0.00010453658778440112
2026-01-13 16:20:15 - train: epoch 81, iter:10, loss: 0.1402, lr: 0.00010453658778440112
2026-01-13 16:20:21 - train: epoch 81, iter:20, loss: 0.0965, lr: 0.00010453658778440112
2026-01-13 16:20:26 - train: epoch 81, iter:30, loss: 0.1452, lr: 0.00010453658778440112
2026-01-13 16:20:32 - train: epoch 81, iter:40, loss: 0.1198, lr: 0.00010453658778440112
2026-01-13 16:20:37 - train: epoch 81, iter:50, loss: 0.1196, lr: 0.00010453658778440112
2026-01-13 16:20:43 - train: epoch 81, iter:60, loss: 0.1131, lr: 0.00010453658778440112
2026-01-13 16:20:48 - train: epoch 81, iter:70, loss: 0.1215, lr: 0.00010453658778440112
2026-01-13 16:20:54 - train: epoch 81, iter:80, loss: 0.1156, lr: 0.00010453658778440112
2026-01-13 16:20:59 - train: epoch 81, iter:90, loss: 0.1487, lr: 0.00010453658778440112
2026-01-13 16:21:05 - train: epoch 81, iter:100, loss: 0.1404, lr: 0.00010453658778440112
2026-01-13 16:21:11 - train: epoch 81, iter:110, loss: 0.1292, lr: 0.00010453658778440112
2026-01-13 16:21:16 - train: epoch 81, iter:120, loss: 0.3445, lr: 0.00010453658778440112
2026-01-13 16:21:22 - train: epoch 81, iter:130, loss: 0.1174, lr: 0.00010453658778440112
2026-01-13 16:21:26 - Finish one epoch train: epoch 81, loss: 0.1725, time(s): 77.03
2026-01-13 16:22:08 - [Val] Epoch 81, Mean Dice: 0.7744 , Time: 41.99s
2026-01-13 16:22:09 - train: epoch 82, iter:0, loss: 0.0952, lr: 9.5595115734092e-05
2026-01-13 16:22:15 - train: epoch 82, iter:10, loss: 0.1499, lr: 9.5595115734092e-05
2026-01-13 16:22:20 - train: epoch 82, iter:20, loss: 0.1176, lr: 9.5595115734092e-05
2026-01-13 16:22:26 - train: epoch 82, iter:30, loss: 0.2998, lr: 9.5595115734092e-05
2026-01-13 16:22:32 - train: epoch 82, iter:40, loss: 0.1789, lr: 9.5595115734092e-05
2026-01-13 16:22:37 - train: epoch 82, iter:50, loss: 0.3364, lr: 9.5595115734092e-05
2026-01-13 16:22:43 - train: epoch 82, iter:60, loss: 0.1005, lr: 9.5595115734092e-05
2026-01-13 16:22:48 - train: epoch 82, iter:70, loss: 0.1335, lr: 9.5595115734092e-05
2026-01-13 16:22:54 - train: epoch 82, iter:80, loss: 0.1229, lr: 9.5595115734092e-05
2026-01-13 16:22:59 - train: epoch 82, iter:90, loss: 0.1113, lr: 9.5595115734092e-05
2026-01-13 16:23:05 - train: epoch 82, iter:100, loss: 0.1291, lr: 9.5595115734092e-05
2026-01-13 16:23:10 - train: epoch 82, iter:110, loss: 0.1208, lr: 9.5595115734092e-05
2026-01-13 16:23:16 - train: epoch 82, iter:120, loss: 0.1025, lr: 9.5595115734092e-05
2026-01-13 16:23:22 - train: epoch 82, iter:130, loss: 0.0913, lr: 9.5595115734092e-05
2026-01-13 16:23:26 - Finish one epoch train: epoch 82, loss: 0.1722, time(s): 77.21
2026-01-13 16:24:07 - [Val] Epoch 82, Mean Dice: 0.7679 , Time: 41.27s
2026-01-13 16:24:08 - train: epoch 83, iter:0, loss: 0.1705, lr: 8.705767687650269e-05
2026-01-13 16:24:14 - train: epoch 83, iter:10, loss: 0.0979, lr: 8.705767687650269e-05
2026-01-13 16:24:19 - train: epoch 83, iter:20, loss: 0.1131, lr: 8.705767687650269e-05
2026-01-13 16:24:24 - train: epoch 83, iter:30, loss: 0.1980, lr: 8.705767687650269e-05
2026-01-13 16:24:30 - train: epoch 83, iter:40, loss: 0.1458, lr: 8.705767687650269e-05
2026-01-13 16:24:35 - train: epoch 83, iter:50, loss: 0.0897, lr: 8.705767687650269e-05
2026-01-13 16:24:41 - train: epoch 83, iter:60, loss: 0.1045, lr: 8.705767687650269e-05
2026-01-13 16:24:47 - train: epoch 83, iter:70, loss: 0.1809, lr: 8.705767687650269e-05
2026-01-13 16:24:52 - train: epoch 83, iter:80, loss: 0.1083, lr: 8.705767687650269e-05
2026-01-13 16:24:58 - train: epoch 83, iter:90, loss: 0.3463, lr: 8.705767687650269e-05
2026-01-13 16:25:04 - train: epoch 83, iter:100, loss: 0.2994, lr: 8.705767687650269e-05
2026-01-13 16:25:09 - train: epoch 83, iter:110, loss: 0.3173, lr: 8.705767687650269e-05
2026-01-13 16:25:15 - train: epoch 83, iter:120, loss: 0.1018, lr: 8.705767687650269e-05
2026-01-13 16:25:20 - train: epoch 83, iter:130, loss: 0.4656, lr: 8.705767687650269e-05
2026-01-13 16:25:24 - Finish one epoch train: epoch 83, loss: 0.1807, time(s): 76.70
2026-01-13 16:26:06 - [Val] Epoch 83, Mean Dice: 0.7698 , Time: 41.47s
2026-01-13 16:26:07 - train: epoch 84, iter:0, loss: 0.1055, lr: 7.893269663304787e-05
2026-01-13 16:26:13 - train: epoch 84, iter:10, loss: 0.2896, lr: 7.893269663304787e-05
2026-01-13 16:26:19 - train: epoch 84, iter:20, loss: 0.1228, lr: 7.893269663304787e-05
2026-01-13 16:26:24 - train: epoch 84, iter:30, loss: 0.1323, lr: 7.893269663304787e-05
2026-01-13 16:26:30 - train: epoch 84, iter:40, loss: 0.1162, lr: 7.893269663304787e-05
2026-01-13 16:26:35 - train: epoch 84, iter:50, loss: 0.2520, lr: 7.893269663304787e-05
2026-01-13 16:26:41 - train: epoch 84, iter:60, loss: 0.3248, lr: 7.893269663304787e-05
2026-01-13 16:26:46 - train: epoch 84, iter:70, loss: 0.1662, lr: 7.893269663304787e-05
2026-01-13 16:26:52 - train: epoch 84, iter:80, loss: 0.1451, lr: 7.893269663304787e-05
2026-01-13 16:26:58 - train: epoch 84, iter:90, loss: 0.1423, lr: 7.893269663304787e-05
2026-01-13 16:27:03 - train: epoch 84, iter:100, loss: 0.2375, lr: 7.893269663304787e-05
2026-01-13 16:27:09 - train: epoch 84, iter:110, loss: 0.1646, lr: 7.893269663304787e-05
2026-01-13 16:27:15 - train: epoch 84, iter:120, loss: 0.3157, lr: 7.893269663304787e-05
2026-01-13 16:27:21 - train: epoch 84, iter:130, loss: 0.1646, lr: 7.893269663304787e-05
2026-01-13 16:27:25 - Finish one epoch train: epoch 84, loss: 0.1823, time(s): 78.01
2026-01-13 16:28:06 - [Val] Epoch 84, Mean Dice: 0.7675 , Time: 41.48s
2026-01-13 16:28:07 - train: epoch 85, iter:0, loss: 0.1688, lr: 7.122819337828756e-05
2026-01-13 16:28:13 - train: epoch 85, iter:10, loss: 0.3083, lr: 7.122819337828756e-05
2026-01-13 16:28:19 - train: epoch 85, iter:20, loss: 0.0937, lr: 7.122819337828756e-05
2026-01-13 16:28:24 - train: epoch 85, iter:30, loss: 0.3204, lr: 7.122819337828756e-05
2026-01-13 16:28:30 - train: epoch 85, iter:40, loss: 0.0891, lr: 7.122819337828756e-05
2026-01-13 16:28:35 - train: epoch 85, iter:50, loss: 0.2445, lr: 7.122819337828756e-05
2026-01-13 16:28:41 - train: epoch 85, iter:60, loss: 0.2060, lr: 7.122819337828756e-05
2026-01-13 16:28:47 - train: epoch 85, iter:70, loss: 0.1149, lr: 7.122819337828756e-05
2026-01-13 16:28:53 - train: epoch 85, iter:80, loss: 0.1664, lr: 7.122819337828756e-05
2026-01-13 16:28:59 - train: epoch 85, iter:90, loss: 0.1097, lr: 7.122819337828756e-05
2026-01-13 16:29:04 - train: epoch 85, iter:100, loss: 0.1393, lr: 7.122819337828756e-05
2026-01-13 16:29:10 - train: epoch 85, iter:110, loss: 0.1301, lr: 7.122819337828756e-05
2026-01-13 16:29:15 - train: epoch 85, iter:120, loss: 0.1029, lr: 7.122819337828756e-05
2026-01-13 16:29:21 - train: epoch 85, iter:130, loss: 0.4141, lr: 7.122819337828756e-05
2026-01-13 16:29:25 - Finish one epoch train: epoch 85, loss: 0.1632, time(s): 78.09
2026-01-13 16:30:07 - [Val] Epoch 85, Mean Dice: 0.7739 , Time: 42.00s
2026-01-13 16:30:08 - train: epoch 86, iter:0, loss: 0.1418, lr: 6.395177052675798e-05
2026-01-13 16:30:13 - train: epoch 86, iter:10, loss: 0.2783, lr: 6.395177052675798e-05
2026-01-13 16:30:19 - train: epoch 86, iter:20, loss: 0.1346, lr: 6.395177052675798e-05
2026-01-13 16:30:24 - train: epoch 86, iter:30, loss: 0.1977, lr: 6.395177052675798e-05
2026-01-13 16:30:30 - train: epoch 86, iter:40, loss: 0.1986, lr: 6.395177052675798e-05
2026-01-13 16:30:36 - train: epoch 86, iter:50, loss: 0.1493, lr: 6.395177052675798e-05
2026-01-13 16:30:41 - train: epoch 86, iter:60, loss: 0.1398, lr: 6.395177052675798e-05
2026-01-13 16:30:47 - train: epoch 86, iter:70, loss: 0.1519, lr: 6.395177052675798e-05
2026-01-13 16:30:52 - train: epoch 86, iter:80, loss: 0.1344, lr: 6.395177052675798e-05
2026-01-13 16:30:58 - train: epoch 86, iter:90, loss: 0.2963, lr: 6.395177052675798e-05
2026-01-13 16:31:03 - train: epoch 86, iter:100, loss: 0.1103, lr: 6.395177052675798e-05
2026-01-13 16:31:09 - train: epoch 86, iter:110, loss: 0.1486, lr: 6.395177052675798e-05
2026-01-13 16:31:15 - train: epoch 86, iter:120, loss: 0.1203, lr: 6.395177052675798e-05
2026-01-13 16:31:20 - train: epoch 86, iter:130, loss: 0.1495, lr: 6.395177052675798e-05
2026-01-13 16:31:24 - Finish one epoch train: epoch 86, loss: 0.1761, time(s): 77.06
2026-01-13 16:32:06 - [Val] Epoch 86, Mean Dice: 0.7873 , Time: 41.81s
2026-01-13 16:32:07 - train: epoch 87, iter:0, loss: 0.7334, lr: 5.711060902932045e-05
2026-01-13 16:32:13 - train: epoch 87, iter:10, loss: 0.2314, lr: 5.711060902932045e-05
2026-01-13 16:32:18 - train: epoch 87, iter:20, loss: 0.7261, lr: 5.711060902932045e-05
2026-01-13 16:32:24 - train: epoch 87, iter:30, loss: 0.1389, lr: 5.711060902932045e-05
2026-01-13 16:32:29 - train: epoch 87, iter:40, loss: 0.1424, lr: 5.711060902932045e-05
2026-01-13 16:32:35 - train: epoch 87, iter:50, loss: 0.3274, lr: 5.711060902932045e-05
2026-01-13 16:32:41 - train: epoch 87, iter:60, loss: 0.1272, lr: 5.711060902932045e-05
2026-01-13 16:32:46 - train: epoch 87, iter:70, loss: 0.1236, lr: 5.711060902932045e-05
2026-01-13 16:32:52 - train: epoch 87, iter:80, loss: 0.2141, lr: 5.711060902932045e-05
2026-01-13 16:32:57 - train: epoch 87, iter:90, loss: 0.1861, lr: 5.711060902932045e-05
2026-01-13 16:33:03 - train: epoch 87, iter:100, loss: 0.1215, lr: 5.711060902932045e-05
2026-01-13 16:33:08 - train: epoch 87, iter:110, loss: 0.1263, lr: 5.711060902932045e-05
2026-01-13 16:33:14 - train: epoch 87, iter:120, loss: 0.1586, lr: 5.711060902932045e-05
2026-01-13 16:33:20 - train: epoch 87, iter:130, loss: 0.1145, lr: 5.711060902932045e-05
2026-01-13 16:33:23 - Finish one epoch train: epoch 87, loss: 0.1752, time(s): 76.85
2026-01-13 16:34:05 - [Val] Epoch 87, Mean Dice: 0.7610 , Time: 41.15s
2026-01-13 16:34:06 - train: epoch 88, iter:0, loss: 0.3121, lr: 5.071146028642948e-05
2026-01-13 16:34:11 - train: epoch 88, iter:10, loss: 0.2135, lr: 5.071146028642948e-05
2026-01-13 16:34:17 - train: epoch 88, iter:20, loss: 0.1315, lr: 5.071146028642948e-05
2026-01-13 16:34:22 - train: epoch 88, iter:30, loss: 0.1233, lr: 5.071146028642948e-05
2026-01-13 16:34:28 - train: epoch 88, iter:40, loss: 0.2901, lr: 5.071146028642948e-05
2026-01-13 16:34:33 - train: epoch 88, iter:50, loss: 0.1182, lr: 5.071146028642948e-05
2026-01-13 16:34:39 - train: epoch 88, iter:60, loss: 0.1415, lr: 5.071146028642948e-05
2026-01-13 16:34:44 - train: epoch 88, iter:70, loss: 0.1192, lr: 5.071146028642948e-05
2026-01-13 16:34:50 - train: epoch 88, iter:80, loss: 0.1208, lr: 5.071146028642948e-05
2026-01-13 16:34:55 - train: epoch 88, iter:90, loss: 0.2901, lr: 5.071146028642948e-05
2026-01-13 16:35:01 - train: epoch 88, iter:100, loss: 0.1261, lr: 5.071146028642948e-05
2026-01-13 16:35:06 - train: epoch 88, iter:110, loss: 0.1049, lr: 5.071146028642948e-05
2026-01-13 16:35:12 - train: epoch 88, iter:120, loss: 0.1258, lr: 5.071146028642948e-05
2026-01-13 16:35:17 - train: epoch 88, iter:130, loss: 0.1230, lr: 5.071146028642948e-05
2026-01-13 16:35:21 - Finish one epoch train: epoch 88, loss: 0.1704, time(s): 76.14
2026-01-13 16:36:03 - [Val] Epoch 88, Mean Dice: 0.7759 , Time: 41.70s
2026-01-13 16:36:04 - train: epoch 89, iter:0, loss: 0.1517, lr: 4.476063948531561e-05
2026-01-13 16:36:10 - train: epoch 89, iter:10, loss: 0.1347, lr: 4.476063948531561e-05
2026-01-13 16:36:15 - train: epoch 89, iter:20, loss: 0.0981, lr: 4.476063948531561e-05
2026-01-13 16:36:21 - train: epoch 89, iter:30, loss: 0.1079, lr: 4.476063948531561e-05
2026-01-13 16:36:26 - train: epoch 89, iter:40, loss: 0.1352, lr: 4.476063948531561e-05
2026-01-13 16:36:32 - train: epoch 89, iter:50, loss: 0.1467, lr: 4.476063948531561e-05
2026-01-13 16:36:37 - train: epoch 89, iter:60, loss: 0.1285, lr: 4.476063948531561e-05
2026-01-13 16:36:43 - train: epoch 89, iter:70, loss: 0.3448, lr: 4.476063948531561e-05
2026-01-13 16:36:49 - train: epoch 89, iter:80, loss: 0.1305, lr: 4.476063948531561e-05
2026-01-13 16:36:54 - train: epoch 89, iter:90, loss: 0.1103, lr: 4.476063948531561e-05
2026-01-13 16:36:59 - train: epoch 89, iter:100, loss: 0.1863, lr: 4.476063948531561e-05
2026-01-13 16:37:05 - train: epoch 89, iter:110, loss: 0.1186, lr: 4.476063948531561e-05
2026-01-13 16:37:10 - train: epoch 89, iter:120, loss: 0.1198, lr: 4.476063948531561e-05
2026-01-13 16:37:16 - train: epoch 89, iter:130, loss: 0.1646, lr: 4.476063948531561e-05
2026-01-13 16:37:20 - Finish one epoch train: epoch 89, loss: 0.1595, time(s): 76.27
2026-01-13 16:38:01 - [Val] Epoch 89, Mean Dice: 0.7780 , Time: 41.15s
2026-01-13 16:38:02 - train: epoch 90, iter:0, loss: 0.1371, lr: 3.9264019367658426e-05
2026-01-13 16:38:08 - train: epoch 90, iter:10, loss: 0.1266, lr: 3.9264019367658426e-05
2026-01-13 16:38:13 - train: epoch 90, iter:20, loss: 0.1760, lr: 3.9264019367658426e-05
2026-01-13 16:38:19 - train: epoch 90, iter:30, loss: 0.1106, lr: 3.9264019367658426e-05
2026-01-13 16:38:24 - train: epoch 90, iter:40, loss: 0.1135, lr: 3.9264019367658426e-05
2026-01-13 16:38:30 - train: epoch 90, iter:50, loss: 0.1101, lr: 3.9264019367658426e-05
2026-01-13 16:38:35 - train: epoch 90, iter:60, loss: 0.2464, lr: 3.9264019367658426e-05
2026-01-13 16:38:41 - train: epoch 90, iter:70, loss: 0.1026, lr: 3.9264019367658426e-05
2026-01-13 16:38:46 - train: epoch 90, iter:80, loss: 0.1224, lr: 3.9264019367658426e-05
2026-01-13 16:38:52 - train: epoch 90, iter:90, loss: 0.1095, lr: 3.9264019367658426e-05
2026-01-13 16:38:57 - train: epoch 90, iter:100, loss: 0.1185, lr: 3.9264019367658426e-05
2026-01-13 16:39:03 - train: epoch 90, iter:110, loss: 0.1204, lr: 3.9264019367658426e-05
2026-01-13 16:39:09 - train: epoch 90, iter:120, loss: 0.1054, lr: 3.9264019367658426e-05
2026-01-13 16:39:14 - train: epoch 90, iter:130, loss: 0.0989, lr: 3.9264019367658426e-05
2026-01-13 16:39:18 - Finish one epoch train: epoch 90, loss: 0.1583, time(s): 76.64
2026-01-13 16:40:00 - [Val] Epoch 90, Mean Dice: 0.7836 , Time: 41.82s
2026-01-13 16:40:01 - train: epoch 91, iter:0, loss: 0.1487, lr: 3.4227024433899026e-05
2026-01-13 16:40:07 - train: epoch 91, iter:10, loss: 0.3405, lr: 3.4227024433899026e-05
2026-01-13 16:40:12 - train: epoch 91, iter:20, loss: 0.1360, lr: 3.4227024433899026e-05
2026-01-13 16:40:18 - train: epoch 91, iter:30, loss: 0.1095, lr: 3.4227024433899026e-05
2026-01-13 16:40:23 - train: epoch 91, iter:40, loss: 0.1250, lr: 3.4227024433899026e-05
2026-01-13 16:40:29 - train: epoch 91, iter:50, loss: 0.1177, lr: 3.4227024433899026e-05
2026-01-13 16:40:35 - train: epoch 91, iter:60, loss: 0.3084, lr: 3.4227024433899026e-05
2026-01-13 16:40:40 - train: epoch 91, iter:70, loss: 0.1238, lr: 3.4227024433899026e-05
2026-01-13 16:40:46 - train: epoch 91, iter:80, loss: 0.1143, lr: 3.4227024433899026e-05
2026-01-13 16:40:51 - train: epoch 91, iter:90, loss: 0.1366, lr: 3.4227024433899026e-05
2026-01-13 16:40:56 - train: epoch 91, iter:100, loss: 0.1209, lr: 3.4227024433899026e-05
2026-01-13 16:41:02 - train: epoch 91, iter:110, loss: 0.3457, lr: 3.4227024433899026e-05
2026-01-13 16:41:08 - train: epoch 91, iter:120, loss: 0.1622, lr: 3.4227024433899026e-05
2026-01-13 16:41:13 - train: epoch 91, iter:130, loss: 0.3250, lr: 3.4227024433899026e-05
2026-01-13 16:41:18 - Finish one epoch train: epoch 91, loss: 0.1673, time(s): 77.05
2026-01-13 16:41:59 - [Val] Epoch 91, Mean Dice: 0.7827 , Time: 41.79s
2026-01-13 16:42:01 - train: epoch 92, iter:0, loss: 0.1190, lr: 2.9654625589913258e-05
2026-01-13 16:42:06 - train: epoch 92, iter:10, loss: 0.1406, lr: 2.9654625589913258e-05
2026-01-13 16:42:12 - train: epoch 92, iter:20, loss: 0.3410, lr: 2.9654625589913258e-05
2026-01-13 16:42:18 - train: epoch 92, iter:30, loss: 0.0952, lr: 2.9654625589913258e-05
2026-01-13 16:42:23 - train: epoch 92, iter:40, loss: 0.1638, lr: 2.9654625589913258e-05
2026-01-13 16:42:29 - train: epoch 92, iter:50, loss: 0.1149, lr: 2.9654625589913258e-05
2026-01-13 16:42:34 - train: epoch 92, iter:60, loss: 0.1260, lr: 2.9654625589913258e-05
2026-01-13 16:42:40 - train: epoch 92, iter:70, loss: 0.1069, lr: 2.9654625589913258e-05
2026-01-13 16:42:45 - train: epoch 92, iter:80, loss: 0.1256, lr: 2.9654625589913258e-05
2026-01-13 16:42:51 - train: epoch 92, iter:90, loss: 0.1603, lr: 2.9654625589913258e-05
2026-01-13 16:42:56 - train: epoch 92, iter:100, loss: 0.1369, lr: 2.9654625589913258e-05
2026-01-13 16:43:02 - train: epoch 92, iter:110, loss: 0.1061, lr: 2.9654625589913258e-05
2026-01-13 16:43:07 - train: epoch 92, iter:120, loss: 0.1240, lr: 2.9654625589913258e-05
2026-01-13 16:43:12 - train: epoch 92, iter:130, loss: 0.1033, lr: 2.9654625589913258e-05
2026-01-13 16:43:16 - Finish one epoch train: epoch 92, loss: 0.1497, time(s): 76.40
2026-01-13 16:43:58 - [Val] Epoch 92, Mean Dice: 0.7830 , Time: 41.98s
2026-01-13 16:43:59 - train: epoch 93, iter:0, loss: 0.2053, lr: 2.5551335241327692e-05
2026-01-13 16:44:05 - train: epoch 93, iter:10, loss: 0.1482, lr: 2.5551335241327692e-05
2026-01-13 16:44:11 - train: epoch 93, iter:20, loss: 0.1339, lr: 2.5551335241327692e-05
2026-01-13 16:44:16 - train: epoch 93, iter:30, loss: 0.1097, lr: 2.5551335241327692e-05
2026-01-13 16:44:22 - train: epoch 93, iter:40, loss: 0.1470, lr: 2.5551335241327692e-05
2026-01-13 16:44:27 - train: epoch 93, iter:50, loss: 0.1011, lr: 2.5551335241327692e-05
2026-01-13 16:44:33 - train: epoch 93, iter:60, loss: 0.1033, lr: 2.5551335241327692e-05
2026-01-13 16:44:39 - train: epoch 93, iter:70, loss: 0.1268, lr: 2.5551335241327692e-05
2026-01-13 16:44:45 - train: epoch 93, iter:80, loss: 0.1083, lr: 2.5551335241327692e-05
2026-01-13 16:44:50 - train: epoch 93, iter:90, loss: 0.3319, lr: 2.5551335241327692e-05
2026-01-13 16:44:56 - train: epoch 93, iter:100, loss: 0.0933, lr: 2.5551335241327692e-05
2026-01-13 16:45:01 - train: epoch 93, iter:110, loss: 0.1330, lr: 2.5551335241327692e-05
2026-01-13 16:45:07 - train: epoch 93, iter:120, loss: 0.0979, lr: 2.5551335241327692e-05
2026-01-13 16:45:12 - train: epoch 93, iter:130, loss: 0.0977, lr: 2.5551335241327692e-05
2026-01-13 16:45:16 - Finish one epoch train: epoch 93, loss: 0.1445, time(s): 77.30
2026-01-13 16:45:57 - [Val] Epoch 93, Mean Dice: 0.7823 , Time: 41.23s
2026-01-13 16:45:59 - train: epoch 94, iter:0, loss: 0.1039, lr: 2.192120284032009e-05
2026-01-13 16:46:04 - train: epoch 94, iter:10, loss: 0.1321, lr: 2.192120284032009e-05
2026-01-13 16:46:10 - train: epoch 94, iter:20, loss: 0.1278, lr: 2.192120284032009e-05
2026-01-13 16:46:15 - train: epoch 94, iter:30, loss: 0.1391, lr: 2.192120284032009e-05
2026-01-13 16:46:21 - train: epoch 94, iter:40, loss: 0.0969, lr: 2.192120284032009e-05
2026-01-13 16:46:26 - train: epoch 94, iter:50, loss: 0.0972, lr: 2.192120284032009e-05
2026-01-13 16:46:32 - train: epoch 94, iter:60, loss: 0.1286, lr: 2.192120284032009e-05
2026-01-13 16:46:38 - train: epoch 94, iter:70, loss: 0.1391, lr: 2.192120284032009e-05
2026-01-13 16:46:43 - train: epoch 94, iter:80, loss: 0.1227, lr: 2.192120284032009e-05
2026-01-13 16:46:48 - train: epoch 94, iter:90, loss: 0.1188, lr: 2.192120284032009e-05
2026-01-13 16:46:54 - train: epoch 94, iter:100, loss: 0.1358, lr: 2.192120284032009e-05
2026-01-13 16:47:00 - train: epoch 94, iter:110, loss: 0.2428, lr: 2.192120284032009e-05
2026-01-13 16:47:05 - train: epoch 94, iter:120, loss: 0.1077, lr: 2.192120284032009e-05
2026-01-13 16:47:11 - train: epoch 94, iter:130, loss: 0.1572, lr: 2.192120284032009e-05
2026-01-13 16:47:15 - Finish one epoch train: epoch 94, loss: 0.1468, time(s): 76.57
2026-01-13 16:47:56 - [Val] Epoch 94, Mean Dice: 0.7794 , Time: 41.46s
2026-01-13 16:47:57 - train: epoch 95, iter:0, loss: 0.1081, lr: 1.8767810889299096e-05
2026-01-13 16:48:03 - train: epoch 95, iter:10, loss: 0.1168, lr: 1.8767810889299096e-05
2026-01-13 16:48:08 - train: epoch 95, iter:20, loss: 0.0803, lr: 1.8767810889299096e-05
2026-01-13 16:48:13 - train: epoch 95, iter:30, loss: 0.1290, lr: 1.8767810889299096e-05
2026-01-13 16:48:19 - train: epoch 95, iter:40, loss: 0.1218, lr: 1.8767810889299096e-05
2026-01-13 16:48:24 - train: epoch 95, iter:50, loss: 0.1143, lr: 1.8767810889299096e-05
2026-01-13 16:48:30 - train: epoch 95, iter:60, loss: 0.1073, lr: 1.8767810889299096e-05
2026-01-13 16:48:35 - train: epoch 95, iter:70, loss: 0.1304, lr: 1.8767810889299096e-05
2026-01-13 16:48:41 - train: epoch 95, iter:80, loss: 0.1029, lr: 1.8767810889299096e-05
2026-01-13 16:48:46 - train: epoch 95, iter:90, loss: 0.1452, lr: 1.8767810889299096e-05
2026-01-13 16:48:52 - train: epoch 95, iter:100, loss: 0.1109, lr: 1.8767810889299096e-05
2026-01-13 16:48:58 - train: epoch 95, iter:110, loss: 0.4172, lr: 1.8767810889299096e-05
2026-01-13 16:49:03 - train: epoch 95, iter:120, loss: 0.1265, lr: 1.8767810889299096e-05
2026-01-13 16:49:09 - train: epoch 95, iter:130, loss: 0.1650, lr: 1.8767810889299096e-05
2026-01-13 16:49:13 - Finish one epoch train: epoch 95, loss: 0.1584, time(s): 76.24
2026-01-13 16:49:54 - [Val] Epoch 95, Mean Dice: 0.7798 , Time: 41.37s
2026-01-13 16:49:55 - train: epoch 96, iter:0, loss: 0.1154, lr: 1.609427140540687e-05
2026-01-13 16:50:01 - train: epoch 96, iter:10, loss: 0.0947, lr: 1.609427140540687e-05
2026-01-13 16:50:07 - train: epoch 96, iter:20, loss: 0.0881, lr: 1.609427140540687e-05
2026-01-13 16:50:12 - train: epoch 96, iter:30, loss: 0.1303, lr: 1.609427140540687e-05
2026-01-13 16:50:18 - train: epoch 96, iter:40, loss: 0.3490, lr: 1.609427140540687e-05
2026-01-13 16:50:24 - train: epoch 96, iter:50, loss: 0.0955, lr: 1.609427140540687e-05
2026-01-13 16:50:29 - train: epoch 96, iter:60, loss: 0.1204, lr: 1.609427140540687e-05
2026-01-13 16:50:35 - train: epoch 96, iter:70, loss: 0.1153, lr: 1.609427140540687e-05
2026-01-13 16:50:40 - train: epoch 96, iter:80, loss: 0.3096, lr: 1.609427140540687e-05
2026-01-13 16:50:46 - train: epoch 96, iter:90, loss: 0.1497, lr: 1.609427140540687e-05
2026-01-13 16:50:51 - train: epoch 96, iter:100, loss: 0.1280, lr: 1.609427140540687e-05
2026-01-13 16:50:57 - train: epoch 96, iter:110, loss: 0.2155, lr: 1.609427140540687e-05
2026-01-13 16:51:02 - train: epoch 96, iter:120, loss: 0.1088, lr: 1.609427140540687e-05
2026-01-13 16:51:08 - train: epoch 96, iter:130, loss: 0.0862, lr: 1.609427140540687e-05
2026-01-13 16:51:12 - Finish one epoch train: epoch 96, loss: 0.1507, time(s): 76.98
2026-01-13 16:51:53 - [Val] Epoch 96, Mean Dice: 0.7804 , Time: 41.57s
2026-01-13 16:51:55 - train: epoch 97, iter:0, loss: 0.1119, lr: 1.3903222849333514e-05
2026-01-13 16:52:00 - train: epoch 97, iter:10, loss: 0.1099, lr: 1.3903222849333514e-05
2026-01-13 16:52:06 - train: epoch 97, iter:20, loss: 0.1204, lr: 1.3903222849333514e-05
2026-01-13 16:52:12 - train: epoch 97, iter:30, loss: 0.3307, lr: 1.3903222849333514e-05
2026-01-13 16:52:18 - train: epoch 97, iter:40, loss: 0.1145, lr: 1.3903222849333514e-05
2026-01-13 16:52:23 - train: epoch 97, iter:50, loss: 0.1211, lr: 1.3903222849333514e-05
2026-01-13 16:52:28 - train: epoch 97, iter:60, loss: 0.1399, lr: 1.3903222849333514e-05
2026-01-13 16:52:34 - train: epoch 97, iter:70, loss: 0.0961, lr: 1.3903222849333514e-05
2026-01-13 16:52:40 - train: epoch 97, iter:80, loss: 0.1300, lr: 1.3903222849333514e-05
2026-01-13 16:52:45 - train: epoch 97, iter:90, loss: 0.1309, lr: 1.3903222849333514e-05
2026-01-13 16:52:51 - train: epoch 97, iter:100, loss: 0.1071, lr: 1.3903222849333514e-05
2026-01-13 16:52:56 - train: epoch 97, iter:110, loss: 0.1339, lr: 1.3903222849333514e-05
2026-01-13 16:53:02 - train: epoch 97, iter:120, loss: 0.1163, lr: 1.3903222849333514e-05
2026-01-13 16:53:07 - train: epoch 97, iter:130, loss: 0.1345, lr: 1.3903222849333514e-05
2026-01-13 16:53:12 - Finish one epoch train: epoch 97, loss: 0.1489, time(s): 77.76
2026-01-13 16:53:53 - [Val] Epoch 97, Mean Dice: 0.7798 , Time: 41.33s
2026-01-13 16:53:54 - train: epoch 98, iter:0, loss: 0.2377, lr: 1.2196827521475406e-05
2026-01-13 16:54:00 - train: epoch 98, iter:10, loss: 0.1239, lr: 1.2196827521475406e-05
2026-01-13 16:54:06 - train: epoch 98, iter:20, loss: 0.1232, lr: 1.2196827521475406e-05
2026-01-13 16:54:11 - train: epoch 98, iter:30, loss: 0.1529, lr: 1.2196827521475406e-05
2026-01-13 16:54:17 - train: epoch 98, iter:40, loss: 0.0785, lr: 1.2196827521475406e-05
2026-01-13 16:54:22 - train: epoch 98, iter:50, loss: 0.1456, lr: 1.2196827521475406e-05
2026-01-13 16:54:28 - train: epoch 98, iter:60, loss: 0.1199, lr: 1.2196827521475406e-05
2026-01-13 16:54:33 - train: epoch 98, iter:70, loss: 0.1433, lr: 1.2196827521475406e-05
2026-01-13 16:54:39 - train: epoch 98, iter:80, loss: 0.0978, lr: 1.2196827521475406e-05
2026-01-13 16:54:44 - train: epoch 98, iter:90, loss: 0.1193, lr: 1.2196827521475406e-05
2026-01-13 16:54:50 - train: epoch 98, iter:100, loss: 0.1139, lr: 1.2196827521475406e-05
2026-01-13 16:54:55 - train: epoch 98, iter:110, loss: 0.1132, lr: 1.2196827521475406e-05
2026-01-13 16:55:01 - train: epoch 98, iter:120, loss: 0.1210, lr: 1.2196827521475406e-05
2026-01-13 16:55:06 - train: epoch 98, iter:130, loss: 0.1042, lr: 1.2196827521475406e-05
2026-01-13 16:55:10 - Finish one epoch train: epoch 98, loss: 0.1481, time(s): 76.72
2026-01-13 16:55:52 - [Val] Epoch 98, Mean Dice: 0.7805 , Time: 41.70s
2026-01-13 16:55:53 - train: epoch 99, iter:0, loss: 0.5397, lr: 1.097676942800558e-05
2026-01-13 16:55:59 - train: epoch 99, iter:10, loss: 0.1296, lr: 1.097676942800558e-05
2026-01-13 16:56:04 - train: epoch 99, iter:20, loss: 0.3069, lr: 1.097676942800558e-05
2026-01-13 16:56:10 - train: epoch 99, iter:30, loss: 0.1574, lr: 1.097676942800558e-05
2026-01-13 16:56:16 - train: epoch 99, iter:40, loss: 0.0977, lr: 1.097676942800558e-05
2026-01-13 16:56:21 - train: epoch 99, iter:50, loss: 0.1140, lr: 1.097676942800558e-05
2026-01-13 16:56:26 - train: epoch 99, iter:60, loss: 0.1157, lr: 1.097676942800558e-05
2026-01-13 16:56:32 - train: epoch 99, iter:70, loss: 0.1183, lr: 1.097676942800558e-05
2026-01-13 16:56:37 - train: epoch 99, iter:80, loss: 0.0937, lr: 1.097676942800558e-05
2026-01-13 16:56:43 - train: epoch 99, iter:90, loss: 0.1022, lr: 1.097676942800558e-05
2026-01-13 16:56:48 - train: epoch 99, iter:100, loss: 0.1262, lr: 1.097676942800558e-05
2026-01-13 16:56:54 - train: epoch 99, iter:110, loss: 0.1212, lr: 1.097676942800558e-05
2026-01-13 16:56:59 - train: epoch 99, iter:120, loss: 0.1171, lr: 1.097676942800558e-05
2026-01-13 16:57:05 - train: epoch 99, iter:130, loss: 0.1088, lr: 1.097676942800558e-05
2026-01-13 16:57:09 - Finish one epoch train: epoch 99, loss: 0.1380, time(s): 76.34
2026-01-13 16:57:50 - [Val] Epoch 99, Mean Dice: 0.7785 , Time: 41.36s
2026-01-13 16:57:51 - train: epoch 100, iter:0, loss: 0.1804, lr: 1.024425261896286e-05
2026-01-13 16:57:57 - train: epoch 100, iter:10, loss: 0.1207, lr: 1.024425261896286e-05
2026-01-13 16:58:03 - train: epoch 100, iter:20, loss: 0.1093, lr: 1.024425261896286e-05
2026-01-13 16:58:08 - train: epoch 100, iter:30, loss: 0.1257, lr: 1.024425261896286e-05
2026-01-13 16:58:14 - train: epoch 100, iter:40, loss: 0.0998, lr: 1.024425261896286e-05
2026-01-13 16:58:19 - train: epoch 100, iter:50, loss: 0.1354, lr: 1.024425261896286e-05
2026-01-13 16:58:25 - train: epoch 100, iter:60, loss: 0.1622, lr: 1.024425261896286e-05
2026-01-13 16:58:31 - train: epoch 100, iter:70, loss: 0.1158, lr: 1.024425261896286e-05
2026-01-13 16:58:36 - train: epoch 100, iter:80, loss: 0.1290, lr: 1.024425261896286e-05
2026-01-13 16:58:42 - train: epoch 100, iter:90, loss: 0.0893, lr: 1.024425261896286e-05
2026-01-13 16:58:47 - train: epoch 100, iter:100, loss: 0.2049, lr: 1.024425261896286e-05
2026-01-13 16:58:53 - train: epoch 100, iter:110, loss: 0.1243, lr: 1.024425261896286e-05
2026-01-13 16:58:59 - train: epoch 100, iter:120, loss: 0.1438, lr: 1.024425261896286e-05
2026-01-13 16:59:04 - train: epoch 100, iter:130, loss: 0.1089, lr: 1.024425261896286e-05
2026-01-13 16:59:08 - Finish one epoch train: epoch 100, loss: 0.1516, time(s): 77.43
2026-01-13 16:59:50 - [Val] Epoch 100, Mean Dice: 0.7798 , Time: 41.57s
2026-01-13 17:02:08 - idx 0 case case0008 mean_dice 0.658481 mean_hd95 21.102800
2026-01-13 17:03:29 - idx 1 case case0022 mean_dice 0.881858 mean_hd95 28.346589
2026-01-13 17:05:01 - idx 2 case case0038 mean_dice 0.796924 mean_hd95 21.257333
2026-01-13 17:07:57 - idx 3 case case0036 mean_dice 0.812153 mean_hd95 11.093886
2026-01-13 17:10:08 - idx 4 case case0032 mean_dice 0.836784 mean_hd95 7.647602
2026-01-13 17:12:15 - idx 5 case case0002 mean_dice 0.865776 mean_hd95 25.001047
2026-01-13 17:13:44 - idx 6 case case0029 mean_dice 0.781879 mean_hd95 20.679769
2026-01-13 17:16:50 - idx 7 case case0003 mean_dice 0.654536 mean_hd95 64.671786
2026-01-13 17:19:09 - idx 8 case case0001 mean_dice 0.751578 mean_hd95 22.047060
2026-01-13 17:21:17 - idx 9 case case0004 mean_dice 0.776444 mean_hd95 33.524493
2026-01-13 17:22:35 - idx 10 case case0025 mean_dice 0.792800 mean_hd95 20.608352
2026-01-13 17:23:50 - idx 11 case case0035 mean_dice 0.880229 mean_hd95 6.057535
2026-01-13 17:23:50 - Mean class 1 mean_dice 0.890943 mean_hd95 12.804105
2026-01-13 17:23:50 - Mean class 2 mean_dice 0.688658 mean_hd95 24.382208
2026-01-13 17:23:50 - Mean class 3 mean_dice 0.834366 mean_hd95 21.730676
2026-01-13 17:23:50 - Mean class 4 mean_dice 0.761640 mean_hd95 46.032048
2026-01-13 17:23:50 - Mean class 5 mean_dice 0.947734 mean_hd95 20.652352
2026-01-13 17:23:50 - Mean class 6 mean_dice 0.604113 mean_hd95 13.003499
2026-01-13 17:23:50 - Mean class 7 mean_dice 0.902593 mean_hd95 31.495953
2026-01-13 17:23:50 - Mean class 8 mean_dice 0.696248 mean_hd95 17.924660
2026-01-13 17:23:50 - val epoch: 100, mean_dice: 0.7907868307838685, mean_hd95: 23.5031876179093, time(s): 1439.34
2026-01-13 17:26:33 - #----------Config info----------#
2026-01-13 17:26:33 - network: vmunet,
2026-01-13 17:26:33 - model_config: {'num_classes': 9, 'input_channels': 1, 'depths': [2, 2, 2, 2], 'depths_decoder': [2, 2, 2, 1], 'drop_path_rate': 0.2, 'load_ckpt_path': './pre_trained_weights/vmamba_small_e238_ema.pth'},
2026-01-13 17:26:33 - datasets_name: synapse,
2026-01-13 17:26:33 - input_size_h: 256,
2026-01-13 17:26:33 - input_size_w: 256,
2026-01-13 17:26:33 - data_path: ../Synapse/train_npz/,
2026-01-13 17:26:33 - val_path: ../Synapse/test_vol_2d_slices/,
2026-01-13 17:26:33 - datasets: <class 'datasets.dataset.Synapse_dataset'>,
2026-01-13 17:26:33 - list_dir: ../Synapse/lists/lists_Synapse/,
2026-01-13 17:26:33 - volume_path: ../Synapse/test_vol_h5/,
2026-01-13 17:26:33 - pretrained_path: ,
2026-01-13 17:26:33 - num_classes: 9,
2026-01-13 17:26:33 - loss_weight: [1, 1],
2026-01-13 17:26:33 - criterion: CeDiceLoss(
  (celoss): CrossEntropyLoss()
  (diceloss): nDiceLoss()
),
2026-01-13 17:26:33 - z_spacing: 1,
2026-01-13 17:26:33 - input_channels: 1,
2026-01-13 17:26:33 - distributed: False,
2026-01-13 17:26:33 - local_rank: -1,
2026-01-13 17:26:33 - num_workers: 0,
2026-01-13 17:26:33 - seed: 42,
2026-01-13 17:26:33 - world_size: None,
2026-01-13 17:26:33 - rank: None,
2026-01-13 17:26:33 - amp: False,
2026-01-13 17:26:33 - batch_size: 16,
2026-01-13 17:26:33 - epochs: 100,
2026-01-13 17:26:33 - work_dir: results/synapse1/,
2026-01-13 17:26:33 - print_interval: 10,
2026-01-13 17:26:33 - val_interval: 1,
2026-01-13 17:26:33 - threshold: 0.5,
2026-01-13 17:26:33 - only_test_and_save_figs: True,
2026-01-13 17:26:33 - best_ckpt_path: results/synapase1/checkpoints/best.pth,
2026-01-13 17:26:33 - img_save_path: imagessynapse,
2026-01-13 17:26:33 - opt: AdamW,
2026-01-13 17:26:33 - lr: 0.001,
2026-01-13 17:26:33 - betas: (0.9, 0.999),
2026-01-13 17:26:33 - eps: 1e-08,
2026-01-13 17:26:33 - weight_decay: 0.01,
2026-01-13 17:26:33 - amsgrad: False,
2026-01-13 17:26:33 - sch: CosineAnnealingLR,
2026-01-13 17:26:33 - T_max: 100,
2026-01-13 17:26:33 - eta_min: 1e-05,
2026-01-13 17:26:33 - last_epoch: -1,
2026-01-13 17:27:16 - #----------Config info----------#
2026-01-13 17:27:16 - network: vmunet,
2026-01-13 17:27:16 - model_config: {'num_classes': 9, 'input_channels': 1, 'depths': [2, 2, 2, 2], 'depths_decoder': [2, 2, 2, 1], 'drop_path_rate': 0.2, 'load_ckpt_path': './pre_trained_weights/vmamba_small_e238_ema.pth'},
2026-01-13 17:27:16 - datasets_name: synapse,
2026-01-13 17:27:16 - input_size_h: 256,
2026-01-13 17:27:16 - input_size_w: 256,
2026-01-13 17:27:16 - data_path: ../Synapse/train_npz/,
2026-01-13 17:27:16 - val_path: ../Synapse/test_vol_2d_slices/,
2026-01-13 17:27:16 - datasets: <class 'datasets.dataset.Synapse_dataset'>,
2026-01-13 17:27:16 - list_dir: ../Synapse/lists/lists_Synapse/,
2026-01-13 17:27:16 - volume_path: ../Synapse/test_vol_h5/,
2026-01-13 17:27:16 - pretrained_path: ,
2026-01-13 17:27:16 - num_classes: 9,
2026-01-13 17:27:16 - loss_weight: [1, 1],
2026-01-13 17:27:16 - criterion: CeDiceLoss(
  (celoss): CrossEntropyLoss()
  (diceloss): nDiceLoss()
),
2026-01-13 17:27:16 - z_spacing: 1,
2026-01-13 17:27:16 - input_channels: 1,
2026-01-13 17:27:16 - distributed: False,
2026-01-13 17:27:16 - local_rank: -1,
2026-01-13 17:27:16 - num_workers: 0,
2026-01-13 17:27:16 - seed: 42,
2026-01-13 17:27:16 - world_size: None,
2026-01-13 17:27:16 - rank: None,
2026-01-13 17:27:16 - amp: False,
2026-01-13 17:27:16 - batch_size: 16,
2026-01-13 17:27:16 - epochs: 100,
2026-01-13 17:27:16 - work_dir: results/synapse1/,
2026-01-13 17:27:16 - print_interval: 10,
2026-01-13 17:27:16 - val_interval: 1,
2026-01-13 17:27:16 - threshold: 0.5,
2026-01-13 17:27:16 - only_test_and_save_figs: True,
2026-01-13 17:27:16 - best_ckpt_path: results/synapse1/checkpoints/best.pth,
2026-01-13 17:27:16 - img_save_path: imagessynapse,
2026-01-13 17:27:16 - opt: AdamW,
2026-01-13 17:27:16 - lr: 0.001,
2026-01-13 17:27:16 - betas: (0.9, 0.999),
2026-01-13 17:27:16 - eps: 1e-08,
2026-01-13 17:27:16 - weight_decay: 0.01,
2026-01-13 17:27:16 - amsgrad: False,
2026-01-13 17:27:16 - sch: CosineAnnealingLR,
2026-01-13 17:27:16 - T_max: 100,
2026-01-13 17:27:16 - eta_min: 1e-05,
2026-01-13 17:27:16 - last_epoch: -1,
2026-01-13 17:29:34 - idx 0 case case0008 mean_dice 0.658025 mean_hd95 21.098099
2026-01-13 17:30:55 - idx 1 case case0022 mean_dice 0.881190 mean_hd95 28.463881
