2026-01-22 18:29:24 - #----------Config info----------#
2026-01-22 18:29:24 - network: vmunet,
2026-01-22 18:29:24 - model_config: {'num_classes': 9, 'input_channels': 1, 'depths': [2, 2, 2, 2], 'depths_decoder': [2, 2, 2, 1], 'drop_path_rate': 0.2, 'load_ckpt_path': './pre_trained_weights/vmamba_small_e238_ema.pth'},
2026-01-22 18:29:24 - datasets_name: synapse,
2026-01-22 18:29:24 - input_size_h: 256,
2026-01-22 18:29:24 - input_size_w: 256,
2026-01-22 18:29:24 - data_path: ../Synapse/train_npz/,
2026-01-22 18:29:24 - val_path: ../Synapse/test_vol_2d_slices/,
2026-01-22 18:29:24 - datasets: <class 'datasets.dataset.Synapse_dataset'>,
2026-01-22 18:29:24 - list_dir: ../Synapse/lists/lists_Synapse/,
2026-01-22 18:29:24 - volume_path: ../Synapse/test_vol_h5/,
2026-01-22 18:29:24 - pretrained_path: ,
2026-01-22 18:29:24 - num_classes: 9,
2026-01-22 18:29:24 - loss_weight: [1, 1],
2026-01-22 18:29:24 - criterion: CeDiceLoss(
  (celoss): CrossEntropyLoss()
  (diceloss): nDiceLoss()
),
2026-01-22 18:29:24 - z_spacing: 1,
2026-01-22 18:29:24 - input_channels: 1,
2026-01-22 18:29:24 - distributed: False,
2026-01-22 18:29:24 - local_rank: -1,
2026-01-22 18:29:24 - num_workers: 0,
2026-01-22 18:29:24 - seed: 42,
2026-01-22 18:29:24 - world_size: None,
2026-01-22 18:29:24 - rank: None,
2026-01-22 18:29:24 - amp: False,
2026-01-22 18:29:24 - batch_size: 16,
2026-01-22 18:29:24 - epochs: 100,
2026-01-22 18:29:24 - work_dir: results/vmunet_synapse_Thursday_22_January_2026_18h_29m_24s/,
2026-01-22 18:29:24 - print_interval: 10,
2026-01-22 18:29:24 - val_interval: 1,
2026-01-22 18:29:24 - threshold: 0.5,
2026-01-22 18:29:24 - only_test_and_save_figs: False,
2026-01-22 18:29:24 - best_ckpt_path: results/synapse1/checkpoints/latest.pth,
2026-01-22 18:29:24 - img_save_path: imagessynapse,
2026-01-22 18:29:24 - opt: AdamW,
2026-01-22 18:29:24 - lr: 0.001,
2026-01-22 18:29:24 - betas: (0.9, 0.999),
2026-01-22 18:29:24 - eps: 1e-08,
2026-01-22 18:29:24 - weight_decay: 0.01,
2026-01-22 18:29:24 - amsgrad: False,
2026-01-22 18:29:24 - sch: CosineAnnealingLR,
2026-01-22 18:29:24 - T_max: 100,
2026-01-22 18:29:24 - eta_min: 1e-05,
2026-01-22 18:29:24 - last_epoch: -1,
2026-01-22 18:29:26 - train: epoch 1, iter:0, loss: 6.3506, lr: 0.001
2026-01-22 18:29:32 - train: epoch 1, iter:10, loss: 5.0404, lr: 0.001
2026-01-22 18:29:37 - train: epoch 1, iter:20, loss: 4.5995, lr: 0.001
2026-01-22 18:29:43 - train: epoch 1, iter:30, loss: 4.1717, lr: 0.001
2026-01-22 18:29:48 - train: epoch 1, iter:40, loss: 3.7931, lr: 0.001
2026-01-22 18:29:53 - train: epoch 1, iter:50, loss: 3.3896, lr: 0.001
2026-01-22 18:29:58 - train: epoch 1, iter:60, loss: 3.0755, lr: 0.001
2026-01-22 18:30:04 - train: epoch 1, iter:70, loss: 2.8497, lr: 0.001
2026-01-22 18:30:09 - train: epoch 1, iter:80, loss: 2.6193, lr: 0.001
2026-01-22 18:30:14 - train: epoch 1, iter:90, loss: 2.4686, lr: 0.001
2026-01-22 18:30:20 - train: epoch 1, iter:100, loss: 2.2878, lr: 0.001
2026-01-22 18:30:25 - train: epoch 1, iter:110, loss: 2.1993, lr: 0.001
2026-01-22 18:30:30 - train: epoch 1, iter:120, loss: 2.0280, lr: 0.001
2026-01-22 18:30:36 - train: epoch 1, iter:130, loss: 2.0389, lr: 0.001
2026-01-22 18:30:40 - Finish one epoch train: epoch 1, loss: 3.2016, time(s): 75.49
2026-01-22 18:31:23 - [Val] Epoch 1, Mean Dice: 0.1113 , Time: 42.58s
2026-01-22 18:31:24 - train: epoch 2, iter:0, loss: 1.9752, lr: 0.0009997557473810372
2026-01-22 18:31:29 - train: epoch 2, iter:10, loss: 1.9082, lr: 0.0009997557473810372
2026-01-22 18:31:34 - train: epoch 2, iter:20, loss: 1.7899, lr: 0.0009997557473810372
2026-01-22 18:31:40 - train: epoch 2, iter:30, loss: 1.7317, lr: 0.0009997557473810372
2026-01-22 18:31:45 - train: epoch 2, iter:40, loss: 1.8591, lr: 0.0009997557473810372
2026-01-22 18:31:50 - train: epoch 2, iter:50, loss: 1.7563, lr: 0.0009997557473810372
2026-01-22 18:31:55 - train: epoch 2, iter:60, loss: 1.7995, lr: 0.0009997557473810372
2026-01-22 18:32:00 - train: epoch 2, iter:70, loss: 1.6340, lr: 0.0009997557473810372
2026-01-22 18:32:06 - train: epoch 2, iter:80, loss: 1.6764, lr: 0.0009997557473810372
2026-01-22 18:32:11 - train: epoch 2, iter:90, loss: 1.6608, lr: 0.0009997557473810372
2026-01-22 18:32:16 - train: epoch 2, iter:100, loss: 1.6760, lr: 0.0009997557473810372
2026-01-22 18:32:21 - train: epoch 2, iter:110, loss: 1.4778, lr: 0.0009997557473810372
2026-01-22 18:32:26 - train: epoch 2, iter:120, loss: 1.6937, lr: 0.0009997557473810372
2026-01-22 18:32:31 - train: epoch 2, iter:130, loss: 1.6344, lr: 0.0009997557473810372
2026-01-22 18:32:35 - Finish one epoch train: epoch 2, loss: 1.7071, time(s): 71.84
2026-01-22 18:33:15 - [Val] Epoch 2, Mean Dice: 0.2453 , Time: 39.53s
2026-01-22 18:33:16 - train: epoch 3, iter:0, loss: 1.5419, lr: 0.0009990232305719946
2026-01-22 18:33:21 - train: epoch 3, iter:10, loss: 1.5634, lr: 0.0009990232305719946
2026-01-22 18:33:27 - train: epoch 3, iter:20, loss: 1.6463, lr: 0.0009990232305719946
2026-01-22 18:33:32 - train: epoch 3, iter:30, loss: 1.5397, lr: 0.0009990232305719946
2026-01-22 18:33:37 - train: epoch 3, iter:40, loss: 1.4290, lr: 0.0009990232305719946
2026-01-22 18:33:42 - train: epoch 3, iter:50, loss: 1.5759, lr: 0.0009990232305719946
2026-01-22 18:33:47 - train: epoch 3, iter:60, loss: 1.3554, lr: 0.0009990232305719946
2026-01-22 18:33:52 - train: epoch 3, iter:70, loss: 1.4410, lr: 0.0009990232305719946
2026-01-22 18:33:57 - train: epoch 3, iter:80, loss: 1.2389, lr: 0.0009990232305719946
2026-01-22 18:34:02 - train: epoch 3, iter:90, loss: 1.4070, lr: 0.0009990232305719946
2026-01-22 18:34:07 - train: epoch 3, iter:100, loss: 1.2780, lr: 0.0009990232305719946
2026-01-22 18:34:13 - train: epoch 3, iter:110, loss: 1.1653, lr: 0.0009990232305719946
2026-01-22 18:34:18 - train: epoch 3, iter:120, loss: 1.2691, lr: 0.0009990232305719946
2026-01-22 18:34:23 - train: epoch 3, iter:130, loss: 1.1811, lr: 0.0009990232305719946
2026-01-22 18:34:27 - Finish one epoch train: epoch 3, loss: 1.3940, time(s): 71.49
2026-01-22 18:35:06 - [Val] Epoch 3, Mean Dice: 0.3990 , Time: 39.85s
2026-01-22 18:35:07 - train: epoch 4, iter:0, loss: 1.3002, lr: 0.0009978031724785247
2026-01-22 18:35:13 - train: epoch 4, iter:10, loss: 1.2356, lr: 0.0009978031724785247
2026-01-22 18:35:18 - train: epoch 4, iter:20, loss: 1.1038, lr: 0.0009978031724785247
2026-01-22 18:35:23 - train: epoch 4, iter:30, loss: 1.3816, lr: 0.0009978031724785247
2026-01-22 18:35:28 - train: epoch 4, iter:40, loss: 0.8620, lr: 0.0009978031724785247
2026-01-22 18:35:33 - train: epoch 4, iter:50, loss: 1.2393, lr: 0.0009978031724785247
2026-01-22 18:35:38 - train: epoch 4, iter:60, loss: 1.2707, lr: 0.0009978031724785247
2026-01-22 18:35:43 - train: epoch 4, iter:70, loss: 1.0808, lr: 0.0009978031724785247
2026-01-22 18:35:48 - train: epoch 4, iter:80, loss: 1.3259, lr: 0.0009978031724785247
2026-01-22 18:35:53 - train: epoch 4, iter:90, loss: 1.3275, lr: 0.0009978031724785247
2026-01-22 18:35:58 - train: epoch 4, iter:100, loss: 1.2603, lr: 0.0009978031724785247
2026-01-22 18:36:04 - train: epoch 4, iter:110, loss: 0.9276, lr: 0.0009978031724785247
2026-01-22 18:36:09 - train: epoch 4, iter:120, loss: 1.0059, lr: 0.0009978031724785247
2026-01-22 18:36:14 - train: epoch 4, iter:130, loss: 0.9001, lr: 0.0009978031724785247
2026-01-22 18:36:17 - Finish one epoch train: epoch 4, loss: 1.1527, time(s): 70.51
2026-01-22 18:36:57 - [Val] Epoch 4, Mean Dice: 0.4666 , Time: 39.45s
2026-01-22 18:36:58 - train: epoch 5, iter:0, loss: 1.0354, lr: 0.0009960967771506667
2026-01-22 18:37:03 - train: epoch 5, iter:10, loss: 1.0562, lr: 0.0009960967771506667
2026-01-22 18:37:08 - train: epoch 5, iter:20, loss: 0.9367, lr: 0.0009960967771506667
2026-01-22 18:37:14 - train: epoch 5, iter:30, loss: 1.0008, lr: 0.0009960967771506667
2026-01-22 18:37:19 - train: epoch 5, iter:40, loss: 0.9548, lr: 0.0009960967771506667
2026-01-22 18:37:24 - train: epoch 5, iter:50, loss: 1.0187, lr: 0.0009960967771506667
2026-01-22 18:37:29 - train: epoch 5, iter:60, loss: 1.1996, lr: 0.0009960967771506667
2026-01-22 18:37:34 - train: epoch 5, iter:70, loss: 0.8000, lr: 0.0009960967771506667
2026-01-22 18:37:39 - train: epoch 5, iter:80, loss: 0.8935, lr: 0.0009960967771506667
2026-01-22 18:37:45 - train: epoch 5, iter:90, loss: 0.8576, lr: 0.0009960967771506667
2026-01-22 18:37:50 - train: epoch 5, iter:100, loss: 0.9840, lr: 0.0009960967771506667
2026-01-22 18:37:55 - train: epoch 5, iter:110, loss: 0.7715, lr: 0.0009960967771506667
2026-01-22 18:38:00 - train: epoch 5, iter:120, loss: 1.0775, lr: 0.0009960967771506667
2026-01-22 18:38:05 - train: epoch 5, iter:130, loss: 0.6920, lr: 0.0009960967771506667
2026-01-22 18:38:09 - Finish one epoch train: epoch 5, loss: 0.9666, time(s): 71.63
2026-01-22 18:38:49 - [Val] Epoch 5, Mean Dice: 0.5773 , Time: 39.70s
2026-01-22 18:38:50 - train: epoch 6, iter:0, loss: 0.7672, lr: 0.0009939057285945933
2026-01-22 18:38:55 - train: epoch 6, iter:10, loss: 1.0496, lr: 0.0009939057285945933
2026-01-22 18:39:00 - train: epoch 6, iter:20, loss: 0.8037, lr: 0.0009939057285945933
2026-01-22 18:39:05 - train: epoch 6, iter:30, loss: 0.6489, lr: 0.0009939057285945933
2026-01-22 18:39:10 - train: epoch 6, iter:40, loss: 0.7483, lr: 0.0009939057285945933
2026-01-22 18:39:16 - train: epoch 6, iter:50, loss: 1.0388, lr: 0.0009939057285945933
2026-01-22 18:39:21 - train: epoch 6, iter:60, loss: 0.7693, lr: 0.0009939057285945933
2026-01-22 18:39:27 - train: epoch 6, iter:70, loss: 1.1084, lr: 0.0009939057285945933
2026-01-22 18:39:32 - train: epoch 6, iter:80, loss: 0.9646, lr: 0.0009939057285945933
2026-01-22 18:39:37 - train: epoch 6, iter:90, loss: 0.9307, lr: 0.0009939057285945933
2026-01-22 18:39:43 - train: epoch 6, iter:100, loss: 0.8708, lr: 0.0009939057285945933
2026-01-22 18:39:48 - train: epoch 6, iter:110, loss: 0.9899, lr: 0.0009939057285945933
2026-01-22 18:39:53 - train: epoch 6, iter:120, loss: 0.6784, lr: 0.0009939057285945933
2026-01-22 18:39:58 - train: epoch 6, iter:130, loss: 0.6392, lr: 0.0009939057285945933
2026-01-22 18:40:02 - Finish one epoch train: epoch 6, loss: 0.8436, time(s): 72.99
2026-01-22 18:40:42 - [Val] Epoch 6, Mean Dice: 0.6174 , Time: 39.25s
2026-01-22 18:40:43 - train: epoch 7, iter:0, loss: 0.6555, lr: 0.0009912321891107012
2026-01-22 18:40:48 - train: epoch 7, iter:10, loss: 0.5179, lr: 0.0009912321891107012
2026-01-22 18:40:53 - train: epoch 7, iter:20, loss: 0.6836, lr: 0.0009912321891107012
2026-01-22 18:40:58 - train: epoch 7, iter:30, loss: 0.8525, lr: 0.0009912321891107012
2026-01-22 18:41:04 - train: epoch 7, iter:40, loss: 1.1248, lr: 0.0009912321891107012
2026-01-22 18:41:09 - train: epoch 7, iter:50, loss: 0.7267, lr: 0.0009912321891107012
2026-01-22 18:41:14 - train: epoch 7, iter:60, loss: 0.6496, lr: 0.0009912321891107012
2026-01-22 18:41:20 - train: epoch 7, iter:70, loss: 0.9980, lr: 0.0009912321891107012
2026-01-22 18:41:25 - train: epoch 7, iter:80, loss: 1.0165, lr: 0.0009912321891107012
2026-01-22 18:41:30 - train: epoch 7, iter:90, loss: 0.7243, lr: 0.0009912321891107012
2026-01-22 18:41:36 - train: epoch 7, iter:100, loss: 0.5967, lr: 0.0009912321891107012
2026-01-22 18:41:42 - train: epoch 7, iter:110, loss: 0.7192, lr: 0.0009912321891107012
2026-01-22 18:41:47 - train: epoch 7, iter:120, loss: 0.7124, lr: 0.0009912321891107012
2026-01-22 18:41:52 - train: epoch 7, iter:130, loss: 0.6526, lr: 0.0009912321891107012
2026-01-22 18:41:56 - Finish one epoch train: epoch 7, loss: 0.7296, time(s): 73.52
2026-01-22 18:42:35 - [Val] Epoch 7, Mean Dice: 0.6200 , Time: 39.52s
2026-01-22 18:42:36 - train: epoch 8, iter:0, loss: 0.8135, lr: 0.0009880787971596802
2026-01-22 18:42:41 - train: epoch 8, iter:10, loss: 0.5389, lr: 0.0009880787971596802
2026-01-22 18:42:46 - train: epoch 8, iter:20, loss: 1.1102, lr: 0.0009880787971596802
2026-01-22 18:42:52 - train: epoch 8, iter:30, loss: 0.5425, lr: 0.0009880787971596802
2026-01-22 18:42:57 - train: epoch 8, iter:40, loss: 0.5312, lr: 0.0009880787971596802
2026-01-22 18:43:02 - train: epoch 8, iter:50, loss: 1.0851, lr: 0.0009880787971596802
2026-01-22 18:43:07 - train: epoch 8, iter:60, loss: 0.8340, lr: 0.0009880787971596802
2026-01-22 18:43:12 - train: epoch 8, iter:70, loss: 0.6875, lr: 0.0009880787971596802
2026-01-22 18:43:17 - train: epoch 8, iter:80, loss: 0.7556, lr: 0.0009880787971596802
2026-01-22 18:43:22 - train: epoch 8, iter:90, loss: 0.6363, lr: 0.0009880787971596802
2026-01-22 18:43:28 - train: epoch 8, iter:100, loss: 0.8330, lr: 0.0009880787971596802
2026-01-22 18:43:33 - train: epoch 8, iter:110, loss: 0.6689, lr: 0.0009880787971596802
2026-01-22 18:43:38 - train: epoch 8, iter:120, loss: 0.6938, lr: 0.0009880787971596802
2026-01-22 18:43:44 - train: epoch 8, iter:130, loss: 0.9824, lr: 0.0009880787971596802
2026-01-22 18:43:47 - Finish one epoch train: epoch 8, loss: 0.7038, time(s): 71.66
2026-01-22 18:44:27 - [Val] Epoch 8, Mean Dice: 0.6608 , Time: 39.40s
2026-01-22 18:44:28 - train: epoch 9, iter:0, loss: 0.4518, lr: 0.0009844486647586726
2026-01-22 18:44:33 - train: epoch 9, iter:10, loss: 0.5771, lr: 0.0009844486647586726
2026-01-22 18:44:38 - train: epoch 9, iter:20, loss: 0.6034, lr: 0.0009844486647586726
2026-01-22 18:44:44 - train: epoch 9, iter:30, loss: 0.5474, lr: 0.0009844486647586726
2026-01-22 18:44:49 - train: epoch 9, iter:40, loss: 0.4364, lr: 0.0009844486647586726
2026-01-22 18:44:54 - train: epoch 9, iter:50, loss: 0.7917, lr: 0.0009844486647586726
2026-01-22 18:45:00 - train: epoch 9, iter:60, loss: 1.1963, lr: 0.0009844486647586726
2026-01-22 18:45:05 - train: epoch 9, iter:70, loss: 0.5528, lr: 0.0009844486647586726
2026-01-22 18:45:10 - train: epoch 9, iter:80, loss: 0.4835, lr: 0.0009844486647586726
2026-01-22 18:45:16 - train: epoch 9, iter:90, loss: 0.8522, lr: 0.0009844486647586726
2026-01-22 18:45:21 - train: epoch 9, iter:100, loss: 0.6210, lr: 0.0009844486647586726
2026-01-22 18:45:26 - train: epoch 9, iter:110, loss: 0.6527, lr: 0.0009844486647586726
2026-01-22 18:45:31 - train: epoch 9, iter:120, loss: 0.3747, lr: 0.0009844486647586726
2026-01-22 18:45:36 - train: epoch 9, iter:130, loss: 0.7132, lr: 0.0009844486647586726
2026-01-22 18:45:40 - Finish one epoch train: epoch 9, loss: 0.6218, time(s): 72.38
2026-01-22 18:46:19 - [Val] Epoch 9, Mean Dice: 0.6963 , Time: 39.50s
2026-01-22 18:46:20 - train: epoch 10, iter:0, loss: 0.6102, lr: 0.000980345374410087
2026-01-22 18:46:25 - train: epoch 10, iter:10, loss: 0.6805, lr: 0.000980345374410087
2026-01-22 18:46:30 - train: epoch 10, iter:20, loss: 0.4379, lr: 0.000980345374410087
2026-01-22 18:46:36 - train: epoch 10, iter:30, loss: 0.4028, lr: 0.000980345374410087
2026-01-22 18:46:41 - train: epoch 10, iter:40, loss: 0.7003, lr: 0.000980345374410087
2026-01-22 18:46:46 - train: epoch 10, iter:50, loss: 0.5585, lr: 0.000980345374410087
2026-01-22 18:46:51 - train: epoch 10, iter:60, loss: 0.6489, lr: 0.000980345374410087
2026-01-22 18:46:57 - train: epoch 10, iter:70, loss: 0.8320, lr: 0.000980345374410087
2026-01-22 18:47:02 - train: epoch 10, iter:80, loss: 0.4634, lr: 0.000980345374410087
2026-01-22 18:47:07 - train: epoch 10, iter:90, loss: 0.7053, lr: 0.000980345374410087
2026-01-22 18:47:12 - train: epoch 10, iter:100, loss: 0.5331, lr: 0.000980345374410087
2026-01-22 18:47:18 - train: epoch 10, iter:110, loss: 0.4713, lr: 0.000980345374410087
2026-01-22 18:47:23 - train: epoch 10, iter:120, loss: 0.4903, lr: 0.000980345374410087
2026-01-22 18:47:29 - train: epoch 10, iter:130, loss: 0.5526, lr: 0.000980345374410087
2026-01-22 18:47:33 - Finish one epoch train: epoch 10, loss: 0.5957, time(s): 72.83
2026-01-22 18:48:12 - [Val] Epoch 10, Mean Dice: 0.6628 , Time: 39.73s
2026-01-22 18:48:13 - train: epoch 11, iter:0, loss: 0.4853, lr: 0.0009757729755661012
2026-01-22 18:48:18 - train: epoch 11, iter:10, loss: 0.5906, lr: 0.0009757729755661012
2026-01-22 18:48:24 - train: epoch 11, iter:20, loss: 0.4456, lr: 0.0009757729755661012
2026-01-22 18:48:29 - train: epoch 11, iter:30, loss: 0.5284, lr: 0.0009757729755661012
2026-01-22 18:48:34 - train: epoch 11, iter:40, loss: 0.4238, lr: 0.0009757729755661012
2026-01-22 18:48:39 - train: epoch 11, iter:50, loss: 0.6410, lr: 0.0009757729755661012
2026-01-22 18:48:44 - train: epoch 11, iter:60, loss: 0.6084, lr: 0.0009757729755661012
2026-01-22 18:48:49 - train: epoch 11, iter:70, loss: 0.5309, lr: 0.0009757729755661012
2026-01-22 18:48:54 - train: epoch 11, iter:80, loss: 0.7745, lr: 0.0009757729755661012
2026-01-22 18:48:59 - train: epoch 11, iter:90, loss: 0.4874, lr: 0.0009757729755661012
2026-01-22 18:49:04 - train: epoch 11, iter:100, loss: 0.4429, lr: 0.0009757729755661012
2026-01-22 18:49:10 - train: epoch 11, iter:110, loss: 0.6943, lr: 0.0009757729755661012
2026-01-22 18:49:15 - train: epoch 11, iter:120, loss: 0.6089, lr: 0.0009757729755661012
2026-01-22 18:49:20 - train: epoch 11, iter:130, loss: 0.4901, lr: 0.0009757729755661012
2026-01-22 18:49:24 - Finish one epoch train: epoch 11, loss: 0.5468, time(s): 71.35
2026-01-22 18:50:04 - [Val] Epoch 11, Mean Dice: 0.6884 , Time: 39.62s
2026-01-22 18:50:05 - train: epoch 12, iter:0, loss: 0.3085, lr: 0.0009707359806323418
2026-01-22 18:50:10 - train: epoch 12, iter:10, loss: 0.6501, lr: 0.0009707359806323418
2026-01-22 18:50:15 - train: epoch 12, iter:20, loss: 0.6550, lr: 0.0009707359806323418
2026-01-22 18:50:20 - train: epoch 12, iter:30, loss: 0.4438, lr: 0.0009707359806323418
2026-01-22 18:50:25 - train: epoch 12, iter:40, loss: 0.7168, lr: 0.0009707359806323418
2026-01-22 18:50:30 - train: epoch 12, iter:50, loss: 0.4587, lr: 0.0009707359806323418
2026-01-22 18:50:35 - train: epoch 12, iter:60, loss: 0.3506, lr: 0.0009707359806323418
2026-01-22 18:50:41 - train: epoch 12, iter:70, loss: 0.8996, lr: 0.0009707359806323418
2026-01-22 18:50:46 - train: epoch 12, iter:80, loss: 0.5468, lr: 0.0009707359806323418
2026-01-22 18:50:51 - train: epoch 12, iter:90, loss: 0.7185, lr: 0.0009707359806323418
2026-01-22 18:50:56 - train: epoch 12, iter:100, loss: 0.5574, lr: 0.0009707359806323418
2026-01-22 18:51:01 - train: epoch 12, iter:110, loss: 0.4976, lr: 0.0009707359806323418
2026-01-22 18:51:06 - train: epoch 12, iter:120, loss: 0.4645, lr: 0.0009707359806323418
2026-01-22 18:51:11 - train: epoch 12, iter:130, loss: 0.6542, lr: 0.0009707359806323418
2026-01-22 18:51:15 - Finish one epoch train: epoch 12, loss: 0.5032, time(s): 70.96
2026-01-22 18:51:55 - [Val] Epoch 12, Mean Dice: 0.7177 , Time: 39.46s
2026-01-22 18:51:56 - train: epoch 13, iter:0, loss: 0.5017, lr: 0.0009652393605146846
2026-01-22 18:52:01 - train: epoch 13, iter:10, loss: 0.4522, lr: 0.0009652393605146846
2026-01-22 18:52:06 - train: epoch 13, iter:20, loss: 1.0929, lr: 0.0009652393605146846
2026-01-22 18:52:11 - train: epoch 13, iter:30, loss: 0.3418, lr: 0.0009652393605146846
2026-01-22 18:52:16 - train: epoch 13, iter:40, loss: 0.3151, lr: 0.0009652393605146846
2026-01-22 18:52:21 - train: epoch 13, iter:50, loss: 0.3496, lr: 0.0009652393605146846
2026-01-22 18:52:27 - train: epoch 13, iter:60, loss: 0.3515, lr: 0.0009652393605146846
2026-01-22 18:52:32 - train: epoch 13, iter:70, loss: 0.4420, lr: 0.0009652393605146846
2026-01-22 18:52:37 - train: epoch 13, iter:80, loss: 0.6664, lr: 0.0009652393605146846
2026-01-22 18:52:42 - train: epoch 13, iter:90, loss: 0.4202, lr: 0.0009652393605146846
2026-01-22 18:52:47 - train: epoch 13, iter:100, loss: 0.2710, lr: 0.0009652393605146846
2026-01-22 18:52:53 - train: epoch 13, iter:110, loss: 0.4028, lr: 0.0009652393605146846
2026-01-22 18:52:58 - train: epoch 13, iter:120, loss: 0.5452, lr: 0.0009652393605146846
2026-01-22 18:53:04 - train: epoch 13, iter:130, loss: 0.3025, lr: 0.0009652393605146846
2026-01-22 18:53:08 - Finish one epoch train: epoch 13, loss: 0.5025, time(s): 72.49
2026-01-22 18:53:47 - [Val] Epoch 13, Mean Dice: 0.7285 , Time: 39.89s
2026-01-22 18:53:48 - train: epoch 14, iter:0, loss: 0.3955, lr: 0.0009592885397135708
2026-01-22 18:53:54 - train: epoch 14, iter:10, loss: 0.5722, lr: 0.0009592885397135708
2026-01-22 18:53:59 - train: epoch 14, iter:20, loss: 0.4677, lr: 0.0009592885397135708
2026-01-22 18:54:04 - train: epoch 14, iter:30, loss: 0.3789, lr: 0.0009592885397135708
2026-01-22 18:54:09 - train: epoch 14, iter:40, loss: 0.5211, lr: 0.0009592885397135708
2026-01-22 18:54:14 - train: epoch 14, iter:50, loss: 0.3424, lr: 0.0009592885397135708
2026-01-22 18:54:19 - train: epoch 14, iter:60, loss: 0.4544, lr: 0.0009592885397135708
2026-01-22 18:54:24 - train: epoch 14, iter:70, loss: 0.4464, lr: 0.0009592885397135708
2026-01-22 18:54:30 - train: epoch 14, iter:80, loss: 0.3960, lr: 0.0009592885397135708
2026-01-22 18:54:35 - train: epoch 14, iter:90, loss: 0.7356, lr: 0.0009592885397135708
2026-01-22 18:54:40 - train: epoch 14, iter:100, loss: 0.5783, lr: 0.0009592885397135708
2026-01-22 18:54:45 - train: epoch 14, iter:110, loss: 0.4213, lr: 0.0009592885397135708
2026-01-22 18:54:50 - train: epoch 14, iter:120, loss: 0.3621, lr: 0.0009592885397135708
2026-01-22 18:54:56 - train: epoch 14, iter:130, loss: 0.4044, lr: 0.0009592885397135708
2026-01-22 18:54:59 - Finish one epoch train: epoch 14, loss: 0.4855, time(s): 71.29
2026-01-22 18:55:39 - [Val] Epoch 14, Mean Dice: 0.7184 , Time: 39.99s
2026-01-22 18:55:40 - train: epoch 15, iter:0, loss: 0.4748, lr: 0.0009528893909706799
2026-01-22 18:55:45 - train: epoch 15, iter:10, loss: 0.4401, lr: 0.0009528893909706799
2026-01-22 18:55:51 - train: epoch 15, iter:20, loss: 0.3760, lr: 0.0009528893909706799
2026-01-22 18:55:56 - train: epoch 15, iter:30, loss: 0.6251, lr: 0.0009528893909706799
2026-01-22 18:56:01 - train: epoch 15, iter:40, loss: 0.6860, lr: 0.0009528893909706799
2026-01-22 18:56:06 - train: epoch 15, iter:50, loss: 0.3605, lr: 0.0009528893909706799
2026-01-22 18:56:11 - train: epoch 15, iter:60, loss: 0.3326, lr: 0.0009528893909706799
2026-01-22 18:56:16 - train: epoch 15, iter:70, loss: 0.3677, lr: 0.0009528893909706799
2026-01-22 18:56:22 - train: epoch 15, iter:80, loss: 0.6734, lr: 0.0009528893909706799
2026-01-22 18:56:27 - train: epoch 15, iter:90, loss: 0.3481, lr: 0.0009528893909706799
2026-01-22 18:56:32 - train: epoch 15, iter:100, loss: 0.2421, lr: 0.0009528893909706799
2026-01-22 18:56:37 - train: epoch 15, iter:110, loss: 0.5910, lr: 0.0009528893909706799
2026-01-22 18:56:42 - train: epoch 15, iter:120, loss: 0.4938, lr: 0.0009528893909706799
2026-01-22 18:56:47 - train: epoch 15, iter:130, loss: 0.3913, lr: 0.0009528893909706799
2026-01-22 18:56:51 - Finish one epoch train: epoch 15, loss: 0.4518, time(s): 71.08
2026-01-22 18:57:30 - [Val] Epoch 15, Mean Dice: 0.6948 , Time: 39.41s
2026-01-22 18:57:31 - train: epoch 16, iter:0, loss: 0.4988, lr: 0.0009460482294732424
2026-01-22 18:57:36 - train: epoch 16, iter:10, loss: 0.3328, lr: 0.0009460482294732424
2026-01-22 18:57:41 - train: epoch 16, iter:20, loss: 0.4643, lr: 0.0009460482294732424
2026-01-22 18:57:47 - train: epoch 16, iter:30, loss: 0.3609, lr: 0.0009460482294732424
2026-01-22 18:57:52 - train: epoch 16, iter:40, loss: 0.4137, lr: 0.0009460482294732424
2026-01-22 18:57:57 - train: epoch 16, iter:50, loss: 0.4222, lr: 0.0009460482294732424
2026-01-22 18:58:02 - train: epoch 16, iter:60, loss: 0.5013, lr: 0.0009460482294732424
2026-01-22 18:58:07 - train: epoch 16, iter:70, loss: 0.3320, lr: 0.0009460482294732424
2026-01-22 18:58:13 - train: epoch 16, iter:80, loss: 0.4095, lr: 0.0009460482294732424
2026-01-22 18:58:18 - train: epoch 16, iter:90, loss: 0.3374, lr: 0.0009460482294732424
2026-01-22 18:58:23 - train: epoch 16, iter:100, loss: 0.3180, lr: 0.0009460482294732424
2026-01-22 18:58:29 - train: epoch 16, iter:110, loss: 0.4298, lr: 0.0009460482294732424
2026-01-22 18:58:34 - train: epoch 16, iter:120, loss: 0.3751, lr: 0.0009460482294732424
2026-01-22 18:58:39 - train: epoch 16, iter:130, loss: 0.4155, lr: 0.0009460482294732424
2026-01-22 18:58:43 - Finish one epoch train: epoch 16, loss: 0.4500, time(s): 72.07
2026-01-22 18:59:22 - [Val] Epoch 16, Mean Dice: 0.7146 , Time: 39.58s
2026-01-22 18:59:23 - train: epoch 17, iter:0, loss: 0.3201, lr: 0.0009387718066217127
2026-01-22 18:59:28 - train: epoch 17, iter:10, loss: 0.3614, lr: 0.0009387718066217127
2026-01-22 18:59:34 - train: epoch 17, iter:20, loss: 0.8738, lr: 0.0009387718066217127
2026-01-22 18:59:39 - train: epoch 17, iter:30, loss: 0.3584, lr: 0.0009387718066217127
2026-01-22 18:59:44 - train: epoch 17, iter:40, loss: 0.3706, lr: 0.0009387718066217127
2026-01-22 18:59:49 - train: epoch 17, iter:50, loss: 0.2886, lr: 0.0009387718066217127
2026-01-22 18:59:54 - train: epoch 17, iter:60, loss: 0.6541, lr: 0.0009387718066217127
2026-01-22 19:00:00 - train: epoch 17, iter:70, loss: 0.3223, lr: 0.0009387718066217127
2026-01-22 19:00:05 - train: epoch 17, iter:80, loss: 0.3053, lr: 0.0009387718066217127
2026-01-22 19:00:10 - train: epoch 17, iter:90, loss: 0.3398, lr: 0.0009387718066217127
2026-01-22 19:00:16 - train: epoch 17, iter:100, loss: 0.5329, lr: 0.0009387718066217127
2026-01-22 19:00:21 - train: epoch 17, iter:110, loss: 0.2461, lr: 0.0009387718066217127
2026-01-22 19:00:26 - train: epoch 17, iter:120, loss: 0.3857, lr: 0.0009387718066217127
2026-01-22 19:00:31 - train: epoch 17, iter:130, loss: 0.2487, lr: 0.0009387718066217127
2026-01-22 19:00:35 - Finish one epoch train: epoch 17, loss: 0.4230, time(s): 72.23
2026-01-22 19:01:15 - [Val] Epoch 17, Mean Dice: 0.7070 , Time: 39.65s
2026-01-22 19:01:16 - train: epoch 18, iter:0, loss: 0.2810, lr: 0.0009310673033669524
2026-01-22 19:01:21 - train: epoch 18, iter:10, loss: 0.2490, lr: 0.0009310673033669524
2026-01-22 19:01:26 - train: epoch 18, iter:20, loss: 0.4035, lr: 0.0009310673033669524
2026-01-22 19:01:31 - train: epoch 18, iter:30, loss: 0.2702, lr: 0.0009310673033669524
2026-01-22 19:01:36 - train: epoch 18, iter:40, loss: 0.4769, lr: 0.0009310673033669524
2026-01-22 19:01:41 - train: epoch 18, iter:50, loss: 0.5672, lr: 0.0009310673033669524
2026-01-22 19:01:46 - train: epoch 18, iter:60, loss: 0.4518, lr: 0.0009310673033669524
2026-01-22 19:01:52 - train: epoch 18, iter:70, loss: 0.4343, lr: 0.0009310673033669524
2026-01-22 19:01:57 - train: epoch 18, iter:80, loss: 0.3995, lr: 0.0009310673033669524
2026-01-22 19:02:02 - train: epoch 18, iter:90, loss: 0.5371, lr: 0.0009310673033669524
2026-01-22 19:02:07 - train: epoch 18, iter:100, loss: 0.2896, lr: 0.0009310673033669524
2026-01-22 19:02:13 - train: epoch 18, iter:110, loss: 0.7967, lr: 0.0009310673033669524
2026-01-22 19:02:18 - train: epoch 18, iter:120, loss: 0.3901, lr: 0.0009310673033669524
2026-01-22 19:02:23 - train: epoch 18, iter:130, loss: 0.2869, lr: 0.0009310673033669524
2026-01-22 19:02:27 - Finish one epoch train: epoch 18, loss: 0.4035, time(s): 71.66
2026-01-22 19:03:06 - [Val] Epoch 18, Mean Dice: 0.7457 , Time: 39.34s
2026-01-22 19:03:07 - train: epoch 19, iter:0, loss: 0.5990, lr: 0.0009229423231234977
2026-01-22 19:03:12 - train: epoch 19, iter:10, loss: 0.3861, lr: 0.0009229423231234977
2026-01-22 19:03:18 - train: epoch 19, iter:20, loss: 0.3112, lr: 0.0009229423231234977
2026-01-22 19:03:23 - train: epoch 19, iter:30, loss: 0.5897, lr: 0.0009229423231234977
2026-01-22 19:03:28 - train: epoch 19, iter:40, loss: 0.2926, lr: 0.0009229423231234977
2026-01-22 19:03:33 - train: epoch 19, iter:50, loss: 0.3422, lr: 0.0009229423231234977
2026-01-22 19:03:39 - train: epoch 19, iter:60, loss: 0.3052, lr: 0.0009229423231234977
2026-01-22 19:03:44 - train: epoch 19, iter:70, loss: 0.3292, lr: 0.0009229423231234977
2026-01-22 19:03:49 - train: epoch 19, iter:80, loss: 0.6269, lr: 0.0009229423231234977
2026-01-22 19:03:54 - train: epoch 19, iter:90, loss: 0.2817, lr: 0.0009229423231234977
2026-01-22 19:03:59 - train: epoch 19, iter:100, loss: 0.3153, lr: 0.0009229423231234977
2026-01-22 19:04:04 - train: epoch 19, iter:110, loss: 0.4105, lr: 0.0009229423231234977
2026-01-22 19:04:10 - train: epoch 19, iter:120, loss: 0.3268, lr: 0.0009229423231234977
2026-01-22 19:04:15 - train: epoch 19, iter:130, loss: 0.4880, lr: 0.0009229423231234977
2026-01-22 19:04:19 - Finish one epoch train: epoch 19, loss: 0.3727, time(s): 72.34
2026-01-22 19:04:59 - [Val] Epoch 19, Mean Dice: 0.7530 , Time: 40.16s
2026-01-22 19:05:00 - train: epoch 20, iter:0, loss: 0.2899, lr: 0.0009144048842659084
2026-01-22 19:05:05 - train: epoch 20, iter:10, loss: 0.2873, lr: 0.0009144048842659084
2026-01-22 19:05:11 - train: epoch 20, iter:20, loss: 0.2582, lr: 0.0009144048842659084
2026-01-22 19:05:16 - train: epoch 20, iter:30, loss: 0.8090, lr: 0.0009144048842659084
2026-01-22 19:05:21 - train: epoch 20, iter:40, loss: 0.2529, lr: 0.0009144048842659084
2026-01-22 19:05:26 - train: epoch 20, iter:50, loss: 0.3435, lr: 0.0009144048842659084
2026-01-22 19:05:32 - train: epoch 20, iter:60, loss: 0.5089, lr: 0.0009144048842659084
2026-01-22 19:05:37 - train: epoch 20, iter:70, loss: 0.3921, lr: 0.0009144048842659084
2026-01-22 19:05:42 - train: epoch 20, iter:80, loss: 0.2483, lr: 0.0009144048842659084
2026-01-22 19:05:47 - train: epoch 20, iter:90, loss: 0.3665, lr: 0.0009144048842659084
2026-01-22 19:05:52 - train: epoch 20, iter:100, loss: 0.4598, lr: 0.0009144048842659084
2026-01-22 19:05:58 - train: epoch 20, iter:110, loss: 0.2178, lr: 0.0009144048842659084
2026-01-22 19:06:03 - train: epoch 20, iter:120, loss: 0.2402, lr: 0.0009144048842659084
2026-01-22 19:06:08 - train: epoch 20, iter:130, loss: 0.4286, lr: 0.0009144048842659084
2026-01-22 19:06:12 - Finish one epoch train: epoch 20, loss: 0.3720, time(s): 71.90
2026-01-22 19:06:51 - [Val] Epoch 20, Mean Dice: 0.7433 , Time: 39.69s
2026-01-22 19:06:52 - train: epoch 21, iter:0, loss: 0.2858, lr: 0.0009054634122155993
2026-01-22 19:06:58 - train: epoch 21, iter:10, loss: 0.2838, lr: 0.0009054634122155993
2026-01-22 19:07:03 - train: epoch 21, iter:20, loss: 0.3253, lr: 0.0009054634122155993
2026-01-22 19:07:08 - train: epoch 21, iter:30, loss: 0.3059, lr: 0.0009054634122155993
2026-01-22 19:07:13 - train: epoch 21, iter:40, loss: 0.3762, lr: 0.0009054634122155993
2026-01-22 19:07:19 - train: epoch 21, iter:50, loss: 0.2489, lr: 0.0009054634122155993
2026-01-22 19:07:24 - train: epoch 21, iter:60, loss: 0.2643, lr: 0.0009054634122155993
2026-01-22 19:07:29 - train: epoch 21, iter:70, loss: 0.3474, lr: 0.0009054634122155993
2026-01-22 19:07:34 - train: epoch 21, iter:80, loss: 0.4745, lr: 0.0009054634122155993
2026-01-22 19:07:39 - train: epoch 21, iter:90, loss: 0.3081, lr: 0.0009054634122155993
2026-01-22 19:07:44 - train: epoch 21, iter:100, loss: 0.4595, lr: 0.0009054634122155993
2026-01-22 19:07:50 - train: epoch 21, iter:110, loss: 0.3346, lr: 0.0009054634122155993
2026-01-22 19:07:55 - train: epoch 21, iter:120, loss: 0.6824, lr: 0.0009054634122155993
2026-01-22 19:08:00 - train: epoch 21, iter:130, loss: 0.4989, lr: 0.0009054634122155993
2026-01-22 19:08:04 - Finish one epoch train: epoch 21, loss: 0.3667, time(s): 72.53
2026-01-22 19:08:44 - [Val] Epoch 21, Mean Dice: 0.7329 , Time: 39.47s
2026-01-22 19:08:45 - train: epoch 22, iter:0, loss: 0.3096, lr: 0.000896126731125967
2026-01-22 19:08:50 - train: epoch 22, iter:10, loss: 0.3775, lr: 0.000896126731125967
2026-01-22 19:08:55 - train: epoch 22, iter:20, loss: 0.4021, lr: 0.000896126731125967
2026-01-22 19:09:01 - train: epoch 22, iter:30, loss: 0.3162, lr: 0.000896126731125967
2026-01-22 19:09:06 - train: epoch 22, iter:40, loss: 0.2752, lr: 0.000896126731125967
2026-01-22 19:09:11 - train: epoch 22, iter:50, loss: 0.3090, lr: 0.000896126731125967
2026-01-22 19:09:17 - train: epoch 22, iter:60, loss: 0.4675, lr: 0.000896126731125967
2026-01-22 19:09:22 - train: epoch 22, iter:70, loss: 0.3746, lr: 0.000896126731125967
2026-01-22 19:09:27 - train: epoch 22, iter:80, loss: 0.2836, lr: 0.000896126731125967
2026-01-22 19:09:32 - train: epoch 22, iter:90, loss: 0.2460, lr: 0.000896126731125967
2026-01-22 19:09:38 - train: epoch 22, iter:100, loss: 0.2778, lr: 0.000896126731125967
2026-01-22 19:09:43 - train: epoch 22, iter:110, loss: 0.2828, lr: 0.000896126731125967
2026-01-22 19:09:48 - train: epoch 22, iter:120, loss: 0.2363, lr: 0.000896126731125967
2026-01-22 19:09:54 - train: epoch 22, iter:130, loss: 0.3850, lr: 0.000896126731125967
2026-01-22 19:09:57 - Finish one epoch train: epoch 22, loss: 0.3670, time(s): 73.09
2026-01-22 19:10:37 - [Val] Epoch 22, Mean Dice: 0.7435 , Time: 40.02s
2026-01-22 19:10:38 - train: epoch 23, iter:0, loss: 0.3175, lr: 0.000886404055174016
2026-01-22 19:10:43 - train: epoch 23, iter:10, loss: 0.4041, lr: 0.000886404055174016
2026-01-22 19:10:48 - train: epoch 23, iter:20, loss: 0.3467, lr: 0.000886404055174016
2026-01-22 19:10:53 - train: epoch 23, iter:30, loss: 0.5316, lr: 0.000886404055174016
2026-01-22 19:10:59 - train: epoch 23, iter:40, loss: 0.3176, lr: 0.000886404055174016
2026-01-22 19:11:04 - train: epoch 23, iter:50, loss: 0.4801, lr: 0.000886404055174016
2026-01-22 19:11:09 - train: epoch 23, iter:60, loss: 0.2802, lr: 0.000886404055174016
2026-01-22 19:11:15 - train: epoch 23, iter:70, loss: 0.4891, lr: 0.000886404055174016
2026-01-22 19:11:20 - train: epoch 23, iter:80, loss: 0.3137, lr: 0.000886404055174016
2026-01-22 19:11:25 - train: epoch 23, iter:90, loss: 0.3895, lr: 0.000886404055174016
2026-01-22 19:11:30 - train: epoch 23, iter:100, loss: 0.4542, lr: 0.000886404055174016
2026-01-22 19:11:35 - train: epoch 23, iter:110, loss: 0.2954, lr: 0.000886404055174016
2026-01-22 19:11:40 - train: epoch 23, iter:120, loss: 0.2353, lr: 0.000886404055174016
2026-01-22 19:11:46 - train: epoch 23, iter:130, loss: 0.3075, lr: 0.000886404055174016
2026-01-22 19:11:49 - Finish one epoch train: epoch 23, loss: 0.3423, time(s): 71.60
2026-01-22 19:12:29 - [Val] Epoch 23, Mean Dice: 0.7395 , Time: 39.33s
2026-01-22 19:12:30 - train: epoch 24, iter:0, loss: 0.6388, lr: 0.0008763049794670778
2026-01-22 19:12:35 - train: epoch 24, iter:10, loss: 0.2742, lr: 0.0008763049794670778
2026-01-22 19:12:40 - train: epoch 24, iter:20, loss: 0.5394, lr: 0.0008763049794670778
2026-01-22 19:12:45 - train: epoch 24, iter:30, loss: 0.2556, lr: 0.0008763049794670778
2026-01-22 19:12:50 - train: epoch 24, iter:40, loss: 0.5533, lr: 0.0008763049794670778
2026-01-22 19:12:55 - train: epoch 24, iter:50, loss: 0.3940, lr: 0.0008763049794670778
2026-01-22 19:13:00 - train: epoch 24, iter:60, loss: 0.3028, lr: 0.0008763049794670778
2026-01-22 19:13:05 - train: epoch 24, iter:70, loss: 0.2834, lr: 0.0008763049794670778
2026-01-22 19:13:10 - train: epoch 24, iter:80, loss: 0.3522, lr: 0.0008763049794670778
2026-01-22 19:13:16 - train: epoch 24, iter:90, loss: 0.2820, lr: 0.0008763049794670778
2026-01-22 19:13:21 - train: epoch 24, iter:100, loss: 0.3001, lr: 0.0008763049794670778
2026-01-22 19:13:26 - train: epoch 24, iter:110, loss: 0.1582, lr: 0.0008763049794670778
2026-01-22 19:13:31 - train: epoch 24, iter:120, loss: 0.2575, lr: 0.0008763049794670778
2026-01-22 19:13:36 - train: epoch 24, iter:130, loss: 0.4579, lr: 0.0008763049794670778
2026-01-22 19:13:40 - Finish one epoch train: epoch 24, loss: 0.3440, time(s): 70.89
2026-01-22 19:14:19 - [Val] Epoch 24, Mean Dice: 0.7626 , Time: 39.55s
2026-01-22 19:14:21 - train: epoch 25, iter:0, loss: 0.2058, lr: 0.000865839470573599
2026-01-22 19:14:26 - train: epoch 25, iter:10, loss: 0.2474, lr: 0.000865839470573599
2026-01-22 19:14:31 - train: epoch 25, iter:20, loss: 0.4567, lr: 0.000865839470573599
2026-01-22 19:14:36 - train: epoch 25, iter:30, loss: 0.2456, lr: 0.000865839470573599
2026-01-22 19:14:41 - train: epoch 25, iter:40, loss: 0.5678, lr: 0.000865839470573599
2026-01-22 19:14:46 - train: epoch 25, iter:50, loss: 0.2619, lr: 0.000865839470573599
2026-01-22 19:14:51 - train: epoch 25, iter:60, loss: 0.3527, lr: 0.000865839470573599
2026-01-22 19:14:56 - train: epoch 25, iter:70, loss: 0.2191, lr: 0.000865839470573599
2026-01-22 19:15:02 - train: epoch 25, iter:80, loss: 0.1980, lr: 0.000865839470573599
2026-01-22 19:15:07 - train: epoch 25, iter:90, loss: 0.2178, lr: 0.000865839470573599
2026-01-22 19:15:12 - train: epoch 25, iter:100, loss: 0.2333, lr: 0.000865839470573599
2026-01-22 19:15:17 - train: epoch 25, iter:110, loss: 0.2087, lr: 0.000865839470573599
2026-01-22 19:15:23 - train: epoch 25, iter:120, loss: 0.2475, lr: 0.000865839470573599
2026-01-22 19:15:28 - train: epoch 25, iter:130, loss: 0.2892, lr: 0.000865839470573599
2026-01-22 19:15:32 - Finish one epoch train: epoch 25, loss: 0.3120, time(s): 71.75
2026-01-22 19:16:11 - [Val] Epoch 25, Mean Dice: 0.7621 , Time: 39.27s
2026-01-22 19:16:12 - train: epoch 26, iter:0, loss: 0.2044, lr: 0.0008550178566873413
2026-01-22 19:16:17 - train: epoch 26, iter:10, loss: 0.2199, lr: 0.0008550178566873413
2026-01-22 19:16:22 - train: epoch 26, iter:20, loss: 0.2903, lr: 0.0008550178566873413
2026-01-22 19:16:27 - train: epoch 26, iter:30, loss: 0.2303, lr: 0.0008550178566873413
2026-01-22 19:16:33 - train: epoch 26, iter:40, loss: 0.2331, lr: 0.0008550178566873413
2026-01-22 19:16:38 - train: epoch 26, iter:50, loss: 0.2411, lr: 0.0008550178566873413
2026-01-22 19:16:43 - train: epoch 26, iter:60, loss: 0.1928, lr: 0.0008550178566873413
2026-01-22 19:16:48 - train: epoch 26, iter:70, loss: 0.2657, lr: 0.0008550178566873413
2026-01-22 19:16:53 - train: epoch 26, iter:80, loss: 0.1823, lr: 0.0008550178566873413
2026-01-22 19:16:58 - train: epoch 26, iter:90, loss: 0.3729, lr: 0.0008550178566873413
2026-01-22 19:17:03 - train: epoch 26, iter:100, loss: 0.4145, lr: 0.0008550178566873413
2026-01-22 19:17:08 - train: epoch 26, iter:110, loss: 0.2225, lr: 0.0008550178566873413
2026-01-22 19:17:13 - train: epoch 26, iter:120, loss: 0.1862, lr: 0.0008550178566873413
2026-01-22 19:17:19 - train: epoch 26, iter:130, loss: 0.2550, lr: 0.0008550178566873413
2026-01-22 19:17:22 - Finish one epoch train: epoch 26, loss: 0.2970, time(s): 70.83
2026-01-22 19:18:02 - [Val] Epoch 26, Mean Dice: 0.7542 , Time: 39.87s
2026-01-22 19:18:03 - train: epoch 27, iter:0, loss: 0.2090, lr: 0.0008438508174347012
2026-01-22 19:18:08 - train: epoch 27, iter:10, loss: 0.2294, lr: 0.0008438508174347012
2026-01-22 19:18:13 - train: epoch 27, iter:20, loss: 0.1971, lr: 0.0008438508174347012
2026-01-22 19:18:18 - train: epoch 27, iter:30, loss: 0.3044, lr: 0.0008438508174347012
2026-01-22 19:18:24 - train: epoch 27, iter:40, loss: 0.3336, lr: 0.0008438508174347012
2026-01-22 19:18:29 - train: epoch 27, iter:50, loss: 0.2205, lr: 0.0008438508174347012
2026-01-22 19:18:34 - train: epoch 27, iter:60, loss: 0.2294, lr: 0.0008438508174347012
2026-01-22 19:18:39 - train: epoch 27, iter:70, loss: 0.2748, lr: 0.0008438508174347012
2026-01-22 19:18:44 - train: epoch 27, iter:80, loss: 0.4096, lr: 0.0008438508174347012
2026-01-22 19:18:49 - train: epoch 27, iter:90, loss: 0.2563, lr: 0.0008438508174347012
2026-01-22 19:18:54 - train: epoch 27, iter:100, loss: 0.1804, lr: 0.0008438508174347012
2026-01-22 19:19:00 - train: epoch 27, iter:110, loss: 0.4386, lr: 0.0008438508174347012
2026-01-22 19:19:05 - train: epoch 27, iter:120, loss: 0.3561, lr: 0.0008438508174347012
2026-01-22 19:19:10 - train: epoch 27, iter:130, loss: 0.2169, lr: 0.0008438508174347012
2026-01-22 19:19:13 - Finish one epoch train: epoch 27, loss: 0.3145, time(s): 70.78
2026-01-22 19:19:53 - [Val] Epoch 27, Mean Dice: 0.7719 , Time: 39.98s
2026-01-22 19:19:54 - train: epoch 28, iter:0, loss: 0.2666, lr: 0.000832349373335208
2026-01-22 19:20:00 - train: epoch 28, iter:10, loss: 0.2927, lr: 0.000832349373335208
2026-01-22 19:20:05 - train: epoch 28, iter:20, loss: 0.2312, lr: 0.000832349373335208
2026-01-22 19:20:10 - train: epoch 28, iter:30, loss: 0.2090, lr: 0.000832349373335208
2026-01-22 19:20:15 - train: epoch 28, iter:40, loss: 0.1877, lr: 0.000832349373335208
2026-01-22 19:20:21 - train: epoch 28, iter:50, loss: 0.3366, lr: 0.000832349373335208
2026-01-22 19:20:26 - train: epoch 28, iter:60, loss: 0.2163, lr: 0.000832349373335208
2026-01-22 19:20:31 - train: epoch 28, iter:70, loss: 0.2291, lr: 0.000832349373335208
2026-01-22 19:20:36 - train: epoch 28, iter:80, loss: 0.3951, lr: 0.000832349373335208
2026-01-22 19:20:41 - train: epoch 28, iter:90, loss: 0.4238, lr: 0.000832349373335208
2026-01-22 19:20:46 - train: epoch 28, iter:100, loss: 0.2574, lr: 0.000832349373335208
2026-01-22 19:20:51 - train: epoch 28, iter:110, loss: 0.1973, lr: 0.000832349373335208
2026-01-22 19:20:56 - train: epoch 28, iter:120, loss: 0.4432, lr: 0.000832349373335208
2026-01-22 19:21:02 - train: epoch 28, iter:130, loss: 0.3993, lr: 0.000832349373335208
2026-01-22 19:21:05 - Finish one epoch train: epoch 28, loss: 0.3040, time(s): 71.44
2026-01-22 19:21:45 - [Val] Epoch 28, Mean Dice: 0.7381 , Time: 39.49s
2026-01-22 19:21:46 - train: epoch 29, iter:0, loss: 0.4170, lr: 0.0008205248749256018
2026-01-22 19:21:51 - train: epoch 29, iter:10, loss: 0.2164, lr: 0.0008205248749256018
2026-01-22 19:21:56 - train: epoch 29, iter:20, loss: 0.2428, lr: 0.0008205248749256018
2026-01-22 19:22:01 - train: epoch 29, iter:30, loss: 0.2505, lr: 0.0008205248749256018
2026-01-22 19:22:06 - train: epoch 29, iter:40, loss: 0.1829, lr: 0.0008205248749256018
2026-01-22 19:22:11 - train: epoch 29, iter:50, loss: 0.2652, lr: 0.0008205248749256018
2026-01-22 19:22:16 - train: epoch 29, iter:60, loss: 0.7765, lr: 0.0008205248749256018
2026-01-22 19:22:21 - train: epoch 29, iter:70, loss: 0.1693, lr: 0.0008205248749256018
2026-01-22 19:22:26 - train: epoch 29, iter:80, loss: 0.2229, lr: 0.0008205248749256018
2026-01-22 19:22:32 - train: epoch 29, iter:90, loss: 0.2398, lr: 0.0008205248749256018
2026-01-22 19:22:37 - train: epoch 29, iter:100, loss: 0.2885, lr: 0.0008205248749256018
2026-01-22 19:22:42 - train: epoch 29, iter:110, loss: 0.3846, lr: 0.0008205248749256018
2026-01-22 19:22:47 - train: epoch 29, iter:120, loss: 0.2626, lr: 0.0008205248749256018
2026-01-22 19:22:52 - train: epoch 29, iter:130, loss: 0.4096, lr: 0.0008205248749256018
2026-01-22 19:22:56 - Finish one epoch train: epoch 29, loss: 0.2972, time(s): 70.90
2026-01-22 19:23:35 - [Val] Epoch 29, Mean Dice: 0.7649 , Time: 39.33s
2026-01-22 19:23:36 - train: epoch 30, iter:0, loss: 0.2184, lr: 0.0008083889915582238
2026-01-22 19:23:41 - train: epoch 30, iter:10, loss: 0.3231, lr: 0.0008083889915582238
2026-01-22 19:23:47 - train: epoch 30, iter:20, loss: 0.2168, lr: 0.0008083889915582238
2026-01-22 19:23:52 - train: epoch 30, iter:30, loss: 0.2975, lr: 0.0008083889915582238
2026-01-22 19:23:57 - train: epoch 30, iter:40, loss: 0.2661, lr: 0.0008083889915582238
2026-01-22 19:24:02 - train: epoch 30, iter:50, loss: 0.2375, lr: 0.0008083889915582238
2026-01-22 19:24:07 - train: epoch 30, iter:60, loss: 0.4267, lr: 0.0008083889915582238
2026-01-22 19:24:13 - train: epoch 30, iter:70, loss: 0.5719, lr: 0.0008083889915582238
2026-01-22 19:24:18 - train: epoch 30, iter:80, loss: 0.2702, lr: 0.0008083889915582238
2026-01-22 19:24:23 - train: epoch 30, iter:90, loss: 0.5870, lr: 0.0008083889915582238
2026-01-22 19:24:28 - train: epoch 30, iter:100, loss: 0.2578, lr: 0.0008083889915582238
2026-01-22 19:24:33 - train: epoch 30, iter:110, loss: 0.4416, lr: 0.0008083889915582238
2026-01-22 19:24:38 - train: epoch 30, iter:120, loss: 0.4375, lr: 0.0008083889915582238
2026-01-22 19:24:43 - train: epoch 30, iter:130, loss: 0.3669, lr: 0.0008083889915582238
2026-01-22 19:24:47 - Finish one epoch train: epoch 30, loss: 0.3048, time(s): 71.21
2026-01-22 19:25:27 - [Val] Epoch 30, Mean Dice: 0.6822 , Time: 39.90s
2026-01-22 19:25:28 - train: epoch 31, iter:0, loss: 0.1969, lr: 0.0007959536998847747
2026-01-22 19:25:34 - train: epoch 31, iter:10, loss: 0.2358, lr: 0.0007959536998847747
2026-01-22 19:25:39 - train: epoch 31, iter:20, loss: 0.2165, lr: 0.0007959536998847747
2026-01-22 19:25:44 - train: epoch 31, iter:30, loss: 0.9396, lr: 0.0007959536998847747
2026-01-22 19:25:49 - train: epoch 31, iter:40, loss: 0.1801, lr: 0.0007959536998847747
2026-01-22 19:25:55 - train: epoch 31, iter:50, loss: 0.2370, lr: 0.0007959536998847747
2026-01-22 19:26:00 - train: epoch 31, iter:60, loss: 0.3272, lr: 0.0007959536998847747
2026-01-22 19:26:05 - train: epoch 31, iter:70, loss: 0.4480, lr: 0.0007959536998847747
2026-01-22 19:26:10 - train: epoch 31, iter:80, loss: 0.2225, lr: 0.0007959536998847747
2026-01-22 19:26:15 - train: epoch 31, iter:90, loss: 0.3008, lr: 0.0007959536998847747
2026-01-22 19:26:21 - train: epoch 31, iter:100, loss: 0.2606, lr: 0.0007959536998847747
2026-01-22 19:26:26 - train: epoch 31, iter:110, loss: 0.3614, lr: 0.0007959536998847747
2026-01-22 19:26:31 - train: epoch 31, iter:120, loss: 0.2370, lr: 0.0007959536998847747
2026-01-22 19:26:36 - train: epoch 31, iter:130, loss: 0.3506, lr: 0.0007959536998847747
2026-01-22 19:26:40 - Finish one epoch train: epoch 31, loss: 0.3084, time(s): 72.55
2026-01-22 19:27:20 - [Val] Epoch 31, Mean Dice: 0.7390 , Time: 39.79s
2026-01-22 19:27:21 - train: epoch 32, iter:0, loss: 0.1759, lr: 0.0007832312720368051
2026-01-22 19:27:26 - train: epoch 32, iter:10, loss: 0.1829, lr: 0.0007832312720368051
2026-01-22 19:27:31 - train: epoch 32, iter:20, loss: 0.1838, lr: 0.0007832312720368051
2026-01-22 19:27:36 - train: epoch 32, iter:30, loss: 0.2563, lr: 0.0007832312720368051
2026-01-22 19:27:42 - train: epoch 32, iter:40, loss: 0.2149, lr: 0.0007832312720368051
2026-01-22 19:27:47 - train: epoch 32, iter:50, loss: 0.4240, lr: 0.0007832312720368051
2026-01-22 19:27:52 - train: epoch 32, iter:60, loss: 0.2539, lr: 0.0007832312720368051
2026-01-22 19:27:57 - train: epoch 32, iter:70, loss: 0.1974, lr: 0.0007832312720368051
2026-01-22 19:28:02 - train: epoch 32, iter:80, loss: 0.2457, lr: 0.0007832312720368051
2026-01-22 19:28:07 - train: epoch 32, iter:90, loss: 0.2422, lr: 0.0007832312720368051
2026-01-22 19:28:12 - train: epoch 32, iter:100, loss: 0.2051, lr: 0.0007832312720368051
2026-01-22 19:28:17 - train: epoch 32, iter:110, loss: 0.2220, lr: 0.0007832312720368051
2026-01-22 19:28:23 - train: epoch 32, iter:120, loss: 0.2272, lr: 0.0007832312720368051
2026-01-22 19:28:28 - train: epoch 32, iter:130, loss: 0.2381, lr: 0.0007832312720368051
2026-01-22 19:28:32 - Finish one epoch train: epoch 32, loss: 0.2947, time(s): 71.75
2026-01-22 19:29:12 - [Val] Epoch 32, Mean Dice: 0.7626 , Time: 39.59s
2026-01-22 19:29:13 - train: epoch 33, iter:0, loss: 0.1909, lr: 0.0007702342635146037
2026-01-22 19:29:18 - train: epoch 33, iter:10, loss: 0.2362, lr: 0.0007702342635146037
2026-01-22 19:29:23 - train: epoch 33, iter:20, loss: 0.1988, lr: 0.0007702342635146037
2026-01-22 19:29:28 - train: epoch 33, iter:30, loss: 0.3787, lr: 0.0007702342635146037
2026-01-22 19:29:33 - train: epoch 33, iter:40, loss: 0.2325, lr: 0.0007702342635146037
2026-01-22 19:29:38 - train: epoch 33, iter:50, loss: 0.2746, lr: 0.0007702342635146037
2026-01-22 19:29:43 - train: epoch 33, iter:60, loss: 0.3788, lr: 0.0007702342635146037
2026-01-22 19:29:48 - train: epoch 33, iter:70, loss: 0.3566, lr: 0.0007702342635146037
2026-01-22 19:29:53 - train: epoch 33, iter:80, loss: 0.2052, lr: 0.0007702342635146037
2026-01-22 19:29:58 - train: epoch 33, iter:90, loss: 0.1343, lr: 0.0007702342635146037
2026-01-22 19:30:04 - train: epoch 33, iter:100, loss: 0.1927, lr: 0.0007702342635146037
2026-01-22 19:30:09 - train: epoch 33, iter:110, loss: 0.3613, lr: 0.0007702342635146037
2026-01-22 19:30:14 - train: epoch 33, iter:120, loss: 0.4408, lr: 0.0007702342635146037
2026-01-22 19:30:19 - train: epoch 33, iter:130, loss: 0.2583, lr: 0.0007702342635146037
2026-01-22 19:30:22 - Finish one epoch train: epoch 33, loss: 0.2834, time(s): 70.44
2026-01-22 19:31:02 - [Val] Epoch 33, Mean Dice: 0.7577 , Time: 39.59s
2026-01-22 19:31:03 - train: epoch 34, iter:0, loss: 0.2334, lr: 0.0007569755007964342
2026-01-22 19:31:08 - train: epoch 34, iter:10, loss: 0.1687, lr: 0.0007569755007964342
2026-01-22 19:31:13 - train: epoch 34, iter:20, loss: 0.9201, lr: 0.0007569755007964342
2026-01-22 19:31:18 - train: epoch 34, iter:30, loss: 0.5501, lr: 0.0007569755007964342
2026-01-22 19:31:23 - train: epoch 34, iter:40, loss: 0.4093, lr: 0.0007569755007964342
2026-01-22 19:31:29 - train: epoch 34, iter:50, loss: 0.3155, lr: 0.0007569755007964342
2026-01-22 19:31:34 - train: epoch 34, iter:60, loss: 0.5491, lr: 0.0007569755007964342
2026-01-22 19:31:39 - train: epoch 34, iter:70, loss: 0.2352, lr: 0.0007569755007964342
2026-01-22 19:31:44 - train: epoch 34, iter:80, loss: 0.6296, lr: 0.0007569755007964342
2026-01-22 19:31:49 - train: epoch 34, iter:90, loss: 0.4470, lr: 0.0007569755007964342
2026-01-22 19:31:54 - train: epoch 34, iter:100, loss: 0.2019, lr: 0.0007569755007964342
2026-01-22 19:31:59 - train: epoch 34, iter:110, loss: 0.5137, lr: 0.0007569755007964342
2026-01-22 19:32:05 - train: epoch 34, iter:120, loss: 0.1516, lr: 0.0007569755007964342
2026-01-22 19:32:10 - train: epoch 34, iter:130, loss: 0.2416, lr: 0.0007569755007964342
2026-01-22 19:32:13 - Finish one epoch train: epoch 34, loss: 0.2977, time(s): 70.93
2026-01-22 19:32:53 - [Val] Epoch 34, Mean Dice: 0.7226 , Time: 39.43s
2026-01-22 19:32:54 - train: epoch 35, iter:0, loss: 0.2569, lr: 0.0007434680686803494
2026-01-22 19:32:59 - train: epoch 35, iter:10, loss: 0.1960, lr: 0.0007434680686803494
2026-01-22 19:33:04 - train: epoch 35, iter:20, loss: 0.2251, lr: 0.0007434680686803494
2026-01-22 19:33:09 - train: epoch 35, iter:30, loss: 0.2410, lr: 0.0007434680686803494
2026-01-22 19:33:14 - train: epoch 35, iter:40, loss: 0.3615, lr: 0.0007434680686803494
2026-01-22 19:33:20 - train: epoch 35, iter:50, loss: 0.1960, lr: 0.0007434680686803494
2026-01-22 19:33:25 - train: epoch 35, iter:60, loss: 0.2938, lr: 0.0007434680686803494
2026-01-22 19:33:30 - train: epoch 35, iter:70, loss: 0.1706, lr: 0.0007434680686803494
2026-01-22 19:33:35 - train: epoch 35, iter:80, loss: 0.2448, lr: 0.0007434680686803494
2026-01-22 19:33:40 - train: epoch 35, iter:90, loss: 0.3616, lr: 0.0007434680686803494
2026-01-22 19:33:45 - train: epoch 35, iter:100, loss: 0.2346, lr: 0.0007434680686803494
2026-01-22 19:33:50 - train: epoch 35, iter:110, loss: 0.2040, lr: 0.0007434680686803494
2026-01-22 19:33:55 - train: epoch 35, iter:120, loss: 0.2328, lr: 0.0007434680686803494
2026-01-22 19:34:01 - train: epoch 35, iter:130, loss: 0.1970, lr: 0.0007434680686803494
2026-01-22 19:34:04 - Finish one epoch train: epoch 35, loss: 0.2928, time(s): 71.09
2026-01-22 19:34:44 - [Val] Epoch 35, Mean Dice: 0.7709 , Time: 39.25s
2026-01-22 19:34:45 - train: epoch 36, iter:0, loss: 0.1868, lr: 0.0007297252973710761
2026-01-22 19:34:50 - train: epoch 36, iter:10, loss: 0.3616, lr: 0.0007297252973710761
2026-01-22 19:34:55 - train: epoch 36, iter:20, loss: 0.3499, lr: 0.0007297252973710761
2026-01-22 19:35:00 - train: epoch 36, iter:30, loss: 0.2240, lr: 0.0007297252973710761
2026-01-22 19:35:05 - train: epoch 36, iter:40, loss: 0.1918, lr: 0.0007297252973710761
2026-01-22 19:35:10 - train: epoch 36, iter:50, loss: 0.2262, lr: 0.0007297252973710761
2026-01-22 19:35:15 - train: epoch 36, iter:60, loss: 0.2518, lr: 0.0007297252973710761
2026-01-22 19:35:21 - train: epoch 36, iter:70, loss: 0.1723, lr: 0.0007297252973710761
2026-01-22 19:35:26 - train: epoch 36, iter:80, loss: 0.1449, lr: 0.0007297252973710761
2026-01-22 19:35:31 - train: epoch 36, iter:90, loss: 0.2252, lr: 0.0007297252973710761
2026-01-22 19:35:36 - train: epoch 36, iter:100, loss: 0.1669, lr: 0.0007297252973710761
2026-01-22 19:35:41 - train: epoch 36, iter:110, loss: 0.4099, lr: 0.0007297252973710761
2026-01-22 19:35:47 - train: epoch 36, iter:120, loss: 0.4298, lr: 0.0007297252973710761
2026-01-22 19:35:52 - train: epoch 36, iter:130, loss: 0.1812, lr: 0.0007297252973710761
2026-01-22 19:35:55 - Finish one epoch train: epoch 36, loss: 0.2700, time(s): 71.37
2026-01-22 19:36:36 - [Val] Epoch 36, Mean Dice: 0.7804 , Time: 40.10s
2026-01-22 19:36:37 - train: epoch 37, iter:0, loss: 0.2077, lr: 0.0007157607493247114
2026-01-22 19:36:42 - train: epoch 37, iter:10, loss: 0.3573, lr: 0.0007157607493247114
2026-01-22 19:36:47 - train: epoch 37, iter:20, loss: 0.2533, lr: 0.0007157607493247114
2026-01-22 19:36:52 - train: epoch 37, iter:30, loss: 0.1683, lr: 0.0007157607493247114
2026-01-22 19:36:57 - train: epoch 37, iter:40, loss: 0.5636, lr: 0.0007157607493247114
2026-01-22 19:37:02 - train: epoch 37, iter:50, loss: 0.1557, lr: 0.0007157607493247114
2026-01-22 19:37:07 - train: epoch 37, iter:60, loss: 0.1965, lr: 0.0007157607493247114
2026-01-22 19:37:13 - train: epoch 37, iter:70, loss: 0.3753, lr: 0.0007157607493247114
2026-01-22 19:37:18 - train: epoch 37, iter:80, loss: 0.2466, lr: 0.0007157607493247114
2026-01-22 19:37:23 - train: epoch 37, iter:90, loss: 0.3111, lr: 0.0007157607493247114
2026-01-22 19:37:28 - train: epoch 37, iter:100, loss: 0.1715, lr: 0.0007157607493247114
2026-01-22 19:37:33 - train: epoch 37, iter:110, loss: 0.1850, lr: 0.0007157607493247114
2026-01-22 19:37:38 - train: epoch 37, iter:120, loss: 0.2174, lr: 0.0007157607493247114
2026-01-22 19:37:44 - train: epoch 37, iter:130, loss: 0.3657, lr: 0.0007157607493247114
2026-01-22 19:37:48 - Finish one epoch train: epoch 37, loss: 0.2541, time(s): 71.58
2026-01-22 19:38:27 - [Val] Epoch 37, Mean Dice: 0.7800 , Time: 39.47s
2026-01-22 19:38:28 - train: epoch 38, iter:0, loss: 0.7939, lr: 0.0007015882058642168
2026-01-22 19:38:34 - train: epoch 38, iter:10, loss: 0.1999, lr: 0.0007015882058642168
2026-01-22 19:38:39 - train: epoch 38, iter:20, loss: 0.1536, lr: 0.0007015882058642168
2026-01-22 19:38:44 - train: epoch 38, iter:30, loss: 0.2612, lr: 0.0007015882058642168
2026-01-22 19:38:49 - train: epoch 38, iter:40, loss: 0.2073, lr: 0.0007015882058642168
2026-01-22 19:38:55 - train: epoch 38, iter:50, loss: 0.1681, lr: 0.0007015882058642168
2026-01-22 19:39:00 - train: epoch 38, iter:60, loss: 0.2631, lr: 0.0007015882058642168
2026-01-22 19:39:05 - train: epoch 38, iter:70, loss: 0.2073, lr: 0.0007015882058642168
2026-01-22 19:39:10 - train: epoch 38, iter:80, loss: 0.1620, lr: 0.0007015882058642168
2026-01-22 19:39:16 - train: epoch 38, iter:90, loss: 0.1901, lr: 0.0007015882058642168
2026-01-22 19:39:21 - train: epoch 38, iter:100, loss: 0.1620, lr: 0.0007015882058642168
2026-01-22 19:39:26 - train: epoch 38, iter:110, loss: 0.1681, lr: 0.0007015882058642168
2026-01-22 19:39:31 - train: epoch 38, iter:120, loss: 0.1346, lr: 0.0007015882058642168
2026-01-22 19:39:36 - train: epoch 38, iter:130, loss: 0.2250, lr: 0.0007015882058642168
2026-01-22 19:39:40 - Finish one epoch train: epoch 38, loss: 0.2466, time(s): 72.30
2026-01-22 19:40:20 - [Val] Epoch 38, Mean Dice: 0.7405 , Time: 39.89s
2026-01-22 19:40:21 - train: epoch 39, iter:0, loss: 0.2304, lr: 0.0006872216535789162
2026-01-22 19:40:26 - train: epoch 39, iter:10, loss: 0.2611, lr: 0.0006872216535789162
2026-01-22 19:40:31 - train: epoch 39, iter:20, loss: 0.1775, lr: 0.0006872216535789162
2026-01-22 19:40:36 - train: epoch 39, iter:30, loss: 0.1677, lr: 0.0006872216535789162
2026-01-22 19:40:42 - train: epoch 39, iter:40, loss: 0.2256, lr: 0.0006872216535789162
2026-01-22 19:40:47 - train: epoch 39, iter:50, loss: 0.2282, lr: 0.0006872216535789162
2026-01-22 19:40:52 - train: epoch 39, iter:60, loss: 0.2859, lr: 0.0006872216535789162
2026-01-22 19:40:57 - train: epoch 39, iter:70, loss: 0.2051, lr: 0.0006872216535789162
2026-01-22 19:41:02 - train: epoch 39, iter:80, loss: 0.1941, lr: 0.0006872216535789162
2026-01-22 19:41:07 - train: epoch 39, iter:90, loss: 0.1872, lr: 0.0006872216535789162
2026-01-22 19:41:12 - train: epoch 39, iter:100, loss: 0.4201, lr: 0.0006872216535789162
2026-01-22 19:41:18 - train: epoch 39, iter:110, loss: 0.1633, lr: 0.0006872216535789162
2026-01-22 19:41:23 - train: epoch 39, iter:120, loss: 0.1843, lr: 0.0006872216535789162
2026-01-22 19:41:28 - train: epoch 39, iter:130, loss: 0.2272, lr: 0.0006872216535789162
2026-01-22 19:41:32 - Finish one epoch train: epoch 39, loss: 0.2510, time(s): 71.41
2026-01-22 19:42:11 - [Val] Epoch 39, Mean Dice: 0.7946 , Time: 39.64s
2026-01-22 19:42:12 - train: epoch 40, iter:0, loss: 0.2477, lr: 0.0006726752705214198
2026-01-22 19:42:18 - train: epoch 40, iter:10, loss: 0.2515, lr: 0.0006726752705214198
2026-01-22 19:42:23 - train: epoch 40, iter:20, loss: 0.5701, lr: 0.0006726752705214198
2026-01-22 19:42:28 - train: epoch 40, iter:30, loss: 0.1762, lr: 0.0006726752705214198
2026-01-22 19:42:33 - train: epoch 40, iter:40, loss: 0.1718, lr: 0.0006726752705214198
2026-01-22 19:42:38 - train: epoch 40, iter:50, loss: 0.5253, lr: 0.0006726752705214198
2026-01-22 19:42:43 - train: epoch 40, iter:60, loss: 0.3893, lr: 0.0006726752705214198
2026-01-22 19:42:48 - train: epoch 40, iter:70, loss: 0.5867, lr: 0.0006726752705214198
2026-01-22 19:42:53 - train: epoch 40, iter:80, loss: 0.3328, lr: 0.0006726752705214198
2026-01-22 19:42:58 - train: epoch 40, iter:90, loss: 0.1588, lr: 0.0006726752705214198
2026-01-22 19:43:04 - train: epoch 40, iter:100, loss: 0.8230, lr: 0.0006726752705214198
2026-01-22 19:43:09 - train: epoch 40, iter:110, loss: 0.2055, lr: 0.0006726752705214198
2026-01-22 19:43:14 - train: epoch 40, iter:120, loss: 0.1762, lr: 0.0006726752705214198
2026-01-22 19:43:19 - train: epoch 40, iter:130, loss: 0.2728, lr: 0.0006726752705214198
2026-01-22 19:43:23 - Finish one epoch train: epoch 40, loss: 0.2756, time(s): 70.74
2026-01-22 19:44:02 - [Val] Epoch 40, Mean Dice: 0.7761 , Time: 39.37s
2026-01-22 19:44:03 - train: epoch 41, iter:0, loss: 0.2207, lr: 0.0006579634122155995
2026-01-22 19:44:08 - train: epoch 41, iter:10, loss: 0.2020, lr: 0.0006579634122155995
2026-01-22 19:44:13 - train: epoch 41, iter:20, loss: 0.1507, lr: 0.0006579634122155995
2026-01-22 19:44:19 - train: epoch 41, iter:30, loss: 0.1502, lr: 0.0006579634122155995
2026-01-22 19:44:24 - train: epoch 41, iter:40, loss: 0.2912, lr: 0.0006579634122155995
2026-01-22 19:44:29 - train: epoch 41, iter:50, loss: 0.1722, lr: 0.0006579634122155995
2026-01-22 19:44:34 - train: epoch 41, iter:60, loss: 0.2143, lr: 0.0006579634122155995
2026-01-22 19:44:39 - train: epoch 41, iter:70, loss: 0.1622, lr: 0.0006579634122155995
2026-01-22 19:44:45 - train: epoch 41, iter:80, loss: 0.2132, lr: 0.0006579634122155995
2026-01-22 19:44:50 - train: epoch 41, iter:90, loss: 0.1467, lr: 0.0006579634122155995
2026-01-22 19:44:55 - train: epoch 41, iter:100, loss: 0.4066, lr: 0.0006579634122155995
2026-01-22 19:45:00 - train: epoch 41, iter:110, loss: 0.2110, lr: 0.0006579634122155995
2026-01-22 19:45:05 - train: epoch 41, iter:120, loss: 0.3503, lr: 0.0006579634122155995
2026-01-22 19:45:11 - train: epoch 41, iter:130, loss: 0.2185, lr: 0.0006579634122155995
2026-01-22 19:45:14 - Finish one epoch train: epoch 41, loss: 0.2501, time(s): 71.90
2026-01-22 19:45:54 - [Val] Epoch 41, Mean Dice: 0.7671 , Time: 39.96s
2026-01-22 19:45:55 - train: epoch 42, iter:0, loss: 0.1392, lr: 0.000643100597489419
2026-01-22 19:46:00 - train: epoch 42, iter:10, loss: 0.1801, lr: 0.000643100597489419
2026-01-22 19:46:06 - train: epoch 42, iter:20, loss: 0.1244, lr: 0.000643100597489419
2026-01-22 19:46:11 - train: epoch 42, iter:30, loss: 0.1640, lr: 0.000643100597489419
2026-01-22 19:46:16 - train: epoch 42, iter:40, loss: 0.2421, lr: 0.000643100597489419
2026-01-22 19:46:21 - train: epoch 42, iter:50, loss: 0.7390, lr: 0.000643100597489419
2026-01-22 19:46:26 - train: epoch 42, iter:60, loss: 0.5933, lr: 0.000643100597489419
2026-01-22 19:46:31 - train: epoch 42, iter:70, loss: 0.1797, lr: 0.000643100597489419
2026-01-22 19:46:36 - train: epoch 42, iter:80, loss: 0.1691, lr: 0.000643100597489419
2026-01-22 19:46:41 - train: epoch 42, iter:90, loss: 0.1377, lr: 0.000643100597489419
2026-01-22 19:46:46 - train: epoch 42, iter:100, loss: 0.1230, lr: 0.000643100597489419
2026-01-22 19:46:51 - train: epoch 42, iter:110, loss: 0.1554, lr: 0.000643100597489419
2026-01-22 19:46:56 - train: epoch 42, iter:120, loss: 0.1459, lr: 0.000643100597489419
2026-01-22 19:47:02 - train: epoch 42, iter:130, loss: 0.3874, lr: 0.000643100597489419
2026-01-22 19:47:06 - Finish one epoch train: epoch 42, loss: 0.2481, time(s): 70.94
2026-01-22 19:47:45 - [Val] Epoch 42, Mean Dice: 0.7541 , Time: 39.50s
2026-01-22 19:47:46 - train: epoch 43, iter:0, loss: 0.3545, lr: 0.0006281014941466035
2026-01-22 19:47:51 - train: epoch 43, iter:10, loss: 0.4081, lr: 0.0006281014941466035
2026-01-22 19:47:56 - train: epoch 43, iter:20, loss: 0.1737, lr: 0.0006281014941466035
2026-01-22 19:48:02 - train: epoch 43, iter:30, loss: 0.1868, lr: 0.0006281014941466035
2026-01-22 19:48:07 - train: epoch 43, iter:40, loss: 0.1373, lr: 0.0006281014941466035
2026-01-22 19:48:12 - train: epoch 43, iter:50, loss: 0.1380, lr: 0.0006281014941466035
2026-01-22 19:48:17 - train: epoch 43, iter:60, loss: 0.1592, lr: 0.0006281014941466035
2026-01-22 19:48:22 - train: epoch 43, iter:70, loss: 0.3449, lr: 0.0006281014941466035
2026-01-22 19:48:28 - train: epoch 43, iter:80, loss: 0.1496, lr: 0.0006281014941466035
2026-01-22 19:48:33 - train: epoch 43, iter:90, loss: 0.1999, lr: 0.0006281014941466035
2026-01-22 19:48:38 - train: epoch 43, iter:100, loss: 0.1617, lr: 0.0006281014941466035
2026-01-22 19:48:43 - train: epoch 43, iter:110, loss: 0.1816, lr: 0.0006281014941466035
2026-01-22 19:48:48 - train: epoch 43, iter:120, loss: 0.2776, lr: 0.0006281014941466035
2026-01-22 19:48:53 - train: epoch 43, iter:130, loss: 0.1963, lr: 0.0006281014941466035
2026-01-22 19:48:57 - Finish one epoch train: epoch 43, loss: 0.2429, time(s): 71.43
2026-01-22 19:49:37 - [Val] Epoch 43, Mean Dice: 0.7785 , Time: 39.47s
2026-01-22 19:49:37 - train: epoch 44, iter:0, loss: 0.1843, lr: 0.000612980904491289
2026-01-22 19:49:42 - train: epoch 44, iter:10, loss: 0.2173, lr: 0.000612980904491289
2026-01-22 19:49:48 - train: epoch 44, iter:20, loss: 0.1524, lr: 0.000612980904491289
2026-01-22 19:49:53 - train: epoch 44, iter:30, loss: 0.1936, lr: 0.000612980904491289
2026-01-22 19:49:58 - train: epoch 44, iter:40, loss: 0.1754, lr: 0.000612980904491289
2026-01-22 19:50:03 - train: epoch 44, iter:50, loss: 0.1453, lr: 0.000612980904491289
2026-01-22 19:50:09 - train: epoch 44, iter:60, loss: 0.5201, lr: 0.000612980904491289
2026-01-22 19:50:14 - train: epoch 44, iter:70, loss: 0.2302, lr: 0.000612980904491289
2026-01-22 19:50:19 - train: epoch 44, iter:80, loss: 0.1795, lr: 0.000612980904491289
2026-01-22 19:50:24 - train: epoch 44, iter:90, loss: 0.6684, lr: 0.000612980904491289
2026-01-22 19:50:30 - train: epoch 44, iter:100, loss: 0.1891, lr: 0.000612980904491289
2026-01-22 19:50:35 - train: epoch 44, iter:110, loss: 0.2124, lr: 0.000612980904491289
2026-01-22 19:50:40 - train: epoch 44, iter:120, loss: 0.1671, lr: 0.000612980904491289
2026-01-22 19:50:45 - train: epoch 44, iter:130, loss: 0.3670, lr: 0.000612980904491289
2026-01-22 19:50:49 - Finish one epoch train: epoch 44, loss: 0.2320, time(s): 71.68
2026-01-22 19:51:28 - [Val] Epoch 44, Mean Dice: 0.7821 , Time: 39.75s
2026-01-22 19:51:29 - train: epoch 45, iter:0, loss: 0.1381, lr: 0.0005977537507199342
2026-01-22 19:51:34 - train: epoch 45, iter:10, loss: 0.3479, lr: 0.0005977537507199342
2026-01-22 19:51:40 - train: epoch 45, iter:20, loss: 0.1742, lr: 0.0005977537507199342
2026-01-22 19:51:45 - train: epoch 45, iter:30, loss: 0.2067, lr: 0.0005977537507199342
2026-01-22 19:51:50 - train: epoch 45, iter:40, loss: 0.1640, lr: 0.0005977537507199342
2026-01-22 19:51:55 - train: epoch 45, iter:50, loss: 0.2588, lr: 0.0005977537507199342
2026-01-22 19:52:00 - train: epoch 45, iter:60, loss: 0.1695, lr: 0.0005977537507199342
2026-01-22 19:52:06 - train: epoch 45, iter:70, loss: 0.3975, lr: 0.0005977537507199342
2026-01-22 19:52:11 - train: epoch 45, iter:80, loss: 0.3542, lr: 0.0005977537507199342
2026-01-22 19:52:16 - train: epoch 45, iter:90, loss: 0.1762, lr: 0.0005977537507199342
2026-01-22 19:52:21 - train: epoch 45, iter:100, loss: 0.1575, lr: 0.0005977537507199342
2026-01-22 19:52:26 - train: epoch 45, iter:110, loss: 0.1310, lr: 0.0005977537507199342
2026-01-22 19:52:31 - train: epoch 45, iter:120, loss: 0.3182, lr: 0.0005977537507199342
2026-01-22 19:52:36 - train: epoch 45, iter:130, loss: 0.1552, lr: 0.0005977537507199342
2026-01-22 19:52:40 - Finish one epoch train: epoch 45, loss: 0.2169, time(s): 71.38
2026-01-22 19:53:19 - [Val] Epoch 45, Mean Dice: 0.7800 , Time: 39.29s
2026-01-22 19:53:20 - train: epoch 46, iter:0, loss: 0.1541, lr: 0.0005824350601949147
2026-01-22 19:53:26 - train: epoch 46, iter:10, loss: 0.1768, lr: 0.0005824350601949147
2026-01-22 19:53:31 - train: epoch 46, iter:20, loss: 0.1620, lr: 0.0005824350601949147
2026-01-22 19:53:36 - train: epoch 46, iter:30, loss: 0.1671, lr: 0.0005824350601949147
2026-01-22 19:53:41 - train: epoch 46, iter:40, loss: 0.1351, lr: 0.0005824350601949147
2026-01-22 19:53:47 - train: epoch 46, iter:50, loss: 0.1896, lr: 0.0005824350601949147
2026-01-22 19:53:52 - train: epoch 46, iter:60, loss: 0.1780, lr: 0.0005824350601949147
2026-01-22 19:53:57 - train: epoch 46, iter:70, loss: 0.2685, lr: 0.0005824350601949147
2026-01-22 19:54:02 - train: epoch 46, iter:80, loss: 0.1918, lr: 0.0005824350601949147
2026-01-22 19:54:07 - train: epoch 46, iter:90, loss: 0.1885, lr: 0.0005824350601949147
2026-01-22 19:54:12 - train: epoch 46, iter:100, loss: 0.2341, lr: 0.0005824350601949147
2026-01-22 19:54:17 - train: epoch 46, iter:110, loss: 0.2010, lr: 0.0005824350601949147
2026-01-22 19:54:22 - train: epoch 46, iter:120, loss: 0.1439, lr: 0.0005824350601949147
2026-01-22 19:54:27 - train: epoch 46, iter:130, loss: 0.1593, lr: 0.0005824350601949147
2026-01-22 19:54:31 - Finish one epoch train: epoch 46, loss: 0.2551, time(s): 71.17
2026-01-22 19:55:11 - [Val] Epoch 46, Mean Dice: 0.7624 , Time: 39.67s
2026-01-22 19:55:12 - train: epoch 47, iter:0, loss: 0.1981, lr: 0.000567039950614331
2026-01-22 19:55:17 - train: epoch 47, iter:10, loss: 0.1783, lr: 0.000567039950614331
2026-01-22 19:55:22 - train: epoch 47, iter:20, loss: 0.3455, lr: 0.000567039950614331
2026-01-22 19:55:27 - train: epoch 47, iter:30, loss: 0.1752, lr: 0.000567039950614331
2026-01-22 19:55:32 - train: epoch 47, iter:40, loss: 0.1912, lr: 0.000567039950614331
2026-01-22 19:55:38 - train: epoch 47, iter:50, loss: 0.1654, lr: 0.000567039950614331
2026-01-22 19:55:43 - train: epoch 47, iter:60, loss: 0.7360, lr: 0.000567039950614331
2026-01-22 19:55:48 - train: epoch 47, iter:70, loss: 0.1420, lr: 0.000567039950614331
2026-01-22 19:55:54 - train: epoch 47, iter:80, loss: 0.3439, lr: 0.000567039950614331
2026-01-22 19:55:59 - train: epoch 47, iter:90, loss: 0.2177, lr: 0.000567039950614331
2026-01-22 19:56:04 - train: epoch 47, iter:100, loss: 0.5600, lr: 0.000567039950614331
2026-01-22 19:56:09 - train: epoch 47, iter:110, loss: 0.3532, lr: 0.000567039950614331
2026-01-22 19:56:15 - train: epoch 47, iter:120, loss: 0.1680, lr: 0.000567039950614331
2026-01-22 19:56:20 - train: epoch 47, iter:130, loss: 0.2095, lr: 0.000567039950614331
2026-01-22 19:56:24 - Finish one epoch train: epoch 47, loss: 0.2577, time(s): 72.98
2026-01-22 19:57:04 - [Val] Epoch 47, Mean Dice: 0.7767 , Time: 39.37s
2026-01-22 19:57:04 - train: epoch 48, iter:0, loss: 0.1533, lr: 0.0005515836150926649
2026-01-22 19:57:10 - train: epoch 48, iter:10, loss: 0.3870, lr: 0.0005515836150926649
2026-01-22 19:57:15 - train: epoch 48, iter:20, loss: 0.3525, lr: 0.0005515836150926649
2026-01-22 19:57:20 - train: epoch 48, iter:30, loss: 0.2283, lr: 0.0005515836150926649
2026-01-22 19:57:25 - train: epoch 48, iter:40, loss: 0.1399, lr: 0.0005515836150926649
2026-01-22 19:57:30 - train: epoch 48, iter:50, loss: 0.1479, lr: 0.0005515836150926649
2026-01-22 19:57:35 - train: epoch 48, iter:60, loss: 0.1709, lr: 0.0005515836150926649
2026-01-22 19:57:40 - train: epoch 48, iter:70, loss: 0.1468, lr: 0.0005515836150926649
2026-01-22 19:57:46 - train: epoch 48, iter:80, loss: 0.1788, lr: 0.0005515836150926649
2026-01-22 19:57:51 - train: epoch 48, iter:90, loss: 0.3492, lr: 0.0005515836150926649
2026-01-22 19:57:56 - train: epoch 48, iter:100, loss: 0.1695, lr: 0.0005515836150926649
2026-01-22 19:58:01 - train: epoch 48, iter:110, loss: 0.1220, lr: 0.0005515836150926649
2026-01-22 19:58:06 - train: epoch 48, iter:120, loss: 0.1590, lr: 0.0005515836150926649
2026-01-22 19:58:11 - train: epoch 48, iter:130, loss: 0.1597, lr: 0.0005515836150926649
2026-01-22 19:58:15 - Finish one epoch train: epoch 48, loss: 0.2273, time(s): 70.71
2026-01-22 19:58:54 - [Val] Epoch 48, Mean Dice: 0.7711 , Time: 39.45s
2026-01-22 19:58:55 - train: epoch 49, iter:0, loss: 0.3770, lr: 0.0005360813071670105
2026-01-22 19:59:00 - train: epoch 49, iter:10, loss: 0.1603, lr: 0.0005360813071670105
2026-01-22 19:59:05 - train: epoch 49, iter:20, loss: 0.1204, lr: 0.0005360813071670105
2026-01-22 19:59:11 - train: epoch 49, iter:30, loss: 0.1515, lr: 0.0005360813071670105
2026-01-22 19:59:16 - train: epoch 49, iter:40, loss: 0.1484, lr: 0.0005360813071670105
2026-01-22 19:59:21 - train: epoch 49, iter:50, loss: 0.1844, lr: 0.0005360813071670105
2026-01-22 19:59:26 - train: epoch 49, iter:60, loss: 0.7430, lr: 0.0005360813071670105
2026-01-22 19:59:31 - train: epoch 49, iter:70, loss: 0.5067, lr: 0.0005360813071670105
2026-01-22 19:59:36 - train: epoch 49, iter:80, loss: 0.4927, lr: 0.0005360813071670105
2026-01-22 19:59:41 - train: epoch 49, iter:90, loss: 0.2887, lr: 0.0005360813071670105
2026-01-22 19:59:46 - train: epoch 49, iter:100, loss: 0.1495, lr: 0.0005360813071670105
2026-01-22 19:59:51 - train: epoch 49, iter:110, loss: 0.3378, lr: 0.0005360813071670105
2026-01-22 19:59:56 - train: epoch 49, iter:120, loss: 0.1513, lr: 0.0005360813071670105
2026-01-22 20:00:02 - train: epoch 49, iter:130, loss: 0.1455, lr: 0.0005360813071670105
2026-01-22 20:00:06 - Finish one epoch train: epoch 49, loss: 0.2250, time(s): 71.17
2026-01-22 20:00:45 - [Val] Epoch 49, Mean Dice: 0.7802 , Time: 39.40s
2026-01-22 20:00:46 - train: epoch 50, iter:0, loss: 0.1581, lr: 0.0005205483257436738
2026-01-22 20:00:51 - train: epoch 50, iter:10, loss: 0.5209, lr: 0.0005205483257436738
2026-01-22 20:00:57 - train: epoch 50, iter:20, loss: 0.3651, lr: 0.0005205483257436738
2026-01-22 20:01:02 - train: epoch 50, iter:30, loss: 0.2053, lr: 0.0005205483257436738
2026-01-22 20:01:07 - train: epoch 50, iter:40, loss: 0.1816, lr: 0.0005205483257436738
2026-01-22 20:01:12 - train: epoch 50, iter:50, loss: 0.1500, lr: 0.0005205483257436738
2026-01-22 20:01:17 - train: epoch 50, iter:60, loss: 0.1963, lr: 0.0005205483257436738
2026-01-22 20:01:22 - train: epoch 50, iter:70, loss: 0.1354, lr: 0.0005205483257436738
2026-01-22 20:01:27 - train: epoch 50, iter:80, loss: 0.1965, lr: 0.0005205483257436738
2026-01-22 20:01:33 - train: epoch 50, iter:90, loss: 0.1577, lr: 0.0005205483257436738
2026-01-22 20:01:38 - train: epoch 50, iter:100, loss: 0.1440, lr: 0.0005205483257436738
2026-01-22 20:01:43 - train: epoch 50, iter:110, loss: 0.1696, lr: 0.0005205483257436738
2026-01-22 20:01:49 - train: epoch 50, iter:120, loss: 0.1699, lr: 0.0005205483257436738
2026-01-22 20:01:54 - train: epoch 50, iter:130, loss: 0.1207, lr: 0.0005205483257436738
2026-01-22 20:01:58 - Finish one epoch train: epoch 50, loss: 0.2229, time(s): 72.18
2026-01-22 20:02:37 - [Val] Epoch 50, Mean Dice: 0.7764 , Time: 39.20s
2026-01-22 20:02:38 - train: epoch 51, iter:0, loss: 0.3446, lr: 0.0005050000000000002
2026-01-22 20:02:43 - train: epoch 51, iter:10, loss: 0.1886, lr: 0.0005050000000000002
2026-01-22 20:02:48 - train: epoch 51, iter:20, loss: 0.5837, lr: 0.0005050000000000002
2026-01-22 20:02:53 - train: epoch 51, iter:30, loss: 0.3422, lr: 0.0005050000000000002
2026-01-22 20:02:59 - train: epoch 51, iter:40, loss: 0.1687, lr: 0.0005050000000000002
2026-01-22 20:03:04 - train: epoch 51, iter:50, loss: 0.1380, lr: 0.0005050000000000002
2026-01-22 20:03:09 - train: epoch 51, iter:60, loss: 0.1458, lr: 0.0005050000000000002
2026-01-22 20:03:14 - train: epoch 51, iter:70, loss: 0.2050, lr: 0.0005050000000000002
2026-01-22 20:03:19 - train: epoch 51, iter:80, loss: 0.1778, lr: 0.0005050000000000002
2026-01-22 20:03:25 - train: epoch 51, iter:90, loss: 0.3039, lr: 0.0005050000000000002
2026-01-22 20:03:30 - train: epoch 51, iter:100, loss: 0.1241, lr: 0.0005050000000000002
2026-01-22 20:03:35 - train: epoch 51, iter:110, loss: 0.2063, lr: 0.0005050000000000002
2026-01-22 20:03:40 - train: epoch 51, iter:120, loss: 0.2117, lr: 0.0005050000000000002
2026-01-22 20:03:45 - train: epoch 51, iter:130, loss: 0.1167, lr: 0.0005050000000000002
2026-01-22 20:03:49 - Finish one epoch train: epoch 51, loss: 0.2089, time(s): 71.51
2026-01-22 20:04:28 - [Val] Epoch 51, Mean Dice: 0.7763 , Time: 39.56s
2026-01-22 20:04:29 - train: epoch 52, iter:0, loss: 0.9484, lr: 0.0004894516742563267
2026-01-22 20:04:35 - train: epoch 52, iter:10, loss: 0.1336, lr: 0.0004894516742563267
2026-01-22 20:04:40 - train: epoch 52, iter:20, loss: 0.1524, lr: 0.0004894516742563267
2026-01-22 20:04:45 - train: epoch 52, iter:30, loss: 0.1440, lr: 0.0004894516742563267
2026-01-22 20:04:51 - train: epoch 52, iter:40, loss: 0.1076, lr: 0.0004894516742563267
2026-01-22 20:04:56 - train: epoch 52, iter:50, loss: 0.1398, lr: 0.0004894516742563267
2026-01-22 20:05:01 - train: epoch 52, iter:60, loss: 0.3975, lr: 0.0004894516742563267
2026-01-22 20:05:06 - train: epoch 52, iter:70, loss: 0.1505, lr: 0.0004894516742563267
2026-01-22 20:05:11 - train: epoch 52, iter:80, loss: 0.1448, lr: 0.0004894516742563267
2026-01-22 20:05:16 - train: epoch 52, iter:90, loss: 0.1496, lr: 0.0004894516742563267
2026-01-22 20:05:22 - train: epoch 52, iter:100, loss: 0.3168, lr: 0.0004894516742563267
2026-01-22 20:05:27 - train: epoch 52, iter:110, loss: 0.1561, lr: 0.0004894516742563267
2026-01-22 20:05:32 - train: epoch 52, iter:120, loss: 0.1178, lr: 0.0004894516742563267
2026-01-22 20:05:37 - train: epoch 52, iter:130, loss: 0.1437, lr: 0.0004894516742563267
2026-01-22 20:05:41 - Finish one epoch train: epoch 52, loss: 0.2214, time(s): 72.05
2026-01-22 20:06:20 - [Val] Epoch 52, Mean Dice: 0.7516 , Time: 39.33s
2026-01-22 20:06:21 - train: epoch 53, iter:0, loss: 0.1570, lr: 0.0004739186928329901
2026-01-22 20:06:26 - train: epoch 53, iter:10, loss: 0.1762, lr: 0.0004739186928329901
2026-01-22 20:06:32 - train: epoch 53, iter:20, loss: 0.2225, lr: 0.0004739186928329901
2026-01-22 20:06:37 - train: epoch 53, iter:30, loss: 0.1232, lr: 0.0004739186928329901
2026-01-22 20:06:42 - train: epoch 53, iter:40, loss: 0.1261, lr: 0.0004739186928329901
2026-01-22 20:06:47 - train: epoch 53, iter:50, loss: 0.1314, lr: 0.0004739186928329901
2026-01-22 20:06:52 - train: epoch 53, iter:60, loss: 0.1105, lr: 0.0004739186928329901
2026-01-22 20:06:57 - train: epoch 53, iter:70, loss: 0.1142, lr: 0.0004739186928329901
2026-01-22 20:07:02 - train: epoch 53, iter:80, loss: 0.1242, lr: 0.0004739186928329901
2026-01-22 20:07:07 - train: epoch 53, iter:90, loss: 0.1635, lr: 0.0004739186928329901
2026-01-22 20:07:12 - train: epoch 53, iter:100, loss: 0.1260, lr: 0.0004739186928329901
2026-01-22 20:07:17 - train: epoch 53, iter:110, loss: 0.1300, lr: 0.0004739186928329901
2026-01-22 20:07:23 - train: epoch 53, iter:120, loss: 0.3398, lr: 0.0004739186928329901
2026-01-22 20:07:28 - train: epoch 53, iter:130, loss: 0.1841, lr: 0.0004739186928329901
2026-01-22 20:07:32 - Finish one epoch train: epoch 53, loss: 0.2215, time(s): 71.06
2026-01-22 20:08:12 - [Val] Epoch 53, Mean Dice: 0.7619 , Time: 39.93s
2026-01-22 20:08:13 - train: epoch 54, iter:0, loss: 0.1435, lr: 0.00045841638490733556
2026-01-22 20:08:18 - train: epoch 54, iter:10, loss: 0.1620, lr: 0.00045841638490733556
2026-01-22 20:08:23 - train: epoch 54, iter:20, loss: 0.1361, lr: 0.00045841638490733556
2026-01-22 20:08:28 - train: epoch 54, iter:30, loss: 0.2056, lr: 0.00045841638490733556
2026-01-22 20:08:33 - train: epoch 54, iter:40, loss: 0.3225, lr: 0.00045841638490733556
2026-01-22 20:08:38 - train: epoch 54, iter:50, loss: 0.1351, lr: 0.00045841638490733556
2026-01-22 20:08:43 - train: epoch 54, iter:60, loss: 0.1761, lr: 0.00045841638490733556
2026-01-22 20:08:48 - train: epoch 54, iter:70, loss: 0.1243, lr: 0.00045841638490733556
2026-01-22 20:08:54 - train: epoch 54, iter:80, loss: 0.1428, lr: 0.00045841638490733556
2026-01-22 20:08:59 - train: epoch 54, iter:90, loss: 0.3229, lr: 0.00045841638490733556
2026-01-22 20:09:04 - train: epoch 54, iter:100, loss: 0.1112, lr: 0.00045841638490733556
2026-01-22 20:09:09 - train: epoch 54, iter:110, loss: 0.1120, lr: 0.00045841638490733556
2026-01-22 20:09:14 - train: epoch 54, iter:120, loss: 0.1485, lr: 0.00045841638490733556
2026-01-22 20:09:19 - train: epoch 54, iter:130, loss: 0.8428, lr: 0.00045841638490733556
2026-01-22 20:09:23 - Finish one epoch train: epoch 54, loss: 0.2254, time(s): 70.90
2026-01-22 20:10:03 - [Val] Epoch 54, Mean Dice: 0.7776 , Time: 40.31s
2026-01-22 20:10:04 - train: epoch 55, iter:0, loss: 0.3284, lr: 0.0004429600493856696
2026-01-22 20:10:09 - train: epoch 55, iter:10, loss: 0.1357, lr: 0.0004429600493856696
2026-01-22 20:10:14 - train: epoch 55, iter:20, loss: 0.1402, lr: 0.0004429600493856696
2026-01-22 20:10:20 - train: epoch 55, iter:30, loss: 0.1830, lr: 0.0004429600493856696
2026-01-22 20:10:25 - train: epoch 55, iter:40, loss: 0.3373, lr: 0.0004429600493856696
2026-01-22 20:10:30 - train: epoch 55, iter:50, loss: 0.1337, lr: 0.0004429600493856696
2026-01-22 20:10:35 - train: epoch 55, iter:60, loss: 0.1275, lr: 0.0004429600493856696
2026-01-22 20:10:41 - train: epoch 55, iter:70, loss: 0.1673, lr: 0.0004429600493856696
2026-01-22 20:10:46 - train: epoch 55, iter:80, loss: 0.1442, lr: 0.0004429600493856696
2026-01-22 20:10:51 - train: epoch 55, iter:90, loss: 0.3238, lr: 0.0004429600493856696
2026-01-22 20:10:56 - train: epoch 55, iter:100, loss: 0.5121, lr: 0.0004429600493856696
2026-01-22 20:11:02 - train: epoch 55, iter:110, loss: 0.1510, lr: 0.0004429600493856696
2026-01-22 20:11:07 - train: epoch 55, iter:120, loss: 0.2211, lr: 0.0004429600493856696
2026-01-22 20:11:13 - train: epoch 55, iter:130, loss: 0.1610, lr: 0.0004429600493856696
2026-01-22 20:11:17 - Finish one epoch train: epoch 55, loss: 0.2072, time(s): 73.16
2026-01-22 20:11:56 - [Val] Epoch 55, Mean Dice: 0.7706 , Time: 39.51s
2026-01-22 20:11:57 - train: epoch 56, iter:0, loss: 0.1402, lr: 0.0004275649398050859
2026-01-22 20:12:03 - train: epoch 56, iter:10, loss: 0.1587, lr: 0.0004275649398050859
2026-01-22 20:12:08 - train: epoch 56, iter:20, loss: 0.0935, lr: 0.0004275649398050859
2026-01-22 20:12:13 - train: epoch 56, iter:30, loss: 0.1466, lr: 0.0004275649398050859
2026-01-22 20:12:18 - train: epoch 56, iter:40, loss: 0.1447, lr: 0.0004275649398050859
2026-01-22 20:12:23 - train: epoch 56, iter:50, loss: 0.1820, lr: 0.0004275649398050859
2026-01-22 20:12:28 - train: epoch 56, iter:60, loss: 0.5469, lr: 0.0004275649398050859
2026-01-22 20:12:34 - train: epoch 56, iter:70, loss: 0.2359, lr: 0.0004275649398050859
2026-01-22 20:12:39 - train: epoch 56, iter:80, loss: 0.1436, lr: 0.0004275649398050859
2026-01-22 20:12:44 - train: epoch 56, iter:90, loss: 0.1842, lr: 0.0004275649398050859
2026-01-22 20:12:49 - train: epoch 56, iter:100, loss: 0.1699, lr: 0.0004275649398050859
2026-01-22 20:12:54 - train: epoch 56, iter:110, loss: 0.3316, lr: 0.0004275649398050859
2026-01-22 20:12:59 - train: epoch 56, iter:120, loss: 0.1408, lr: 0.0004275649398050859
2026-01-22 20:13:04 - train: epoch 56, iter:130, loss: 0.1590, lr: 0.0004275649398050859
2026-01-22 20:13:08 - Finish one epoch train: epoch 56, loss: 0.2039, time(s): 70.94
2026-01-22 20:13:47 - [Val] Epoch 56, Mean Dice: 0.7737 , Time: 39.38s
2026-01-22 20:13:48 - train: epoch 57, iter:0, loss: 0.2019, lr: 0.0004122462492800665
2026-01-22 20:13:53 - train: epoch 57, iter:10, loss: 0.3367, lr: 0.0004122462492800665
2026-01-22 20:13:59 - train: epoch 57, iter:20, loss: 0.1506, lr: 0.0004122462492800665
2026-01-22 20:14:04 - train: epoch 57, iter:30, loss: 0.1552, lr: 0.0004122462492800665
2026-01-22 20:14:09 - train: epoch 57, iter:40, loss: 0.1788, lr: 0.0004122462492800665
2026-01-22 20:14:14 - train: epoch 57, iter:50, loss: 0.7286, lr: 0.0004122462492800665
2026-01-22 20:14:19 - train: epoch 57, iter:60, loss: 0.1144, lr: 0.0004122462492800665
2026-01-22 20:14:24 - train: epoch 57, iter:70, loss: 0.1435, lr: 0.0004122462492800665
2026-01-22 20:14:30 - train: epoch 57, iter:80, loss: 0.1410, lr: 0.0004122462492800665
2026-01-22 20:14:35 - train: epoch 57, iter:90, loss: 0.1461, lr: 0.0004122462492800665
2026-01-22 20:14:40 - train: epoch 57, iter:100, loss: 0.1412, lr: 0.0004122462492800665
2026-01-22 20:14:46 - train: epoch 57, iter:110, loss: 0.7519, lr: 0.0004122462492800665
2026-01-22 20:14:51 - train: epoch 57, iter:120, loss: 0.2175, lr: 0.0004122462492800665
2026-01-22 20:14:56 - train: epoch 57, iter:130, loss: 0.3242, lr: 0.0004122462492800665
2026-01-22 20:15:00 - Finish one epoch train: epoch 57, loss: 0.2127, time(s): 72.01
2026-01-22 20:15:40 - [Val] Epoch 57, Mean Dice: 0.7826 , Time: 39.95s
2026-01-22 20:15:41 - train: epoch 58, iter:0, loss: 0.1312, lr: 0.00039701909550871175
2026-01-22 20:15:46 - train: epoch 58, iter:10, loss: 0.1968, lr: 0.00039701909550871175
2026-01-22 20:15:51 - train: epoch 58, iter:20, loss: 0.1225, lr: 0.00039701909550871175
2026-01-22 20:15:56 - train: epoch 58, iter:30, loss: 0.1326, lr: 0.00039701909550871175
2026-01-22 20:16:01 - train: epoch 58, iter:40, loss: 0.1138, lr: 0.00039701909550871175
2026-01-22 20:16:06 - train: epoch 58, iter:50, loss: 0.1302, lr: 0.00039701909550871175
2026-01-22 20:16:11 - train: epoch 58, iter:60, loss: 0.1498, lr: 0.00039701909550871175
2026-01-22 20:16:17 - train: epoch 58, iter:70, loss: 0.1160, lr: 0.00039701909550871175
2026-01-22 20:16:22 - train: epoch 58, iter:80, loss: 0.3310, lr: 0.00039701909550871175
2026-01-22 20:16:27 - train: epoch 58, iter:90, loss: 0.0896, lr: 0.00039701909550871175
2026-01-22 20:16:32 - train: epoch 58, iter:100, loss: 0.1476, lr: 0.00039701909550871175
2026-01-22 20:16:37 - train: epoch 58, iter:110, loss: 0.1167, lr: 0.00039701909550871175
2026-01-22 20:16:42 - train: epoch 58, iter:120, loss: 0.1346, lr: 0.00039701909550871175
2026-01-22 20:16:47 - train: epoch 58, iter:130, loss: 0.1248, lr: 0.00039701909550871175
2026-01-22 20:16:51 - Finish one epoch train: epoch 58, loss: 0.2268, time(s): 70.86
2026-01-22 20:17:31 - [Val] Epoch 58, Mean Dice: 0.7829 , Time: 39.64s
2026-01-22 20:17:31 - train: epoch 59, iter:0, loss: 0.1226, lr: 0.000381898505853397
2026-01-22 20:17:37 - train: epoch 59, iter:10, loss: 0.1172, lr: 0.000381898505853397
2026-01-22 20:17:42 - train: epoch 59, iter:20, loss: 0.1324, lr: 0.000381898505853397
2026-01-22 20:17:47 - train: epoch 59, iter:30, loss: 0.1304, lr: 0.000381898505853397
2026-01-22 20:17:52 - train: epoch 59, iter:40, loss: 0.1034, lr: 0.000381898505853397
2026-01-22 20:17:57 - train: epoch 59, iter:50, loss: 0.1244, lr: 0.000381898505853397
2026-01-22 20:18:02 - train: epoch 59, iter:60, loss: 0.1464, lr: 0.000381898505853397
2026-01-22 20:18:07 - train: epoch 59, iter:70, loss: 0.5146, lr: 0.000381898505853397
2026-01-22 20:18:12 - train: epoch 59, iter:80, loss: 0.5442, lr: 0.000381898505853397
2026-01-22 20:18:18 - train: epoch 59, iter:90, loss: 0.3143, lr: 0.000381898505853397
2026-01-22 20:18:23 - train: epoch 59, iter:100, loss: 0.3563, lr: 0.000381898505853397
2026-01-22 20:18:28 - train: epoch 59, iter:110, loss: 0.3263, lr: 0.000381898505853397
2026-01-22 20:18:34 - train: epoch 59, iter:120, loss: 0.1646, lr: 0.000381898505853397
2026-01-22 20:18:39 - train: epoch 59, iter:130, loss: 0.1791, lr: 0.000381898505853397
2026-01-22 20:18:43 - Finish one epoch train: epoch 59, loss: 0.2023, time(s): 71.58
2026-01-22 20:19:22 - [Val] Epoch 59, Mean Dice: 0.7778 , Time: 39.51s
2026-01-22 20:19:23 - train: epoch 60, iter:0, loss: 0.3355, lr: 0.00036689940251058173
2026-01-22 20:19:28 - train: epoch 60, iter:10, loss: 0.5031, lr: 0.00036689940251058173
2026-01-22 20:19:33 - train: epoch 60, iter:20, loss: 0.1404, lr: 0.00036689940251058173
2026-01-22 20:19:38 - train: epoch 60, iter:30, loss: 0.3382, lr: 0.00036689940251058173
2026-01-22 20:19:43 - train: epoch 60, iter:40, loss: 0.1135, lr: 0.00036689940251058173
2026-01-22 20:19:49 - train: epoch 60, iter:50, loss: 0.1291, lr: 0.00036689940251058173
2026-01-22 20:19:54 - train: epoch 60, iter:60, loss: 0.1694, lr: 0.00036689940251058173
2026-01-22 20:20:00 - train: epoch 60, iter:70, loss: 0.1281, lr: 0.00036689940251058173
2026-01-22 20:20:05 - train: epoch 60, iter:80, loss: 0.5145, lr: 0.00036689940251058173
2026-01-22 20:20:10 - train: epoch 60, iter:90, loss: 0.3565, lr: 0.00036689940251058173
2026-01-22 20:20:15 - train: epoch 60, iter:100, loss: 0.3284, lr: 0.00036689940251058173
2026-01-22 20:20:20 - train: epoch 60, iter:110, loss: 0.1511, lr: 0.00036689940251058173
2026-01-22 20:20:25 - train: epoch 60, iter:120, loss: 0.1261, lr: 0.00036689940251058173
2026-01-22 20:20:31 - train: epoch 60, iter:130, loss: 0.1839, lr: 0.00036689940251058173
2026-01-22 20:20:34 - Finish one epoch train: epoch 60, loss: 0.2098, time(s): 71.86
2026-01-22 20:21:14 - [Val] Epoch 60, Mean Dice: 0.7592 , Time: 39.52s
2026-01-22 20:21:15 - train: epoch 61, iter:0, loss: 0.1248, lr: 0.00035203658778440135
2026-01-22 20:21:20 - train: epoch 61, iter:10, loss: 0.1178, lr: 0.00035203658778440135
2026-01-22 20:21:25 - train: epoch 61, iter:20, loss: 0.1851, lr: 0.00035203658778440135
2026-01-22 20:21:30 - train: epoch 61, iter:30, loss: 0.1185, lr: 0.00035203658778440135
2026-01-22 20:21:35 - train: epoch 61, iter:40, loss: 0.0889, lr: 0.00035203658778440135
2026-01-22 20:21:40 - train: epoch 61, iter:50, loss: 0.1204, lr: 0.00035203658778440135
2026-01-22 20:21:45 - train: epoch 61, iter:60, loss: 0.1675, lr: 0.00035203658778440135
2026-01-22 20:21:50 - train: epoch 61, iter:70, loss: 0.1162, lr: 0.00035203658778440135
2026-01-22 20:21:56 - train: epoch 61, iter:80, loss: 0.1751, lr: 0.00035203658778440135
2026-01-22 20:22:01 - train: epoch 61, iter:90, loss: 0.1273, lr: 0.00035203658778440135
2026-01-22 20:22:06 - train: epoch 61, iter:100, loss: 0.1806, lr: 0.00035203658778440135
2026-01-22 20:22:11 - train: epoch 61, iter:110, loss: 0.1464, lr: 0.00035203658778440135
2026-01-22 20:22:16 - train: epoch 61, iter:120, loss: 0.1228, lr: 0.00035203658778440135
2026-01-22 20:22:21 - train: epoch 61, iter:130, loss: 0.4099, lr: 0.00035203658778440135
2026-01-22 20:22:25 - Finish one epoch train: epoch 61, loss: 0.2103, time(s): 70.60
2026-01-22 20:23:04 - [Val] Epoch 61, Mean Dice: 0.7791 , Time: 39.50s
2026-01-22 20:23:05 - train: epoch 62, iter:0, loss: 0.1357, lr: 0.00033732472947858096
2026-01-22 20:23:11 - train: epoch 62, iter:10, loss: 0.1215, lr: 0.00033732472947858096
2026-01-22 20:23:16 - train: epoch 62, iter:20, loss: 0.1456, lr: 0.00033732472947858096
2026-01-22 20:23:21 - train: epoch 62, iter:30, loss: 0.1263, lr: 0.00033732472947858096
2026-01-22 20:23:26 - train: epoch 62, iter:40, loss: 0.1392, lr: 0.00033732472947858096
2026-01-22 20:23:31 - train: epoch 62, iter:50, loss: 0.1365, lr: 0.00033732472947858096
2026-01-22 20:23:36 - train: epoch 62, iter:60, loss: 0.1542, lr: 0.00033732472947858096
2026-01-22 20:23:42 - train: epoch 62, iter:70, loss: 0.1571, lr: 0.00033732472947858096
2026-01-22 20:23:47 - train: epoch 62, iter:80, loss: 0.1084, lr: 0.00033732472947858096
2026-01-22 20:23:52 - train: epoch 62, iter:90, loss: 0.1155, lr: 0.00033732472947858096
2026-01-22 20:23:57 - train: epoch 62, iter:100, loss: 0.1365, lr: 0.00033732472947858096
2026-01-22 20:24:03 - train: epoch 62, iter:110, loss: 0.1433, lr: 0.00033732472947858096
2026-01-22 20:24:08 - train: epoch 62, iter:120, loss: 0.1512, lr: 0.00033732472947858096
2026-01-22 20:24:13 - train: epoch 62, iter:130, loss: 0.1676, lr: 0.00033732472947858096
2026-01-22 20:24:17 - Finish one epoch train: epoch 62, loss: 0.1985, time(s): 72.01
2026-01-22 20:24:56 - [Val] Epoch 62, Mean Dice: 0.7827 , Time: 39.37s
2026-01-22 20:24:57 - train: epoch 63, iter:0, loss: 0.1883, lr: 0.0003227783464210847
2026-01-22 20:25:02 - train: epoch 63, iter:10, loss: 0.1842, lr: 0.0003227783464210847
2026-01-22 20:25:08 - train: epoch 63, iter:20, loss: 0.1086, lr: 0.0003227783464210847
2026-01-22 20:25:13 - train: epoch 63, iter:30, loss: 0.1347, lr: 0.0003227783464210847
2026-01-22 20:25:18 - train: epoch 63, iter:40, loss: 0.1202, lr: 0.0003227783464210847
2026-01-22 20:25:23 - train: epoch 63, iter:50, loss: 0.1246, lr: 0.0003227783464210847
2026-01-22 20:25:28 - train: epoch 63, iter:60, loss: 0.1136, lr: 0.0003227783464210847
2026-01-22 20:25:33 - train: epoch 63, iter:70, loss: 0.6870, lr: 0.0003227783464210847
2026-01-22 20:25:38 - train: epoch 63, iter:80, loss: 0.1294, lr: 0.0003227783464210847
2026-01-22 20:25:44 - train: epoch 63, iter:90, loss: 0.1606, lr: 0.0003227783464210847
2026-01-22 20:25:49 - train: epoch 63, iter:100, loss: 0.1142, lr: 0.0003227783464210847
2026-01-22 20:25:54 - train: epoch 63, iter:110, loss: 0.1204, lr: 0.0003227783464210847
2026-01-22 20:25:59 - train: epoch 63, iter:120, loss: 0.1761, lr: 0.0003227783464210847
2026-01-22 20:26:04 - train: epoch 63, iter:130, loss: 0.1564, lr: 0.0003227783464210847
2026-01-22 20:26:08 - Finish one epoch train: epoch 63, loss: 0.1846, time(s): 70.86
2026-01-22 20:26:47 - [Val] Epoch 63, Mean Dice: 0.7705 , Time: 39.45s
2026-01-22 20:26:48 - train: epoch 64, iter:0, loss: 0.3338, lr: 0.0003084117941357837
2026-01-22 20:26:53 - train: epoch 64, iter:10, loss: 0.2031, lr: 0.0003084117941357837
2026-01-22 20:26:58 - train: epoch 64, iter:20, loss: 0.1117, lr: 0.0003084117941357837
2026-01-22 20:27:03 - train: epoch 64, iter:30, loss: 0.1583, lr: 0.0003084117941357837
2026-01-22 20:27:08 - train: epoch 64, iter:40, loss: 0.1172, lr: 0.0003084117941357837
2026-01-22 20:27:13 - train: epoch 64, iter:50, loss: 0.1383, lr: 0.0003084117941357837
2026-01-22 20:27:18 - train: epoch 64, iter:60, loss: 0.1436, lr: 0.0003084117941357837
2026-01-22 20:27:24 - train: epoch 64, iter:70, loss: 0.1115, lr: 0.0003084117941357837
2026-01-22 20:27:29 - train: epoch 64, iter:80, loss: 0.3848, lr: 0.0003084117941357837
2026-01-22 20:27:34 - train: epoch 64, iter:90, loss: 0.1084, lr: 0.0003084117941357837
2026-01-22 20:27:39 - train: epoch 64, iter:100, loss: 0.2085, lr: 0.0003084117941357837
2026-01-22 20:27:44 - train: epoch 64, iter:110, loss: 0.3119, lr: 0.0003084117941357837
2026-01-22 20:27:49 - train: epoch 64, iter:120, loss: 0.1294, lr: 0.0003084117941357837
2026-01-22 20:27:55 - train: epoch 64, iter:130, loss: 0.1200, lr: 0.0003084117941357837
2026-01-22 20:27:58 - Finish one epoch train: epoch 64, loss: 0.1829, time(s): 70.81
2026-01-22 20:28:38 - [Val] Epoch 64, Mean Dice: 0.7839 , Time: 39.47s
2026-01-22 20:28:39 - train: epoch 65, iter:0, loss: 0.1258, lr: 0.0002942392506752892
2026-01-22 20:28:44 - train: epoch 65, iter:10, loss: 0.1500, lr: 0.0002942392506752892
2026-01-22 20:28:49 - train: epoch 65, iter:20, loss: 0.2130, lr: 0.0002942392506752892
2026-01-22 20:28:54 - train: epoch 65, iter:30, loss: 0.1460, lr: 0.0002942392506752892
2026-01-22 20:28:59 - train: epoch 65, iter:40, loss: 0.2197, lr: 0.0002942392506752892
2026-01-22 20:29:04 - train: epoch 65, iter:50, loss: 0.3105, lr: 0.0002942392506752892
2026-01-22 20:29:09 - train: epoch 65, iter:60, loss: 0.1653, lr: 0.0002942392506752892
2026-01-22 20:29:15 - train: epoch 65, iter:70, loss: 0.2000, lr: 0.0002942392506752892
2026-01-22 20:29:20 - train: epoch 65, iter:80, loss: 0.1208, lr: 0.0002942392506752892
2026-01-22 20:29:25 - train: epoch 65, iter:90, loss: 0.3273, lr: 0.0002942392506752892
2026-01-22 20:29:30 - train: epoch 65, iter:100, loss: 0.0971, lr: 0.0002942392506752892
2026-01-22 20:29:35 - train: epoch 65, iter:110, loss: 0.1085, lr: 0.0002942392506752892
2026-01-22 20:29:40 - train: epoch 65, iter:120, loss: 0.1189, lr: 0.0002942392506752892
2026-01-22 20:29:45 - train: epoch 65, iter:130, loss: 0.1079, lr: 0.0002942392506752892
2026-01-22 20:29:49 - Finish one epoch train: epoch 65, loss: 0.1864, time(s): 70.53
2026-01-22 20:30:28 - [Val] Epoch 65, Mean Dice: 0.7745 , Time: 39.42s
2026-01-22 20:30:29 - train: epoch 66, iter:0, loss: 0.0951, lr: 0.0002802747026289245
2026-01-22 20:30:34 - train: epoch 66, iter:10, loss: 0.4739, lr: 0.0002802747026289245
2026-01-22 20:30:39 - train: epoch 66, iter:20, loss: 0.1199, lr: 0.0002802747026289245
2026-01-22 20:30:44 - train: epoch 66, iter:30, loss: 0.1331, lr: 0.0002802747026289245
2026-01-22 20:30:49 - train: epoch 66, iter:40, loss: 0.3334, lr: 0.0002802747026289245
2026-01-22 20:30:55 - train: epoch 66, iter:50, loss: 0.7053, lr: 0.0002802747026289245
2026-01-22 20:31:00 - train: epoch 66, iter:60, loss: 0.1142, lr: 0.0002802747026289245
2026-01-22 20:31:05 - train: epoch 66, iter:70, loss: 0.1066, lr: 0.0002802747026289245
2026-01-22 20:31:10 - train: epoch 66, iter:80, loss: 0.2402, lr: 0.0002802747026289245
2026-01-22 20:31:15 - train: epoch 66, iter:90, loss: 0.1262, lr: 0.0002802747026289245
2026-01-22 20:31:21 - train: epoch 66, iter:100, loss: 0.1085, lr: 0.0002802747026289245
2026-01-22 20:31:26 - train: epoch 66, iter:110, loss: 0.1218, lr: 0.0002802747026289245
2026-01-22 20:31:31 - train: epoch 66, iter:120, loss: 0.1331, lr: 0.0002802747026289245
2026-01-22 20:31:36 - train: epoch 66, iter:130, loss: 0.1818, lr: 0.0002802747026289245
2026-01-22 20:31:40 - Finish one epoch train: epoch 66, loss: 0.2072, time(s): 71.82
2026-01-22 20:32:20 - [Val] Epoch 66, Mean Dice: 0.7750 , Time: 39.47s
2026-01-22 20:32:21 - train: epoch 67, iter:0, loss: 0.1663, lr: 0.000266531931319651
2026-01-22 20:32:26 - train: epoch 67, iter:10, loss: 0.1138, lr: 0.000266531931319651
2026-01-22 20:32:31 - train: epoch 67, iter:20, loss: 0.1109, lr: 0.000266531931319651
2026-01-22 20:32:36 - train: epoch 67, iter:30, loss: 0.1416, lr: 0.000266531931319651
2026-01-22 20:32:41 - train: epoch 67, iter:40, loss: 0.1670, lr: 0.000266531931319651
2026-01-22 20:32:47 - train: epoch 67, iter:50, loss: 0.1123, lr: 0.000266531931319651
2026-01-22 20:32:52 - train: epoch 67, iter:60, loss: 0.1138, lr: 0.000266531931319651
2026-01-22 20:32:57 - train: epoch 67, iter:70, loss: 0.1233, lr: 0.000266531931319651
2026-01-22 20:33:02 - train: epoch 67, iter:80, loss: 0.1446, lr: 0.000266531931319651
2026-01-22 20:33:07 - train: epoch 67, iter:90, loss: 0.1510, lr: 0.000266531931319651
2026-01-22 20:33:12 - train: epoch 67, iter:100, loss: 0.1217, lr: 0.000266531931319651
2026-01-22 20:33:18 - train: epoch 67, iter:110, loss: 0.1520, lr: 0.000266531931319651
2026-01-22 20:33:23 - train: epoch 67, iter:120, loss: 0.4989, lr: 0.000266531931319651
2026-01-22 20:33:28 - train: epoch 67, iter:130, loss: 0.1236, lr: 0.000266531931319651
2026-01-22 20:33:31 - Finish one epoch train: epoch 67, loss: 0.1838, time(s): 71.24
2026-01-22 20:34:11 - [Val] Epoch 67, Mean Dice: 0.7928 , Time: 39.68s
2026-01-22 20:34:12 - train: epoch 68, iter:0, loss: 0.0914, lr: 0.0002530244992035663
2026-01-22 20:34:17 - train: epoch 68, iter:10, loss: 0.3121, lr: 0.0002530244992035663
2026-01-22 20:34:22 - train: epoch 68, iter:20, loss: 0.1257, lr: 0.0002530244992035663
2026-01-22 20:34:28 - train: epoch 68, iter:30, loss: 0.1099, lr: 0.0002530244992035663
2026-01-22 20:34:33 - train: epoch 68, iter:40, loss: 0.1326, lr: 0.0002530244992035663
2026-01-22 20:34:38 - train: epoch 68, iter:50, loss: 0.1530, lr: 0.0002530244992035663
2026-01-22 20:34:43 - train: epoch 68, iter:60, loss: 0.7348, lr: 0.0002530244992035663
2026-01-22 20:34:48 - train: epoch 68, iter:70, loss: 0.1277, lr: 0.0002530244992035663
2026-01-22 20:34:54 - train: epoch 68, iter:80, loss: 0.1079, lr: 0.0002530244992035663
2026-01-22 20:34:59 - train: epoch 68, iter:90, loss: 0.1268, lr: 0.0002530244992035663
2026-01-22 20:35:04 - train: epoch 68, iter:100, loss: 0.1033, lr: 0.0002530244992035663
2026-01-22 20:35:09 - train: epoch 68, iter:110, loss: 0.3214, lr: 0.0002530244992035663
2026-01-22 20:35:14 - train: epoch 68, iter:120, loss: 0.1298, lr: 0.0002530244992035663
2026-01-22 20:35:19 - train: epoch 68, iter:130, loss: 0.1651, lr: 0.0002530244992035663
2026-01-22 20:35:23 - Finish one epoch train: epoch 68, loss: 0.2063, time(s): 71.50
2026-01-22 20:36:02 - [Val] Epoch 68, Mean Dice: 0.7797 , Time: 39.37s
2026-01-22 20:36:03 - train: epoch 69, iter:0, loss: 0.2973, lr: 0.00023976573648539667
2026-01-22 20:36:09 - train: epoch 69, iter:10, loss: 0.1184, lr: 0.00023976573648539667
2026-01-22 20:36:14 - train: epoch 69, iter:20, loss: 0.1318, lr: 0.00023976573648539667
2026-01-22 20:36:19 - train: epoch 69, iter:30, loss: 0.1065, lr: 0.00023976573648539667
2026-01-22 20:36:24 - train: epoch 69, iter:40, loss: 0.0964, lr: 0.00023976573648539667
2026-01-22 20:36:29 - train: epoch 69, iter:50, loss: 0.1160, lr: 0.00023976573648539667
2026-01-22 20:36:34 - train: epoch 69, iter:60, loss: 0.1431, lr: 0.00023976573648539667
2026-01-22 20:36:39 - train: epoch 69, iter:70, loss: 0.1164, lr: 0.00023976573648539667
2026-01-22 20:36:44 - train: epoch 69, iter:80, loss: 0.1188, lr: 0.00023976573648539667
2026-01-22 20:36:49 - train: epoch 69, iter:90, loss: 0.1104, lr: 0.00023976573648539667
2026-01-22 20:36:55 - train: epoch 69, iter:100, loss: 0.1145, lr: 0.00023976573648539667
2026-01-22 20:37:00 - train: epoch 69, iter:110, loss: 0.5250, lr: 0.00023976573648539667
2026-01-22 20:37:05 - train: epoch 69, iter:120, loss: 0.2162, lr: 0.00023976573648539667
2026-01-22 20:37:11 - train: epoch 69, iter:130, loss: 0.1280, lr: 0.00023976573648539667
2026-01-22 20:37:15 - Finish one epoch train: epoch 69, loss: 0.1783, time(s): 71.88
2026-01-22 20:37:54 - [Val] Epoch 69, Mean Dice: 0.7818 , Time: 39.40s
2026-01-22 20:37:55 - train: epoch 70, iter:0, loss: 0.3312, lr: 0.00022676872796319544
2026-01-22 20:38:00 - train: epoch 70, iter:10, loss: 0.3298, lr: 0.00022676872796319544
2026-01-22 20:38:05 - train: epoch 70, iter:20, loss: 0.2960, lr: 0.00022676872796319544
2026-01-22 20:38:10 - train: epoch 70, iter:30, loss: 0.1247, lr: 0.00022676872796319544
2026-01-22 20:38:16 - train: epoch 70, iter:40, loss: 0.1819, lr: 0.00022676872796319544
2026-01-22 20:38:21 - train: epoch 70, iter:50, loss: 0.1079, lr: 0.00022676872796319544
2026-01-22 20:38:26 - train: epoch 70, iter:60, loss: 0.1156, lr: 0.00022676872796319544
2026-01-22 20:38:31 - train: epoch 70, iter:70, loss: 0.1069, lr: 0.00022676872796319544
2026-01-22 20:38:36 - train: epoch 70, iter:80, loss: 0.1123, lr: 0.00022676872796319544
2026-01-22 20:38:41 - train: epoch 70, iter:90, loss: 0.3446, lr: 0.00022676872796319544
2026-01-22 20:38:47 - train: epoch 70, iter:100, loss: 0.1651, lr: 0.00022676872796319544
2026-01-22 20:38:52 - train: epoch 70, iter:110, loss: 0.1345, lr: 0.00022676872796319544
2026-01-22 20:38:57 - train: epoch 70, iter:120, loss: 0.1221, lr: 0.00022676872796319544
2026-01-22 20:39:02 - train: epoch 70, iter:130, loss: 0.0900, lr: 0.00022676872796319544
2026-01-22 20:39:06 - Finish one epoch train: epoch 70, loss: 0.1873, time(s): 71.33
2026-01-22 20:39:45 - [Val] Epoch 70, Mean Dice: 0.7805 , Time: 39.36s
2026-01-22 20:39:46 - train: epoch 71, iter:0, loss: 0.1150, lr: 0.00021404630011522598
2026-01-22 20:39:51 - train: epoch 71, iter:10, loss: 0.1023, lr: 0.00021404630011522598
2026-01-22 20:39:56 - train: epoch 71, iter:20, loss: 0.0837, lr: 0.00021404630011522598
2026-01-22 20:40:02 - train: epoch 71, iter:30, loss: 0.0884, lr: 0.00021404630011522598
2026-01-22 20:40:07 - train: epoch 71, iter:40, loss: 0.3177, lr: 0.00021404630011522598
2026-01-22 20:40:12 - train: epoch 71, iter:50, loss: 0.1128, lr: 0.00021404630011522598
2026-01-22 20:40:17 - train: epoch 71, iter:60, loss: 0.3254, lr: 0.00021404630011522598
2026-01-22 20:40:22 - train: epoch 71, iter:70, loss: 0.7169, lr: 0.00021404630011522598
2026-01-22 20:40:27 - train: epoch 71, iter:80, loss: 0.1235, lr: 0.00021404630011522598
2026-01-22 20:40:32 - train: epoch 71, iter:90, loss: 0.1552, lr: 0.00021404630011522598
2026-01-22 20:40:37 - train: epoch 71, iter:100, loss: 0.1202, lr: 0.00021404630011522598
2026-01-22 20:40:43 - train: epoch 71, iter:110, loss: 0.3071, lr: 0.00021404630011522598
2026-01-22 20:40:48 - train: epoch 71, iter:120, loss: 0.1403, lr: 0.00021404630011522598
2026-01-22 20:40:53 - train: epoch 71, iter:130, loss: 0.1206, lr: 0.00021404630011522598
2026-01-22 20:40:57 - Finish one epoch train: epoch 71, loss: 0.1730, time(s): 70.91
2026-01-22 20:41:36 - [Val] Epoch 71, Mean Dice: 0.7791 , Time: 39.24s
2026-01-22 20:41:37 - train: epoch 72, iter:0, loss: 0.1247, lr: 0.00020161100844177672
2026-01-22 20:41:42 - train: epoch 72, iter:10, loss: 0.1106, lr: 0.00020161100844177672
2026-01-22 20:41:47 - train: epoch 72, iter:20, loss: 0.1885, lr: 0.00020161100844177672
2026-01-22 20:41:52 - train: epoch 72, iter:30, loss: 0.1254, lr: 0.00020161100844177672
2026-01-22 20:41:57 - train: epoch 72, iter:40, loss: 0.3429, lr: 0.00020161100844177672
2026-01-22 20:42:02 - train: epoch 72, iter:50, loss: 0.1008, lr: 0.00020161100844177672
2026-01-22 20:42:07 - train: epoch 72, iter:60, loss: 0.3080, lr: 0.00020161100844177672
2026-01-22 20:42:12 - train: epoch 72, iter:70, loss: 0.3479, lr: 0.00020161100844177672
2026-01-22 20:42:17 - train: epoch 72, iter:80, loss: 0.2988, lr: 0.00020161100844177672
2026-01-22 20:42:22 - train: epoch 72, iter:90, loss: 0.1168, lr: 0.00020161100844177672
2026-01-22 20:42:28 - train: epoch 72, iter:100, loss: 0.1165, lr: 0.00020161100844177672
2026-01-22 20:42:33 - train: epoch 72, iter:110, loss: 0.0974, lr: 0.00020161100844177672
2026-01-22 20:42:38 - train: epoch 72, iter:120, loss: 0.3070, lr: 0.00020161100844177672
2026-01-22 20:42:43 - train: epoch 72, iter:130, loss: 0.3173, lr: 0.00020161100844177672
2026-01-22 20:42:47 - Finish one epoch train: epoch 72, loss: 0.1854, time(s): 70.22
2026-01-22 20:43:26 - [Val] Epoch 72, Mean Dice: 0.7839 , Time: 39.25s
2026-01-22 20:43:27 - train: epoch 73, iter:0, loss: 0.1206, lr: 0.0001894751250743987
2026-01-22 20:43:32 - train: epoch 73, iter:10, loss: 0.0973, lr: 0.0001894751250743987
2026-01-22 20:43:37 - train: epoch 73, iter:20, loss: 0.1091, lr: 0.0001894751250743987
2026-01-22 20:43:42 - train: epoch 73, iter:30, loss: 0.3283, lr: 0.0001894751250743987
2026-01-22 20:43:47 - train: epoch 73, iter:40, loss: 0.1511, lr: 0.0001894751250743987
2026-01-22 20:43:52 - train: epoch 73, iter:50, loss: 0.1192, lr: 0.0001894751250743987
2026-01-22 20:43:57 - train: epoch 73, iter:60, loss: 0.1010, lr: 0.0001894751250743987
2026-01-22 20:44:03 - train: epoch 73, iter:70, loss: 0.1503, lr: 0.0001894751250743987
2026-01-22 20:44:08 - train: epoch 73, iter:80, loss: 0.1169, lr: 0.0001894751250743987
2026-01-22 20:44:13 - train: epoch 73, iter:90, loss: 0.3267, lr: 0.0001894751250743987
2026-01-22 20:44:18 - train: epoch 73, iter:100, loss: 0.1176, lr: 0.0001894751250743987
2026-01-22 20:44:23 - train: epoch 73, iter:110, loss: 0.0899, lr: 0.0001894751250743987
2026-01-22 20:44:28 - train: epoch 73, iter:120, loss: 0.1320, lr: 0.0001894751250743987
2026-01-22 20:44:34 - train: epoch 73, iter:130, loss: 0.0877, lr: 0.0001894751250743987
2026-01-22 20:44:37 - Finish one epoch train: epoch 73, loss: 0.1671, time(s): 71.07
2026-01-22 20:45:17 - [Val] Epoch 73, Mean Dice: 0.7780 , Time: 39.31s
2026-01-22 20:45:18 - train: epoch 74, iter:0, loss: 0.1105, lr: 0.00017765062666479255
2026-01-22 20:45:23 - train: epoch 74, iter:10, loss: 0.1248, lr: 0.00017765062666479255
2026-01-22 20:45:28 - train: epoch 74, iter:20, loss: 0.1329, lr: 0.00017765062666479255
2026-01-22 20:45:33 - train: epoch 74, iter:30, loss: 0.3179, lr: 0.00017765062666479255
2026-01-22 20:45:38 - train: epoch 74, iter:40, loss: 0.3162, lr: 0.00017765062666479255
2026-01-22 20:45:43 - train: epoch 74, iter:50, loss: 0.3261, lr: 0.00017765062666479255
2026-01-22 20:45:48 - train: epoch 74, iter:60, loss: 0.3381, lr: 0.00017765062666479255
2026-01-22 20:45:53 - train: epoch 74, iter:70, loss: 0.3159, lr: 0.00017765062666479255
2026-01-22 20:45:59 - train: epoch 74, iter:80, loss: 0.1169, lr: 0.00017765062666479255
2026-01-22 20:46:04 - train: epoch 74, iter:90, loss: 0.3035, lr: 0.00017765062666479255
2026-01-22 20:46:09 - train: epoch 74, iter:100, loss: 0.0987, lr: 0.00017765062666479255
2026-01-22 20:46:14 - train: epoch 74, iter:110, loss: 0.0791, lr: 0.00017765062666479255
2026-01-22 20:46:20 - train: epoch 74, iter:120, loss: 0.1188, lr: 0.00017765062666479255
2026-01-22 20:46:25 - train: epoch 74, iter:130, loss: 0.1417, lr: 0.00017765062666479255
2026-01-22 20:46:28 - Finish one epoch train: epoch 74, loss: 0.1805, time(s): 71.29
2026-01-22 20:47:08 - [Val] Epoch 74, Mean Dice: 0.7747 , Time: 39.31s
2026-01-22 20:47:09 - train: epoch 75, iter:0, loss: 0.1062, lr: 0.0001661491825652992
2026-01-22 20:47:14 - train: epoch 75, iter:10, loss: 0.1279, lr: 0.0001661491825652992
2026-01-22 20:47:19 - train: epoch 75, iter:20, loss: 0.3161, lr: 0.0001661491825652992
2026-01-22 20:47:24 - train: epoch 75, iter:30, loss: 0.1127, lr: 0.0001661491825652992
2026-01-22 20:47:29 - train: epoch 75, iter:40, loss: 0.3083, lr: 0.0001661491825652992
2026-01-22 20:47:34 - train: epoch 75, iter:50, loss: 0.1326, lr: 0.0001661491825652992
2026-01-22 20:47:40 - train: epoch 75, iter:60, loss: 0.1158, lr: 0.0001661491825652992
2026-01-22 20:47:45 - train: epoch 75, iter:70, loss: 0.1239, lr: 0.0001661491825652992
2026-01-22 20:47:50 - train: epoch 75, iter:80, loss: 0.2257, lr: 0.0001661491825652992
2026-01-22 20:47:55 - train: epoch 75, iter:90, loss: 0.1164, lr: 0.0001661491825652992
2026-01-22 20:48:01 - train: epoch 75, iter:100, loss: 0.1447, lr: 0.0001661491825652992
2026-01-22 20:48:06 - train: epoch 75, iter:110, loss: 0.1288, lr: 0.0001661491825652992
2026-01-22 20:48:11 - train: epoch 75, iter:120, loss: 0.3402, lr: 0.0001661491825652992
2026-01-22 20:48:16 - train: epoch 75, iter:130, loss: 0.1320, lr: 0.0001661491825652992
2026-01-22 20:48:20 - Finish one epoch train: epoch 75, loss: 0.1858, time(s): 71.54
2026-01-22 20:48:59 - [Val] Epoch 75, Mean Dice: 0.7742 , Time: 39.82s
2026-01-22 20:49:00 - train: epoch 76, iter:0, loss: 0.3193, lr: 0.00015498214331265912
2026-01-22 20:49:05 - train: epoch 76, iter:10, loss: 0.0983, lr: 0.00015498214331265912
2026-01-22 20:49:11 - train: epoch 76, iter:20, loss: 0.1246, lr: 0.00015498214331265912
2026-01-22 20:49:16 - train: epoch 76, iter:30, loss: 0.3892, lr: 0.00015498214331265912
2026-01-22 20:49:21 - train: epoch 76, iter:40, loss: 0.1514, lr: 0.00015498214331265912
2026-01-22 20:49:26 - train: epoch 76, iter:50, loss: 0.0972, lr: 0.00015498214331265912
2026-01-22 20:49:31 - train: epoch 76, iter:60, loss: 0.1314, lr: 0.00015498214331265912
2026-01-22 20:49:36 - train: epoch 76, iter:70, loss: 0.1357, lr: 0.00015498214331265912
2026-01-22 20:49:41 - train: epoch 76, iter:80, loss: 0.1090, lr: 0.00015498214331265912
2026-01-22 20:49:47 - train: epoch 76, iter:90, loss: 0.0893, lr: 0.00015498214331265912
2026-01-22 20:49:52 - train: epoch 76, iter:100, loss: 0.1296, lr: 0.00015498214331265912
2026-01-22 20:49:57 - train: epoch 76, iter:110, loss: 0.0905, lr: 0.00015498214331265912
2026-01-22 20:50:02 - train: epoch 76, iter:120, loss: 0.1872, lr: 0.00015498214331265912
2026-01-22 20:50:08 - train: epoch 76, iter:130, loss: 0.3074, lr: 0.00015498214331265912
2026-01-22 20:50:11 - Finish one epoch train: epoch 76, loss: 0.1705, time(s): 71.55
2026-01-22 20:50:51 - [Val] Epoch 76, Mean Dice: 0.7730 , Time: 39.30s
2026-01-22 20:50:52 - train: epoch 77, iter:0, loss: 0.1024, lr: 0.00014416052942640148
2026-01-22 20:50:57 - train: epoch 77, iter:10, loss: 0.1226, lr: 0.00014416052942640148
2026-01-22 20:51:02 - train: epoch 77, iter:20, loss: 0.0930, lr: 0.00014416052942640148
2026-01-22 20:51:07 - train: epoch 77, iter:30, loss: 0.1653, lr: 0.00014416052942640148
2026-01-22 20:51:12 - train: epoch 77, iter:40, loss: 0.1120, lr: 0.00014416052942640148
2026-01-22 20:51:18 - train: epoch 77, iter:50, loss: 0.1144, lr: 0.00014416052942640148
2026-01-22 20:51:23 - train: epoch 77, iter:60, loss: 0.1490, lr: 0.00014416052942640148
2026-01-22 20:51:28 - train: epoch 77, iter:70, loss: 0.1483, lr: 0.00014416052942640148
2026-01-22 20:51:33 - train: epoch 77, iter:80, loss: 0.1315, lr: 0.00014416052942640148
2026-01-22 20:51:38 - train: epoch 77, iter:90, loss: 0.3384, lr: 0.00014416052942640148
2026-01-22 20:51:43 - train: epoch 77, iter:100, loss: 0.1303, lr: 0.00014416052942640148
2026-01-22 20:51:49 - train: epoch 77, iter:110, loss: 0.1056, lr: 0.00014416052942640148
2026-01-22 20:51:54 - train: epoch 77, iter:120, loss: 0.1194, lr: 0.00014416052942640148
2026-01-22 20:51:59 - train: epoch 77, iter:130, loss: 0.1199, lr: 0.00014416052942640148
2026-01-22 20:52:03 - Finish one epoch train: epoch 77, loss: 0.1688, time(s): 71.82
2026-01-22 20:52:43 - [Val] Epoch 77, Mean Dice: 0.7799 , Time: 39.76s
2026-01-22 20:52:44 - train: epoch 78, iter:0, loss: 0.2098, lr: 0.00013369502053292258
2026-01-22 20:52:49 - train: epoch 78, iter:10, loss: 0.3022, lr: 0.00013369502053292258
2026-01-22 20:52:54 - train: epoch 78, iter:20, loss: 0.0992, lr: 0.00013369502053292258
2026-01-22 20:52:59 - train: epoch 78, iter:30, loss: 0.0848, lr: 0.00013369502053292258
2026-01-22 20:53:04 - train: epoch 78, iter:40, loss: 0.0972, lr: 0.00013369502053292258
2026-01-22 20:53:09 - train: epoch 78, iter:50, loss: 0.1045, lr: 0.00013369502053292258
2026-01-22 20:53:14 - train: epoch 78, iter:60, loss: 0.1217, lr: 0.00013369502053292258
2026-01-22 20:53:19 - train: epoch 78, iter:70, loss: 0.1155, lr: 0.00013369502053292258
2026-01-22 20:53:25 - train: epoch 78, iter:80, loss: 0.1078, lr: 0.00013369502053292258
2026-01-22 20:53:30 - train: epoch 78, iter:90, loss: 0.1036, lr: 0.00013369502053292258
2026-01-22 20:53:35 - train: epoch 78, iter:100, loss: 0.1218, lr: 0.00013369502053292258
2026-01-22 20:53:40 - train: epoch 78, iter:110, loss: 0.1111, lr: 0.00013369502053292258
2026-01-22 20:53:45 - train: epoch 78, iter:120, loss: 0.1105, lr: 0.00013369502053292258
2026-01-22 20:53:50 - train: epoch 78, iter:130, loss: 0.1148, lr: 0.00013369502053292258
2026-01-22 20:53:54 - Finish one epoch train: epoch 78, loss: 0.1572, time(s): 70.92
2026-01-22 20:54:33 - [Val] Epoch 78, Mean Dice: 0.7788 , Time: 39.19s
2026-01-22 20:54:34 - train: epoch 79, iter:0, loss: 0.0859, lr: 0.00012359594482598446
2026-01-22 20:54:39 - train: epoch 79, iter:10, loss: 0.1128, lr: 0.00012359594482598446
2026-01-22 20:54:44 - train: epoch 79, iter:20, loss: 0.3233, lr: 0.00012359594482598446
2026-01-22 20:54:50 - train: epoch 79, iter:30, loss: 0.1177, lr: 0.00012359594482598446
2026-01-22 20:54:55 - train: epoch 79, iter:40, loss: 0.3938, lr: 0.00012359594482598446
2026-01-22 20:55:00 - train: epoch 79, iter:50, loss: 0.1370, lr: 0.00012359594482598446
2026-01-22 20:55:05 - train: epoch 79, iter:60, loss: 0.1117, lr: 0.00012359594482598446
2026-01-22 20:55:10 - train: epoch 79, iter:70, loss: 0.1129, lr: 0.00012359594482598446
2026-01-22 20:55:15 - train: epoch 79, iter:80, loss: 0.1197, lr: 0.00012359594482598446
2026-01-22 20:55:20 - train: epoch 79, iter:90, loss: 0.3239, lr: 0.00012359594482598446
2026-01-22 20:55:26 - train: epoch 79, iter:100, loss: 0.1285, lr: 0.00012359594482598446
2026-01-22 20:55:31 - train: epoch 79, iter:110, loss: 0.3128, lr: 0.00012359594482598446
2026-01-22 20:55:36 - train: epoch 79, iter:120, loss: 0.1156, lr: 0.00012359594482598446
2026-01-22 20:55:41 - train: epoch 79, iter:130, loss: 0.1165, lr: 0.00012359594482598446
2026-01-22 20:55:45 - Finish one epoch train: epoch 79, loss: 0.1823, time(s): 71.29
2026-01-22 20:56:25 - [Val] Epoch 79, Mean Dice: 0.7716 , Time: 39.62s
2026-01-22 20:56:25 - train: epoch 80, iter:0, loss: 0.1167, lr: 0.00011387326887403332
2026-01-22 20:56:30 - train: epoch 80, iter:10, loss: 0.1301, lr: 0.00011387326887403332
2026-01-22 20:56:36 - train: epoch 80, iter:20, loss: 0.1101, lr: 0.00011387326887403332
2026-01-22 20:56:41 - train: epoch 80, iter:30, loss: 0.0974, lr: 0.00011387326887403332
2026-01-22 20:56:46 - train: epoch 80, iter:40, loss: 0.0897, lr: 0.00011387326887403332
2026-01-22 20:56:51 - train: epoch 80, iter:50, loss: 0.0981, lr: 0.00011387326887403332
2026-01-22 20:56:56 - train: epoch 80, iter:60, loss: 0.1202, lr: 0.00011387326887403332
2026-01-22 20:57:01 - train: epoch 80, iter:70, loss: 0.3174, lr: 0.00011387326887403332
2026-01-22 20:57:07 - train: epoch 80, iter:80, loss: 0.1258, lr: 0.00011387326887403332
2026-01-22 20:57:12 - train: epoch 80, iter:90, loss: 0.4277, lr: 0.00011387326887403332
2026-01-22 20:57:17 - train: epoch 80, iter:100, loss: 0.1301, lr: 0.00011387326887403332
2026-01-22 20:57:22 - train: epoch 80, iter:110, loss: 0.3330, lr: 0.00011387326887403332
2026-01-22 20:57:27 - train: epoch 80, iter:120, loss: 0.1160, lr: 0.00011387326887403332
2026-01-22 20:57:33 - train: epoch 80, iter:130, loss: 0.0888, lr: 0.00011387326887403332
2026-01-22 20:57:37 - Finish one epoch train: epoch 80, loss: 0.1663, time(s): 71.87
2026-01-22 20:58:17 - [Val] Epoch 80, Mean Dice: 0.7693 , Time: 39.95s
2026-01-22 20:58:18 - train: epoch 81, iter:0, loss: 0.1366, lr: 0.00010453658778440112
2026-01-22 20:58:23 - train: epoch 81, iter:10, loss: 0.5210, lr: 0.00010453658778440112
2026-01-22 20:58:28 - train: epoch 81, iter:20, loss: 0.1326, lr: 0.00010453658778440112
2026-01-22 20:58:33 - train: epoch 81, iter:30, loss: 0.1063, lr: 0.00010453658778440112
2026-01-22 20:58:38 - train: epoch 81, iter:40, loss: 0.1161, lr: 0.00010453658778440112
2026-01-22 20:58:43 - train: epoch 81, iter:50, loss: 0.1276, lr: 0.00010453658778440112
2026-01-22 20:58:49 - train: epoch 81, iter:60, loss: 0.1149, lr: 0.00010453658778440112
2026-01-22 20:58:54 - train: epoch 81, iter:70, loss: 0.3238, lr: 0.00010453658778440112
2026-01-22 20:58:59 - train: epoch 81, iter:80, loss: 0.2700, lr: 0.00010453658778440112
2026-01-22 20:59:04 - train: epoch 81, iter:90, loss: 0.1175, lr: 0.00010453658778440112
2026-01-22 20:59:10 - train: epoch 81, iter:100, loss: 0.0966, lr: 0.00010453658778440112
2026-01-22 20:59:15 - train: epoch 81, iter:110, loss: 0.0945, lr: 0.00010453658778440112
2026-01-22 20:59:20 - train: epoch 81, iter:120, loss: 0.1158, lr: 0.00010453658778440112
2026-01-22 20:59:25 - train: epoch 81, iter:130, loss: 0.1041, lr: 0.00010453658778440112
2026-01-22 20:59:29 - Finish one epoch train: epoch 81, loss: 0.1806, time(s): 71.80
2026-01-22 21:00:08 - [Val] Epoch 81, Mean Dice: 0.7675 , Time: 39.44s
2026-01-22 21:00:09 - train: epoch 82, iter:0, loss: 0.3079, lr: 9.5595115734092e-05
2026-01-22 21:00:15 - train: epoch 82, iter:10, loss: 0.3006, lr: 9.5595115734092e-05
2026-01-22 21:00:20 - train: epoch 82, iter:20, loss: 0.3474, lr: 9.5595115734092e-05
2026-01-22 21:00:25 - train: epoch 82, iter:30, loss: 0.0995, lr: 9.5595115734092e-05
2026-01-22 21:00:30 - train: epoch 82, iter:40, loss: 0.1080, lr: 9.5595115734092e-05
2026-01-22 21:00:35 - train: epoch 82, iter:50, loss: 0.1064, lr: 9.5595115734092e-05
2026-01-22 21:00:40 - train: epoch 82, iter:60, loss: 0.1267, lr: 9.5595115734092e-05
2026-01-22 21:00:45 - train: epoch 82, iter:70, loss: 0.1128, lr: 9.5595115734092e-05
2026-01-22 21:00:50 - train: epoch 82, iter:80, loss: 0.0976, lr: 9.5595115734092e-05
2026-01-22 21:00:55 - train: epoch 82, iter:90, loss: 0.3046, lr: 9.5595115734092e-05
2026-01-22 21:01:01 - train: epoch 82, iter:100, loss: 0.0999, lr: 9.5595115734092e-05
2026-01-22 21:01:06 - train: epoch 82, iter:110, loss: 0.0899, lr: 9.5595115734092e-05
2026-01-22 21:01:12 - train: epoch 82, iter:120, loss: 0.0965, lr: 9.5595115734092e-05
2026-01-22 21:01:17 - train: epoch 82, iter:130, loss: 0.1262, lr: 9.5595115734092e-05
2026-01-22 21:01:20 - Finish one epoch train: epoch 82, loss: 0.1619, time(s): 71.54
2026-01-22 21:02:00 - [Val] Epoch 82, Mean Dice: 0.7719 , Time: 39.66s
2026-01-22 21:02:01 - train: epoch 83, iter:0, loss: 0.1009, lr: 8.705767687650269e-05
2026-01-22 21:02:06 - train: epoch 83, iter:10, loss: 0.1009, lr: 8.705767687650269e-05
2026-01-22 21:02:11 - train: epoch 83, iter:20, loss: 0.3113, lr: 8.705767687650269e-05
2026-01-22 21:02:16 - train: epoch 83, iter:30, loss: 0.1494, lr: 8.705767687650269e-05
2026-01-22 21:02:22 - train: epoch 83, iter:40, loss: 0.1257, lr: 8.705767687650269e-05
2026-01-22 21:02:27 - train: epoch 83, iter:50, loss: 0.1067, lr: 8.705767687650269e-05
2026-01-22 21:02:32 - train: epoch 83, iter:60, loss: 0.1064, lr: 8.705767687650269e-05
2026-01-22 21:02:37 - train: epoch 83, iter:70, loss: 0.1147, lr: 8.705767687650269e-05
2026-01-22 21:02:42 - train: epoch 83, iter:80, loss: 0.4750, lr: 8.705767687650269e-05
2026-01-22 21:02:47 - train: epoch 83, iter:90, loss: 0.0882, lr: 8.705767687650269e-05
2026-01-22 21:02:52 - train: epoch 83, iter:100, loss: 0.3377, lr: 8.705767687650269e-05
2026-01-22 21:02:57 - train: epoch 83, iter:110, loss: 0.0937, lr: 8.705767687650269e-05
2026-01-22 21:03:02 - train: epoch 83, iter:120, loss: 0.1012, lr: 8.705767687650269e-05
2026-01-22 21:03:08 - train: epoch 83, iter:130, loss: 0.1022, lr: 8.705767687650269e-05
2026-01-22 21:03:11 - Finish one epoch train: epoch 83, loss: 0.1597, time(s): 70.80
2026-01-22 21:03:51 - [Val] Epoch 83, Mean Dice: 0.7725 , Time: 39.50s
2026-01-22 21:03:52 - train: epoch 84, iter:0, loss: 0.1230, lr: 7.893269663304787e-05
2026-01-22 21:03:57 - train: epoch 84, iter:10, loss: 0.1229, lr: 7.893269663304787e-05
2026-01-22 21:04:02 - train: epoch 84, iter:20, loss: 0.0965, lr: 7.893269663304787e-05
2026-01-22 21:04:07 - train: epoch 84, iter:30, loss: 0.5007, lr: 7.893269663304787e-05
2026-01-22 21:04:12 - train: epoch 84, iter:40, loss: 0.2813, lr: 7.893269663304787e-05
2026-01-22 21:04:18 - train: epoch 84, iter:50, loss: 0.3142, lr: 7.893269663304787e-05
2026-01-22 21:04:23 - train: epoch 84, iter:60, loss: 0.1108, lr: 7.893269663304787e-05
2026-01-22 21:04:28 - train: epoch 84, iter:70, loss: 0.1343, lr: 7.893269663304787e-05
2026-01-22 21:04:33 - train: epoch 84, iter:80, loss: 0.1186, lr: 7.893269663304787e-05
2026-01-22 21:04:38 - train: epoch 84, iter:90, loss: 0.1088, lr: 7.893269663304787e-05
2026-01-22 21:04:43 - train: epoch 84, iter:100, loss: 0.3132, lr: 7.893269663304787e-05
2026-01-22 21:04:49 - train: epoch 84, iter:110, loss: 0.1043, lr: 7.893269663304787e-05
2026-01-22 21:04:54 - train: epoch 84, iter:120, loss: 0.0973, lr: 7.893269663304787e-05
2026-01-22 21:04:59 - train: epoch 84, iter:130, loss: 0.3045, lr: 7.893269663304787e-05
2026-01-22 21:05:03 - Finish one epoch train: epoch 84, loss: 0.1733, time(s): 71.98
2026-01-22 21:05:43 - [Val] Epoch 84, Mean Dice: 0.7713 , Time: 39.30s
2026-01-22 21:05:44 - train: epoch 85, iter:0, loss: 0.1174, lr: 7.122819337828756e-05
2026-01-22 21:05:49 - train: epoch 85, iter:10, loss: 0.3237, lr: 7.122819337828756e-05
2026-01-22 21:05:54 - train: epoch 85, iter:20, loss: 0.1191, lr: 7.122819337828756e-05
2026-01-22 21:05:59 - train: epoch 85, iter:30, loss: 0.1410, lr: 7.122819337828756e-05
2026-01-22 21:06:04 - train: epoch 85, iter:40, loss: 0.1054, lr: 7.122819337828756e-05
2026-01-22 21:06:10 - train: epoch 85, iter:50, loss: 0.1075, lr: 7.122819337828756e-05
2026-01-22 21:06:15 - train: epoch 85, iter:60, loss: 0.1162, lr: 7.122819337828756e-05
2026-01-22 21:06:20 - train: epoch 85, iter:70, loss: 0.1277, lr: 7.122819337828756e-05
2026-01-22 21:06:25 - train: epoch 85, iter:80, loss: 0.7358, lr: 7.122819337828756e-05
2026-01-22 21:06:30 - train: epoch 85, iter:90, loss: 0.1265, lr: 7.122819337828756e-05
2026-01-22 21:06:36 - train: epoch 85, iter:100, loss: 0.1078, lr: 7.122819337828756e-05
2026-01-22 21:06:41 - train: epoch 85, iter:110, loss: 0.2942, lr: 7.122819337828756e-05
2026-01-22 21:06:46 - train: epoch 85, iter:120, loss: 0.1153, lr: 7.122819337828756e-05
2026-01-22 21:06:51 - train: epoch 85, iter:130, loss: 0.1045, lr: 7.122819337828756e-05
2026-01-22 21:06:55 - Finish one epoch train: epoch 85, loss: 0.1545, time(s): 71.71
2026-01-22 21:07:34 - [Val] Epoch 85, Mean Dice: 0.7641 , Time: 39.67s
2026-01-22 21:07:35 - train: epoch 86, iter:0, loss: 0.1105, lr: 6.395177052675798e-05
2026-01-22 21:07:41 - train: epoch 86, iter:10, loss: 0.3001, lr: 6.395177052675798e-05
2026-01-22 21:07:46 - train: epoch 86, iter:20, loss: 0.7246, lr: 6.395177052675798e-05
2026-01-22 21:07:51 - train: epoch 86, iter:30, loss: 0.0879, lr: 6.395177052675798e-05
2026-01-22 21:07:56 - train: epoch 86, iter:40, loss: 0.1109, lr: 6.395177052675798e-05
2026-01-22 21:08:01 - train: epoch 86, iter:50, loss: 0.1085, lr: 6.395177052675798e-05
2026-01-22 21:08:06 - train: epoch 86, iter:60, loss: 0.3111, lr: 6.395177052675798e-05
2026-01-22 21:08:11 - train: epoch 86, iter:70, loss: 0.1145, lr: 6.395177052675798e-05
2026-01-22 21:08:16 - train: epoch 86, iter:80, loss: 0.1387, lr: 6.395177052675798e-05
2026-01-22 21:08:21 - train: epoch 86, iter:90, loss: 0.4907, lr: 6.395177052675798e-05
2026-01-22 21:08:27 - train: epoch 86, iter:100, loss: 0.1024, lr: 6.395177052675798e-05
2026-01-22 21:08:32 - train: epoch 86, iter:110, loss: 0.0983, lr: 6.395177052675798e-05
2026-01-22 21:08:37 - train: epoch 86, iter:120, loss: 0.1117, lr: 6.395177052675798e-05
2026-01-22 21:08:42 - train: epoch 86, iter:130, loss: 0.1614, lr: 6.395177052675798e-05
2026-01-22 21:08:46 - Finish one epoch train: epoch 86, loss: 0.1813, time(s): 71.28
2026-01-22 21:09:26 - [Val] Epoch 86, Mean Dice: 0.7698 , Time: 39.48s
2026-01-22 21:09:27 - train: epoch 87, iter:0, loss: 0.0815, lr: 5.711060902932045e-05
2026-01-22 21:09:32 - train: epoch 87, iter:10, loss: 0.2936, lr: 5.711060902932045e-05
2026-01-22 21:09:37 - train: epoch 87, iter:20, loss: 0.1608, lr: 5.711060902932045e-05
2026-01-22 21:09:42 - train: epoch 87, iter:30, loss: 0.1010, lr: 5.711060902932045e-05
2026-01-22 21:09:47 - train: epoch 87, iter:40, loss: 0.0985, lr: 5.711060902932045e-05
2026-01-22 21:09:53 - train: epoch 87, iter:50, loss: 0.0994, lr: 5.711060902932045e-05
2026-01-22 21:09:58 - train: epoch 87, iter:60, loss: 0.1091, lr: 5.711060902932045e-05
2026-01-22 21:10:03 - train: epoch 87, iter:70, loss: 0.0902, lr: 5.711060902932045e-05
2026-01-22 21:10:08 - train: epoch 87, iter:80, loss: 0.1073, lr: 5.711060902932045e-05
2026-01-22 21:10:13 - train: epoch 87, iter:90, loss: 0.1016, lr: 5.711060902932045e-05
2026-01-22 21:10:18 - train: epoch 87, iter:100, loss: 0.1317, lr: 5.711060902932045e-05
2026-01-22 21:10:24 - train: epoch 87, iter:110, loss: 0.1112, lr: 5.711060902932045e-05
2026-01-22 21:10:29 - train: epoch 87, iter:120, loss: 0.4566, lr: 5.711060902932045e-05
2026-01-22 21:10:34 - train: epoch 87, iter:130, loss: 0.2910, lr: 5.711060902932045e-05
2026-01-22 21:10:38 - Finish one epoch train: epoch 87, loss: 0.1768, time(s): 71.92
2026-01-22 21:11:17 - [Val] Epoch 87, Mean Dice: 0.7751 , Time: 39.32s
2026-01-22 21:11:18 - train: epoch 88, iter:0, loss: 0.3068, lr: 5.071146028642948e-05
2026-01-22 21:11:23 - train: epoch 88, iter:10, loss: 0.3040, lr: 5.071146028642948e-05
2026-01-22 21:11:28 - train: epoch 88, iter:20, loss: 0.1333, lr: 5.071146028642948e-05
2026-01-22 21:11:33 - train: epoch 88, iter:30, loss: 0.1191, lr: 5.071146028642948e-05
2026-01-22 21:11:39 - train: epoch 88, iter:40, loss: 0.1014, lr: 5.071146028642948e-05
2026-01-22 21:11:44 - train: epoch 88, iter:50, loss: 0.1180, lr: 5.071146028642948e-05
2026-01-22 21:11:49 - train: epoch 88, iter:60, loss: 0.1223, lr: 5.071146028642948e-05
2026-01-22 21:11:54 - train: epoch 88, iter:70, loss: 0.1117, lr: 5.071146028642948e-05
2026-01-22 21:11:59 - train: epoch 88, iter:80, loss: 0.2090, lr: 5.071146028642948e-05
2026-01-22 21:12:04 - train: epoch 88, iter:90, loss: 0.2265, lr: 5.071146028642948e-05
2026-01-22 21:12:10 - train: epoch 88, iter:100, loss: 0.3368, lr: 5.071146028642948e-05
2026-01-22 21:12:15 - train: epoch 88, iter:110, loss: 0.3057, lr: 5.071146028642948e-05
2026-01-22 21:12:20 - train: epoch 88, iter:120, loss: 0.1131, lr: 5.071146028642948e-05
2026-01-22 21:12:25 - train: epoch 88, iter:130, loss: 0.0824, lr: 5.071146028642948e-05
2026-01-22 21:12:29 - Finish one epoch train: epoch 88, loss: 0.1555, time(s): 71.19
2026-01-22 21:13:08 - [Val] Epoch 88, Mean Dice: 0.7764 , Time: 39.34s
2026-01-22 21:13:09 - train: epoch 89, iter:0, loss: 0.1271, lr: 4.476063948531561e-05
2026-01-22 21:13:14 - train: epoch 89, iter:10, loss: 0.1057, lr: 4.476063948531561e-05
2026-01-22 21:13:20 - train: epoch 89, iter:20, loss: 0.1815, lr: 4.476063948531561e-05
2026-01-22 21:13:25 - train: epoch 89, iter:30, loss: 0.1208, lr: 4.476063948531561e-05
2026-01-22 21:13:30 - train: epoch 89, iter:40, loss: 0.4498, lr: 4.476063948531561e-05
2026-01-22 21:13:35 - train: epoch 89, iter:50, loss: 0.1101, lr: 4.476063948531561e-05
2026-01-22 21:13:40 - train: epoch 89, iter:60, loss: 0.1397, lr: 4.476063948531561e-05
2026-01-22 21:13:45 - train: epoch 89, iter:70, loss: 0.1063, lr: 4.476063948531561e-05
2026-01-22 21:13:50 - train: epoch 89, iter:80, loss: 0.0994, lr: 4.476063948531561e-05
2026-01-22 21:13:55 - train: epoch 89, iter:90, loss: 0.2222, lr: 4.476063948531561e-05
2026-01-22 21:14:01 - train: epoch 89, iter:100, loss: 0.1216, lr: 4.476063948531561e-05
2026-01-22 21:14:06 - train: epoch 89, iter:110, loss: 0.2131, lr: 4.476063948531561e-05
2026-01-22 21:14:11 - train: epoch 89, iter:120, loss: 0.1050, lr: 4.476063948531561e-05
2026-01-22 21:14:16 - train: epoch 89, iter:130, loss: 0.1321, lr: 4.476063948531561e-05
2026-01-22 21:14:20 - Finish one epoch train: epoch 89, loss: 0.1576, time(s): 71.10
2026-01-22 21:14:59 - [Val] Epoch 89, Mean Dice: 0.7730 , Time: 39.28s
2026-01-22 21:15:00 - train: epoch 90, iter:0, loss: 0.1219, lr: 3.9264019367658426e-05
2026-01-22 21:15:05 - train: epoch 90, iter:10, loss: 0.1965, lr: 3.9264019367658426e-05
2026-01-22 21:15:10 - train: epoch 90, iter:20, loss: 0.0869, lr: 3.9264019367658426e-05
2026-01-22 21:15:15 - train: epoch 90, iter:30, loss: 0.2298, lr: 3.9264019367658426e-05
2026-01-22 21:15:21 - train: epoch 90, iter:40, loss: 0.1244, lr: 3.9264019367658426e-05
2026-01-22 21:15:26 - train: epoch 90, iter:50, loss: 0.1375, lr: 3.9264019367658426e-05
2026-01-22 21:15:31 - train: epoch 90, iter:60, loss: 0.1134, lr: 3.9264019367658426e-05
2026-01-22 21:15:36 - train: epoch 90, iter:70, loss: 0.0955, lr: 3.9264019367658426e-05
2026-01-22 21:15:42 - train: epoch 90, iter:80, loss: 0.4136, lr: 3.9264019367658426e-05
2026-01-22 21:15:47 - train: epoch 90, iter:90, loss: 0.1305, lr: 3.9264019367658426e-05
2026-01-22 21:15:52 - train: epoch 90, iter:100, loss: 0.0983, lr: 3.9264019367658426e-05
2026-01-22 21:15:57 - train: epoch 90, iter:110, loss: 0.1170, lr: 3.9264019367658426e-05
2026-01-22 21:16:02 - train: epoch 90, iter:120, loss: 0.1917, lr: 3.9264019367658426e-05
2026-01-22 21:16:07 - train: epoch 90, iter:130, loss: 0.1455, lr: 3.9264019367658426e-05
2026-01-22 21:16:11 - Finish one epoch train: epoch 90, loss: 0.1558, time(s): 71.53
2026-01-22 21:16:51 - [Val] Epoch 90, Mean Dice: 0.7752 , Time: 39.68s
2026-01-22 21:16:52 - train: epoch 91, iter:0, loss: 0.1460, lr: 3.4227024433899026e-05
2026-01-22 21:16:57 - train: epoch 91, iter:10, loss: 0.0838, lr: 3.4227024433899026e-05
2026-01-22 21:17:02 - train: epoch 91, iter:20, loss: 0.1118, lr: 3.4227024433899026e-05
2026-01-22 21:17:07 - train: epoch 91, iter:30, loss: 0.0873, lr: 3.4227024433899026e-05
2026-01-22 21:17:12 - train: epoch 91, iter:40, loss: 0.1844, lr: 3.4227024433899026e-05
2026-01-22 21:17:17 - train: epoch 91, iter:50, loss: 0.0939, lr: 3.4227024433899026e-05
2026-01-22 21:17:22 - train: epoch 91, iter:60, loss: 0.0854, lr: 3.4227024433899026e-05
2026-01-22 21:17:28 - train: epoch 91, iter:70, loss: 0.1011, lr: 3.4227024433899026e-05
2026-01-22 21:17:33 - train: epoch 91, iter:80, loss: 0.1774, lr: 3.4227024433899026e-05
2026-01-22 21:17:38 - train: epoch 91, iter:90, loss: 0.0888, lr: 3.4227024433899026e-05
2026-01-22 21:17:43 - train: epoch 91, iter:100, loss: 0.6913, lr: 3.4227024433899026e-05
2026-01-22 21:17:48 - train: epoch 91, iter:110, loss: 0.1008, lr: 3.4227024433899026e-05
2026-01-22 21:17:53 - train: epoch 91, iter:120, loss: 0.1359, lr: 3.4227024433899026e-05
2026-01-22 21:17:58 - train: epoch 91, iter:130, loss: 0.3098, lr: 3.4227024433899026e-05
2026-01-22 21:18:02 - Finish one epoch train: epoch 91, loss: 0.1619, time(s): 71.14
2026-01-22 21:18:41 - [Val] Epoch 91, Mean Dice: 0.7709 , Time: 39.25s
2026-01-22 21:18:42 - train: epoch 92, iter:0, loss: 0.1088, lr: 2.9654625589913258e-05
2026-01-22 21:18:47 - train: epoch 92, iter:10, loss: 0.1089, lr: 2.9654625589913258e-05
2026-01-22 21:18:52 - train: epoch 92, iter:20, loss: 0.3124, lr: 2.9654625589913258e-05
2026-01-22 21:18:58 - train: epoch 92, iter:30, loss: 0.6209, lr: 2.9654625589913258e-05
2026-01-22 21:19:03 - train: epoch 92, iter:40, loss: 0.0968, lr: 2.9654625589913258e-05
2026-01-22 21:19:08 - train: epoch 92, iter:50, loss: 0.1209, lr: 2.9654625589913258e-05
2026-01-22 21:19:14 - train: epoch 92, iter:60, loss: 0.1225, lr: 2.9654625589913258e-05
2026-01-22 21:19:19 - train: epoch 92, iter:70, loss: 0.2069, lr: 2.9654625589913258e-05
2026-01-22 21:19:24 - train: epoch 92, iter:80, loss: 0.1199, lr: 2.9654625589913258e-05
2026-01-22 21:19:30 - train: epoch 92, iter:90, loss: 0.2235, lr: 2.9654625589913258e-05
2026-01-22 21:19:35 - train: epoch 92, iter:100, loss: 0.1128, lr: 2.9654625589913258e-05
2026-01-22 21:19:40 - train: epoch 92, iter:110, loss: 0.0940, lr: 2.9654625589913258e-05
2026-01-22 21:19:45 - train: epoch 92, iter:120, loss: 0.1036, lr: 2.9654625589913258e-05
2026-01-22 21:19:50 - train: epoch 92, iter:130, loss: 0.1209, lr: 2.9654625589913258e-05
2026-01-22 21:19:54 - Finish one epoch train: epoch 92, loss: 0.1565, time(s): 72.17
2026-01-22 21:20:34 - [Val] Epoch 92, Mean Dice: 0.7722 , Time: 39.78s
2026-01-22 21:20:35 - train: epoch 93, iter:0, loss: 0.1943, lr: 2.5551335241327692e-05
2026-01-22 21:20:40 - train: epoch 93, iter:10, loss: 0.3126, lr: 2.5551335241327692e-05
2026-01-22 21:20:45 - train: epoch 93, iter:20, loss: 0.1469, lr: 2.5551335241327692e-05
2026-01-22 21:20:50 - train: epoch 93, iter:30, loss: 0.0951, lr: 2.5551335241327692e-05
2026-01-22 21:20:56 - train: epoch 93, iter:40, loss: 0.1113, lr: 2.5551335241327692e-05
2026-01-22 21:21:01 - train: epoch 93, iter:50, loss: 0.1081, lr: 2.5551335241327692e-05
2026-01-22 21:21:06 - train: epoch 93, iter:60, loss: 0.1030, lr: 2.5551335241327692e-05
2026-01-22 21:21:11 - train: epoch 93, iter:70, loss: 0.1107, lr: 2.5551335241327692e-05
2026-01-22 21:21:16 - train: epoch 93, iter:80, loss: 0.1225, lr: 2.5551335241327692e-05
2026-01-22 21:21:21 - train: epoch 93, iter:90, loss: 0.1058, lr: 2.5551335241327692e-05
2026-01-22 21:21:26 - train: epoch 93, iter:100, loss: 0.6037, lr: 2.5551335241327692e-05
2026-01-22 21:21:31 - train: epoch 93, iter:110, loss: 0.1898, lr: 2.5551335241327692e-05
2026-01-22 21:21:36 - train: epoch 93, iter:120, loss: 0.1312, lr: 2.5551335241327692e-05
2026-01-22 21:21:42 - train: epoch 93, iter:130, loss: 0.0915, lr: 2.5551335241327692e-05
2026-01-22 21:21:45 - Finish one epoch train: epoch 93, loss: 0.1477, time(s): 71.10
2026-01-22 21:22:25 - [Val] Epoch 93, Mean Dice: 0.7684 , Time: 39.51s
2026-01-22 21:22:26 - train: epoch 94, iter:0, loss: 0.1042, lr: 2.192120284032009e-05
2026-01-22 21:22:31 - train: epoch 94, iter:10, loss: 0.0999, lr: 2.192120284032009e-05
2026-01-22 21:22:36 - train: epoch 94, iter:20, loss: 0.6039, lr: 2.192120284032009e-05
2026-01-22 21:22:41 - train: epoch 94, iter:30, loss: 0.1003, lr: 2.192120284032009e-05
2026-01-22 21:22:47 - train: epoch 94, iter:40, loss: 0.0954, lr: 2.192120284032009e-05
2026-01-22 21:22:52 - train: epoch 94, iter:50, loss: 0.0941, lr: 2.192120284032009e-05
2026-01-22 21:22:57 - train: epoch 94, iter:60, loss: 0.1164, lr: 2.192120284032009e-05
2026-01-22 21:23:02 - train: epoch 94, iter:70, loss: 0.1208, lr: 2.192120284032009e-05
2026-01-22 21:23:07 - train: epoch 94, iter:80, loss: 0.2030, lr: 2.192120284032009e-05
2026-01-22 21:23:13 - train: epoch 94, iter:90, loss: 0.1219, lr: 2.192120284032009e-05
2026-01-22 21:23:18 - train: epoch 94, iter:100, loss: 0.1964, lr: 2.192120284032009e-05
2026-01-22 21:23:23 - train: epoch 94, iter:110, loss: 0.1333, lr: 2.192120284032009e-05
2026-01-22 21:23:28 - train: epoch 94, iter:120, loss: 0.1086, lr: 2.192120284032009e-05
2026-01-22 21:23:33 - train: epoch 94, iter:130, loss: 0.1171, lr: 2.192120284032009e-05
2026-01-22 21:23:37 - Finish one epoch train: epoch 94, loss: 0.1625, time(s): 71.69
2026-01-22 21:24:16 - [Val] Epoch 94, Mean Dice: 0.7678 , Time: 39.17s
2026-01-22 21:24:17 - train: epoch 95, iter:0, loss: 0.1004, lr: 1.8767810889299096e-05
2026-01-22 21:24:22 - train: epoch 95, iter:10, loss: 0.0994, lr: 1.8767810889299096e-05
2026-01-22 21:24:27 - train: epoch 95, iter:20, loss: 0.1308, lr: 1.8767810889299096e-05
2026-01-22 21:24:33 - train: epoch 95, iter:30, loss: 0.1961, lr: 1.8767810889299096e-05
2026-01-22 21:24:38 - train: epoch 95, iter:40, loss: 0.1263, lr: 1.8767810889299096e-05
2026-01-22 21:24:43 - train: epoch 95, iter:50, loss: 0.1258, lr: 1.8767810889299096e-05
2026-01-22 21:24:48 - train: epoch 95, iter:60, loss: 0.1017, lr: 1.8767810889299096e-05
2026-01-22 21:24:53 - train: epoch 95, iter:70, loss: 0.1287, lr: 1.8767810889299096e-05
2026-01-22 21:24:58 - train: epoch 95, iter:80, loss: 0.1112, lr: 1.8767810889299096e-05
2026-01-22 21:25:03 - train: epoch 95, iter:90, loss: 0.1018, lr: 1.8767810889299096e-05
2026-01-22 21:25:08 - train: epoch 95, iter:100, loss: 0.1316, lr: 1.8767810889299096e-05
2026-01-22 21:25:13 - train: epoch 95, iter:110, loss: 0.0968, lr: 1.8767810889299096e-05
2026-01-22 21:25:19 - train: epoch 95, iter:120, loss: 0.2410, lr: 1.8767810889299096e-05
2026-01-22 21:25:24 - train: epoch 95, iter:130, loss: 0.0823, lr: 1.8767810889299096e-05
2026-01-22 21:25:27 - Finish one epoch train: epoch 95, loss: 0.1553, time(s): 70.82
2026-01-22 21:26:07 - [Val] Epoch 95, Mean Dice: 0.7680 , Time: 39.32s
2026-01-22 21:26:08 - train: epoch 96, iter:0, loss: 0.0968, lr: 1.609427140540687e-05
2026-01-22 21:26:13 - train: epoch 96, iter:10, loss: 0.0747, lr: 1.609427140540687e-05
2026-01-22 21:26:18 - train: epoch 96, iter:20, loss: 0.1087, lr: 1.609427140540687e-05
2026-01-22 21:26:23 - train: epoch 96, iter:30, loss: 0.6046, lr: 1.609427140540687e-05
2026-01-22 21:26:28 - train: epoch 96, iter:40, loss: 0.2289, lr: 1.609427140540687e-05
2026-01-22 21:26:33 - train: epoch 96, iter:50, loss: 0.1160, lr: 1.609427140540687e-05
2026-01-22 21:26:38 - train: epoch 96, iter:60, loss: 0.3954, lr: 1.609427140540687e-05
2026-01-22 21:26:43 - train: epoch 96, iter:70, loss: 0.0830, lr: 1.609427140540687e-05
2026-01-22 21:26:48 - train: epoch 96, iter:80, loss: 0.1989, lr: 1.609427140540687e-05
2026-01-22 21:26:53 - train: epoch 96, iter:90, loss: 0.1082, lr: 1.609427140540687e-05
2026-01-22 21:26:58 - train: epoch 96, iter:100, loss: 0.0911, lr: 1.609427140540687e-05
2026-01-22 21:27:04 - train: epoch 96, iter:110, loss: 0.1085, lr: 1.609427140540687e-05
2026-01-22 21:27:09 - train: epoch 96, iter:120, loss: 0.1143, lr: 1.609427140540687e-05
2026-01-22 21:27:14 - train: epoch 96, iter:130, loss: 0.1042, lr: 1.609427140540687e-05
2026-01-22 21:27:18 - Finish one epoch train: epoch 96, loss: 0.1495, time(s): 70.66
2026-01-22 21:27:57 - [Val] Epoch 96, Mean Dice: 0.7699 , Time: 39.64s
2026-01-22 21:27:58 - train: epoch 97, iter:0, loss: 0.1012, lr: 1.3903222849333514e-05
2026-01-22 21:28:03 - train: epoch 97, iter:10, loss: 0.1129, lr: 1.3903222849333514e-05
2026-01-22 21:28:09 - train: epoch 97, iter:20, loss: 0.2979, lr: 1.3903222849333514e-05
2026-01-22 21:28:14 - train: epoch 97, iter:30, loss: 0.1020, lr: 1.3903222849333514e-05
2026-01-22 21:28:20 - train: epoch 97, iter:40, loss: 0.2142, lr: 1.3903222849333514e-05
2026-01-22 21:28:25 - train: epoch 97, iter:50, loss: 0.1059, lr: 1.3903222849333514e-05
2026-01-22 21:28:30 - train: epoch 97, iter:60, loss: 0.0900, lr: 1.3903222849333514e-05
2026-01-22 21:28:35 - train: epoch 97, iter:70, loss: 0.1056, lr: 1.3903222849333514e-05
2026-01-22 21:28:40 - train: epoch 97, iter:80, loss: 0.0885, lr: 1.3903222849333514e-05
2026-01-22 21:28:45 - train: epoch 97, iter:90, loss: 0.1135, lr: 1.3903222849333514e-05
2026-01-22 21:28:50 - train: epoch 97, iter:100, loss: 0.2776, lr: 1.3903222849333514e-05
2026-01-22 21:28:56 - train: epoch 97, iter:110, loss: 0.1123, lr: 1.3903222849333514e-05
2026-01-22 21:29:01 - train: epoch 97, iter:120, loss: 0.2867, lr: 1.3903222849333514e-05
2026-01-22 21:29:06 - train: epoch 97, iter:130, loss: 0.4013, lr: 1.3903222849333514e-05
2026-01-22 21:29:10 - Finish one epoch train: epoch 97, loss: 0.1493, time(s): 71.80
2026-01-22 21:29:49 - [Val] Epoch 97, Mean Dice: 0.7702 , Time: 39.18s
2026-01-22 21:29:50 - train: epoch 98, iter:0, loss: 0.1012, lr: 1.2196827521475406e-05
2026-01-22 21:29:55 - train: epoch 98, iter:10, loss: 0.0981, lr: 1.2196827521475406e-05
2026-01-22 21:30:00 - train: epoch 98, iter:20, loss: 0.1637, lr: 1.2196827521475406e-05
2026-01-22 21:30:05 - train: epoch 98, iter:30, loss: 0.0848, lr: 1.2196827521475406e-05
2026-01-22 21:30:10 - train: epoch 98, iter:40, loss: 0.5170, lr: 1.2196827521475406e-05
2026-01-22 21:30:15 - train: epoch 98, iter:50, loss: 0.2408, lr: 1.2196827521475406e-05
2026-01-22 21:30:21 - train: epoch 98, iter:60, loss: 0.1022, lr: 1.2196827521475406e-05
2026-01-22 21:30:26 - train: epoch 98, iter:70, loss: 0.1168, lr: 1.2196827521475406e-05
2026-01-22 21:30:31 - train: epoch 98, iter:80, loss: 0.0893, lr: 1.2196827521475406e-05
2026-01-22 21:30:36 - train: epoch 98, iter:90, loss: 0.0913, lr: 1.2196827521475406e-05
2026-01-22 21:30:41 - train: epoch 98, iter:100, loss: 0.1173, lr: 1.2196827521475406e-05
2026-01-22 21:30:46 - train: epoch 98, iter:110, loss: 0.0985, lr: 1.2196827521475406e-05
2026-01-22 21:30:51 - train: epoch 98, iter:120, loss: 0.5735, lr: 1.2196827521475406e-05
2026-01-22 21:30:56 - train: epoch 98, iter:130, loss: 0.1616, lr: 1.2196827521475406e-05
2026-01-22 21:31:00 - Finish one epoch train: epoch 98, loss: 0.1556, time(s): 70.62
2026-01-22 21:31:39 - [Val] Epoch 98, Mean Dice: 0.7730 , Time: 39.44s
2026-01-22 21:31:40 - train: epoch 99, iter:0, loss: 0.1086, lr: 1.097676942800558e-05
2026-01-22 21:31:45 - train: epoch 99, iter:10, loss: 0.0909, lr: 1.097676942800558e-05
2026-01-22 21:31:51 - train: epoch 99, iter:20, loss: 0.1003, lr: 1.097676942800558e-05
2026-01-22 21:31:56 - train: epoch 99, iter:30, loss: 0.2840, lr: 1.097676942800558e-05
2026-01-22 21:32:01 - train: epoch 99, iter:40, loss: 0.1057, lr: 1.097676942800558e-05
2026-01-22 21:32:06 - train: epoch 99, iter:50, loss: 0.1070, lr: 1.097676942800558e-05
2026-01-22 21:32:11 - train: epoch 99, iter:60, loss: 0.1018, lr: 1.097676942800558e-05
2026-01-22 21:32:16 - train: epoch 99, iter:70, loss: 0.1113, lr: 1.097676942800558e-05
2026-01-22 21:32:21 - train: epoch 99, iter:80, loss: 0.1179, lr: 1.097676942800558e-05
2026-01-22 21:32:26 - train: epoch 99, iter:90, loss: 0.2147, lr: 1.097676942800558e-05
2026-01-22 21:32:31 - train: epoch 99, iter:100, loss: 0.0976, lr: 1.097676942800558e-05
2026-01-22 21:32:36 - train: epoch 99, iter:110, loss: 0.1186, lr: 1.097676942800558e-05
2026-01-22 21:32:42 - train: epoch 99, iter:120, loss: 0.1052, lr: 1.097676942800558e-05
2026-01-22 21:32:47 - train: epoch 99, iter:130, loss: 0.0933, lr: 1.097676942800558e-05
2026-01-22 21:32:50 - Finish one epoch train: epoch 99, loss: 0.1629, time(s): 70.60
2026-01-22 21:33:30 - [Val] Epoch 99, Mean Dice: 0.7726 , Time: 39.82s
2026-01-22 21:33:31 - train: epoch 100, iter:0, loss: 0.1274, lr: 1.024425261896286e-05
2026-01-22 21:33:36 - train: epoch 100, iter:10, loss: 0.1006, lr: 1.024425261896286e-05
2026-01-22 21:33:41 - train: epoch 100, iter:20, loss: 0.1194, lr: 1.024425261896286e-05
2026-01-22 21:33:46 - train: epoch 100, iter:30, loss: 0.1071, lr: 1.024425261896286e-05
2026-01-22 21:33:52 - train: epoch 100, iter:40, loss: 0.0798, lr: 1.024425261896286e-05
2026-01-22 21:33:57 - train: epoch 100, iter:50, loss: 0.1218, lr: 1.024425261896286e-05
2026-01-22 21:34:02 - train: epoch 100, iter:60, loss: 0.3147, lr: 1.024425261896286e-05
2026-01-22 21:34:08 - train: epoch 100, iter:70, loss: 0.2281, lr: 1.024425261896286e-05
2026-01-22 21:34:13 - train: epoch 100, iter:80, loss: 0.2405, lr: 1.024425261896286e-05
2026-01-22 21:34:18 - train: epoch 100, iter:90, loss: 0.1425, lr: 1.024425261896286e-05
2026-01-22 21:34:23 - train: epoch 100, iter:100, loss: 0.1106, lr: 1.024425261896286e-05
2026-01-22 21:34:28 - train: epoch 100, iter:110, loss: 0.1307, lr: 1.024425261896286e-05
2026-01-22 21:34:34 - train: epoch 100, iter:120, loss: 0.1100, lr: 1.024425261896286e-05
2026-01-22 21:34:38 - train: epoch 100, iter:130, loss: 0.1728, lr: 1.024425261896286e-05
2026-01-22 21:34:42 - Finish one epoch train: epoch 100, loss: 0.1460, time(s): 71.57
2026-01-22 21:35:21 - [Val] Epoch 100, Mean Dice: 0.7657 , Time: 39.21s
2026-01-22 21:37:37 - idx 0 case case0008 mean_dice 0.636227 mean_hd95 21.825952
2026-01-22 21:38:57 - idx 1 case case0022 mean_dice 0.812222 mean_hd95 47.920211
2026-01-22 21:40:27 - idx 2 case case0038 mean_dice 0.777768 mean_hd95 6.634764
2026-01-22 21:43:21 - idx 3 case case0036 mean_dice 0.770447 mean_hd95 25.185895
2026-01-22 21:45:33 - idx 4 case case0032 mean_dice 0.838369 mean_hd95 26.265220
2026-01-22 21:47:36 - idx 5 case case0002 mean_dice 0.849397 mean_hd95 7.534293
2026-01-22 21:49:03 - idx 6 case case0029 mean_dice 0.722583 mean_hd95 41.828131
2026-01-22 21:52:04 - idx 7 case case0003 mean_dice 0.692645 mean_hd95 66.546636
2026-01-22 21:54:18 - idx 8 case case0001 mean_dice 0.740633 mean_hd95 18.362949
2026-01-22 21:56:22 - idx 9 case case0004 mean_dice 0.775185 mean_hd95 10.718064
2026-01-22 21:57:36 - idx 10 case case0025 mean_dice 0.765804 mean_hd95 10.745557
2026-01-22 21:58:48 - idx 11 case case0035 mean_dice 0.854594 mean_hd95 11.321588
2026-01-22 21:58:48 - Mean class 1 mean_dice 0.874590 mean_hd95 10.146523
2026-01-22 21:58:48 - Mean class 2 mean_dice 0.670801 mean_hd95 12.719638
2026-01-22 21:58:48 - Mean class 3 mean_dice 0.795568 mean_hd95 57.092692
2026-01-22 21:58:48 - Mean class 4 mean_dice 0.720161 mean_hd95 48.950624
2026-01-22 21:58:48 - Mean class 5 mean_dice 0.935537 mean_hd95 18.055642
2026-01-22 21:58:48 - Mean class 6 mean_dice 0.550945 mean_hd95 12.300486
2026-01-22 21:58:48 - Mean class 7 mean_dice 0.883297 mean_hd95 15.301521
2026-01-22 21:58:48 - Mean class 8 mean_dice 0.726349 mean_hd95 22.025714
2026-01-22 21:58:48 - val epoch: 100, mean_dice: 0.7696561540186186, mean_hd95: 24.574104956664755, time(s): 1406.23
