2026-01-12 22:01:48 - #----------Config info----------#
2026-01-12 22:01:48 - network: vmunet,
2026-01-12 22:01:48 - model_config: {'num_classes': 4, 'input_channels': 1, 'depths': [2, 2, 2, 2], 'depths_decoder': [2, 2, 2, 1], 'drop_path_rate': 0.2, 'load_ckpt_path': './pre_trained_weights/vmamba_small_e238_ema.pth'},
2026-01-12 22:01:48 - datasets_name: acdc,
2026-01-12 22:01:48 - input_size_h: 256,
2026-01-12 22:01:48 - input_size_w: 256,
2026-01-12 22:01:48 - data_path: ../Synapse/train_npz/,
2026-01-12 22:01:48 - datasets: <class 'datasets.dataset.Synapse_dataset'>,
2026-01-12 22:01:48 - list_dir: ../Synapse/lists/lists_Synapse/,
2026-01-12 22:01:48 - volume_path: ../Synapse/test_vol_h5/,
2026-01-12 22:01:48 - pretrained_path: ,
2026-01-12 22:01:48 - num_classes: 4,
2026-01-12 22:01:48 - loss_weight: [1, 1],
2026-01-12 22:01:48 - criterion: CeDiceLoss(
  (celoss): CrossEntropyLoss()
  (diceloss): nDiceLoss()
),
2026-01-12 22:01:48 - z_spacing: 1,
2026-01-12 22:01:48 - input_channels: 1,
2026-01-12 22:01:48 - distributed: False,
2026-01-12 22:01:48 - local_rank: -1,
2026-01-12 22:01:48 - num_workers: 0,
2026-01-12 22:01:48 - seed: 42,
2026-01-12 22:01:48 - world_size: None,
2026-01-12 22:01:48 - rank: None,
2026-01-12 22:01:48 - amp: False,
2026-01-12 22:01:48 - batch_size: 16,
2026-01-12 22:01:48 - epochs: 100,
2026-01-12 22:01:48 - work_dir: results/vmunet_acdc_Monday_12_January_2026_22h_01m_48s/,
2026-01-12 22:01:48 - print_interval: 10,
2026-01-12 22:01:48 - val_interval: 1,
2026-01-12 22:01:48 - threshold: 0.5,
2026-01-12 22:01:48 - only_test_and_save_figs: False,
2026-01-12 22:01:48 - best_ckpt_path: results/acdc/checkpoints/best.pth,
2026-01-12 22:01:48 - img_save_path: imagesacdc,
2026-01-12 22:01:48 - opt: AdamW,
2026-01-12 22:01:48 - lr: 0.001,
2026-01-12 22:01:48 - betas: (0.9, 0.999),
2026-01-12 22:01:48 - eps: 1e-08,
2026-01-12 22:01:48 - weight_decay: 0.01,
2026-01-12 22:01:48 - amsgrad: False,
2026-01-12 22:01:48 - sch: CosineAnnealingLR,
2026-01-12 22:01:48 - T_max: 100,
2026-01-12 22:01:48 - eta_min: 1e-05,
2026-01-12 22:01:48 - last_epoch: -1,
2026-01-12 22:01:50 - train: epoch 1, iter:0, loss: 4.7565, lr: 0.001
2026-01-12 22:01:53 - train: epoch 1, iter:10, loss: 2.6674, lr: 0.001
2026-01-12 22:01:56 - train: epoch 1, iter:20, loss: 2.0541, lr: 0.001
2026-01-12 22:01:59 - train: epoch 1, iter:30, loss: 1.7258, lr: 0.001
2026-01-12 22:02:03 - train: epoch 1, iter:40, loss: 1.5985, lr: 0.001
2026-01-12 22:02:06 - train: epoch 1, iter:50, loss: 1.4356, lr: 0.001
2026-01-12 22:02:09 - train: epoch 1, iter:60, loss: 1.2900, lr: 0.001
2026-01-12 22:02:12 - train: epoch 1, iter:70, loss: 1.2872, lr: 0.001
2026-01-12 22:02:15 - train: epoch 1, iter:80, loss: 0.9049, lr: 0.001
2026-01-12 22:02:16 - Finish one epoch train: epoch 1, loss: 1.7990, time(s): 26.55
2026-01-12 22:02:17 - idx 0 case patient021_frame13 mean_dice 0.593934 mean_hd95 8.351809
2026-01-12 22:02:18 - idx 1 case patient021_frame01 mean_dice 0.729986 mean_hd95 3.950588
2026-01-12 22:02:19 - idx 2 case patient022_frame01 mean_dice 0.620295 mean_hd95 9.975195
2026-01-12 22:02:20 - idx 3 case patient022_frame11 mean_dice 0.577315 mean_hd95 13.778792
2026-01-12 22:02:21 - idx 4 case patient023_frame01 mean_dice 0.689144 mean_hd95 4.392299
2026-01-12 22:02:22 - idx 5 case patient023_frame09 mean_dice 0.543273 mean_hd95 8.508804
2026-01-12 22:02:23 - idx 6 case patient024_frame01 mean_dice 0.709007 mean_hd95 5.778811
2026-01-12 22:02:24 - idx 7 case patient024_frame09 mean_dice 0.553172 mean_hd95 13.494506
2026-01-12 22:02:25 - idx 8 case patient025_frame09 mean_dice 0.582844 mean_hd95 6.077568
2026-01-12 22:02:26 - idx 9 case patient025_frame01 mean_dice 0.630390 mean_hd95 5.830615
2026-01-12 22:02:28 - idx 10 case patient026_frame01 mean_dice 0.566571 mean_hd95 6.603417
2026-01-12 22:02:29 - idx 11 case patient026_frame12 mean_dice 0.592261 mean_hd95 6.091206
2026-01-12 22:02:30 - idx 12 case patient027_frame01 mean_dice 0.652896 mean_hd95 13.336972
2026-01-12 22:02:31 - idx 13 case patient027_frame11 mean_dice 0.652326 mean_hd95 31.559962
2026-01-12 22:02:32 - idx 14 case patient028_frame01 mean_dice 0.740615 mean_hd95 4.082460
2026-01-12 22:02:34 - idx 15 case patient028_frame09 mean_dice 0.630381 mean_hd95 8.941416
2026-01-12 22:02:35 - idx 16 case patient029_frame01 mean_dice 0.449912 mean_hd95 9.045973
2026-01-12 22:02:36 - idx 17 case patient029_frame12 mean_dice 0.366505 mean_hd95 23.648749
2026-01-12 22:02:38 - idx 18 case patient030_frame01 mean_dice 0.663093 mean_hd95 5.874248
2026-01-12 22:02:39 - idx 19 case patient030_frame12 mean_dice 0.403570 mean_hd95 13.848346
2026-01-12 22:02:39 - Mean class 1 mean_dice 0.498880 mean_hd95 11.948486
2026-01-12 22:02:39 - Mean class 2 mean_dice 0.681572 mean_hd95 6.296986
2026-01-12 22:02:39 - Mean class 3 mean_dice 0.611671 mean_hd95 12.230288
2026-01-12 22:02:39 - val epoch: 1, mean_dice: 0.5973744687762826, mean_hd95: 10.158586799161029, time(s): 23.22
2026-01-12 22:02:40 - train: epoch 2, iter:0, loss: 0.8781, lr: 0.0009997557473810372
2026-01-12 22:02:43 - train: epoch 2, iter:10, loss: 0.8097, lr: 0.0009997557473810372
2026-01-12 22:02:46 - train: epoch 2, iter:20, loss: 0.7519, lr: 0.0009997557473810372
2026-01-12 22:02:49 - train: epoch 2, iter:30, loss: 0.7219, lr: 0.0009997557473810372
2026-01-12 22:02:52 - train: epoch 2, iter:40, loss: 0.6003, lr: 0.0009997557473810372
2026-01-12 22:02:55 - train: epoch 2, iter:50, loss: 0.6186, lr: 0.0009997557473810372
2026-01-12 22:02:58 - train: epoch 2, iter:60, loss: 0.4275, lr: 0.0009997557473810372
2026-01-12 22:03:01 - train: epoch 2, iter:70, loss: 0.5227, lr: 0.0009997557473810372
2026-01-12 22:03:04 - train: epoch 2, iter:80, loss: 0.5122, lr: 0.0009997557473810372
2026-01-12 22:03:05 - Finish one epoch train: epoch 2, loss: 0.6485, time(s): 25.21
2026-01-12 22:03:06 - idx 0 case patient021_frame13 mean_dice 0.727198 mean_hd95 3.666250
2026-01-12 22:03:07 - idx 1 case patient021_frame01 mean_dice 0.814373 mean_hd95 2.837744
2026-01-12 22:03:08 - idx 2 case patient022_frame01 mean_dice 0.843732 mean_hd95 2.021498
2026-01-12 22:03:09 - idx 3 case patient022_frame11 mean_dice 0.788414 mean_hd95 3.830115
2026-01-12 22:03:10 - idx 4 case patient023_frame01 mean_dice 0.835211 mean_hd95 6.185450
2026-01-12 22:03:11 - idx 5 case patient023_frame09 mean_dice 0.601431 mean_hd95 12.641455
2026-01-12 22:03:12 - idx 6 case patient024_frame01 mean_dice 0.874278 mean_hd95 1.609476
2026-01-12 22:03:13 - idx 7 case patient024_frame09 mean_dice 0.811992 mean_hd95 5.710724
2026-01-12 22:03:14 - idx 8 case patient025_frame09 mean_dice 0.701417 mean_hd95 3.027580
2026-01-12 22:03:15 - idx 9 case patient025_frame01 mean_dice 0.792132 mean_hd95 2.942809
2026-01-12 22:03:16 - idx 10 case patient026_frame01 mean_dice 0.699322 mean_hd95 4.744235
2026-01-12 22:03:17 - idx 11 case patient026_frame12 mean_dice 0.616309 mean_hd95 14.395370
2026-01-12 22:03:19 - idx 12 case patient027_frame01 mean_dice 0.805092 mean_hd95 2.935695
2026-01-12 22:03:20 - idx 13 case patient027_frame11 mean_dice 0.613657 mean_hd95 6.115463
2026-01-12 22:03:21 - idx 14 case patient028_frame01 mean_dice 0.861972 mean_hd95 1.794111
2026-01-12 22:03:22 - idx 15 case patient028_frame09 mean_dice 0.626004 mean_hd95 7.775816
2026-01-12 22:03:24 - idx 16 case patient029_frame01 mean_dice 0.736407 mean_hd95 5.084794
2026-01-12 22:03:25 - idx 17 case patient029_frame12 mean_dice 0.259313 mean_hd95 42.494840
2026-01-12 22:03:26 - idx 18 case patient030_frame01 mean_dice 0.780021 mean_hd95 4.259587
2026-01-12 22:03:27 - idx 19 case patient030_frame12 mean_dice 0.550776 mean_hd95 6.679468
2026-01-12 22:03:27 - Mean class 1 mean_dice 0.655396 mean_hd95 5.971337
2026-01-12 22:03:27 - Mean class 2 mean_dice 0.713213 mean_hd95 5.574115
2026-01-12 22:03:27 - Mean class 3 mean_dice 0.782249 mean_hd95 9.567420
2026-01-12 22:03:27 - val epoch: 2, mean_dice: 0.7169525469277135, mean_hd95: 7.037624042860318, time(s): 22.37
2026-01-12 22:03:28 - train: epoch 3, iter:0, loss: 0.5438, lr: 0.0009990232305719946
2026-01-12 22:03:31 - train: epoch 3, iter:10, loss: 0.4333, lr: 0.0009990232305719946
2026-01-12 22:03:34 - train: epoch 3, iter:20, loss: 0.4536, lr: 0.0009990232305719946
2026-01-12 22:03:37 - train: epoch 3, iter:30, loss: 0.4443, lr: 0.0009990232305719946
2026-01-12 22:03:40 - train: epoch 3, iter:40, loss: 0.4314, lr: 0.0009990232305719946
2026-01-12 22:03:43 - train: epoch 3, iter:50, loss: 0.3430, lr: 0.0009990232305719946
2026-01-12 22:03:46 - train: epoch 3, iter:60, loss: 0.4642, lr: 0.0009990232305719946
2026-01-12 22:03:49 - train: epoch 3, iter:70, loss: 0.2690, lr: 0.0009990232305719946
2026-01-12 22:03:52 - train: epoch 3, iter:80, loss: 0.3329, lr: 0.0009990232305719946
2026-01-12 22:03:53 - Finish one epoch train: epoch 3, loss: 0.3957, time(s): 25.20
2026-01-12 22:03:55 - idx 0 case patient021_frame13 mean_dice 0.751335 mean_hd95 3.392299
2026-01-12 22:03:56 - idx 1 case patient021_frame01 mean_dice 0.853574 mean_hd95 2.190028
2026-01-12 22:03:57 - idx 2 case patient022_frame01 mean_dice 0.775164 mean_hd95 13.027161
2026-01-12 22:03:57 - idx 3 case patient022_frame11 mean_dice 0.588243 mean_hd95 18.621202
2026-01-12 22:03:59 - idx 4 case patient023_frame01 mean_dice 0.828756 mean_hd95 4.258321
2026-01-12 22:04:00 - idx 5 case patient023_frame09 mean_dice 0.698477 mean_hd95 21.610041
2026-01-12 22:04:01 - idx 6 case patient024_frame01 mean_dice 0.896138 mean_hd95 1.138071
2026-01-12 22:04:02 - idx 7 case patient024_frame09 mean_dice 0.811357 mean_hd95 2.899866
2026-01-12 22:04:03 - idx 8 case patient025_frame09 mean_dice 0.732618 mean_hd95 3.329660
2026-01-12 22:04:04 - idx 9 case patient025_frame01 mean_dice 0.875464 mean_hd95 1.276142
2026-01-12 22:04:05 - idx 10 case patient026_frame01 mean_dice 0.716831 mean_hd95 4.893715
2026-01-12 22:04:06 - idx 11 case patient026_frame12 mean_dice 0.539215 mean_hd95 13.458625
2026-01-12 22:04:08 - idx 12 case patient027_frame01 mean_dice 0.815996 mean_hd95 3.630312
2026-01-12 22:04:09 - idx 13 case patient027_frame11 mean_dice 0.604448 mean_hd95 7.918312
2026-01-12 22:04:10 - idx 14 case patient028_frame01 mean_dice 0.853740 mean_hd95 11.903890
2026-01-12 22:04:11 - idx 15 case patient028_frame09 mean_dice 0.617584 mean_hd95 26.817276
2026-01-12 22:04:12 - idx 16 case patient029_frame01 mean_dice 0.782289 mean_hd95 11.897484
2026-01-12 22:04:14 - idx 17 case patient029_frame12 mean_dice 0.309354 mean_hd95 37.699722
2026-01-12 22:04:15 - idx 18 case patient030_frame01 mean_dice 0.787692 mean_hd95 4.823743
2026-01-12 22:04:16 - idx 19 case patient030_frame12 mean_dice 0.478643 mean_hd95 33.867524
2026-01-12 22:04:16 - Mean class 1 mean_dice 0.623413 mean_hd95 7.107823
2026-01-12 22:04:16 - Mean class 2 mean_dice 0.754083 mean_hd95 5.570322
2026-01-12 22:04:16 - Mean class 3 mean_dice 0.770042 mean_hd95 21.619864
2026-01-12 22:04:16 - val epoch: 3, mean_dice: 0.7158459561813056, mean_hd95: 11.432669776987431, time(s): 23.07
2026-01-12 22:04:17 - train: epoch 4, iter:0, loss: 0.2880, lr: 0.0009978031724785247
2026-01-12 22:04:20 - train: epoch 4, iter:10, loss: 0.3001, lr: 0.0009978031724785247
2026-01-12 22:04:23 - train: epoch 4, iter:20, loss: 0.3573, lr: 0.0009978031724785247
2026-01-12 22:04:26 - train: epoch 4, iter:30, loss: 0.2355, lr: 0.0009978031724785247
2026-01-12 22:04:29 - train: epoch 4, iter:40, loss: 0.2781, lr: 0.0009978031724785247
2026-01-12 22:04:32 - train: epoch 4, iter:50, loss: 0.2632, lr: 0.0009978031724785247
2026-01-12 22:04:35 - train: epoch 4, iter:60, loss: 0.2836, lr: 0.0009978031724785247
2026-01-12 22:04:38 - train: epoch 4, iter:70, loss: 0.3786, lr: 0.0009978031724785247
2026-01-12 22:04:41 - train: epoch 4, iter:80, loss: 0.2223, lr: 0.0009978031724785247
2026-01-12 22:04:42 - Finish one epoch train: epoch 4, loss: 0.3135, time(s): 25.21
2026-01-12 22:04:43 - idx 0 case patient021_frame13 mean_dice 0.748053 mean_hd95 3.492157
2026-01-12 22:04:44 - idx 1 case patient021_frame01 mean_dice 0.863668 mean_hd95 3.854390
2026-01-12 22:04:45 - idx 2 case patient022_frame01 mean_dice 0.853637 mean_hd95 4.813436
2026-01-12 22:04:46 - idx 3 case patient022_frame11 mean_dice 0.670148 mean_hd95 12.568956
2026-01-12 22:04:47 - idx 4 case patient023_frame01 mean_dice 0.827579 mean_hd95 2.047420
2026-01-12 22:04:48 - idx 5 case patient023_frame09 mean_dice 0.680351 mean_hd95 8.041251
2026-01-12 22:04:49 - idx 6 case patient024_frame01 mean_dice 0.875181 mean_hd95 2.387426
2026-01-12 22:04:50 - idx 7 case patient024_frame09 mean_dice 0.777301 mean_hd95 6.412929
2026-01-12 22:04:51 - idx 8 case patient025_frame09 mean_dice 0.749201 mean_hd95 3.961271
2026-01-12 22:04:52 - idx 9 case patient025_frame01 mean_dice 0.887657 mean_hd95 1.550094
2026-01-12 22:04:53 - idx 10 case patient026_frame01 mean_dice 0.775870 mean_hd95 4.504794
2026-01-12 22:04:54 - idx 11 case patient026_frame12 mean_dice 0.650087 mean_hd95 5.391880
2026-01-12 22:04:56 - idx 12 case patient027_frame01 mean_dice 0.846547 mean_hd95 2.591129
2026-01-12 22:04:57 - idx 13 case patient027_frame11 mean_dice 0.677085 mean_hd95 4.679994
2026-01-12 22:04:58 - idx 14 case patient028_frame01 mean_dice 0.902631 mean_hd95 1.550094
2026-01-12 22:04:59 - idx 15 case patient028_frame09 mean_dice 0.558279 mean_hd95 28.777708
2026-01-12 22:05:00 - idx 16 case patient029_frame01 mean_dice 0.827294 mean_hd95 4.364380
2026-01-12 22:05:02 - idx 17 case patient029_frame12 mean_dice 0.471207 mean_hd95 22.306878
2026-01-12 22:05:03 - idx 18 case patient030_frame01 mean_dice 0.783277 mean_hd95 5.139662
2026-01-12 22:05:04 - idx 19 case patient030_frame12 mean_dice 0.560664 mean_hd95 7.946344
2026-01-12 22:05:04 - Mean class 1 mean_dice 0.627013 mean_hd95 9.468163
2026-01-12 22:05:04 - Mean class 2 mean_dice 0.805002 mean_hd95 3.459426
2026-01-12 22:05:04 - Mean class 3 mean_dice 0.815843 mean_hd95 7.529739
2026-01-12 22:05:04 - val epoch: 4, mean_dice: 0.7492859023039168, mean_hd95: 6.819109605494856, time(s): 22.27
2026-01-12 22:05:05 - train: epoch 5, iter:0, loss: 0.3129, lr: 0.0009960967771506667
2026-01-12 22:05:08 - train: epoch 5, iter:10, loss: 0.2545, lr: 0.0009960967771506667
2026-01-12 22:05:11 - train: epoch 5, iter:20, loss: 0.3066, lr: 0.0009960967771506667
2026-01-12 22:05:14 - train: epoch 5, iter:30, loss: 0.2175, lr: 0.0009960967771506667
2026-01-12 22:05:17 - train: epoch 5, iter:40, loss: 0.2914, lr: 0.0009960967771506667
2026-01-12 22:05:20 - train: epoch 5, iter:50, loss: 0.2231, lr: 0.0009960967771506667
2026-01-12 22:05:23 - train: epoch 5, iter:60, loss: 0.2570, lr: 0.0009960967771506667
2026-01-12 22:05:26 - train: epoch 5, iter:70, loss: 0.2636, lr: 0.0009960967771506667
2026-01-12 22:05:29 - train: epoch 5, iter:80, loss: 0.2236, lr: 0.0009960967771506667
2026-01-12 22:05:30 - Finish one epoch train: epoch 5, loss: 0.2665, time(s): 25.16
2026-01-12 22:05:31 - idx 0 case patient021_frame13 mean_dice 0.826666 mean_hd95 2.144659
2026-01-12 22:05:32 - idx 1 case patient021_frame01 mean_dice 0.872862 mean_hd95 1.688165
2026-01-12 22:05:33 - idx 2 case patient022_frame01 mean_dice 0.880930 mean_hd95 1.913886
2026-01-12 22:05:34 - idx 3 case patient022_frame11 mean_dice 0.785872 mean_hd95 5.023608
2026-01-12 22:05:35 - idx 4 case patient023_frame01 mean_dice 0.874618 mean_hd95 1.244017
2026-01-12 22:05:36 - idx 5 case patient023_frame09 mean_dice 0.750328 mean_hd95 2.490712
2026-01-12 22:05:37 - idx 6 case patient024_frame01 mean_dice 0.909434 mean_hd95 1.000000
2026-01-12 22:05:38 - idx 7 case patient024_frame09 mean_dice 0.884685 mean_hd95 1.138071
2026-01-12 22:05:39 - idx 8 case patient025_frame09 mean_dice 0.775383 mean_hd95 2.378349
2026-01-12 22:05:40 - idx 9 case patient025_frame01 mean_dice 0.867370 mean_hd95 1.745356
2026-01-12 22:05:42 - idx 10 case patient026_frame01 mean_dice 0.728566 mean_hd95 4.604242
2026-01-12 22:05:43 - idx 11 case patient026_frame12 mean_dice 0.612693 mean_hd95 5.916287
2026-01-12 22:05:44 - idx 12 case patient027_frame01 mean_dice 0.870560 mean_hd95 1.382088
2026-01-12 22:05:45 - idx 13 case patient027_frame11 mean_dice 0.721823 mean_hd95 2.996902
2026-01-12 22:05:46 - idx 14 case patient028_frame01 mean_dice 0.879187 mean_hd95 1.414214
2026-01-12 22:05:48 - idx 15 case patient028_frame09 mean_dice 0.632006 mean_hd95 4.381066
2026-01-12 22:05:49 - idx 16 case patient029_frame01 mean_dice 0.833235 mean_hd95 3.468563
2026-01-12 22:05:50 - idx 17 case patient029_frame12 mean_dice 0.321602 mean_hd95 9.295400
2026-01-12 22:05:51 - idx 18 case patient030_frame01 mean_dice 0.854193 mean_hd95 1.901818
2026-01-12 22:05:53 - idx 19 case patient030_frame12 mean_dice 0.727069 mean_hd95 5.213388
2026-01-12 22:05:53 - Mean class 1 mean_dice 0.734593 mean_hd95 4.090227
2026-01-12 22:05:53 - Mean class 2 mean_dice 0.787479 mean_hd95 2.927302
2026-01-12 22:05:53 - Mean class 3 mean_dice 0.819290 mean_hd95 2.183589
2026-01-12 22:05:53 - val epoch: 5, mean_dice: 0.7804541088076263, mean_hd95: 3.067039528379236, time(s): 22.66
2026-01-12 22:05:54 - train: epoch 6, iter:0, loss: 0.3660, lr: 0.0009939057285945933
2026-01-12 22:05:57 - train: epoch 6, iter:10, loss: 0.2446, lr: 0.0009939057285945933
2026-01-12 22:06:00 - train: epoch 6, iter:20, loss: 0.2078, lr: 0.0009939057285945933
2026-01-12 22:06:03 - train: epoch 6, iter:30, loss: 0.2050, lr: 0.0009939057285945933
2026-01-12 22:06:06 - train: epoch 6, iter:40, loss: 0.2303, lr: 0.0009939057285945933
2026-01-12 22:06:09 - train: epoch 6, iter:50, loss: 0.3113, lr: 0.0009939057285945933
2026-01-12 22:06:12 - train: epoch 6, iter:60, loss: 0.2705, lr: 0.0009939057285945933
2026-01-12 22:06:15 - train: epoch 6, iter:70, loss: 0.2125, lr: 0.0009939057285945933
2026-01-12 22:06:18 - train: epoch 6, iter:80, loss: 0.2410, lr: 0.0009939057285945933
2026-01-12 22:06:19 - Finish one epoch train: epoch 6, loss: 0.2396, time(s): 25.30
2026-01-12 22:06:20 - idx 0 case patient021_frame13 mean_dice 0.823245 mean_hd95 2.000000
2026-01-12 22:06:21 - idx 1 case patient021_frame01 mean_dice 0.880673 mean_hd95 1.804738
2026-01-12 22:06:22 - idx 2 case patient022_frame01 mean_dice 0.845657 mean_hd95 10.458253
2026-01-12 22:06:23 - idx 3 case patient022_frame11 mean_dice 0.723733 mean_hd95 19.247219
2026-01-12 22:06:24 - idx 4 case patient023_frame01 mean_dice 0.850920 mean_hd95 1.715421
2026-01-12 22:06:25 - idx 5 case patient023_frame09 mean_dice 0.786064 mean_hd95 2.625701
2026-01-12 22:06:26 - idx 6 case patient024_frame01 mean_dice 0.928620 mean_hd95 1.000000
2026-01-12 22:06:27 - idx 7 case patient024_frame09 mean_dice 0.883284 mean_hd95 1.138071
2026-01-12 22:06:28 - idx 8 case patient025_frame09 mean_dice 0.826225 mean_hd95 1.991564
2026-01-12 22:06:29 - idx 9 case patient025_frame01 mean_dice 0.891711 mean_hd95 1.276142
2026-01-12 22:06:31 - idx 10 case patient026_frame01 mean_dice 0.811364 mean_hd95 4.396558
2026-01-12 22:06:32 - idx 11 case patient026_frame12 mean_dice 0.698269 mean_hd95 4.955405
2026-01-12 22:06:33 - idx 12 case patient027_frame01 mean_dice 0.871674 mean_hd95 1.609476
2026-01-12 22:06:35 - idx 13 case patient027_frame11 mean_dice 0.793004 mean_hd95 3.118850
2026-01-12 22:06:36 - idx 14 case patient028_frame01 mean_dice 0.903501 mean_hd95 1.550094
2026-01-12 22:06:37 - idx 15 case patient028_frame09 mean_dice 0.729267 mean_hd95 5.375526
2026-01-12 22:06:39 - idx 16 case patient029_frame01 mean_dice 0.885583 mean_hd95 2.006588
2026-01-12 22:06:40 - idx 17 case patient029_frame12 mean_dice 0.628253 mean_hd95 31.294278
2026-01-12 22:06:41 - idx 18 case patient030_frame01 mean_dice 0.843606 mean_hd95 2.699673
2026-01-12 22:06:42 - idx 19 case patient030_frame12 mean_dice 0.601608 mean_hd95 5.841071
2026-01-12 22:06:42 - Mean class 1 mean_dice 0.754765 mean_hd95 3.959372
2026-01-12 22:06:42 - Mean class 2 mean_dice 0.841714 mean_hd95 3.054479
2026-01-12 22:06:42 - Mean class 3 mean_dice 0.834460 mean_hd95 8.901843
2026-01-12 22:06:42 - val epoch: 6, mean_dice: 0.8103129876322624, mean_hd95: 5.305231441066901, time(s): 23.83
2026-01-12 22:06:44 - train: epoch 7, iter:0, loss: 0.1921, lr: 0.0009912321891107012
2026-01-12 22:06:47 - train: epoch 7, iter:10, loss: 0.2086, lr: 0.0009912321891107012
2026-01-12 22:06:50 - train: epoch 7, iter:20, loss: 0.4005, lr: 0.0009912321891107012
2026-01-12 22:06:53 - train: epoch 7, iter:30, loss: 0.2237, lr: 0.0009912321891107012
2026-01-12 22:06:56 - train: epoch 7, iter:40, loss: 0.2034, lr: 0.0009912321891107012
2026-01-12 22:06:59 - train: epoch 7, iter:50, loss: 0.2076, lr: 0.0009912321891107012
2026-01-12 22:07:02 - train: epoch 7, iter:60, loss: 0.1955, lr: 0.0009912321891107012
2026-01-12 22:07:05 - train: epoch 7, iter:70, loss: 0.2393, lr: 0.0009912321891107012
2026-01-12 22:07:08 - train: epoch 7, iter:80, loss: 0.2323, lr: 0.0009912321891107012
2026-01-12 22:07:09 - Finish one epoch train: epoch 7, loss: 0.2217, time(s): 25.36
2026-01-12 22:07:10 - idx 0 case patient021_frame13 mean_dice 0.754647 mean_hd95 4.318688
2026-01-12 22:07:12 - idx 1 case patient021_frame01 mean_dice 0.873952 mean_hd95 1.996902
2026-01-12 22:07:12 - idx 2 case patient022_frame01 mean_dice 0.869038 mean_hd95 5.606292
2026-01-12 22:07:13 - idx 3 case patient022_frame11 mean_dice 0.754630 mean_hd95 6.979126
2026-01-12 22:07:14 - idx 4 case patient023_frame01 mean_dice 0.886185 mean_hd95 1.000000
2026-01-12 22:07:15 - idx 5 case patient023_frame09 mean_dice 0.797061 mean_hd95 1.471405
2026-01-12 22:07:16 - idx 6 case patient024_frame01 mean_dice 0.907324 mean_hd95 1.000000
2026-01-12 22:07:17 - idx 7 case patient024_frame09 mean_dice 0.904084 mean_hd95 1.000000
2026-01-12 22:07:18 - idx 8 case patient025_frame09 mean_dice 0.782759 mean_hd95 2.387426
2026-01-12 22:07:19 - idx 9 case patient025_frame01 mean_dice 0.887591 mean_hd95 1.333333
2026-01-12 22:07:21 - idx 10 case patient026_frame01 mean_dice 0.731672 mean_hd95 5.015991
2026-01-12 22:07:22 - idx 11 case patient026_frame12 mean_dice 0.620214 mean_hd95 6.240370
2026-01-12 22:07:23 - idx 12 case patient027_frame01 mean_dice 0.865552 mean_hd95 2.051957
2026-01-12 22:07:24 - idx 13 case patient027_frame11 mean_dice 0.691381 mean_hd95 4.149830
2026-01-12 22:07:25 - idx 14 case patient028_frame01 mean_dice 0.901149 mean_hd95 1.000000
2026-01-12 22:07:27 - idx 15 case patient028_frame09 mean_dice 0.749040 mean_hd95 2.942809
2026-01-12 22:07:28 - idx 16 case patient029_frame01 mean_dice 0.854744 mean_hd95 2.666667
2026-01-12 22:07:29 - idx 17 case patient029_frame12 mean_dice 0.570419 mean_hd95 5.513052
2026-01-12 22:07:30 - idx 18 case patient030_frame01 mean_dice 0.904874 mean_hd95 1.138071
2026-01-12 22:07:32 - idx 19 case patient030_frame12 mean_dice 0.667209 mean_hd95 3.246422
2026-01-12 22:07:32 - Mean class 1 mean_dice 0.743870 mean_hd95 5.289978
2026-01-12 22:07:32 - Mean class 2 mean_dice 0.790716 mean_hd95 2.134954
2026-01-12 22:07:32 - Mean class 3 mean_dice 0.861442 mean_hd95 1.733820
2026-01-12 22:07:32 - val epoch: 7, mean_dice: 0.7986761348284682, mean_hd95: 3.0529169802192513, time(s): 22.74
2026-01-12 22:07:33 - train: epoch 8, iter:0, loss: 0.2015, lr: 0.0009880787971596802
2026-01-12 22:07:36 - train: epoch 8, iter:10, loss: 0.2654, lr: 0.0009880787971596802
2026-01-12 22:07:39 - train: epoch 8, iter:20, loss: 0.1904, lr: 0.0009880787971596802
2026-01-12 22:07:42 - train: epoch 8, iter:30, loss: 0.2126, lr: 0.0009880787971596802
2026-01-12 22:07:45 - train: epoch 8, iter:40, loss: 0.1782, lr: 0.0009880787971596802
2026-01-12 22:07:48 - train: epoch 8, iter:50, loss: 0.2933, lr: 0.0009880787971596802
2026-01-12 22:07:51 - train: epoch 8, iter:60, loss: 0.2690, lr: 0.0009880787971596802
2026-01-12 22:07:54 - train: epoch 8, iter:70, loss: 0.2133, lr: 0.0009880787971596802
2026-01-12 22:07:57 - train: epoch 8, iter:80, loss: 0.1464, lr: 0.0009880787971596802
2026-01-12 22:07:58 - Finish one epoch train: epoch 8, loss: 0.2079, time(s): 25.45
2026-01-12 22:07:59 - idx 0 case patient021_frame13 mean_dice 0.756324 mean_hd95 2.357023
2026-01-12 22:08:00 - idx 1 case patient021_frame01 mean_dice 0.889135 mean_hd95 1.412023
2026-01-12 22:08:01 - idx 2 case patient022_frame01 mean_dice 0.855773 mean_hd95 10.012726
2026-01-12 22:08:02 - idx 3 case patient022_frame11 mean_dice 0.716563 mean_hd95 17.581502
2026-01-12 22:08:03 - idx 4 case patient023_frame01 mean_dice 0.872186 mean_hd95 1.138071
2026-01-12 22:08:04 - idx 5 case patient023_frame09 mean_dice 0.789717 mean_hd95 19.533950
2026-01-12 22:08:05 - idx 6 case patient024_frame01 mean_dice 0.913859 mean_hd95 1.000000
2026-01-12 22:08:06 - idx 7 case patient024_frame09 mean_dice 0.862045 mean_hd95 10.882120
2026-01-12 22:08:07 - idx 8 case patient025_frame09 mean_dice 0.778655 mean_hd95 2.243613
2026-01-12 22:08:08 - idx 9 case patient025_frame01 mean_dice 0.888100 mean_hd95 1.333333
2026-01-12 22:08:09 - idx 10 case patient026_frame01 mean_dice 0.744783 mean_hd95 5.364128
2026-01-12 22:08:10 - idx 11 case patient026_frame12 mean_dice 0.630605 mean_hd95 4.018225
2026-01-12 22:08:11 - idx 12 case patient027_frame01 mean_dice 0.849414 mean_hd95 2.414214
2026-01-12 22:08:13 - idx 13 case patient027_frame11 mean_dice 0.712526 mean_hd95 3.933787
2026-01-12 22:08:14 - idx 14 case patient028_frame01 mean_dice 0.900856 mean_hd95 1.138071
2026-01-12 22:08:15 - idx 15 case patient028_frame09 mean_dice 0.701363 mean_hd95 3.993544
2026-01-12 22:08:17 - idx 16 case patient029_frame01 mean_dice 0.843848 mean_hd95 3.333333
2026-01-12 22:08:18 - idx 17 case patient029_frame12 mean_dice 0.424635 mean_hd95 6.758174
2026-01-12 22:08:19 - idx 18 case patient030_frame01 mean_dice 0.847687 mean_hd95 2.179106
2026-01-12 22:08:20 - idx 19 case patient030_frame12 mean_dice 0.638613 mean_hd95 5.122888
2026-01-12 22:08:20 - Mean class 1 mean_dice 0.721505 mean_hd95 7.382890
2026-01-12 22:08:20 - Mean class 2 mean_dice 0.798939 mean_hd95 2.193051
2026-01-12 22:08:20 - Mean class 3 mean_dice 0.822059 mean_hd95 6.286534
2026-01-12 22:08:20 - val epoch: 8, mean_dice: 0.7808343422383128, mean_hd95: 5.287491565526158, time(s): 22.57
2026-01-12 22:08:21 - train: epoch 9, iter:0, loss: 0.2170, lr: 0.0009844486647586726
2026-01-12 22:08:24 - train: epoch 9, iter:10, loss: 0.2231, lr: 0.0009844486647586726
2026-01-12 22:08:27 - train: epoch 9, iter:20, loss: 0.1670, lr: 0.0009844486647586726
2026-01-12 22:08:30 - train: epoch 9, iter:30, loss: 0.1820, lr: 0.0009844486647586726
2026-01-12 22:08:33 - train: epoch 9, iter:40, loss: 0.1981, lr: 0.0009844486647586726
2026-01-12 22:08:36 - train: epoch 9, iter:50, loss: 0.1821, lr: 0.0009844486647586726
2026-01-12 22:08:39 - train: epoch 9, iter:60, loss: 0.1926, lr: 0.0009844486647586726
2026-01-12 22:08:42 - train: epoch 9, iter:70, loss: 0.1740, lr: 0.0009844486647586726
2026-01-12 22:08:45 - train: epoch 9, iter:80, loss: 0.1551, lr: 0.0009844486647586726
2026-01-12 22:08:46 - Finish one epoch train: epoch 9, loss: 0.1901, time(s): 25.11
2026-01-12 22:08:47 - idx 0 case patient021_frame13 mean_dice 0.793569 mean_hd95 2.157379
2026-01-12 22:08:48 - idx 1 case patient021_frame01 mean_dice 0.889653 mean_hd95 1.666667
2026-01-12 22:08:49 - idx 2 case patient022_frame01 mean_dice 0.885484 mean_hd95 1.483163
2026-01-12 22:08:50 - idx 3 case patient022_frame11 mean_dice 0.801909 mean_hd95 1.989373
2026-01-12 22:08:51 - idx 4 case patient023_frame01 mean_dice 0.900809 mean_hd95 1.000000
2026-01-12 22:08:52 - idx 5 case patient023_frame09 mean_dice 0.801146 mean_hd95 2.048755
2026-01-12 22:08:53 - idx 6 case patient024_frame01 mean_dice 0.915353 mean_hd95 1.000000
2026-01-12 22:08:54 - idx 7 case patient024_frame09 mean_dice 0.880335 mean_hd95 1.138071
2026-01-12 22:08:55 - idx 8 case patient025_frame09 mean_dice 0.814287 mean_hd95 1.821367
2026-01-12 22:08:56 - idx 9 case patient025_frame01 mean_dice 0.884707 mean_hd95 1.577350
2026-01-12 22:08:57 - idx 10 case patient026_frame01 mean_dice 0.805074 mean_hd95 4.415404
2026-01-12 22:08:59 - idx 11 case patient026_frame12 mean_dice 0.745110 mean_hd95 2.438875
2026-01-12 22:09:00 - idx 12 case patient027_frame01 mean_dice 0.893544 mean_hd95 1.276142
2026-01-12 22:09:01 - idx 13 case patient027_frame11 mean_dice 0.798942 mean_hd95 2.595697
2026-01-12 22:09:02 - idx 14 case patient028_frame01 mean_dice 0.889415 mean_hd95 1.333333
2026-01-12 22:09:03 - idx 15 case patient028_frame09 mean_dice 0.706742 mean_hd95 3.333333
2026-01-12 22:09:05 - idx 16 case patient029_frame01 mean_dice 0.851225 mean_hd95 2.194192
2026-01-12 22:09:06 - idx 17 case patient029_frame12 mean_dice 0.375758 mean_hd95 10.765455
2026-01-12 22:09:07 - idx 18 case patient030_frame01 mean_dice 0.913820 mean_hd95 1.000000
2026-01-12 22:09:08 - idx 19 case patient030_frame12 mean_dice 0.691136 mean_hd95 3.505796
2026-01-12 22:09:08 - Mean class 1 mean_dice 0.732086 mean_hd95 3.877970
2026-01-12 22:09:08 - Mean class 2 mean_dice 0.838385 mean_hd95 1.653296
2026-01-12 22:09:08 - Mean class 3 mean_dice 0.865231 mean_hd95 1.779788
2026-01-12 22:09:08 - val epoch: 9, mean_dice: 0.8119008776613409, mean_hd95: 2.4370176760658584, time(s): 22.38
2026-01-12 22:09:09 - train: epoch 10, iter:0, loss: 0.1732, lr: 0.000980345374410087
2026-01-12 22:09:12 - train: epoch 10, iter:10, loss: 0.1702, lr: 0.000980345374410087
2026-01-12 22:09:16 - train: epoch 10, iter:20, loss: 0.1732, lr: 0.000980345374410087
2026-01-12 22:09:19 - train: epoch 10, iter:30, loss: 0.1604, lr: 0.000980345374410087
2026-01-12 22:09:22 - train: epoch 10, iter:40, loss: 0.1587, lr: 0.000980345374410087
2026-01-12 22:09:25 - train: epoch 10, iter:50, loss: 0.2075, lr: 0.000980345374410087
2026-01-12 22:09:28 - train: epoch 10, iter:60, loss: 0.1576, lr: 0.000980345374410087
2026-01-12 22:09:31 - train: epoch 10, iter:70, loss: 0.1495, lr: 0.000980345374410087
2026-01-12 22:09:34 - train: epoch 10, iter:80, loss: 0.1536, lr: 0.000980345374410087
2026-01-12 22:09:35 - Finish one epoch train: epoch 10, loss: 0.1846, time(s): 25.65
2026-01-12 22:09:36 - idx 0 case patient021_frame13 mean_dice 0.817667 mean_hd95 1.858830
2026-01-12 22:09:37 - idx 1 case patient021_frame01 mean_dice 0.911948 mean_hd95 1.138071
2026-01-12 22:09:38 - idx 2 case patient022_frame01 mean_dice 0.854925 mean_hd95 10.952653
2026-01-12 22:09:39 - idx 3 case patient022_frame11 mean_dice 0.748156 mean_hd95 15.016381
2026-01-12 22:09:40 - idx 4 case patient023_frame01 mean_dice 0.862363 mean_hd95 22.456014
2026-01-12 22:09:41 - idx 5 case patient023_frame09 mean_dice 0.702675 mean_hd95 36.066607
2026-01-12 22:09:42 - idx 6 case patient024_frame01 mean_dice 0.927222 mean_hd95 1.000000
2026-01-12 22:09:43 - idx 7 case patient024_frame09 mean_dice 0.895220 mean_hd95 1.000000
2026-01-12 22:09:44 - idx 8 case patient025_frame09 mean_dice 0.824655 mean_hd95 1.954568
2026-01-12 22:09:45 - idx 9 case patient025_frame01 mean_dice 0.905725 mean_hd95 1.138071
2026-01-12 22:09:46 - idx 10 case patient026_frame01 mean_dice 0.838542 mean_hd95 2.333333
2026-01-12 22:09:47 - idx 11 case patient026_frame12 mean_dice 0.688691 mean_hd95 12.875881
2026-01-12 22:09:48 - idx 12 case patient027_frame01 mean_dice 0.902203 mean_hd95 1.276142
2026-01-12 22:09:49 - idx 13 case patient027_frame11 mean_dice 0.659431 mean_hd95 3.807845
2026-01-12 22:09:51 - idx 14 case patient028_frame01 mean_dice 0.923147 mean_hd95 1.000000
2026-01-12 22:09:52 - idx 15 case patient028_frame09 mean_dice 0.710543 mean_hd95 4.589779
2026-01-12 22:09:53 - idx 16 case patient029_frame01 mean_dice 0.934354 mean_hd95 1.000000
2026-01-12 22:09:55 - idx 17 case patient029_frame12 mean_dice 0.282399 mean_hd95 36.815076
2026-01-12 22:09:56 - idx 18 case patient030_frame01 mean_dice 0.892434 mean_hd95 1.244017
2026-01-12 22:09:57 - idx 19 case patient030_frame12 mean_dice 0.636905 mean_hd95 3.981424
2026-01-12 22:09:57 - Mean class 1 mean_dice 0.755890 mean_hd95 4.255287
2026-01-12 22:09:57 - Mean class 2 mean_dice 0.815778 mean_hd95 3.804022
2026-01-12 22:09:57 - Mean class 3 mean_dice 0.816213 mean_hd95 16.166395
2026-01-12 22:09:57 - val epoch: 10, mean_dice: 0.795960149297672, mean_hd95: 8.07523466144154, time(s): 22.13
2026-01-12 22:09:58 - train: epoch 11, iter:0, loss: 0.1509, lr: 0.0009757729755661012
2026-01-12 22:10:01 - train: epoch 11, iter:10, loss: 0.1765, lr: 0.0009757729755661012
2026-01-12 22:10:04 - train: epoch 11, iter:20, loss: 0.2001, lr: 0.0009757729755661012
2026-01-12 22:10:07 - train: epoch 11, iter:30, loss: 0.1403, lr: 0.0009757729755661012
2026-01-12 22:10:10 - train: epoch 11, iter:40, loss: 0.1324, lr: 0.0009757729755661012
2026-01-12 22:10:13 - train: epoch 11, iter:50, loss: 0.1624, lr: 0.0009757729755661012
2026-01-12 22:10:16 - train: epoch 11, iter:60, loss: 0.1567, lr: 0.0009757729755661012
2026-01-12 22:10:20 - train: epoch 11, iter:70, loss: 0.2363, lr: 0.0009757729755661012
2026-01-12 22:10:23 - train: epoch 11, iter:80, loss: 0.2069, lr: 0.0009757729755661012
2026-01-12 22:10:23 - Finish one epoch train: epoch 11, loss: 0.1804, time(s): 26.01
2026-01-12 22:10:25 - idx 0 case patient021_frame13 mean_dice 0.819213 mean_hd95 1.804738
2026-01-12 22:10:26 - idx 1 case patient021_frame01 mean_dice 0.908467 mean_hd95 1.138071
2026-01-12 22:10:27 - idx 2 case patient022_frame01 mean_dice 0.839647 mean_hd95 15.524267
2026-01-12 22:10:27 - idx 3 case patient022_frame11 mean_dice 0.708080 mean_hd95 18.436771
2026-01-12 22:10:29 - idx 4 case patient023_frame01 mean_dice 0.879026 mean_hd95 7.173062
2026-01-12 22:10:30 - idx 5 case patient023_frame09 mean_dice 0.628659 mean_hd95 20.650337
2026-01-12 22:10:31 - idx 6 case patient024_frame01 mean_dice 0.921874 mean_hd95 1.000000
2026-01-12 22:10:31 - idx 7 case patient024_frame09 mean_dice 0.837505 mean_hd95 1.621234
2026-01-12 22:10:33 - idx 8 case patient025_frame09 mean_dice 0.815785 mean_hd95 1.759306
2026-01-12 22:10:34 - idx 9 case patient025_frame01 mean_dice 0.903665 mean_hd95 1.276142
2026-01-12 22:10:35 - idx 10 case patient026_frame01 mean_dice 0.787596 mean_hd95 11.777806
2026-01-12 22:10:36 - idx 11 case patient026_frame12 mean_dice 0.725235 mean_hd95 10.257428
2026-01-12 22:10:37 - idx 12 case patient027_frame01 mean_dice 0.876582 mean_hd95 1.804738
2026-01-12 22:10:38 - idx 13 case patient027_frame11 mean_dice 0.803798 mean_hd95 2.951719
2026-01-12 22:10:40 - idx 14 case patient028_frame01 mean_dice 0.900446 mean_hd95 1.471405
2026-01-12 22:10:41 - idx 15 case patient028_frame09 mean_dice 0.676401 mean_hd95 43.786529
2026-01-12 22:10:42 - idx 16 case patient029_frame01 mean_dice 0.902829 mean_hd95 1.471405
2026-01-12 22:10:43 - idx 17 case patient029_frame12 mean_dice 0.385098 mean_hd95 42.078041
2026-01-12 22:10:45 - idx 18 case patient030_frame01 mean_dice 0.865991 mean_hd95 5.749269
2026-01-12 22:10:46 - idx 19 case patient030_frame12 mean_dice 0.625676 mean_hd95 33.627797
2026-01-12 22:10:46 - Mean class 1 mean_dice 0.747148 mean_hd95 3.517676
2026-01-12 22:10:46 - Mean class 2 mean_dice 0.840382 mean_hd95 6.768446
2026-01-12 22:10:46 - Mean class 3 mean_dice 0.784206 mean_hd95 23.517888
2026-01-12 22:10:46 - val epoch: 11, mean_dice: 0.790578628406605, mean_hd95: 11.268003250201602, time(s): 22.38
2026-01-12 22:10:47 - train: epoch 12, iter:0, loss: 0.1796, lr: 0.0009707359806323418
2026-01-12 22:10:50 - train: epoch 12, iter:10, loss: 0.1829, lr: 0.0009707359806323418
2026-01-12 22:10:53 - train: epoch 12, iter:20, loss: 0.1648, lr: 0.0009707359806323418
2026-01-12 22:10:56 - train: epoch 12, iter:30, loss: 0.1389, lr: 0.0009707359806323418
2026-01-12 22:10:59 - train: epoch 12, iter:40, loss: 0.1627, lr: 0.0009707359806323418
2026-01-12 22:11:02 - train: epoch 12, iter:50, loss: 0.1491, lr: 0.0009707359806323418
2026-01-12 22:11:05 - train: epoch 12, iter:60, loss: 0.1346, lr: 0.0009707359806323418
2026-01-12 22:11:08 - train: epoch 12, iter:70, loss: 0.1828, lr: 0.0009707359806323418
2026-01-12 22:11:11 - train: epoch 12, iter:80, loss: 0.2271, lr: 0.0009707359806323418
2026-01-12 22:11:12 - Finish one epoch train: epoch 12, loss: 0.1652, time(s): 25.30
2026-01-12 22:11:13 - idx 0 case patient021_frame13 mean_dice 0.818432 mean_hd95 2.333333
2026-01-12 22:11:14 - idx 1 case patient021_frame01 mean_dice 0.916447 mean_hd95 1.333333
2026-01-12 22:11:15 - idx 2 case patient022_frame01 mean_dice 0.907238 mean_hd95 1.660948
2026-01-12 22:11:16 - idx 3 case patient022_frame11 mean_dice 0.808899 mean_hd95 3.748658
2026-01-12 22:11:17 - idx 4 case patient023_frame01 mean_dice 0.912591 mean_hd95 1.138071
2026-01-12 22:11:18 - idx 5 case patient023_frame09 mean_dice 0.856196 mean_hd95 1.471405
2026-01-12 22:11:19 - idx 6 case patient024_frame01 mean_dice 0.934275 mean_hd95 1.000000
2026-01-12 22:11:20 - idx 7 case patient024_frame09 mean_dice 0.908502 mean_hd95 1.000000
2026-01-12 22:11:21 - idx 8 case patient025_frame09 mean_dice 0.839047 mean_hd95 1.609476
2026-01-12 22:11:22 - idx 9 case patient025_frame01 mean_dice 0.905034 mean_hd95 1.138071
2026-01-12 22:11:23 - idx 10 case patient026_frame01 mean_dice 0.827645 mean_hd95 3.820177
2026-01-12 22:11:24 - idx 11 case patient026_frame12 mean_dice 0.717578 mean_hd95 2.813418
2026-01-12 22:11:26 - idx 12 case patient027_frame01 mean_dice 0.898381 mean_hd95 1.138071
2026-01-12 22:11:27 - idx 13 case patient027_frame11 mean_dice 0.835998 mean_hd95 2.322302
2026-01-12 22:11:28 - idx 14 case patient028_frame01 mean_dice 0.930271 mean_hd95 1.000000
2026-01-12 22:11:29 - idx 15 case patient028_frame09 mean_dice 0.692928 mean_hd95 3.333333
2026-01-12 22:11:31 - idx 16 case patient029_frame01 mean_dice 0.887794 mean_hd95 1.333333
2026-01-12 22:11:32 - idx 17 case patient029_frame12 mean_dice 0.377455 mean_hd95 9.988801
2026-01-12 22:11:33 - idx 18 case patient030_frame01 mean_dice 0.911467 mean_hd95 1.000000
2026-01-12 22:11:34 - idx 19 case patient030_frame12 mean_dice 0.715498 mean_hd95 3.050716
2026-01-12 22:11:34 - Mean class 1 mean_dice 0.751084 mean_hd95 3.941519
2026-01-12 22:11:34 - Mean class 2 mean_dice 0.861711 mean_hd95 1.381577
2026-01-12 22:11:34 - Mean class 3 mean_dice 0.877456 mean_hd95 1.611921
2026-01-12 22:11:34 - val epoch: 12, mean_dice: 0.830083787240306, mean_hd95: 2.311672381518803, time(s): 22.66
2026-01-12 22:11:35 - train: epoch 13, iter:0, loss: 0.1778, lr: 0.0009652393605146846
2026-01-12 22:11:38 - train: epoch 13, iter:10, loss: 0.1430, lr: 0.0009652393605146846
2026-01-12 22:11:41 - train: epoch 13, iter:20, loss: 0.1778, lr: 0.0009652393605146846
2026-01-12 22:11:44 - train: epoch 13, iter:30, loss: 0.1932, lr: 0.0009652393605146846
2026-01-12 22:11:47 - train: epoch 13, iter:40, loss: 0.1582, lr: 0.0009652393605146846
2026-01-12 22:11:50 - train: epoch 13, iter:50, loss: 0.1608, lr: 0.0009652393605146846
2026-01-12 22:11:54 - train: epoch 13, iter:60, loss: 0.1788, lr: 0.0009652393605146846
2026-01-12 22:11:57 - train: epoch 13, iter:70, loss: 0.2201, lr: 0.0009652393605146846
2026-01-12 22:12:00 - train: epoch 13, iter:80, loss: 0.2054, lr: 0.0009652393605146846
2026-01-12 22:12:01 - Finish one epoch train: epoch 13, loss: 0.1575, time(s): 25.70
2026-01-12 22:12:02 - idx 0 case patient021_frame13 mean_dice 0.878233 mean_hd95 1.138071
2026-01-12 22:12:03 - idx 1 case patient021_frame01 mean_dice 0.914078 mean_hd95 1.138071
2026-01-12 22:12:04 - idx 2 case patient022_frame01 mean_dice 0.920439 mean_hd95 1.000000
2026-01-12 22:12:05 - idx 3 case patient022_frame11 mean_dice 0.843130 mean_hd95 1.138071
2026-01-12 22:12:06 - idx 4 case patient023_frame01 mean_dice 0.918918 mean_hd95 1.000000
2026-01-12 22:12:07 - idx 5 case patient023_frame09 mean_dice 0.781313 mean_hd95 1.942809
2026-01-12 22:12:08 - idx 6 case patient024_frame01 mean_dice 0.930601 mean_hd95 1.000000
2026-01-12 22:12:09 - idx 7 case patient024_frame09 mean_dice 0.878726 mean_hd95 1.138071
2026-01-12 22:12:10 - idx 8 case patient025_frame09 mean_dice 0.828556 mean_hd95 1.688165
2026-01-12 22:12:11 - idx 9 case patient025_frame01 mean_dice 0.909238 mean_hd95 1.333333
2026-01-12 22:12:12 - idx 10 case patient026_frame01 mean_dice 0.888073 mean_hd95 1.138071
2026-01-12 22:12:14 - idx 11 case patient026_frame12 mean_dice 0.797384 mean_hd95 2.339922
2026-01-12 22:12:15 - idx 12 case patient027_frame01 mean_dice 0.891117 mean_hd95 1.382088
2026-01-12 22:12:16 - idx 13 case patient027_frame11 mean_dice 0.783977 mean_hd95 2.665596
2026-01-12 22:12:17 - idx 14 case patient028_frame01 mean_dice 0.913765 mean_hd95 1.138071
2026-01-12 22:12:18 - idx 15 case patient028_frame09 mean_dice 0.691462 mean_hd95 3.699673
2026-01-12 22:12:20 - idx 16 case patient029_frame01 mean_dice 0.934505 mean_hd95 1.000000
2026-01-12 22:12:21 - idx 17 case patient029_frame12 mean_dice 0.580384 mean_hd95 6.292208
2026-01-12 22:12:22 - idx 18 case patient030_frame01 mean_dice 0.884093 mean_hd95 8.676729
2026-01-12 22:12:23 - idx 19 case patient030_frame12 mean_dice 0.686878 mean_hd95 4.135971
2026-01-12 22:12:23 - Mean class 1 mean_dice 0.808815 mean_hd95 3.454876
2026-01-12 22:12:23 - Mean class 2 mean_dice 0.864906 mean_hd95 1.422670
2026-01-12 22:12:23 - Mean class 3 mean_dice 0.854510 mean_hd95 1.870192
2026-01-12 22:12:23 - val epoch: 13, mean_dice: 0.8427435431519902, mean_hd95: 2.2492461270257107, time(s): 22.61
2026-01-12 22:12:24 - train: epoch 14, iter:0, loss: 0.1370, lr: 0.0009592885397135708
2026-01-12 22:12:27 - train: epoch 14, iter:10, loss: 0.1404, lr: 0.0009592885397135708
2026-01-12 22:12:30 - train: epoch 14, iter:20, loss: 0.1839, lr: 0.0009592885397135708
2026-01-12 22:12:33 - train: epoch 14, iter:30, loss: 0.1401, lr: 0.0009592885397135708
2026-01-12 22:12:37 - train: epoch 14, iter:40, loss: 0.1436, lr: 0.0009592885397135708
2026-01-12 22:12:40 - train: epoch 14, iter:50, loss: 0.1520, lr: 0.0009592885397135708
2026-01-12 22:12:43 - train: epoch 14, iter:60, loss: 0.1858, lr: 0.0009592885397135708
2026-01-12 22:12:46 - train: epoch 14, iter:70, loss: 0.1863, lr: 0.0009592885397135708
2026-01-12 22:12:49 - train: epoch 14, iter:80, loss: 0.1579, lr: 0.0009592885397135708
2026-01-12 22:12:49 - Finish one epoch train: epoch 14, loss: 0.1585, time(s): 25.45
2026-01-12 22:12:51 - idx 0 case patient021_frame13 mean_dice 0.865788 mean_hd95 1.412023
2026-01-12 22:12:52 - idx 1 case patient021_frame01 mean_dice 0.921635 mean_hd95 1.000000
2026-01-12 22:12:53 - idx 2 case patient022_frame01 mean_dice 0.901198 mean_hd95 1.000000
2026-01-12 22:12:53 - idx 3 case patient022_frame11 mean_dice 0.818001 mean_hd95 1.656040
2026-01-12 22:12:54 - idx 4 case patient023_frame01 mean_dice 0.918929 mean_hd95 1.000000
2026-01-12 22:12:56 - idx 5 case patient023_frame09 mean_dice 0.777373 mean_hd95 2.033257
2026-01-12 22:12:56 - idx 6 case patient024_frame01 mean_dice 0.927231 mean_hd95 1.000000
2026-01-12 22:12:57 - idx 7 case patient024_frame09 mean_dice 0.909493 mean_hd95 1.000000
2026-01-12 22:12:58 - idx 8 case patient025_frame09 mean_dice 0.792393 mean_hd95 2.574252
2026-01-12 22:13:00 - idx 9 case patient025_frame01 mean_dice 0.875484 mean_hd95 1.382088
2026-01-12 22:13:01 - idx 10 case patient026_frame01 mean_dice 0.705562 mean_hd95 5.817539
2026-01-12 22:13:02 - idx 11 case patient026_frame12 mean_dice 0.703682 mean_hd95 3.950614
2026-01-12 22:13:03 - idx 12 case patient027_frame01 mean_dice 0.847922 mean_hd95 1.621234
2026-01-12 22:13:04 - idx 13 case patient027_frame11 mean_dice 0.800891 mean_hd95 3.081979
2026-01-12 22:13:06 - idx 14 case patient028_frame01 mean_dice 0.925553 mean_hd95 1.000000
2026-01-12 22:13:07 - idx 15 case patient028_frame09 mean_dice 0.807464 mean_hd95 2.078689
2026-01-12 22:13:08 - idx 16 case patient029_frame01 mean_dice 0.865919 mean_hd95 1.913886
2026-01-12 22:13:09 - idx 17 case patient029_frame12 mean_dice 0.643240 mean_hd95 4.209268
2026-01-12 22:13:11 - idx 18 case patient030_frame01 mean_dice 0.906399 mean_hd95 3.534108
2026-01-12 22:13:12 - idx 19 case patient030_frame12 mean_dice 0.725187 mean_hd95 3.218856
2026-01-12 22:13:12 - Mean class 1 mean_dice 0.767573 mean_hd95 3.576792
2026-01-12 22:13:12 - Mean class 2 mean_dice 0.857606 mean_hd95 1.438562
2026-01-12 22:13:12 - Mean class 3 mean_dice 0.870722 mean_hd95 1.657222
2026-01-12 22:13:12 - val epoch: 14, mean_dice: 0.8319671543558499, mean_hd95: 2.2241917211368594, time(s): 22.26
2026-01-12 22:13:13 - train: epoch 15, iter:0, loss: 0.1531, lr: 0.0009528893909706799
2026-01-12 22:13:16 - train: epoch 15, iter:10, loss: 0.1758, lr: 0.0009528893909706799
2026-01-12 22:13:19 - train: epoch 15, iter:20, loss: 0.1914, lr: 0.0009528893909706799
2026-01-12 22:13:22 - train: epoch 15, iter:30, loss: 0.1719, lr: 0.0009528893909706799
2026-01-12 22:13:25 - train: epoch 15, iter:40, loss: 0.1772, lr: 0.0009528893909706799
2026-01-12 22:13:28 - train: epoch 15, iter:50, loss: 0.1693, lr: 0.0009528893909706799
2026-01-12 22:13:31 - train: epoch 15, iter:60, loss: 0.1523, lr: 0.0009528893909706799
2026-01-12 22:13:34 - train: epoch 15, iter:70, loss: 0.1297, lr: 0.0009528893909706799
2026-01-12 22:13:37 - train: epoch 15, iter:80, loss: 0.1407, lr: 0.0009528893909706799
2026-01-12 22:13:38 - Finish one epoch train: epoch 15, loss: 0.1664, time(s): 25.32
2026-01-12 22:13:39 - idx 0 case patient021_frame13 mean_dice 0.855645 mean_hd95 1.666667
2026-01-12 22:13:40 - idx 1 case patient021_frame01 mean_dice 0.909831 mean_hd95 1.412023
2026-01-12 22:13:41 - idx 2 case patient022_frame01 mean_dice 0.911638 mean_hd95 1.000000
2026-01-12 22:13:42 - idx 3 case patient022_frame11 mean_dice 0.859582 mean_hd95 1.382088
2026-01-12 22:13:43 - idx 4 case patient023_frame01 mean_dice 0.884591 mean_hd95 1.000000
2026-01-12 22:13:44 - idx 5 case patient023_frame09 mean_dice 0.816833 mean_hd95 3.569401
2026-01-12 22:13:45 - idx 6 case patient024_frame01 mean_dice 0.931639 mean_hd95 1.000000
2026-01-12 22:13:45 - idx 7 case patient024_frame09 mean_dice 0.901065 mean_hd95 1.000000
2026-01-12 22:13:47 - idx 8 case patient025_frame09 mean_dice 0.824810 mean_hd95 1.885618
2026-01-12 22:13:48 - idx 9 case patient025_frame01 mean_dice 0.905535 mean_hd95 1.227817
2026-01-12 22:13:49 - idx 10 case patient026_frame01 mean_dice 0.860265 mean_hd95 9.956661
2026-01-12 22:13:50 - idx 11 case patient026_frame12 mean_dice 0.765419 mean_hd95 2.466115
2026-01-12 22:13:51 - idx 12 case patient027_frame01 mean_dice 0.921281 mean_hd95 1.138071
2026-01-12 22:13:53 - idx 13 case patient027_frame11 mean_dice 0.768694 mean_hd95 3.624217
2026-01-12 22:13:54 - idx 14 case patient028_frame01 mean_dice 0.927579 mean_hd95 1.000000
2026-01-12 22:13:55 - idx 15 case patient028_frame09 mean_dice 0.694990 mean_hd95 5.724469
2026-01-12 22:13:56 - idx 16 case patient029_frame01 mean_dice 0.921477 mean_hd95 1.412023
2026-01-12 22:13:58 - idx 17 case patient029_frame12 mean_dice 0.568577 mean_hd95 5.080212
2026-01-12 22:13:59 - idx 18 case patient030_frame01 mean_dice 0.864520 mean_hd95 1.816497
2026-01-12 22:14:00 - idx 19 case patient030_frame12 mean_dice 0.664047 mean_hd95 3.452828
2026-01-12 22:14:00 - Mean class 1 mean_dice 0.794372 mean_hd95 2.966628
2026-01-12 22:14:00 - Mean class 2 mean_dice 0.859944 mean_hd95 1.562197
2026-01-12 22:14:00 - Mean class 3 mean_dice 0.859386 mean_hd95 3.093382
2026-01-12 22:14:00 - val epoch: 15, mean_dice: 0.8379008812107361, mean_hd95: 2.540735335886597, time(s): 22.29
2026-01-12 22:14:01 - train: epoch 16, iter:0, loss: 0.1171, lr: 0.0009460482294732424
2026-01-12 22:14:04 - train: epoch 16, iter:10, loss: 0.1995, lr: 0.0009460482294732424
2026-01-12 22:14:07 - train: epoch 16, iter:20, loss: 0.2002, lr: 0.0009460482294732424
2026-01-12 22:14:10 - train: epoch 16, iter:30, loss: 0.1779, lr: 0.0009460482294732424
2026-01-12 22:14:13 - train: epoch 16, iter:40, loss: 0.2117, lr: 0.0009460482294732424
2026-01-12 22:14:17 - train: epoch 16, iter:50, loss: 0.1436, lr: 0.0009460482294732424
2026-01-12 22:14:20 - train: epoch 16, iter:60, loss: 0.1529, lr: 0.0009460482294732424
2026-01-12 22:14:23 - train: epoch 16, iter:70, loss: 0.1978, lr: 0.0009460482294732424
2026-01-12 22:14:26 - train: epoch 16, iter:80, loss: 0.1893, lr: 0.0009460482294732424
2026-01-12 22:14:26 - Finish one epoch train: epoch 16, loss: 0.1714, time(s): 25.79
2026-01-12 22:14:27 - idx 0 case patient021_frame13 mean_dice 0.816352 mean_hd95 2.179106
2026-01-12 22:14:29 - idx 1 case patient021_frame01 mean_dice 0.913672 mean_hd95 1.412023
2026-01-12 22:14:29 - idx 2 case patient022_frame01 mean_dice 0.863494 mean_hd95 8.612303
2026-01-12 22:14:30 - idx 3 case patient022_frame11 mean_dice 0.764864 mean_hd95 13.287146
2026-01-12 22:14:31 - idx 4 case patient023_frame01 mean_dice 0.880201 mean_hd95 1.000000
2026-01-12 22:14:32 - idx 5 case patient023_frame09 mean_dice 0.839930 mean_hd95 1.688165
2026-01-12 22:14:33 - idx 6 case patient024_frame01 mean_dice 0.931755 mean_hd95 1.000000
2026-01-12 22:14:34 - idx 7 case patient024_frame09 mean_dice 0.901361 mean_hd95 1.138071
2026-01-12 22:14:35 - idx 8 case patient025_frame09 mean_dice 0.818109 mean_hd95 1.885618
2026-01-12 22:14:36 - idx 9 case patient025_frame01 mean_dice 0.894145 mean_hd95 1.244017
2026-01-12 22:14:38 - idx 10 case patient026_frame01 mean_dice 0.811230 mean_hd95 5.181319
2026-01-12 22:14:39 - idx 11 case patient026_frame12 mean_dice 0.759248 mean_hd95 7.805496
2026-01-12 22:14:40 - idx 12 case patient027_frame01 mean_dice 0.916362 mean_hd95 1.138071
2026-01-12 22:14:41 - idx 13 case patient027_frame11 mean_dice 0.757855 mean_hd95 4.393927
2026-01-12 22:14:42 - idx 14 case patient028_frame01 mean_dice 0.931650 mean_hd95 1.000000
2026-01-12 22:14:43 - idx 15 case patient028_frame09 mean_dice 0.780351 mean_hd95 2.745356
2026-01-12 22:14:45 - idx 16 case patient029_frame01 mean_dice 0.920198 mean_hd95 1.138071
2026-01-12 22:14:46 - idx 17 case patient029_frame12 mean_dice 0.521132 mean_hd95 5.739958
2026-01-12 22:14:47 - idx 18 case patient030_frame01 mean_dice 0.877735 mean_hd95 1.244017
2026-01-12 22:14:48 - idx 19 case patient030_frame12 mean_dice 0.619750 mean_hd95 5.583340
2026-01-12 22:14:48 - Mean class 1 mean_dice 0.776633 mean_hd95 4.266064
2026-01-12 22:14:48 - Mean class 2 mean_dice 0.845411 mean_hd95 1.772276
2026-01-12 22:14:48 - Mean class 3 mean_dice 0.855866 mean_hd95 4.374061
2026-01-12 22:14:48 - val epoch: 16, mean_dice: 0.825969702592606, mean_hd95: 3.4708002288139457, time(s): 22.21
2026-01-12 22:14:49 - train: epoch 17, iter:0, loss: 0.1578, lr: 0.0009387718066217127
2026-01-12 22:14:52 - train: epoch 17, iter:10, loss: 0.1968, lr: 0.0009387718066217127
2026-01-12 22:14:55 - train: epoch 17, iter:20, loss: 0.1480, lr: 0.0009387718066217127
2026-01-12 22:14:59 - train: epoch 17, iter:30, loss: 0.1771, lr: 0.0009387718066217127
2026-01-12 22:15:02 - train: epoch 17, iter:40, loss: 0.1846, lr: 0.0009387718066217127
2026-01-12 22:15:05 - train: epoch 17, iter:50, loss: 0.1878, lr: 0.0009387718066217127
2026-01-12 22:15:08 - train: epoch 17, iter:60, loss: 0.1369, lr: 0.0009387718066217127
2026-01-12 22:15:11 - train: epoch 17, iter:70, loss: 0.1480, lr: 0.0009387718066217127
2026-01-12 22:15:14 - train: epoch 17, iter:80, loss: 0.1292, lr: 0.0009387718066217127
2026-01-12 22:15:14 - Finish one epoch train: epoch 17, loss: 0.1476, time(s): 25.41
2026-01-12 22:15:16 - idx 0 case patient021_frame13 mean_dice 0.844451 mean_hd95 1.244017
2026-01-12 22:15:17 - idx 1 case patient021_frame01 mean_dice 0.924769 mean_hd95 1.000000
2026-01-12 22:15:18 - idx 2 case patient022_frame01 mean_dice 0.908586 mean_hd95 1.000000
2026-01-12 22:15:18 - idx 3 case patient022_frame11 mean_dice 0.862170 mean_hd95 1.000000
2026-01-12 22:15:19 - idx 4 case patient023_frame01 mean_dice 0.896676 mean_hd95 1.000000
2026-01-12 22:15:20 - idx 5 case patient023_frame09 mean_dice 0.848904 mean_hd95 1.307926
2026-01-12 22:15:21 - idx 6 case patient024_frame01 mean_dice 0.935131 mean_hd95 1.000000
2026-01-12 22:15:22 - idx 7 case patient024_frame09 mean_dice 0.904797 mean_hd95 1.000000
2026-01-12 22:15:23 - idx 8 case patient025_frame09 mean_dice 0.843353 mean_hd95 1.471405
2026-01-12 22:15:25 - idx 9 case patient025_frame01 mean_dice 0.908311 mean_hd95 1.138071
2026-01-12 22:15:26 - idx 10 case patient026_frame01 mean_dice 0.883287 mean_hd95 1.910279
2026-01-12 22:15:27 - idx 11 case patient026_frame12 mean_dice 0.800902 mean_hd95 2.659242
2026-01-12 22:15:28 - idx 12 case patient027_frame01 mean_dice 0.914089 mean_hd95 1.138071
2026-01-12 22:15:30 - idx 13 case patient027_frame11 mean_dice 0.811705 mean_hd95 2.519755
2026-01-12 22:15:31 - idx 14 case patient028_frame01 mean_dice 0.931296 mean_hd95 1.000000
2026-01-12 22:15:32 - idx 15 case patient028_frame09 mean_dice 0.807065 mean_hd95 2.412023
2026-01-12 22:15:33 - idx 16 case patient029_frame01 mean_dice 0.930946 mean_hd95 1.138071
2026-01-12 22:15:35 - idx 17 case patient029_frame12 mean_dice 0.508940 mean_hd95 4.512395
2026-01-12 22:15:36 - idx 18 case patient030_frame01 mean_dice 0.889538 mean_hd95 1.138071
2026-01-12 22:15:37 - idx 19 case patient030_frame12 mean_dice 0.674182 mean_hd95 3.483163
2026-01-12 22:15:37 - Mean class 1 mean_dice 0.808352 mean_hd95 2.160946
2026-01-12 22:15:37 - Mean class 2 mean_dice 0.864238 mean_hd95 1.340957
2026-01-12 22:15:37 - Mean class 3 mean_dice 0.881775 mean_hd95 1.458971
2026-01-12 22:15:37 - val epoch: 17, mean_dice: 0.8514547409680618, mean_hd95: 1.653624474335871, time(s): 22.61
2026-01-12 22:15:38 - train: epoch 18, iter:0, loss: 0.1135, lr: 0.0009310673033669524
2026-01-12 22:15:41 - train: epoch 18, iter:10, loss: 0.1316, lr: 0.0009310673033669524
2026-01-12 22:15:44 - train: epoch 18, iter:20, loss: 0.1497, lr: 0.0009310673033669524
2026-01-12 22:15:47 - train: epoch 18, iter:30, loss: 0.1163, lr: 0.0009310673033669524
2026-01-12 22:15:50 - train: epoch 18, iter:40, loss: 0.1209, lr: 0.0009310673033669524
2026-01-12 22:15:53 - train: epoch 18, iter:50, loss: 0.1240, lr: 0.0009310673033669524
2026-01-12 22:15:56 - train: epoch 18, iter:60, loss: 0.1656, lr: 0.0009310673033669524
2026-01-12 22:15:59 - train: epoch 18, iter:70, loss: 0.1398, lr: 0.0009310673033669524
2026-01-12 22:16:02 - train: epoch 18, iter:80, loss: 0.1334, lr: 0.0009310673033669524
2026-01-12 22:16:03 - Finish one epoch train: epoch 18, loss: 0.1393, time(s): 25.12
2026-01-12 22:16:04 - idx 0 case patient021_frame13 mean_dice 0.841293 mean_hd95 1.138071
2026-01-12 22:16:05 - idx 1 case patient021_frame01 mean_dice 0.920678 mean_hd95 1.000000
2026-01-12 22:16:06 - idx 2 case patient022_frame01 mean_dice 0.910527 mean_hd95 1.000000
2026-01-12 22:16:07 - idx 3 case patient022_frame11 mean_dice 0.867381 mean_hd95 1.138071
2026-01-12 22:16:08 - idx 4 case patient023_frame01 mean_dice 0.921115 mean_hd95 1.000000
2026-01-12 22:16:09 - idx 5 case patient023_frame09 mean_dice 0.835146 mean_hd95 1.609476
2026-01-12 22:16:10 - idx 6 case patient024_frame01 mean_dice 0.933592 mean_hd95 1.000000
2026-01-12 22:16:11 - idx 7 case patient024_frame09 mean_dice 0.908018 mean_hd95 1.000000
2026-01-12 22:16:12 - idx 8 case patient025_frame09 mean_dice 0.850899 mean_hd95 1.499019
2026-01-12 22:16:13 - idx 9 case patient025_frame01 mean_dice 0.903948 mean_hd95 1.138071
2026-01-12 22:16:14 - idx 10 case patient026_frame01 mean_dice 0.723257 mean_hd95 4.637860
2026-01-12 22:16:16 - idx 11 case patient026_frame12 mean_dice 0.694339 mean_hd95 3.022379
2026-01-12 22:16:17 - idx 12 case patient027_frame01 mean_dice 0.873759 mean_hd95 1.276142
2026-01-12 22:16:18 - idx 13 case patient027_frame11 mean_dice 0.730189 mean_hd95 3.914566
2026-01-12 22:16:19 - idx 14 case patient028_frame01 mean_dice 0.928862 mean_hd95 1.000000
2026-01-12 22:16:20 - idx 15 case patient028_frame09 mean_dice 0.736576 mean_hd95 2.816497
2026-01-12 22:16:22 - idx 16 case patient029_frame01 mean_dice 0.898785 mean_hd95 1.333333
2026-01-12 22:16:23 - idx 17 case patient029_frame12 mean_dice 0.387100 mean_hd95 14.302420
2026-01-12 22:16:24 - idx 18 case patient030_frame01 mean_dice 0.895962 mean_hd95 1.000000
2026-01-12 22:16:25 - idx 19 case patient030_frame12 mean_dice 0.688817 mean_hd95 3.336014
2026-01-12 22:16:25 - Mean class 1 mean_dice 0.728733 mean_hd95 4.252722
2026-01-12 22:16:25 - Mean class 2 mean_dice 0.864510 mean_hd95 1.347050
2026-01-12 22:16:25 - Mean class 3 mean_dice 0.874293 mean_hd95 1.624516
2026-01-12 22:16:25 - val epoch: 18, mean_dice: 0.8225120552048276, mean_hd95: 2.4080959979427763, time(s): 22.60
2026-01-12 22:16:26 - train: epoch 19, iter:0, loss: 0.1158, lr: 0.0009229423231234977
2026-01-12 22:16:29 - train: epoch 19, iter:10, loss: 0.2069, lr: 0.0009229423231234977
2026-01-12 22:16:32 - train: epoch 19, iter:20, loss: 0.1377, lr: 0.0009229423231234977
2026-01-12 22:16:35 - train: epoch 19, iter:30, loss: 0.1763, lr: 0.0009229423231234977
2026-01-12 22:16:38 - train: epoch 19, iter:40, loss: 0.1394, lr: 0.0009229423231234977
2026-01-12 22:16:42 - train: epoch 19, iter:50, loss: 0.1538, lr: 0.0009229423231234977
2026-01-12 22:16:45 - train: epoch 19, iter:60, loss: 0.1243, lr: 0.0009229423231234977
2026-01-12 22:16:48 - train: epoch 19, iter:70, loss: 0.1703, lr: 0.0009229423231234977
2026-01-12 22:16:51 - train: epoch 19, iter:80, loss: 0.1238, lr: 0.0009229423231234977
2026-01-12 22:16:51 - Finish one epoch train: epoch 19, loss: 0.1433, time(s): 25.49
2026-01-12 22:16:53 - idx 0 case patient021_frame13 mean_dice 0.884006 mean_hd95 1.333333
2026-01-12 22:16:54 - idx 1 case patient021_frame01 mean_dice 0.918385 mean_hd95 1.000000
2026-01-12 22:16:55 - idx 2 case patient022_frame01 mean_dice 0.921613 mean_hd95 1.000000
2026-01-12 22:16:55 - idx 3 case patient022_frame11 mean_dice 0.827525 mean_hd95 1.666667
2026-01-12 22:16:56 - idx 4 case patient023_frame01 mean_dice 0.930753 mean_hd95 1.000000
2026-01-12 22:16:58 - idx 5 case patient023_frame09 mean_dice 0.792322 mean_hd95 1.883427
2026-01-12 22:16:59 - idx 6 case patient024_frame01 mean_dice 0.933622 mean_hd95 1.000000
2026-01-12 22:16:59 - idx 7 case patient024_frame09 mean_dice 0.911665 mean_hd95 1.000000
2026-01-12 22:17:01 - idx 8 case patient025_frame09 mean_dice 0.798741 mean_hd95 2.192164
2026-01-12 22:17:02 - idx 9 case patient025_frame01 mean_dice 0.808217 mean_hd95 1.745356
2026-01-12 22:17:03 - idx 10 case patient026_frame01 mean_dice 0.894947 mean_hd95 1.412023
2026-01-12 22:17:04 - idx 11 case patient026_frame12 mean_dice 0.832556 mean_hd95 1.883427
2026-01-12 22:17:05 - idx 12 case patient027_frame01 mean_dice 0.841541 mean_hd95 1.276142
2026-01-12 22:17:07 - idx 13 case patient027_frame11 mean_dice 0.816942 mean_hd95 2.333333
2026-01-12 22:17:08 - idx 14 case patient028_frame01 mean_dice 0.931416 mean_hd95 1.000000
2026-01-12 22:17:09 - idx 15 case patient028_frame09 mean_dice 0.777990 mean_hd95 2.483163
2026-01-12 22:17:10 - idx 16 case patient029_frame01 mean_dice 0.892624 mean_hd95 1.412023
2026-01-12 22:17:11 - idx 17 case patient029_frame12 mean_dice 0.343920 mean_hd95 11.650405
2026-01-12 22:17:13 - idx 18 case patient030_frame01 mean_dice 0.932368 mean_hd95 1.000000
2026-01-12 22:17:14 - idx 19 case patient030_frame12 mean_dice 0.746462 mean_hd95 2.855460
2026-01-12 22:17:14 - Mean class 1 mean_dice 0.791728 mean_hd95 2.803636
2026-01-12 22:17:14 - Mean class 2 mean_dice 0.843889 mean_hd95 1.797140
2026-01-12 22:17:14 - Mean class 3 mean_dice 0.875025 mean_hd95 1.568263
2026-01-12 22:17:14 - val epoch: 19, mean_dice: 0.8368807020847093, mean_hd95: 2.0563461842324853, time(s): 22.41
2026-01-12 22:17:15 - train: epoch 20, iter:0, loss: 0.1337, lr: 0.0009144048842659084
2026-01-12 22:17:18 - train: epoch 20, iter:10, loss: 0.1275, lr: 0.0009144048842659084
2026-01-12 22:17:21 - train: epoch 20, iter:20, loss: 0.1133, lr: 0.0009144048842659084
2026-01-12 22:17:24 - train: epoch 20, iter:30, loss: 0.1184, lr: 0.0009144048842659084
2026-01-12 22:17:27 - train: epoch 20, iter:40, loss: 0.1191, lr: 0.0009144048842659084
2026-01-12 22:17:30 - train: epoch 20, iter:50, loss: 0.1516, lr: 0.0009144048842659084
2026-01-12 22:17:33 - train: epoch 20, iter:60, loss: 0.1200, lr: 0.0009144048842659084
2026-01-12 22:17:36 - train: epoch 20, iter:70, loss: 0.1227, lr: 0.0009144048842659084
2026-01-12 22:17:39 - train: epoch 20, iter:80, loss: 0.1128, lr: 0.0009144048842659084
2026-01-12 22:17:40 - Finish one epoch train: epoch 20, loss: 0.1418, time(s): 25.21
2026-01-12 22:17:41 - idx 0 case patient021_frame13 mean_dice 0.766500 mean_hd95 1.688165
2026-01-12 22:17:42 - idx 1 case patient021_frame01 mean_dice 0.920825 mean_hd95 1.000000
2026-01-12 22:17:43 - idx 2 case patient022_frame01 mean_dice 0.894406 mean_hd95 3.599505
2026-01-12 22:17:44 - idx 3 case patient022_frame11 mean_dice 0.837489 mean_hd95 4.282732
2026-01-12 22:17:45 - idx 4 case patient023_frame01 mean_dice 0.876547 mean_hd95 1.276142
2026-01-12 22:17:46 - idx 5 case patient023_frame09 mean_dice 0.770996 mean_hd95 2.868517
2026-01-12 22:17:47 - idx 6 case patient024_frame01 mean_dice 0.918595 mean_hd95 1.000000
2026-01-12 22:17:48 - idx 7 case patient024_frame09 mean_dice 0.850025 mean_hd95 1.471405
2026-01-12 22:17:49 - idx 8 case patient025_frame09 mean_dice 0.816771 mean_hd95 2.080880
2026-01-12 22:17:50 - idx 9 case patient025_frame01 mean_dice 0.916059 mean_hd95 1.244017
2026-01-12 22:17:51 - idx 10 case patient026_frame01 mean_dice 0.865029 mean_hd95 9.351594
2026-01-12 22:17:52 - idx 11 case patient026_frame12 mean_dice 0.727761 mean_hd95 3.138071
2026-01-12 22:17:53 - idx 12 case patient027_frame01 mean_dice 0.907552 mean_hd95 1.138071
2026-01-12 22:17:55 - idx 13 case patient027_frame11 mean_dice 0.836076 mean_hd95 1.942809
2026-01-12 22:17:56 - idx 14 case patient028_frame01 mean_dice 0.915662 mean_hd95 1.000000
2026-01-12 22:17:57 - idx 15 case patient028_frame09 mean_dice 0.828094 mean_hd95 2.550094
2026-01-12 22:17:58 - idx 16 case patient029_frame01 mean_dice 0.913340 mean_hd95 1.000000
2026-01-12 22:18:00 - idx 17 case patient029_frame12 mean_dice 0.719465 mean_hd95 3.201850
2026-01-12 22:18:01 - idx 18 case patient030_frame01 mean_dice 0.857283 mean_hd95 1.520159
2026-01-12 22:18:02 - idx 19 case patient030_frame12 mean_dice 0.657145 mean_hd95 3.976702
2026-01-12 22:18:02 - Mean class 1 mean_dice 0.795923 mean_hd95 2.222517
2026-01-12 22:18:02 - Mean class 2 mean_dice 0.872915 mean_hd95 1.514091
2026-01-12 22:18:02 - Mean class 3 mean_dice 0.850505 mean_hd95 3.662999
2026-01-12 22:18:02 - val epoch: 20, mean_dice: 0.8397809744737422, mean_hd95: 2.466535678947803, time(s): 22.48
2026-01-12 22:18:03 - train: epoch 21, iter:0, loss: 0.1163, lr: 0.0009054634122155993
2026-01-12 22:18:06 - train: epoch 21, iter:10, loss: 0.1360, lr: 0.0009054634122155993
2026-01-12 22:18:09 - train: epoch 21, iter:20, loss: 0.0996, lr: 0.0009054634122155993
2026-01-12 22:18:12 - train: epoch 21, iter:30, loss: 0.1455, lr: 0.0009054634122155993
2026-01-12 22:18:15 - train: epoch 21, iter:40, loss: 0.1829, lr: 0.0009054634122155993
2026-01-12 22:18:18 - train: epoch 21, iter:50, loss: 0.1911, lr: 0.0009054634122155993
2026-01-12 22:18:21 - train: epoch 21, iter:60, loss: 0.1313, lr: 0.0009054634122155993
2026-01-12 22:18:24 - train: epoch 21, iter:70, loss: 0.1347, lr: 0.0009054634122155993
2026-01-12 22:18:28 - train: epoch 21, iter:80, loss: 0.1102, lr: 0.0009054634122155993
2026-01-12 22:18:28 - Finish one epoch train: epoch 21, loss: 0.1351, time(s): 25.45
2026-01-12 22:18:29 - idx 0 case patient021_frame13 mean_dice 0.826655 mean_hd95 1.483163
2026-01-12 22:18:30 - idx 1 case patient021_frame01 mean_dice 0.938826 mean_hd95 1.000000
2026-01-12 22:18:31 - idx 2 case patient022_frame01 mean_dice 0.920936 mean_hd95 1.000000
2026-01-12 22:18:32 - idx 3 case patient022_frame11 mean_dice 0.878673 mean_hd95 1.000000
2026-01-12 22:18:33 - idx 4 case patient023_frame01 mean_dice 0.926167 mean_hd95 1.000000
2026-01-12 22:18:34 - idx 5 case patient023_frame09 mean_dice 0.746255 mean_hd95 2.048351
2026-01-12 22:18:35 - idx 6 case patient024_frame01 mean_dice 0.940685 mean_hd95 1.000000
2026-01-12 22:18:36 - idx 7 case patient024_frame09 mean_dice 0.913041 mean_hd95 1.000000
2026-01-12 22:18:37 - idx 8 case patient025_frame09 mean_dice 0.848917 mean_hd95 1.609476
2026-01-12 22:18:38 - idx 9 case patient025_frame01 mean_dice 0.901310 mean_hd95 1.276142
2026-01-12 22:18:39 - idx 10 case patient026_frame01 mean_dice 0.775561 mean_hd95 2.138071
2026-01-12 22:18:41 - idx 11 case patient026_frame12 mean_dice 0.797949 mean_hd95 2.463980
2026-01-12 22:18:42 - idx 12 case patient027_frame01 mean_dice 0.881385 mean_hd95 1.244017
2026-01-12 22:18:43 - idx 13 case patient027_frame11 mean_dice 0.757130 mean_hd95 2.650511
2026-01-12 22:18:44 - idx 14 case patient028_frame01 mean_dice 0.929583 mean_hd95 1.000000
2026-01-12 22:18:46 - idx 15 case patient028_frame09 mean_dice 0.636066 mean_hd95 5.605075
2026-01-12 22:18:47 - idx 16 case patient029_frame01 mean_dice 0.881772 mean_hd95 1.609476
2026-01-12 22:18:48 - idx 17 case patient029_frame12 mean_dice 0.393871 mean_hd95 2.357023
2026-01-12 22:18:49 - idx 18 case patient030_frame01 mean_dice 0.902382 mean_hd95 1.276142
2026-01-12 22:18:50 - idx 19 case patient030_frame12 mean_dice 0.717774 mean_hd95 3.679729
2026-01-12 22:18:50 - Mean class 1 mean_dice 0.721087 mean_hd95 2.574593
2026-01-12 22:18:50 - Mean class 2 mean_dice 0.875185 mean_hd95 1.352288
2026-01-12 22:18:50 - Mean class 3 mean_dice 0.880969 mean_hd95 1.539292
2026-01-12 22:18:50 - val epoch: 21, mean_dice: 0.82574685072491, mean_hd95: 1.8220577800226998, time(s): 22.35
2026-01-12 22:18:51 - train: epoch 22, iter:0, loss: 0.1676, lr: 0.000896126731125967
2026-01-12 22:18:54 - train: epoch 22, iter:10, loss: 0.1410, lr: 0.000896126731125967
2026-01-12 22:18:58 - train: epoch 22, iter:20, loss: 0.1538, lr: 0.000896126731125967
2026-01-12 22:19:01 - train: epoch 22, iter:30, loss: 0.1086, lr: 0.000896126731125967
2026-01-12 22:19:04 - train: epoch 22, iter:40, loss: 0.1450, lr: 0.000896126731125967
2026-01-12 22:19:07 - train: epoch 22, iter:50, loss: 0.1071, lr: 0.000896126731125967
2026-01-12 22:19:10 - train: epoch 22, iter:60, loss: 0.1215, lr: 0.000896126731125967
2026-01-12 22:19:13 - train: epoch 22, iter:70, loss: 0.1193, lr: 0.000896126731125967
2026-01-12 22:19:16 - train: epoch 22, iter:80, loss: 0.1298, lr: 0.000896126731125967
2026-01-12 22:19:17 - Finish one epoch train: epoch 22, loss: 0.1314, time(s): 25.66
2026-01-12 22:19:18 - idx 0 case patient021_frame13 mean_dice 0.815940 mean_hd95 1.382088
2026-01-12 22:19:19 - idx 1 case patient021_frame01 mean_dice 0.936555 mean_hd95 1.000000
2026-01-12 22:19:20 - idx 2 case patient022_frame01 mean_dice 0.921498 mean_hd95 1.000000
2026-01-12 22:19:21 - idx 3 case patient022_frame11 mean_dice 0.882310 mean_hd95 1.000000
2026-01-12 22:19:22 - idx 4 case patient023_frame01 mean_dice 0.922055 mean_hd95 1.000000
2026-01-12 22:19:23 - idx 5 case patient023_frame09 mean_dice 0.812081 mean_hd95 2.414214
2026-01-12 22:19:24 - idx 6 case patient024_frame01 mean_dice 0.939720 mean_hd95 1.000000
2026-01-12 22:19:24 - idx 7 case patient024_frame09 mean_dice 0.896254 mean_hd95 1.000000
2026-01-12 22:19:26 - idx 8 case patient025_frame09 mean_dice 0.836433 mean_hd95 1.745356
2026-01-12 22:19:27 - idx 9 case patient025_frame01 mean_dice 0.866313 mean_hd95 1.466845
2026-01-12 22:19:28 - idx 10 case patient026_frame01 mean_dice 0.881395 mean_hd95 2.078689
2026-01-12 22:19:29 - idx 11 case patient026_frame12 mean_dice 0.818616 mean_hd95 2.192164
2026-01-12 22:19:30 - idx 12 case patient027_frame01 mean_dice 0.853406 mean_hd95 1.238720
2026-01-12 22:19:32 - idx 13 case patient027_frame11 mean_dice 0.765916 mean_hd95 3.138548
2026-01-12 22:19:33 - idx 14 case patient028_frame01 mean_dice 0.921777 mean_hd95 1.000000
2026-01-12 22:19:34 - idx 15 case patient028_frame09 mean_dice 0.835669 mean_hd95 2.745356
2026-01-12 22:19:35 - idx 16 case patient029_frame01 mean_dice 0.871528 mean_hd95 1.913886
2026-01-12 22:19:37 - idx 17 case patient029_frame12 mean_dice 0.577665 mean_hd95 8.628309
2026-01-12 22:19:38 - idx 18 case patient030_frame01 mean_dice 0.900964 mean_hd95 1.138071
2026-01-12 22:19:39 - idx 19 case patient030_frame12 mean_dice 0.688265 mean_hd95 3.668377
2026-01-12 22:19:39 - Mean class 1 mean_dice 0.758759 mean_hd95 3.170495
2026-01-12 22:19:39 - Mean class 2 mean_dice 0.893503 mean_hd95 1.216267
2026-01-12 22:19:39 - Mean class 3 mean_dice 0.889392 mean_hd95 1.725831
2026-01-12 22:19:39 - val epoch: 22, mean_dice: 0.8472179988962504, mean_hd95: 2.0375311146297936, time(s): 22.25
2026-01-12 22:19:40 - train: epoch 23, iter:0, loss: 0.1242, lr: 0.000886404055174016
2026-01-12 22:19:43 - train: epoch 23, iter:10, loss: 0.1626, lr: 0.000886404055174016
2026-01-12 22:19:46 - train: epoch 23, iter:20, loss: 0.1326, lr: 0.000886404055174016
2026-01-12 22:19:49 - train: epoch 23, iter:30, loss: 0.1083, lr: 0.000886404055174016
2026-01-12 22:19:52 - train: epoch 23, iter:40, loss: 0.1170, lr: 0.000886404055174016
2026-01-12 22:19:55 - train: epoch 23, iter:50, loss: 0.1070, lr: 0.000886404055174016
2026-01-12 22:19:58 - train: epoch 23, iter:60, loss: 0.1444, lr: 0.000886404055174016
2026-01-12 22:20:01 - train: epoch 23, iter:70, loss: 0.0851, lr: 0.000886404055174016
2026-01-12 22:20:04 - train: epoch 23, iter:80, loss: 0.2098, lr: 0.000886404055174016
2026-01-12 22:20:05 - Finish one epoch train: epoch 23, loss: 0.1252, time(s): 25.52
2026-01-12 22:20:06 - idx 0 case patient021_frame13 mean_dice 0.840775 mean_hd95 2.041035
2026-01-12 22:20:07 - idx 1 case patient021_frame01 mean_dice 0.939039 mean_hd95 1.000000
2026-01-12 22:20:08 - idx 2 case patient022_frame01 mean_dice 0.917795 mean_hd95 1.000000
2026-01-12 22:20:09 - idx 3 case patient022_frame11 mean_dice 0.860018 mean_hd95 2.420769
2026-01-12 22:20:10 - idx 4 case patient023_frame01 mean_dice 0.934922 mean_hd95 1.000000
2026-01-12 22:20:11 - idx 5 case patient023_frame09 mean_dice 0.835075 mean_hd95 1.276142
2026-01-12 22:20:12 - idx 6 case patient024_frame01 mean_dice 0.921617 mean_hd95 1.000000
2026-01-12 22:20:13 - idx 7 case patient024_frame09 mean_dice 0.925579 mean_hd95 1.000000
2026-01-12 22:20:14 - idx 8 case patient025_frame09 mean_dice 0.792864 mean_hd95 2.000000
2026-01-12 22:20:15 - idx 9 case patient025_frame01 mean_dice 0.918723 mean_hd95 1.138071
2026-01-12 22:20:17 - idx 10 case patient026_frame01 mean_dice 0.865154 mean_hd95 1.821367
2026-01-12 22:20:18 - idx 11 case patient026_frame12 mean_dice 0.778739 mean_hd95 2.933126
2026-01-12 22:20:19 - idx 12 case patient027_frame01 mean_dice 0.808455 mean_hd95 1.656040
2026-01-12 22:20:20 - idx 13 case patient027_frame11 mean_dice 0.746763 mean_hd95 3.053022
2026-01-12 22:20:21 - idx 14 case patient028_frame01 mean_dice 0.932657 mean_hd95 1.000000
2026-01-12 22:20:23 - idx 15 case patient028_frame09 mean_dice 0.778574 mean_hd95 2.720759
2026-01-12 22:20:24 - idx 16 case patient029_frame01 mean_dice 0.847354 mean_hd95 2.080880
2026-01-12 22:20:25 - idx 17 case patient029_frame12 mean_dice 0.415429 mean_hd95 13.378115
2026-01-12 22:20:26 - idx 18 case patient030_frame01 mean_dice 0.911732 mean_hd95 1.000000
2026-01-12 22:20:28 - idx 19 case patient030_frame12 mean_dice 0.754949 mean_hd95 2.725575
2026-01-12 22:20:28 - Mean class 1 mean_dice 0.750406 mean_hd95 4.133233
2026-01-12 22:20:28 - Mean class 2 mean_dice 0.873064 mean_hd95 1.298735
2026-01-12 22:20:28 - Mean class 3 mean_dice 0.885462 mean_hd95 1.504768
2026-01-12 22:20:28 - val epoch: 23, mean_dice: 0.8363106403412811, mean_hd95: 2.312245148387513, time(s): 22.75
2026-01-12 22:20:29 - train: epoch 24, iter:0, loss: 0.1180, lr: 0.0008763049794670778
2026-01-12 22:20:32 - train: epoch 24, iter:10, loss: 0.1297, lr: 0.0008763049794670778
2026-01-12 22:20:35 - train: epoch 24, iter:20, loss: 0.1050, lr: 0.0008763049794670778
2026-01-12 22:20:38 - train: epoch 24, iter:30, loss: 0.1516, lr: 0.0008763049794670778
2026-01-12 22:20:41 - train: epoch 24, iter:40, loss: 0.1283, lr: 0.0008763049794670778
2026-01-12 22:20:44 - train: epoch 24, iter:50, loss: 0.1151, lr: 0.0008763049794670778
2026-01-12 22:20:47 - train: epoch 24, iter:60, loss: 0.1146, lr: 0.0008763049794670778
2026-01-12 22:20:50 - train: epoch 24, iter:70, loss: 0.2557, lr: 0.0008763049794670778
2026-01-12 22:20:53 - train: epoch 24, iter:80, loss: 0.1668, lr: 0.0008763049794670778
2026-01-12 22:20:53 - Finish one epoch train: epoch 24, loss: 0.1372, time(s): 25.23
2026-01-12 22:20:55 - idx 0 case patient021_frame13 mean_dice 0.816916 mean_hd95 2.051957
2026-01-12 22:20:56 - idx 1 case patient021_frame01 mean_dice 0.901503 mean_hd95 1.720759
2026-01-12 22:20:57 - idx 2 case patient022_frame01 mean_dice 0.904459 mean_hd95 1.138071
2026-01-12 22:20:57 - idx 3 case patient022_frame11 mean_dice 0.729628 mean_hd95 9.000440
2026-01-12 22:20:58 - idx 4 case patient023_frame01 mean_dice 0.876653 mean_hd95 1.000000
2026-01-12 22:21:00 - idx 5 case patient023_frame09 mean_dice 0.820483 mean_hd95 18.264725
2026-01-12 22:21:00 - idx 6 case patient024_frame01 mean_dice 0.937832 mean_hd95 1.000000
2026-01-12 22:21:01 - idx 7 case patient024_frame09 mean_dice 0.903262 mean_hd95 1.000000
2026-01-12 22:21:03 - idx 8 case patient025_frame09 mean_dice 0.810279 mean_hd95 2.190028
2026-01-12 22:21:04 - idx 9 case patient025_frame01 mean_dice 0.904784 mean_hd95 1.138071
2026-01-12 22:21:05 - idx 10 case patient026_frame01 mean_dice 0.874783 mean_hd95 3.231441
2026-01-12 22:21:06 - idx 11 case patient026_frame12 mean_dice 0.740733 mean_hd95 9.346511
2026-01-12 22:21:07 - idx 12 case patient027_frame01 mean_dice 0.902708 mean_hd95 1.333333
2026-01-12 22:21:08 - idx 13 case patient027_frame11 mean_dice 0.761002 mean_hd95 2.987574
2026-01-12 22:21:10 - idx 14 case patient028_frame01 mean_dice 0.914464 mean_hd95 1.138071
2026-01-12 22:21:11 - idx 15 case patient028_frame09 mean_dice 0.702843 mean_hd95 2.665596
2026-01-12 22:21:12 - idx 16 case patient029_frame01 mean_dice 0.873741 mean_hd95 3.134375
2026-01-12 22:21:14 - idx 17 case patient029_frame12 mean_dice 0.305706 mean_hd95 25.866420
2026-01-12 22:21:15 - idx 18 case patient030_frame01 mean_dice 0.857596 mean_hd95 4.210049
2026-01-12 22:21:16 - idx 19 case patient030_frame12 mean_dice 0.666941 mean_hd95 5.002699
2026-01-12 22:21:16 - Mean class 1 mean_dice 0.768942 mean_hd95 6.171316
2026-01-12 22:21:16 - Mean class 2 mean_dice 0.819821 mean_hd95 2.432761
2026-01-12 22:21:16 - Mean class 3 mean_dice 0.842184 mean_hd95 6.008941
2026-01-12 22:21:16 - val epoch: 24, mean_dice: 0.8103158230175361, mean_hd95: 4.871006103474945, time(s): 22.48
2026-01-12 22:21:17 - train: epoch 25, iter:0, loss: 0.2616, lr: 0.000865839470573599
2026-01-12 22:21:20 - train: epoch 25, iter:10, loss: 0.2662, lr: 0.000865839470573599
2026-01-12 22:21:23 - train: epoch 25, iter:20, loss: 0.1448, lr: 0.000865839470573599
2026-01-12 22:21:26 - train: epoch 25, iter:30, loss: 0.2461, lr: 0.000865839470573599
2026-01-12 22:21:29 - train: epoch 25, iter:40, loss: 0.1789, lr: 0.000865839470573599
2026-01-12 22:21:32 - train: epoch 25, iter:50, loss: 0.1363, lr: 0.000865839470573599
2026-01-12 22:21:35 - train: epoch 25, iter:60, loss: 0.1362, lr: 0.000865839470573599
2026-01-12 22:21:38 - train: epoch 25, iter:70, loss: 0.1260, lr: 0.000865839470573599
2026-01-12 22:21:41 - train: epoch 25, iter:80, loss: 0.1978, lr: 0.000865839470573599
2026-01-12 22:21:42 - Finish one epoch train: epoch 25, loss: 0.1640, time(s): 25.37
2026-01-12 22:21:43 - idx 0 case patient021_frame13 mean_dice 0.787331 mean_hd95 2.218951
2026-01-12 22:21:44 - idx 1 case patient021_frame01 mean_dice 0.910802 mean_hd95 1.412023
2026-01-12 22:21:45 - idx 2 case patient022_frame01 mean_dice 0.818597 mean_hd95 13.362943
2026-01-12 22:21:46 - idx 3 case patient022_frame11 mean_dice 0.627818 mean_hd95 18.478807
2026-01-12 22:21:47 - idx 4 case patient023_frame01 mean_dice 0.871528 mean_hd95 18.190647
2026-01-12 22:21:48 - idx 5 case patient023_frame09 mean_dice 0.803660 mean_hd95 30.504386
2026-01-12 22:21:49 - idx 6 case patient024_frame01 mean_dice 0.934232 mean_hd95 1.000000
2026-01-12 22:21:50 - idx 7 case patient024_frame09 mean_dice 0.886514 mean_hd95 1.333333
2026-01-12 22:21:51 - idx 8 case patient025_frame09 mean_dice 0.808789 mean_hd95 1.910279
2026-01-12 22:21:52 - idx 9 case patient025_frame01 mean_dice 0.915913 mean_hd95 1.138071
2026-01-12 22:21:53 - idx 10 case patient026_frame01 mean_dice 0.871508 mean_hd95 10.969073
2026-01-12 22:21:54 - idx 11 case patient026_frame12 mean_dice 0.735018 mean_hd95 17.072966
2026-01-12 22:21:56 - idx 12 case patient027_frame01 mean_dice 0.904973 mean_hd95 1.138071
2026-01-12 22:21:57 - idx 13 case patient027_frame11 mean_dice 0.767324 mean_hd95 3.954102
2026-01-12 22:21:58 - idx 14 case patient028_frame01 mean_dice 0.914415 mean_hd95 1.000000
2026-01-12 22:21:59 - idx 15 case patient028_frame09 mean_dice 0.749135 mean_hd95 3.190865
2026-01-12 22:22:00 - idx 16 case patient029_frame01 mean_dice 0.918963 mean_hd95 1.412023
2026-01-12 22:22:02 - idx 17 case patient029_frame12 mean_dice 0.556132 mean_hd95 25.911070
2026-01-12 22:22:03 - idx 18 case patient030_frame01 mean_dice 0.836324 mean_hd95 7.148150
2026-01-12 22:22:04 - idx 19 case patient030_frame12 mean_dice 0.587605 mean_hd95 12.110138
2026-01-12 22:22:04 - Mean class 1 mean_dice 0.738847 mean_hd95 7.744650
2026-01-12 22:22:04 - Mean class 2 mean_dice 0.850840 mean_hd95 3.157740
2026-01-12 22:22:04 - Mean class 3 mean_dice 0.841300 mean_hd95 15.115995
2026-01-12 22:22:04 - val epoch: 25, mean_dice: 0.8103290847972978, mean_hd95: 8.672795037334375, time(s): 22.31
2026-01-12 22:22:05 - train: epoch 26, iter:0, loss: 0.1451, lr: 0.0008550178566873413
2026-01-12 22:22:08 - train: epoch 26, iter:10, loss: 0.1136, lr: 0.0008550178566873413
2026-01-12 22:22:11 - train: epoch 26, iter:20, loss: 0.1483, lr: 0.0008550178566873413
2026-01-12 22:22:14 - train: epoch 26, iter:30, loss: 0.1331, lr: 0.0008550178566873413
2026-01-12 22:22:17 - train: epoch 26, iter:40, loss: 0.1499, lr: 0.0008550178566873413
2026-01-12 22:22:20 - train: epoch 26, iter:50, loss: 0.1163, lr: 0.0008550178566873413
2026-01-12 22:22:24 - train: epoch 26, iter:60, loss: 0.1516, lr: 0.0008550178566873413
2026-01-12 22:22:27 - train: epoch 26, iter:70, loss: 0.1488, lr: 0.0008550178566873413
2026-01-12 22:22:30 - train: epoch 26, iter:80, loss: 0.1725, lr: 0.0008550178566873413
2026-01-12 22:22:31 - Finish one epoch train: epoch 26, loss: 0.1487, time(s): 25.95
2026-01-12 22:22:32 - idx 0 case patient021_frame13 mean_dice 0.831003 mean_hd95 1.412023
2026-01-12 22:22:33 - idx 1 case patient021_frame01 mean_dice 0.933933 mean_hd95 1.000000
2026-01-12 22:22:34 - idx 2 case patient022_frame01 mean_dice 0.918562 mean_hd95 1.000000
2026-01-12 22:22:35 - idx 3 case patient022_frame11 mean_dice 0.858973 mean_hd95 1.609476
2026-01-12 22:22:36 - idx 4 case patient023_frame01 mean_dice 0.914042 mean_hd95 1.000000
2026-01-12 22:22:37 - idx 5 case patient023_frame09 mean_dice 0.830894 mean_hd95 2.216761
2026-01-12 22:22:38 - idx 6 case patient024_frame01 mean_dice 0.937693 mean_hd95 1.000000
2026-01-12 22:22:39 - idx 7 case patient024_frame09 mean_dice 0.884455 mean_hd95 1.138071
2026-01-12 22:22:40 - idx 8 case patient025_frame09 mean_dice 0.840589 mean_hd95 1.333333
2026-01-12 22:22:41 - idx 9 case patient025_frame01 mean_dice 0.912066 mean_hd95 1.000000
2026-01-12 22:22:42 - idx 10 case patient026_frame01 mean_dice 0.866019 mean_hd95 4.413725
2026-01-12 22:22:43 - idx 11 case patient026_frame12 mean_dice 0.790623 mean_hd95 5.458565
2026-01-12 22:22:45 - idx 12 case patient027_frame01 mean_dice 0.909546 mean_hd95 1.000000
2026-01-12 22:22:46 - idx 13 case patient027_frame11 mean_dice 0.809697 mean_hd95 2.998930
2026-01-12 22:22:47 - idx 14 case patient028_frame01 mean_dice 0.924899 mean_hd95 1.000000
2026-01-12 22:22:48 - idx 15 case patient028_frame09 mean_dice 0.807300 mean_hd95 2.138071
2026-01-12 22:22:50 - idx 16 case patient029_frame01 mean_dice 0.937994 mean_hd95 1.000000
2026-01-12 22:22:51 - idx 17 case patient029_frame12 mean_dice 0.778234 mean_hd95 1.984076
2026-01-12 22:22:52 - idx 18 case patient030_frame01 mean_dice 0.879318 mean_hd95 8.290144
2026-01-12 22:22:53 - idx 19 case patient030_frame12 mean_dice 0.698778 mean_hd95 3.252191
2026-01-12 22:22:53 - Mean class 1 mean_dice 0.825028 mean_hd95 3.753936
2026-01-12 22:22:53 - Mean class 2 mean_dice 0.884169 mean_hd95 1.232843
2026-01-12 22:22:53 - Mean class 3 mean_dice 0.880495 mean_hd95 1.650026
2026-01-12 22:22:53 - val epoch: 26, mean_dice: 0.8632309295940472, mean_hd95: 2.212268235891223, time(s): 22.83
2026-01-12 22:22:54 - train: epoch 27, iter:0, loss: 0.0928, lr: 0.0008438508174347012
2026-01-12 22:22:58 - train: epoch 27, iter:10, loss: 0.1180, lr: 0.0008438508174347012
2026-01-12 22:23:01 - train: epoch 27, iter:20, loss: 0.2091, lr: 0.0008438508174347012
2026-01-12 22:23:04 - train: epoch 27, iter:30, loss: 0.1184, lr: 0.0008438508174347012
2026-01-12 22:23:07 - train: epoch 27, iter:40, loss: 0.1580, lr: 0.0008438508174347012
2026-01-12 22:23:10 - train: epoch 27, iter:50, loss: 0.1230, lr: 0.0008438508174347012
2026-01-12 22:23:13 - train: epoch 27, iter:60, loss: 0.1396, lr: 0.0008438508174347012
2026-01-12 22:23:16 - train: epoch 27, iter:70, loss: 0.1934, lr: 0.0008438508174347012
2026-01-12 22:23:19 - train: epoch 27, iter:80, loss: 0.1261, lr: 0.0008438508174347012
2026-01-12 22:23:19 - Finish one epoch train: epoch 27, loss: 0.1359, time(s): 25.26
2026-01-12 22:23:21 - idx 0 case patient021_frame13 mean_dice 0.851598 mean_hd95 1.720759
2026-01-12 22:23:22 - idx 1 case patient021_frame01 mean_dice 0.918780 mean_hd95 1.666667
2026-01-12 22:23:23 - idx 2 case patient022_frame01 mean_dice 0.884442 mean_hd95 3.268491
2026-01-12 22:23:23 - idx 3 case patient022_frame11 mean_dice 0.781466 mean_hd95 10.748960
2026-01-12 22:23:24 - idx 4 case patient023_frame01 mean_dice 0.898998 mean_hd95 1.000000
2026-01-12 22:23:26 - idx 5 case patient023_frame09 mean_dice 0.818231 mean_hd95 1.466845
2026-01-12 22:23:26 - idx 6 case patient024_frame01 mean_dice 0.926563 mean_hd95 1.000000
2026-01-12 22:23:27 - idx 7 case patient024_frame09 mean_dice 0.905519 mean_hd95 1.000000
2026-01-12 22:23:28 - idx 8 case patient025_frame09 mean_dice 0.817048 mean_hd95 1.895186
2026-01-12 22:23:30 - idx 9 case patient025_frame01 mean_dice 0.920443 mean_hd95 1.138071
2026-01-12 22:23:31 - idx 10 case patient026_frame01 mean_dice 0.884191 mean_hd95 3.205258
2026-01-12 22:23:32 - idx 11 case patient026_frame12 mean_dice 0.765421 mean_hd95 5.974259
2026-01-12 22:23:33 - idx 12 case patient027_frame01 mean_dice 0.915945 mean_hd95 1.000000
2026-01-12 22:23:34 - idx 13 case patient027_frame11 mean_dice 0.821286 mean_hd95 1.727180
2026-01-12 22:23:36 - idx 14 case patient028_frame01 mean_dice 0.922658 mean_hd95 1.000000
2026-01-12 22:23:37 - idx 15 case patient028_frame09 mean_dice 0.853808 mean_hd95 1.715421
2026-01-12 22:23:38 - idx 16 case patient029_frame01 mean_dice 0.916359 mean_hd95 4.948411
2026-01-12 22:23:39 - idx 17 case patient029_frame12 mean_dice 0.764575 mean_hd95 7.948400
2026-01-12 22:23:41 - idx 18 case patient030_frame01 mean_dice 0.900889 mean_hd95 1.333333
2026-01-12 22:23:42 - idx 19 case patient030_frame12 mean_dice 0.725444 mean_hd95 3.426703
2026-01-12 22:23:42 - Mean class 1 mean_dice 0.804266 mean_hd95 4.845380
2026-01-12 22:23:42 - Mean class 2 mean_dice 0.890272 mean_hd95 1.141421
2026-01-12 22:23:42 - Mean class 3 mean_dice 0.884512 mean_hd95 2.590790
2026-01-12 22:23:42 - val epoch: 27, mean_dice: 0.859683154160977, mean_hd95: 2.8591972075372163, time(s): 22.30
2026-01-12 22:23:43 - train: epoch 28, iter:0, loss: 0.0927, lr: 0.000832349373335208
2026-01-12 22:23:46 - train: epoch 28, iter:10, loss: 0.1172, lr: 0.000832349373335208
2026-01-12 22:23:49 - train: epoch 28, iter:20, loss: 0.1059, lr: 0.000832349373335208
2026-01-12 22:23:52 - train: epoch 28, iter:30, loss: 0.1317, lr: 0.000832349373335208
2026-01-12 22:23:55 - train: epoch 28, iter:40, loss: 0.1363, lr: 0.000832349373335208
2026-01-12 22:23:58 - train: epoch 28, iter:50, loss: 0.1143, lr: 0.000832349373335208
2026-01-12 22:24:01 - train: epoch 28, iter:60, loss: 0.1314, lr: 0.000832349373335208
2026-01-12 22:24:04 - train: epoch 28, iter:70, loss: 0.1329, lr: 0.000832349373335208
2026-01-12 22:24:07 - train: epoch 28, iter:80, loss: 0.1070, lr: 0.000832349373335208
2026-01-12 22:24:07 - Finish one epoch train: epoch 28, loss: 0.1239, time(s): 25.15
2026-01-12 22:24:09 - idx 0 case patient021_frame13 mean_dice 0.804071 mean_hd95 2.366340
2026-01-12 22:24:10 - idx 1 case patient021_frame01 mean_dice 0.913251 mean_hd95 1.720759
2026-01-12 22:24:11 - idx 2 case patient022_frame01 mean_dice 0.905252 mean_hd95 1.138071
2026-01-12 22:24:11 - idx 3 case patient022_frame11 mean_dice 0.801566 mean_hd95 1.821367
2026-01-12 22:24:12 - idx 4 case patient023_frame01 mean_dice 0.909377 mean_hd95 1.138071
2026-01-12 22:24:14 - idx 5 case patient023_frame09 mean_dice 0.867202 mean_hd95 1.471405
2026-01-12 22:24:14 - idx 6 case patient024_frame01 mean_dice 0.933393 mean_hd95 1.000000
2026-01-12 22:24:15 - idx 7 case patient024_frame09 mean_dice 0.916347 mean_hd95 1.000000
2026-01-12 22:24:16 - idx 8 case patient025_frame09 mean_dice 0.835261 mean_hd95 2.230139
2026-01-12 22:24:18 - idx 9 case patient025_frame01 mean_dice 0.910331 mean_hd95 1.333333
2026-01-12 22:24:19 - idx 10 case patient026_frame01 mean_dice 0.901382 mean_hd95 3.374679
2026-01-12 22:24:20 - idx 11 case patient026_frame12 mean_dice 0.811389 mean_hd95 6.371503
2026-01-12 22:24:21 - idx 12 case patient027_frame01 mean_dice 0.872382 mean_hd95 1.000000
2026-01-12 22:24:22 - idx 13 case patient027_frame11 mean_dice 0.795061 mean_hd95 2.744286
2026-01-12 22:24:24 - idx 14 case patient028_frame01 mean_dice 0.933298 mean_hd95 1.000000
2026-01-12 22:24:25 - idx 15 case patient028_frame09 mean_dice 0.850355 mean_hd95 1.804738
2026-01-12 22:24:26 - idx 16 case patient029_frame01 mean_dice 0.937202 mean_hd95 1.000000
2026-01-12 22:24:27 - idx 17 case patient029_frame12 mean_dice 0.714037 mean_hd95 2.104398
2026-01-12 22:24:28 - idx 18 case patient030_frame01 mean_dice 0.902312 mean_hd95 1.000000
2026-01-12 22:24:30 - idx 19 case patient030_frame12 mean_dice 0.699652 mean_hd95 3.894496
2026-01-12 22:24:30 - Mean class 1 mean_dice 0.806141 mean_hd95 3.353551
2026-01-12 22:24:30 - Mean class 2 mean_dice 0.879452 mean_hd95 1.213896
2026-01-12 22:24:30 - Mean class 3 mean_dice 0.896376 mean_hd95 1.359591
2026-01-12 22:24:30 - val epoch: 28, mean_dice: 0.8606559482296627, mean_hd95: 1.975679224511271, time(s): 22.20
2026-01-12 22:24:30 - train: epoch 29, iter:0, loss: 0.1074, lr: 0.0008205248749256018
2026-01-12 22:24:33 - train: epoch 29, iter:10, loss: 0.1846, lr: 0.0008205248749256018
2026-01-12 22:24:37 - train: epoch 29, iter:20, loss: 0.1049, lr: 0.0008205248749256018
2026-01-12 22:24:40 - train: epoch 29, iter:30, loss: 0.1061, lr: 0.0008205248749256018
2026-01-12 22:24:43 - train: epoch 29, iter:40, loss: 0.1451, lr: 0.0008205248749256018
2026-01-12 22:24:46 - train: epoch 29, iter:50, loss: 0.1095, lr: 0.0008205248749256018
2026-01-12 22:24:49 - train: epoch 29, iter:60, loss: 0.1040, lr: 0.0008205248749256018
2026-01-12 22:24:52 - train: epoch 29, iter:70, loss: 0.1352, lr: 0.0008205248749256018
2026-01-12 22:24:55 - train: epoch 29, iter:80, loss: 0.0988, lr: 0.0008205248749256018
2026-01-12 22:24:55 - Finish one epoch train: epoch 29, loss: 0.1224, time(s): 25.24
2026-01-12 22:24:57 - idx 0 case patient021_frame13 mean_dice 0.808846 mean_hd95 1.720759
2026-01-12 22:24:58 - idx 1 case patient021_frame01 mean_dice 0.929425 mean_hd95 1.000000
2026-01-12 22:24:59 - idx 2 case patient022_frame01 mean_dice 0.900422 mean_hd95 1.000000
2026-01-12 22:24:59 - idx 3 case patient022_frame11 mean_dice 0.842100 mean_hd95 4.501583
2026-01-12 22:25:00 - idx 4 case patient023_frame01 mean_dice 0.904578 mean_hd95 1.000000
2026-01-12 22:25:02 - idx 5 case patient023_frame09 mean_dice 0.859164 mean_hd95 1.276142
2026-01-12 22:25:02 - idx 6 case patient024_frame01 mean_dice 0.936218 mean_hd95 1.000000
2026-01-12 22:25:03 - idx 7 case patient024_frame09 mean_dice 0.900954 mean_hd95 1.000000
2026-01-12 22:25:04 - idx 8 case patient025_frame09 mean_dice 0.847401 mean_hd95 1.520159
2026-01-12 22:25:06 - idx 9 case patient025_frame01 mean_dice 0.914307 mean_hd95 1.138071
2026-01-12 22:25:07 - idx 10 case patient026_frame01 mean_dice 0.843791 mean_hd95 2.461722
2026-01-12 22:25:08 - idx 11 case patient026_frame12 mean_dice 0.748475 mean_hd95 2.552285
2026-01-12 22:25:09 - idx 12 case patient027_frame01 mean_dice 0.865343 mean_hd95 1.333333
2026-01-12 22:25:10 - idx 13 case patient027_frame11 mean_dice 0.758916 mean_hd95 3.382565
2026-01-12 22:25:12 - idx 14 case patient028_frame01 mean_dice 0.931069 mean_hd95 1.000000
2026-01-12 22:25:13 - idx 15 case patient028_frame09 mean_dice 0.775779 mean_hd95 2.609476
2026-01-12 22:25:14 - idx 16 case patient029_frame01 mean_dice 0.906434 mean_hd95 1.333333
2026-01-12 22:25:15 - idx 17 case patient029_frame12 mean_dice 0.683986 mean_hd95 2.591129
2026-01-12 22:25:17 - idx 18 case patient030_frame01 mean_dice 0.902853 mean_hd95 1.138071
2026-01-12 22:25:18 - idx 19 case patient030_frame12 mean_dice 0.677477 mean_hd95 3.674990
2026-01-12 22:25:18 - Mean class 1 mean_dice 0.770790 mean_hd95 2.409172
2026-01-12 22:25:18 - Mean class 2 mean_dice 0.881652 mean_hd95 1.281249
2026-01-12 22:25:18 - Mean class 3 mean_dice 0.888188 mean_hd95 1.894622
2026-01-12 22:25:18 - val epoch: 29, mean_dice: 0.8468768990912802, mean_hd95: 1.8616809839897261, time(s): 22.35
2026-01-12 22:25:19 - train: epoch 30, iter:0, loss: 0.0976, lr: 0.0008083889915582238
2026-01-12 22:25:22 - train: epoch 30, iter:10, loss: 0.0998, lr: 0.0008083889915582238
2026-01-12 22:25:25 - train: epoch 30, iter:20, loss: 0.1604, lr: 0.0008083889915582238
2026-01-12 22:25:28 - train: epoch 30, iter:30, loss: 0.1139, lr: 0.0008083889915582238
2026-01-12 22:25:31 - train: epoch 30, iter:40, loss: 0.1387, lr: 0.0008083889915582238
2026-01-12 22:25:34 - train: epoch 30, iter:50, loss: 0.0981, lr: 0.0008083889915582238
2026-01-12 22:25:37 - train: epoch 30, iter:60, loss: 0.1362, lr: 0.0008083889915582238
2026-01-12 22:25:40 - train: epoch 30, iter:70, loss: 0.1243, lr: 0.0008083889915582238
2026-01-12 22:25:43 - train: epoch 30, iter:80, loss: 0.1034, lr: 0.0008083889915582238
2026-01-12 22:25:43 - Finish one epoch train: epoch 30, loss: 0.1215, time(s): 25.15
2026-01-12 22:25:45 - idx 0 case patient021_frame13 mean_dice 0.828492 mean_hd95 1.483163
2026-01-12 22:25:46 - idx 1 case patient021_frame01 mean_dice 0.931685 mean_hd95 1.000000
2026-01-12 22:25:47 - idx 2 case patient022_frame01 mean_dice 0.912691 mean_hd95 1.000000
2026-01-12 22:25:47 - idx 3 case patient022_frame11 mean_dice 0.832717 mean_hd95 1.244017
2026-01-12 22:25:48 - idx 4 case patient023_frame01 mean_dice 0.903167 mean_hd95 6.648119
2026-01-12 22:25:49 - idx 5 case patient023_frame09 mean_dice 0.809924 mean_hd95 1.942809
2026-01-12 22:25:50 - idx 6 case patient024_frame01 mean_dice 0.933462 mean_hd95 1.000000
2026-01-12 22:25:51 - idx 7 case patient024_frame09 mean_dice 0.906010 mean_hd95 1.000000
2026-01-12 22:25:52 - idx 8 case patient025_frame09 mean_dice 0.843727 mean_hd95 1.333333
2026-01-12 22:25:54 - idx 9 case patient025_frame01 mean_dice 0.912361 mean_hd95 1.000000
2026-01-12 22:25:55 - idx 10 case patient026_frame01 mean_dice 0.801899 mean_hd95 11.149238
2026-01-12 22:25:56 - idx 11 case patient026_frame12 mean_dice 0.767836 mean_hd95 8.557659
2026-01-12 22:25:57 - idx 12 case patient027_frame01 mean_dice 0.920299 mean_hd95 1.000000
2026-01-12 22:25:58 - idx 13 case patient027_frame11 mean_dice 0.739152 mean_hd95 3.651392
2026-01-12 22:25:59 - idx 14 case patient028_frame01 mean_dice 0.926242 mean_hd95 1.000000
2026-01-12 22:26:01 - idx 15 case patient028_frame09 mean_dice 0.765859 mean_hd95 3.477407
2026-01-12 22:26:02 - idx 16 case patient029_frame01 mean_dice 0.918323 mean_hd95 1.000000
2026-01-12 22:26:03 - idx 17 case patient029_frame12 mean_dice 0.649795 mean_hd95 2.718911
2026-01-12 22:26:04 - idx 18 case patient030_frame01 mean_dice 0.900955 mean_hd95 1.276142
2026-01-12 22:26:06 - idx 19 case patient030_frame12 mean_dice 0.715942 mean_hd95 3.390200
2026-01-12 22:26:06 - Mean class 1 mean_dice 0.795429 mean_hd95 2.426639
2026-01-12 22:26:06 - Mean class 2 mean_dice 0.870399 mean_hd95 1.333012
2026-01-12 22:26:06 - Mean class 3 mean_dice 0.872252 mean_hd95 4.471207
2026-01-12 22:26:06 - val epoch: 30, mean_dice: 0.8460268545885167, mean_hd95: 2.7436195554822973, time(s): 22.29
2026-01-12 22:26:07 - train: epoch 31, iter:0, loss: 0.1088, lr: 0.0007959536998847747
2026-01-12 22:26:10 - train: epoch 31, iter:10, loss: 0.0979, lr: 0.0007959536998847747
2026-01-12 22:26:13 - train: epoch 31, iter:20, loss: 0.1214, lr: 0.0007959536998847747
2026-01-12 22:26:16 - train: epoch 31, iter:30, loss: 0.1213, lr: 0.0007959536998847747
2026-01-12 22:26:19 - train: epoch 31, iter:40, loss: 0.1373, lr: 0.0007959536998847747
2026-01-12 22:26:22 - train: epoch 31, iter:50, loss: 0.0978, lr: 0.0007959536998847747
2026-01-12 22:26:25 - train: epoch 31, iter:60, loss: 0.0987, lr: 0.0007959536998847747
2026-01-12 22:26:28 - train: epoch 31, iter:70, loss: 0.0946, lr: 0.0007959536998847747
2026-01-12 22:26:31 - train: epoch 31, iter:80, loss: 0.1402, lr: 0.0007959536998847747
2026-01-12 22:26:31 - Finish one epoch train: epoch 31, loss: 0.1170, time(s): 25.23
2026-01-12 22:26:33 - idx 0 case patient021_frame13 mean_dice 0.822330 mean_hd95 2.726809
2026-01-12 22:26:34 - idx 1 case patient021_frame01 mean_dice 0.933885 mean_hd95 1.000000
2026-01-12 22:26:35 - idx 2 case patient022_frame01 mean_dice 0.922167 mean_hd95 1.000000
2026-01-12 22:26:35 - idx 3 case patient022_frame11 mean_dice 0.842143 mean_hd95 3.572599
2026-01-12 22:26:36 - idx 4 case patient023_frame01 mean_dice 0.922333 mean_hd95 4.287593
2026-01-12 22:26:38 - idx 5 case patient023_frame09 mean_dice 0.803317 mean_hd95 6.238851
2026-01-12 22:26:38 - idx 6 case patient024_frame01 mean_dice 0.926571 mean_hd95 1.000000
2026-01-12 22:26:39 - idx 7 case patient024_frame09 mean_dice 0.909032 mean_hd95 1.000000
2026-01-12 22:26:40 - idx 8 case patient025_frame09 mean_dice 0.854737 mean_hd95 1.138071
2026-01-12 22:26:42 - idx 9 case patient025_frame01 mean_dice 0.911107 mean_hd95 1.138071
2026-01-12 22:26:43 - idx 10 case patient026_frame01 mean_dice 0.879928 mean_hd95 2.041035
2026-01-12 22:26:44 - idx 11 case patient026_frame12 mean_dice 0.789953 mean_hd95 2.665596
2026-01-12 22:26:45 - idx 12 case patient027_frame01 mean_dice 0.863275 mean_hd95 1.333333
2026-01-12 22:26:46 - idx 13 case patient027_frame11 mean_dice 0.733199 mean_hd95 3.104471
2026-01-12 22:26:48 - idx 14 case patient028_frame01 mean_dice 0.930167 mean_hd95 1.000000
2026-01-12 22:26:49 - idx 15 case patient028_frame09 mean_dice 0.789920 mean_hd95 3.355234
2026-01-12 22:26:50 - idx 16 case patient029_frame01 mean_dice 0.926617 mean_hd95 1.138071
2026-01-12 22:26:51 - idx 17 case patient029_frame12 mean_dice 0.660884 mean_hd95 3.159075
2026-01-12 22:26:53 - idx 18 case patient030_frame01 mean_dice 0.904791 mean_hd95 1.138071
2026-01-12 22:26:54 - idx 19 case patient030_frame12 mean_dice 0.700850 mean_hd95 3.160247
2026-01-12 22:26:54 - Mean class 1 mean_dice 0.792171 mean_hd95 3.784953
2026-01-12 22:26:54 - Mean class 2 mean_dice 0.878564 mean_hd95 1.224264
2026-01-12 22:26:54 - Mean class 3 mean_dice 0.883347 mean_hd95 1.770352
2026-01-12 22:26:54 - val epoch: 31, mean_dice: 0.851360361975832, mean_hd95: 2.2598565211415607, time(s): 22.26
2026-01-12 22:26:55 - train: epoch 32, iter:0, loss: 0.1084, lr: 0.0007832312720368051
2026-01-12 22:26:58 - train: epoch 32, iter:10, loss: 0.1363, lr: 0.0007832312720368051
2026-01-12 22:27:01 - train: epoch 32, iter:20, loss: 0.1000, lr: 0.0007832312720368051
2026-01-12 22:27:04 - train: epoch 32, iter:30, loss: 0.1161, lr: 0.0007832312720368051
2026-01-12 22:27:07 - train: epoch 32, iter:40, loss: 0.1335, lr: 0.0007832312720368051
2026-01-12 22:27:10 - train: epoch 32, iter:50, loss: 0.1105, lr: 0.0007832312720368051
2026-01-12 22:27:13 - train: epoch 32, iter:60, loss: 0.1374, lr: 0.0007832312720368051
2026-01-12 22:27:16 - train: epoch 32, iter:70, loss: 0.1196, lr: 0.0007832312720368051
2026-01-12 22:27:19 - train: epoch 32, iter:80, loss: 0.1060, lr: 0.0007832312720368051
2026-01-12 22:27:19 - Finish one epoch train: epoch 32, loss: 0.1209, time(s): 25.16
2026-01-12 22:27:21 - idx 0 case patient021_frame13 mean_dice 0.840897 mean_hd95 1.666667
2026-01-12 22:27:22 - idx 1 case patient021_frame01 mean_dice 0.940477 mean_hd95 1.000000
2026-01-12 22:27:23 - idx 2 case patient022_frame01 mean_dice 0.912120 mean_hd95 1.000000
2026-01-12 22:27:23 - idx 3 case patient022_frame11 mean_dice 0.817575 mean_hd95 4.825511
2026-01-12 22:27:24 - idx 4 case patient023_frame01 mean_dice 0.920816 mean_hd95 1.412023
2026-01-12 22:27:26 - idx 5 case patient023_frame09 mean_dice 0.823914 mean_hd95 1.996902
2026-01-12 22:27:26 - idx 6 case patient024_frame01 mean_dice 0.923877 mean_hd95 1.000000
2026-01-12 22:27:27 - idx 7 case patient024_frame09 mean_dice 0.906081 mean_hd95 1.138071
2026-01-12 22:27:28 - idx 8 case patient025_frame09 mean_dice 0.856489 mean_hd95 1.138071
2026-01-12 22:27:30 - idx 9 case patient025_frame01 mean_dice 0.878860 mean_hd95 1.138071
2026-01-12 22:27:31 - idx 10 case patient026_frame01 mean_dice 0.784904 mean_hd95 10.472728
2026-01-12 22:27:32 - idx 11 case patient026_frame12 mean_dice 0.709886 mean_hd95 6.004111
2026-01-12 22:27:33 - idx 12 case patient027_frame01 mean_dice 0.831332 mean_hd95 1.804738
2026-01-12 22:27:34 - idx 13 case patient027_frame11 mean_dice 0.632352 mean_hd95 3.349826
2026-01-12 22:27:36 - idx 14 case patient028_frame01 mean_dice 0.930572 mean_hd95 1.000000
2026-01-12 22:27:37 - idx 15 case patient028_frame09 mean_dice 0.780899 mean_hd95 2.666667
2026-01-12 22:27:38 - idx 16 case patient029_frame01 mean_dice 0.804923 mean_hd95 4.082317
2026-01-12 22:27:39 - idx 17 case patient029_frame12 mean_dice 0.478581 mean_hd95 22.505599
2026-01-12 22:27:41 - idx 18 case patient030_frame01 mean_dice 0.909518 mean_hd95 1.000000
2026-01-12 22:27:42 - idx 19 case patient030_frame12 mean_dice 0.713772 mean_hd95 3.046899
2026-01-12 22:27:42 - Mean class 1 mean_dice 0.709847 mean_hd95 7.073290
2026-01-12 22:27:42 - Mean class 2 mean_dice 0.866153 mean_hd95 1.324264
2026-01-12 22:27:42 - Mean class 3 mean_dice 0.883677 mean_hd95 2.439676
2026-01-12 22:27:42 - val epoch: 32, mean_dice: 0.8198921968046858, mean_hd95: 3.6124100313611245, time(s): 22.41
2026-01-12 22:27:43 - train: epoch 33, iter:0, loss: 0.1451, lr: 0.0007702342635146037
2026-01-12 22:27:46 - train: epoch 33, iter:10, loss: 0.1146, lr: 0.0007702342635146037
2026-01-12 22:27:49 - train: epoch 33, iter:20, loss: 0.1109, lr: 0.0007702342635146037
2026-01-12 22:27:52 - train: epoch 33, iter:30, loss: 0.1546, lr: 0.0007702342635146037
2026-01-12 22:27:55 - train: epoch 33, iter:40, loss: 0.1131, lr: 0.0007702342635146037
2026-01-12 22:27:58 - train: epoch 33, iter:50, loss: 0.0920, lr: 0.0007702342635146037
2026-01-12 22:28:01 - train: epoch 33, iter:60, loss: 0.1230, lr: 0.0007702342635146037
2026-01-12 22:28:04 - train: epoch 33, iter:70, loss: 0.1063, lr: 0.0007702342635146037
2026-01-12 22:28:07 - train: epoch 33, iter:80, loss: 0.1158, lr: 0.0007702342635146037
2026-01-12 22:28:08 - Finish one epoch train: epoch 33, loss: 0.1182, time(s): 25.22
2026-01-12 22:28:09 - idx 0 case patient021_frame13 mean_dice 0.826750 mean_hd95 1.913886
2026-01-12 22:28:10 - idx 1 case patient021_frame01 mean_dice 0.931904 mean_hd95 1.000000
2026-01-12 22:28:11 - idx 2 case patient022_frame01 mean_dice 0.906391 mean_hd95 1.412023
2026-01-12 22:28:12 - idx 3 case patient022_frame11 mean_dice 0.821634 mean_hd95 5.787972
2026-01-12 22:28:13 - idx 4 case patient023_frame01 mean_dice 0.883596 mean_hd95 1.000000
2026-01-12 22:28:14 - idx 5 case patient023_frame09 mean_dice 0.871083 mean_hd95 1.333333
2026-01-12 22:28:15 - idx 6 case patient024_frame01 mean_dice 0.934999 mean_hd95 1.000000
2026-01-12 22:28:16 - idx 7 case patient024_frame09 mean_dice 0.915447 mean_hd95 1.000000
2026-01-12 22:28:17 - idx 8 case patient025_frame09 mean_dice 0.850003 mean_hd95 1.382088
2026-01-12 22:28:18 - idx 9 case patient025_frame01 mean_dice 0.921997 mean_hd95 1.000000
2026-01-12 22:28:19 - idx 10 case patient026_frame01 mean_dice 0.896073 mean_hd95 9.557797
2026-01-12 22:28:20 - idx 11 case patient026_frame12 mean_dice 0.813212 mean_hd95 10.834161
2026-01-12 22:28:21 - idx 12 case patient027_frame01 mean_dice 0.892815 mean_hd95 1.000000
2026-01-12 22:28:23 - idx 13 case patient027_frame11 mean_dice 0.754501 mean_hd95 3.246149
2026-01-12 22:28:24 - idx 14 case patient028_frame01 mean_dice 0.926679 mean_hd95 1.138071
2026-01-12 22:28:25 - idx 15 case patient028_frame09 mean_dice 0.760684 mean_hd95 3.997743
2026-01-12 22:28:26 - idx 16 case patient029_frame01 mean_dice 0.919892 mean_hd95 1.138071
2026-01-12 22:28:28 - idx 17 case patient029_frame12 mean_dice 0.583134 mean_hd95 24.339101
2026-01-12 22:28:29 - idx 18 case patient030_frame01 mean_dice 0.905151 mean_hd95 1.000000
2026-01-12 22:28:30 - idx 19 case patient030_frame12 mean_dice 0.694772 mean_hd95 3.483163
2026-01-12 22:28:30 - Mean class 1 mean_dice 0.784398 mean_hd95 3.326701
2026-01-12 22:28:30 - Mean class 2 mean_dice 0.885189 mean_hd95 1.232843
2026-01-12 22:28:30 - Mean class 3 mean_dice 0.882020 mean_hd95 6.924990
2026-01-12 22:28:30 - val epoch: 33, mean_dice: 0.8505358180323829, mean_hd95: 3.828177910298353, time(s): 22.08
2026-01-12 22:28:31 - train: epoch 34, iter:0, loss: 0.1018, lr: 0.0007569755007964342
2026-01-12 22:28:34 - train: epoch 34, iter:10, loss: 0.1094, lr: 0.0007569755007964342
2026-01-12 22:28:37 - train: epoch 34, iter:20, loss: 0.1641, lr: 0.0007569755007964342
2026-01-12 22:28:40 - train: epoch 34, iter:30, loss: 0.0958, lr: 0.0007569755007964342
2026-01-12 22:28:43 - train: epoch 34, iter:40, loss: 0.1154, lr: 0.0007569755007964342
2026-01-12 22:28:46 - train: epoch 34, iter:50, loss: 0.1684, lr: 0.0007569755007964342
2026-01-12 22:28:49 - train: epoch 34, iter:60, loss: 0.1217, lr: 0.0007569755007964342
2026-01-12 22:28:52 - train: epoch 34, iter:70, loss: 0.1378, lr: 0.0007569755007964342
2026-01-12 22:28:55 - train: epoch 34, iter:80, loss: 0.1228, lr: 0.0007569755007964342
2026-01-12 22:28:56 - Finish one epoch train: epoch 34, loss: 0.1182, time(s): 25.22
2026-01-12 22:28:57 - idx 0 case patient021_frame13 mean_dice 0.825501 mean_hd95 1.666667
2026-01-12 22:28:58 - idx 1 case patient021_frame01 mean_dice 0.940187 mean_hd95 1.000000
2026-01-12 22:28:59 - idx 2 case patient022_frame01 mean_dice 0.904577 mean_hd95 5.719484
2026-01-12 22:29:00 - idx 3 case patient022_frame11 mean_dice 0.851878 mean_hd95 8.657551
2026-01-12 22:29:01 - idx 4 case patient023_frame01 mean_dice 0.919244 mean_hd95 1.000000
2026-01-12 22:29:02 - idx 5 case patient023_frame09 mean_dice 0.832661 mean_hd95 2.250605
2026-01-12 22:29:03 - idx 6 case patient024_frame01 mean_dice 0.923194 mean_hd95 1.000000
2026-01-12 22:29:03 - idx 7 case patient024_frame09 mean_dice 0.900220 mean_hd95 1.138071
2026-01-12 22:29:05 - idx 8 case patient025_frame09 mean_dice 0.856233 mean_hd95 1.414214
2026-01-12 22:29:06 - idx 9 case patient025_frame01 mean_dice 0.927434 mean_hd95 1.000000
2026-01-12 22:29:07 - idx 10 case patient026_frame01 mean_dice 0.832397 mean_hd95 9.579340
2026-01-12 22:29:08 - idx 11 case patient026_frame12 mean_dice 0.746144 mean_hd95 9.063032
2026-01-12 22:29:09 - idx 12 case patient027_frame01 mean_dice 0.899634 mean_hd95 1.138071
2026-01-12 22:29:10 - idx 13 case patient027_frame11 mean_dice 0.779251 mean_hd95 3.033519
2026-01-12 22:29:12 - idx 14 case patient028_frame01 mean_dice 0.931355 mean_hd95 1.000000
2026-01-12 22:29:13 - idx 15 case patient028_frame09 mean_dice 0.803123 mean_hd95 2.322706
2026-01-12 22:29:14 - idx 16 case patient029_frame01 mean_dice 0.928680 mean_hd95 1.138071
2026-01-12 22:29:16 - idx 17 case patient029_frame12 mean_dice 0.621951 mean_hd95 22.455790
2026-01-12 22:29:17 - idx 18 case patient030_frame01 mean_dice 0.902493 mean_hd95 1.138071
2026-01-12 22:29:18 - idx 19 case patient030_frame12 mean_dice 0.694480 mean_hd95 3.360913
2026-01-12 22:29:18 - Mean class 1 mean_dice 0.809401 mean_hd95 2.266131
2026-01-12 22:29:18 - Mean class 2 mean_dice 0.888016 mean_hd95 1.265357
2026-01-12 22:29:18 - Mean class 3 mean_dice 0.855679 mean_hd95 8.329928
2026-01-12 22:29:18 - val epoch: 34, mean_dice: 0.8510318566446294, mean_hd95: 3.9538052555262744, time(s): 22.24
2026-01-12 22:29:19 - train: epoch 35, iter:0, loss: 0.1216, lr: 0.0007434680686803494
2026-01-12 22:29:22 - train: epoch 35, iter:10, loss: 0.1338, lr: 0.0007434680686803494
2026-01-12 22:29:25 - train: epoch 35, iter:20, loss: 0.1309, lr: 0.0007434680686803494
2026-01-12 22:29:28 - train: epoch 35, iter:30, loss: 0.0967, lr: 0.0007434680686803494
2026-01-12 22:29:31 - train: epoch 35, iter:40, loss: 0.1220, lr: 0.0007434680686803494
2026-01-12 22:29:34 - train: epoch 35, iter:50, loss: 0.1008, lr: 0.0007434680686803494
2026-01-12 22:29:37 - train: epoch 35, iter:60, loss: 0.0873, lr: 0.0007434680686803494
2026-01-12 22:29:40 - train: epoch 35, iter:70, loss: 0.1104, lr: 0.0007434680686803494
2026-01-12 22:29:43 - train: epoch 35, iter:80, loss: 0.0901, lr: 0.0007434680686803494
2026-01-12 22:29:43 - Finish one epoch train: epoch 35, loss: 0.1206, time(s): 25.10
2026-01-12 22:29:45 - idx 0 case patient021_frame13 mean_dice 0.855091 mean_hd95 1.521057
2026-01-12 22:29:46 - idx 1 case patient021_frame01 mean_dice 0.943651 mean_hd95 1.000000
2026-01-12 22:29:47 - idx 2 case patient022_frame01 mean_dice 0.923040 mean_hd95 1.000000
2026-01-12 22:29:47 - idx 3 case patient022_frame11 mean_dice 0.842775 mean_hd95 1.333333
2026-01-12 22:29:48 - idx 4 case patient023_frame01 mean_dice 0.928706 mean_hd95 1.000000
2026-01-12 22:29:50 - idx 5 case patient023_frame09 mean_dice 0.745920 mean_hd95 2.138071
2026-01-12 22:29:50 - idx 6 case patient024_frame01 mean_dice 0.936062 mean_hd95 1.000000
2026-01-12 22:29:51 - idx 7 case patient024_frame09 mean_dice 0.905911 mean_hd95 1.000000
2026-01-12 22:29:52 - idx 8 case patient025_frame09 mean_dice 0.823255 mean_hd95 1.520159
2026-01-12 22:29:54 - idx 9 case patient025_frame01 mean_dice 0.882903 mean_hd95 1.138071
2026-01-12 22:29:55 - idx 10 case patient026_frame01 mean_dice 0.821981 mean_hd95 1.577350
2026-01-12 22:29:56 - idx 11 case patient026_frame12 mean_dice 0.831599 mean_hd95 2.078689
2026-01-12 22:29:57 - idx 12 case patient027_frame01 mean_dice 0.833216 mean_hd95 1.550094
2026-01-12 22:29:58 - idx 13 case patient027_frame11 mean_dice 0.678247 mean_hd95 3.244348
2026-01-12 22:30:00 - idx 14 case patient028_frame01 mean_dice 0.925123 mean_hd95 1.000000
2026-01-12 22:30:01 - idx 15 case patient028_frame09 mean_dice 0.728082 mean_hd95 3.438875
2026-01-12 22:30:02 - idx 16 case patient029_frame01 mean_dice 0.900576 mean_hd95 1.244017
2026-01-12 22:30:04 - idx 17 case patient029_frame12 mean_dice 0.239903 mean_hd95 17.269500
2026-01-12 22:30:05 - idx 18 case patient030_frame01 mean_dice 0.914813 mean_hd95 1.000000
2026-01-12 22:30:06 - idx 19 case patient030_frame12 mean_dice 0.762135 mean_hd95 3.151235
2026-01-12 22:30:06 - Mean class 1 mean_dice 0.751889 mean_hd95 3.894057
2026-01-12 22:30:06 - Mean class 2 mean_dice 0.836075 mean_hd95 1.860396
2026-01-12 22:30:06 - Mean class 3 mean_dice 0.875485 mean_hd95 1.476268
2026-01-12 22:30:06 - val epoch: 35, mean_dice: 0.8211494957601516, mean_hd95: 2.410240007590028, time(s): 22.62
2026-01-12 22:30:07 - train: epoch 36, iter:0, loss: 0.1064, lr: 0.0007297252973710761
2026-01-12 22:30:10 - train: epoch 36, iter:10, loss: 0.1203, lr: 0.0007297252973710761
2026-01-12 22:30:13 - train: epoch 36, iter:20, loss: 0.1102, lr: 0.0007297252973710761
2026-01-12 22:30:16 - train: epoch 36, iter:30, loss: 0.1090, lr: 0.0007297252973710761
2026-01-12 22:30:19 - train: epoch 36, iter:40, loss: 0.1025, lr: 0.0007297252973710761
2026-01-12 22:30:22 - train: epoch 36, iter:50, loss: 0.1138, lr: 0.0007297252973710761
2026-01-12 22:30:25 - train: epoch 36, iter:60, loss: 0.1446, lr: 0.0007297252973710761
2026-01-12 22:30:28 - train: epoch 36, iter:70, loss: 0.1099, lr: 0.0007297252973710761
2026-01-12 22:30:31 - train: epoch 36, iter:80, loss: 0.1033, lr: 0.0007297252973710761
2026-01-12 22:30:32 - Finish one epoch train: epoch 36, loss: 0.1165, time(s): 25.23
2026-01-12 22:30:33 - idx 0 case patient021_frame13 mean_dice 0.821789 mean_hd95 1.412023
2026-01-12 22:30:34 - idx 1 case patient021_frame01 mean_dice 0.937479 mean_hd95 1.000000
2026-01-12 22:30:35 - idx 2 case patient022_frame01 mean_dice 0.907473 mean_hd95 1.000000
2026-01-12 22:30:36 - idx 3 case patient022_frame11 mean_dice 0.857771 mean_hd95 31.237803
2026-01-12 22:30:37 - idx 4 case patient023_frame01 mean_dice 0.904524 mean_hd95 1.138071
2026-01-12 22:30:38 - idx 5 case patient023_frame09 mean_dice 0.850760 mean_hd95 2.080880
2026-01-12 22:30:39 - idx 6 case patient024_frame01 mean_dice 0.932674 mean_hd95 1.000000
2026-01-12 22:30:40 - idx 7 case patient024_frame09 mean_dice 0.898393 mean_hd95 1.000000
2026-01-12 22:30:41 - idx 8 case patient025_frame09 mean_dice 0.850349 mean_hd95 1.471405
2026-01-12 22:30:42 - idx 9 case patient025_frame01 mean_dice 0.924993 mean_hd95 1.138071
2026-01-12 22:30:43 - idx 10 case patient026_frame01 mean_dice 0.844143 mean_hd95 8.419595
2026-01-12 22:30:44 - idx 11 case patient026_frame12 mean_dice 0.801070 mean_hd95 2.006588
2026-01-12 22:30:46 - idx 12 case patient027_frame01 mean_dice 0.870458 mean_hd95 1.138071
2026-01-12 22:30:47 - idx 13 case patient027_frame11 mean_dice 0.745210 mean_hd95 3.698603
2026-01-12 22:30:48 - idx 14 case patient028_frame01 mean_dice 0.896265 mean_hd95 1.244017
2026-01-12 22:30:49 - idx 15 case patient028_frame09 mean_dice 0.811199 mean_hd95 2.730382
2026-01-12 22:30:51 - idx 16 case patient029_frame01 mean_dice 0.922991 mean_hd95 1.244017
2026-01-12 22:30:52 - idx 17 case patient029_frame12 mean_dice 0.513893 mean_hd95 31.096169
2026-01-12 22:30:53 - idx 18 case patient030_frame01 mean_dice 0.898080 mean_hd95 1.138071
2026-01-12 22:30:54 - idx 19 case patient030_frame12 mean_dice 0.693976 mean_hd95 3.579590
2026-01-12 22:30:54 - Mean class 1 mean_dice 0.770912 mean_hd95 3.324196
2026-01-12 22:30:54 - Mean class 2 mean_dice 0.884677 mean_hd95 1.267449
2026-01-12 22:30:54 - Mean class 3 mean_dice 0.876934 mean_hd95 10.224358
2026-01-12 22:30:54 - val epoch: 36, mean_dice: 0.8441745122671277, mean_hd95: 4.938667824928942, time(s): 22.41
2026-01-12 22:30:55 - train: epoch 37, iter:0, loss: 0.1226, lr: 0.0007157607493247114
2026-01-12 22:30:58 - train: epoch 37, iter:10, loss: 0.0927, lr: 0.0007157607493247114
2026-01-12 22:31:01 - train: epoch 37, iter:20, loss: 0.1107, lr: 0.0007157607493247114
2026-01-12 22:31:04 - train: epoch 37, iter:30, loss: 0.0923, lr: 0.0007157607493247114
2026-01-12 22:31:07 - train: epoch 37, iter:40, loss: 0.1932, lr: 0.0007157607493247114
2026-01-12 22:31:10 - train: epoch 37, iter:50, loss: 0.1021, lr: 0.0007157607493247114
2026-01-12 22:31:13 - train: epoch 37, iter:60, loss: 0.1109, lr: 0.0007157607493247114
2026-01-12 22:31:16 - train: epoch 37, iter:70, loss: 0.1137, lr: 0.0007157607493247114
2026-01-12 22:31:19 - train: epoch 37, iter:80, loss: 0.0997, lr: 0.0007157607493247114
2026-01-12 22:31:20 - Finish one epoch train: epoch 37, loss: 0.1125, time(s): 25.21
2026-01-12 22:31:21 - idx 0 case patient021_frame13 mean_dice 0.823569 mean_hd95 2.080880
2026-01-12 22:31:22 - idx 1 case patient021_frame01 mean_dice 0.933095 mean_hd95 1.000000
2026-01-12 22:31:23 - idx 2 case patient022_frame01 mean_dice 0.916829 mean_hd95 1.000000
2026-01-12 22:31:24 - idx 3 case patient022_frame11 mean_dice 0.871964 mean_hd95 1.709941
2026-01-12 22:31:25 - idx 4 case patient023_frame01 mean_dice 0.926006 mean_hd95 1.000000
2026-01-12 22:31:26 - idx 5 case patient023_frame09 mean_dice 0.856366 mean_hd95 1.853421
2026-01-12 22:31:27 - idx 6 case patient024_frame01 mean_dice 0.934752 mean_hd95 1.000000
2026-01-12 22:31:28 - idx 7 case patient024_frame09 mean_dice 0.921713 mean_hd95 1.000000
2026-01-12 22:31:29 - idx 8 case patient025_frame09 mean_dice 0.845484 mean_hd95 1.471405
2026-01-12 22:31:30 - idx 9 case patient025_frame01 mean_dice 0.908033 mean_hd95 1.138071
2026-01-12 22:31:31 - idx 10 case patient026_frame01 mean_dice 0.863623 mean_hd95 3.492157
2026-01-12 22:31:32 - idx 11 case patient026_frame12 mean_dice 0.811730 mean_hd95 6.523236
2026-01-12 22:31:34 - idx 12 case patient027_frame01 mean_dice 0.865335 mean_hd95 1.412023
2026-01-12 22:31:35 - idx 13 case patient027_frame11 mean_dice 0.777082 mean_hd95 2.914951
2026-01-12 22:31:36 - idx 14 case patient028_frame01 mean_dice 0.871698 mean_hd95 1.333333
2026-01-12 22:31:37 - idx 15 case patient028_frame09 mean_dice 0.799047 mean_hd95 2.354832
2026-01-12 22:31:38 - idx 16 case patient029_frame01 mean_dice 0.897753 mean_hd95 1.333333
2026-01-12 22:31:40 - idx 17 case patient029_frame12 mean_dice 0.432324 mean_hd95 10.819128
2026-01-12 22:31:41 - idx 18 case patient030_frame01 mean_dice 0.919577 mean_hd95 1.000000
2026-01-12 22:31:42 - idx 19 case patient030_frame12 mean_dice 0.730453 mean_hd95 2.873744
2026-01-12 22:31:42 - Mean class 1 mean_dice 0.760025 mean_hd95 4.520201
2026-01-12 22:31:42 - Mean class 2 mean_dice 0.879351 mean_hd95 1.182514
2026-01-12 22:31:42 - Mean class 3 mean_dice 0.896589 mean_hd95 1.393853
2026-01-12 22:31:42 - val epoch: 37, mean_dice: 0.8453216106176095, mean_hd95: 2.3655227510934913, time(s): 22.07
2026-01-12 22:31:43 - train: epoch 38, iter:0, loss: 0.1143, lr: 0.0007015882058642168
2026-01-12 22:31:46 - train: epoch 38, iter:10, loss: 0.1115, lr: 0.0007015882058642168
2026-01-12 22:31:49 - train: epoch 38, iter:20, loss: 0.1078, lr: 0.0007015882058642168
2026-01-12 22:31:52 - train: epoch 38, iter:30, loss: 0.1050, lr: 0.0007015882058642168
2026-01-12 22:31:55 - train: epoch 38, iter:40, loss: 0.0940, lr: 0.0007015882058642168
2026-01-12 22:31:58 - train: epoch 38, iter:50, loss: 0.1051, lr: 0.0007015882058642168
2026-01-12 22:32:01 - train: epoch 38, iter:60, loss: 0.1508, lr: 0.0007015882058642168
2026-01-12 22:32:04 - train: epoch 38, iter:70, loss: 0.1024, lr: 0.0007015882058642168
2026-01-12 22:32:07 - train: epoch 38, iter:80, loss: 0.1015, lr: 0.0007015882058642168
2026-01-12 22:32:08 - Finish one epoch train: epoch 38, loss: 0.1062, time(s): 25.21
2026-01-12 22:32:09 - idx 0 case patient021_frame13 mean_dice 0.826541 mean_hd95 1.483163
2026-01-12 22:32:10 - idx 1 case patient021_frame01 mean_dice 0.938558 mean_hd95 1.000000
2026-01-12 22:32:11 - idx 2 case patient022_frame01 mean_dice 0.922948 mean_hd95 1.000000
2026-01-12 22:32:12 - idx 3 case patient022_frame11 mean_dice 0.877851 mean_hd95 1.138071
2026-01-12 22:32:13 - idx 4 case patient023_frame01 mean_dice 0.926912 mean_hd95 1.000000
2026-01-12 22:32:14 - idx 5 case patient023_frame09 mean_dice 0.777461 mean_hd95 2.388298
2026-01-12 22:32:15 - idx 6 case patient024_frame01 mean_dice 0.936039 mean_hd95 1.000000
2026-01-12 22:32:16 - idx 7 case patient024_frame09 mean_dice 0.917806 mean_hd95 1.000000
2026-01-12 22:32:17 - idx 8 case patient025_frame09 mean_dice 0.836991 mean_hd95 1.471405
2026-01-12 22:32:18 - idx 9 case patient025_frame01 mean_dice 0.917768 mean_hd95 1.000000
2026-01-12 22:32:19 - idx 10 case patient026_frame01 mean_dice 0.916119 mean_hd95 1.000000
2026-01-12 22:32:20 - idx 11 case patient026_frame12 mean_dice 0.847928 mean_hd95 2.916434
2026-01-12 22:32:21 - idx 12 case patient027_frame01 mean_dice 0.860613 mean_hd95 1.138071
2026-01-12 22:32:23 - idx 13 case patient027_frame11 mean_dice 0.754711 mean_hd95 3.138548
2026-01-12 22:32:24 - idx 14 case patient028_frame01 mean_dice 0.932501 mean_hd95 1.000000
2026-01-12 22:32:25 - idx 15 case patient028_frame09 mean_dice 0.800128 mean_hd95 2.149830
2026-01-12 22:32:26 - idx 16 case patient029_frame01 mean_dice 0.930176 mean_hd95 1.000000
2026-01-12 22:32:28 - idx 17 case patient029_frame12 mean_dice 0.512768 mean_hd95 11.024278
2026-01-12 22:32:29 - idx 18 case patient030_frame01 mean_dice 0.917694 mean_hd95 1.000000
2026-01-12 22:32:30 - idx 19 case patient030_frame12 mean_dice 0.736979 mean_hd95 3.039835
2026-01-12 22:32:30 - Mean class 1 mean_dice 0.784065 mean_hd95 3.368053
2026-01-12 22:32:30 - Mean class 2 mean_dice 0.894774 mean_hd95 1.153225
2026-01-12 22:32:30 - Mean class 3 mean_dice 0.884435 mean_hd95 1.461913
2026-01-12 22:32:30 - val epoch: 38, mean_dice: 0.8544245979684724, mean_hd95: 1.9943966642123714, time(s): 22.04
2026-01-12 22:32:31 - train: epoch 39, iter:0, loss: 0.1082, lr: 0.0006872216535789162
2026-01-12 22:32:34 - train: epoch 39, iter:10, loss: 0.1088, lr: 0.0006872216535789162
2026-01-12 22:32:37 - train: epoch 39, iter:20, loss: 0.1320, lr: 0.0006872216535789162
2026-01-12 22:32:40 - train: epoch 39, iter:30, loss: 0.0921, lr: 0.0006872216535789162
2026-01-12 22:32:43 - train: epoch 39, iter:40, loss: 0.1025, lr: 0.0006872216535789162
2026-01-12 22:32:46 - train: epoch 39, iter:50, loss: 0.0986, lr: 0.0006872216535789162
2026-01-12 22:32:49 - train: epoch 39, iter:60, loss: 0.0988, lr: 0.0006872216535789162
2026-01-12 22:32:52 - train: epoch 39, iter:70, loss: 0.1120, lr: 0.0006872216535789162
2026-01-12 22:32:55 - train: epoch 39, iter:80, loss: 0.1087, lr: 0.0006872216535789162
2026-01-12 22:32:56 - Finish one epoch train: epoch 39, loss: 0.1048, time(s): 25.40
2026-01-12 22:32:57 - idx 0 case patient021_frame13 mean_dice 0.827534 mean_hd95 1.483163
2026-01-12 22:32:58 - idx 1 case patient021_frame01 mean_dice 0.944818 mean_hd95 1.000000
2026-01-12 22:32:59 - idx 2 case patient022_frame01 mean_dice 0.917427 mean_hd95 1.000000
2026-01-12 22:33:00 - idx 3 case patient022_frame11 mean_dice 0.836010 mean_hd95 1.471405
2026-01-12 22:33:01 - idx 4 case patient023_frame01 mean_dice 0.929079 mean_hd95 1.000000
2026-01-12 22:33:02 - idx 5 case patient023_frame09 mean_dice 0.822998 mean_hd95 1.550094
2026-01-12 22:33:03 - idx 6 case patient024_frame01 mean_dice 0.940343 mean_hd95 1.000000
2026-01-12 22:33:04 - idx 7 case patient024_frame09 mean_dice 0.917485 mean_hd95 1.000000
2026-01-12 22:33:05 - idx 8 case patient025_frame09 mean_dice 0.852607 mean_hd95 1.244017
2026-01-12 22:33:06 - idx 9 case patient025_frame01 mean_dice 0.931847 mean_hd95 1.000000
2026-01-12 22:33:07 - idx 10 case patient026_frame01 mean_dice 0.912538 mean_hd95 1.138071
2026-01-12 22:33:08 - idx 11 case patient026_frame12 mean_dice 0.796099 mean_hd95 2.715421
2026-01-12 22:33:09 - idx 12 case patient027_frame01 mean_dice 0.900664 mean_hd95 1.138071
2026-01-12 22:33:10 - idx 13 case patient027_frame11 mean_dice 0.797963 mean_hd95 2.634645
2026-01-12 22:33:12 - idx 14 case patient028_frame01 mean_dice 0.930639 mean_hd95 1.000000
2026-01-12 22:33:13 - idx 15 case patient028_frame09 mean_dice 0.810750 mean_hd95 2.138071
2026-01-12 22:33:14 - idx 16 case patient029_frame01 mean_dice 0.940249 mean_hd95 1.000000
2026-01-12 22:33:15 - idx 17 case patient029_frame12 mean_dice 0.559649 mean_hd95 3.863639
2026-01-12 22:33:16 - idx 18 case patient030_frame01 mean_dice 0.908532 mean_hd95 1.000000
2026-01-12 22:33:18 - idx 19 case patient030_frame12 mean_dice 0.742032 mean_hd95 3.150458
2026-01-12 22:33:18 - Mean class 1 mean_dice 0.807148 mean_hd95 2.163133
2026-01-12 22:33:18 - Mean class 2 mean_dice 0.879755 mean_hd95 1.263896
2026-01-12 22:33:18 - Mean class 3 mean_dice 0.895986 mean_hd95 1.302030
2026-01-12 22:33:18 - val epoch: 39, mean_dice: 0.8609631082755352, mean_hd95: 1.576352792926496, time(s): 21.84
2026-01-12 22:33:19 - train: epoch 40, iter:0, loss: 0.0948, lr: 0.0006726752705214198
2026-01-12 22:33:22 - train: epoch 40, iter:10, loss: 0.1104, lr: 0.0006726752705214198
2026-01-12 22:33:25 - train: epoch 40, iter:20, loss: 0.0907, lr: 0.0006726752705214198
2026-01-12 22:33:28 - train: epoch 40, iter:30, loss: 0.1052, lr: 0.0006726752705214198
2026-01-12 22:33:31 - train: epoch 40, iter:40, loss: 0.0930, lr: 0.0006726752705214198
2026-01-12 22:33:34 - train: epoch 40, iter:50, loss: 0.1097, lr: 0.0006726752705214198
2026-01-12 22:33:37 - train: epoch 40, iter:60, loss: 0.1367, lr: 0.0006726752705214198
2026-01-12 22:33:40 - train: epoch 40, iter:70, loss: 0.1163, lr: 0.0006726752705214198
2026-01-12 22:33:43 - train: epoch 40, iter:80, loss: 0.1307, lr: 0.0006726752705214198
2026-01-12 22:33:43 - Finish one epoch train: epoch 40, loss: 0.1095, time(s): 25.23
2026-01-12 22:33:45 - idx 0 case patient021_frame13 mean_dice 0.828688 mean_hd95 1.720759
2026-01-12 22:33:46 - idx 1 case patient021_frame01 mean_dice 0.933735 mean_hd95 1.000000
2026-01-12 22:33:47 - idx 2 case patient022_frame01 mean_dice 0.912503 mean_hd95 1.000000
2026-01-12 22:33:47 - idx 3 case patient022_frame11 mean_dice 0.817110 mean_hd95 3.254228
2026-01-12 22:33:48 - idx 4 case patient023_frame01 mean_dice 0.928448 mean_hd95 1.000000
2026-01-12 22:33:49 - idx 5 case patient023_frame09 mean_dice 0.835718 mean_hd95 1.550094
2026-01-12 22:33:50 - idx 6 case patient024_frame01 mean_dice 0.933207 mean_hd95 1.000000
2026-01-12 22:33:51 - idx 7 case patient024_frame09 mean_dice 0.906349 mean_hd95 1.000000
2026-01-12 22:33:52 - idx 8 case patient025_frame09 mean_dice 0.837960 mean_hd95 1.550094
2026-01-12 22:33:53 - idx 9 case patient025_frame01 mean_dice 0.928310 mean_hd95 1.000000
2026-01-12 22:33:55 - idx 10 case patient026_frame01 mean_dice 0.902693 mean_hd95 6.629515
2026-01-12 22:33:56 - idx 11 case patient026_frame12 mean_dice 0.818809 mean_hd95 2.265515
2026-01-12 22:33:57 - idx 12 case patient027_frame01 mean_dice 0.901916 mean_hd95 1.138071
2026-01-12 22:33:58 - idx 13 case patient027_frame11 mean_dice 0.817404 mean_hd95 3.246149
2026-01-12 22:33:59 - idx 14 case patient028_frame01 mean_dice 0.932790 mean_hd95 1.000000
2026-01-12 22:34:01 - idx 15 case patient028_frame09 mean_dice 0.796434 mean_hd95 1.883427
2026-01-12 22:34:02 - idx 16 case patient029_frame01 mean_dice 0.937898 mean_hd95 1.000000
2026-01-12 22:34:03 - idx 17 case patient029_frame12 mean_dice 0.557282 mean_hd95 3.344022
2026-01-12 22:34:04 - idx 18 case patient030_frame01 mean_dice 0.898134 mean_hd95 1.276142
2026-01-12 22:34:06 - idx 19 case patient030_frame12 mean_dice 0.699670 mean_hd95 3.643464
2026-01-12 22:34:06 - Mean class 1 mean_dice 0.814249 mean_hd95 2.292447
2026-01-12 22:34:06 - Mean class 2 mean_dice 0.874507 mean_hd95 1.301959
2026-01-12 22:34:06 - Mean class 3 mean_dice 0.880002 mean_hd95 2.330816
2026-01-12 22:34:06 - val epoch: 40, mean_dice: 0.8562528717086986, mean_hd95: 1.9750739833072906, time(s): 22.10
2026-01-12 22:34:06 - train: epoch 41, iter:0, loss: 0.1078, lr: 0.0006579634122155995
2026-01-12 22:34:09 - train: epoch 41, iter:10, loss: 0.1494, lr: 0.0006579634122155995
2026-01-12 22:34:12 - train: epoch 41, iter:20, loss: 0.1542, lr: 0.0006579634122155995
2026-01-12 22:34:16 - train: epoch 41, iter:30, loss: 0.1229, lr: 0.0006579634122155995
2026-01-12 22:34:19 - train: epoch 41, iter:40, loss: 0.0869, lr: 0.0006579634122155995
2026-01-12 22:34:22 - train: epoch 41, iter:50, loss: 0.0934, lr: 0.0006579634122155995
2026-01-12 22:34:25 - train: epoch 41, iter:60, loss: 0.1001, lr: 0.0006579634122155995
2026-01-12 22:34:28 - train: epoch 41, iter:70, loss: 0.1282, lr: 0.0006579634122155995
2026-01-12 22:34:31 - train: epoch 41, iter:80, loss: 0.1124, lr: 0.0006579634122155995
2026-01-12 22:34:31 - Finish one epoch train: epoch 41, loss: 0.1094, time(s): 25.07
2026-01-12 22:34:32 - idx 0 case patient021_frame13 mean_dice 0.835896 mean_hd95 1.333333
2026-01-12 22:34:34 - idx 1 case patient021_frame01 mean_dice 0.930308 mean_hd95 1.000000
2026-01-12 22:34:34 - idx 2 case patient022_frame01 mean_dice 0.917116 mean_hd95 1.000000
2026-01-12 22:34:35 - idx 3 case patient022_frame11 mean_dice 0.886267 mean_hd95 1.000000
2026-01-12 22:34:36 - idx 4 case patient023_frame01 mean_dice 0.912019 mean_hd95 3.263217
2026-01-12 22:34:37 - idx 5 case patient023_frame09 mean_dice 0.791002 mean_hd95 2.525497
2026-01-12 22:34:38 - idx 6 case patient024_frame01 mean_dice 0.933738 mean_hd95 1.000000
2026-01-12 22:34:39 - idx 7 case patient024_frame09 mean_dice 0.911068 mean_hd95 1.000000
2026-01-12 22:34:40 - idx 8 case patient025_frame09 mean_dice 0.836951 mean_hd95 1.577350
2026-01-12 22:34:41 - idx 9 case patient025_frame01 mean_dice 0.923492 mean_hd95 1.138071
2026-01-12 22:34:42 - idx 10 case patient026_frame01 mean_dice 0.854523 mean_hd95 2.886460
2026-01-12 22:34:44 - idx 11 case patient026_frame12 mean_dice 0.832076 mean_hd95 3.131615
2026-01-12 22:34:45 - idx 12 case patient027_frame01 mean_dice 0.876434 mean_hd95 1.276142
2026-01-12 22:34:46 - idx 13 case patient027_frame11 mean_dice 0.785781 mean_hd95 2.801639
2026-01-12 22:34:47 - idx 14 case patient028_frame01 mean_dice 0.895276 mean_hd95 1.412023
2026-01-12 22:34:48 - idx 15 case patient028_frame09 mean_dice 0.650196 mean_hd95 4.666667
2026-01-12 22:34:50 - idx 16 case patient029_frame01 mean_dice 0.887815 mean_hd95 2.119633
2026-01-12 22:34:51 - idx 17 case patient029_frame12 mean_dice 0.540073 mean_hd95 13.113247
2026-01-12 22:34:52 - idx 18 case patient030_frame01 mean_dice 0.909014 mean_hd95 1.000000
2026-01-12 22:34:53 - idx 19 case patient030_frame12 mean_dice 0.755022 mean_hd95 2.610357
2026-01-12 22:34:53 - Mean class 1 mean_dice 0.745865 mean_hd95 4.478234
2026-01-12 22:34:53 - Mean class 2 mean_dice 0.885672 mean_hd95 1.283341
2026-01-12 22:34:53 - Mean class 3 mean_dice 0.898073 mean_hd95 1.716713
2026-01-12 22:34:53 - val epoch: 41, mean_dice: 0.8432032737748695, mean_hd95: 2.4927625694851008, time(s): 22.04
2026-01-12 22:34:54 - train: epoch 42, iter:0, loss: 0.1090, lr: 0.000643100597489419
2026-01-12 22:34:57 - train: epoch 42, iter:10, loss: 0.0852, lr: 0.000643100597489419
2026-01-12 22:35:00 - train: epoch 42, iter:20, loss: 0.1067, lr: 0.000643100597489419
2026-01-12 22:35:03 - train: epoch 42, iter:30, loss: 0.0889, lr: 0.000643100597489419
2026-01-12 22:35:06 - train: epoch 42, iter:40, loss: 0.0981, lr: 0.000643100597489419
2026-01-12 22:35:09 - train: epoch 42, iter:50, loss: 0.0827, lr: 0.000643100597489419
2026-01-12 22:35:12 - train: epoch 42, iter:60, loss: 0.1274, lr: 0.000643100597489419
2026-01-12 22:35:15 - train: epoch 42, iter:70, loss: 0.0748, lr: 0.000643100597489419
2026-01-12 22:35:18 - train: epoch 42, iter:80, loss: 0.0859, lr: 0.000643100597489419
2026-01-12 22:35:19 - Finish one epoch train: epoch 42, loss: 0.1070, time(s): 25.00
2026-01-12 22:35:20 - idx 0 case patient021_frame13 mean_dice 0.809881 mean_hd95 2.080880
2026-01-12 22:35:21 - idx 1 case patient021_frame01 mean_dice 0.941548 mean_hd95 1.000000
2026-01-12 22:35:22 - idx 2 case patient022_frame01 mean_dice 0.910781 mean_hd95 1.000000
2026-01-12 22:35:23 - idx 3 case patient022_frame11 mean_dice 0.845289 mean_hd95 3.354086
2026-01-12 22:35:24 - idx 4 case patient023_frame01 mean_dice 0.932496 mean_hd95 1.000000
2026-01-12 22:35:25 - idx 5 case patient023_frame09 mean_dice 0.825914 mean_hd95 1.276142
2026-01-12 22:35:26 - idx 6 case patient024_frame01 mean_dice 0.930219 mean_hd95 1.000000
2026-01-12 22:35:26 - idx 7 case patient024_frame09 mean_dice 0.913371 mean_hd95 1.000000
2026-01-12 22:35:28 - idx 8 case patient025_frame09 mean_dice 0.864999 mean_hd95 1.471405
2026-01-12 22:35:29 - idx 9 case patient025_frame01 mean_dice 0.911284 mean_hd95 1.138071
2026-01-12 22:35:30 - idx 10 case patient026_frame01 mean_dice 0.917845 mean_hd95 1.238720
2026-01-12 22:35:31 - idx 11 case patient026_frame12 mean_dice 0.828284 mean_hd95 2.295974
2026-01-12 22:35:32 - idx 12 case patient027_frame01 mean_dice 0.866467 mean_hd95 1.276142
2026-01-12 22:35:33 - idx 13 case patient027_frame11 mean_dice 0.753039 mean_hd95 3.553085
2026-01-12 22:35:34 - idx 14 case patient028_frame01 mean_dice 0.936773 mean_hd95 1.000000
2026-01-12 22:35:36 - idx 15 case patient028_frame09 mean_dice 0.797008 mean_hd95 2.412023
2026-01-12 22:35:37 - idx 16 case patient029_frame01 mean_dice 0.917290 mean_hd95 1.333333
2026-01-12 22:35:38 - idx 17 case patient029_frame12 mean_dice 0.531681 mean_hd95 9.744604
2026-01-12 22:35:39 - idx 18 case patient030_frame01 mean_dice 0.913250 mean_hd95 1.000000
2026-01-12 22:35:41 - idx 19 case patient030_frame12 mean_dice 0.791557 mean_hd95 2.048351
2026-01-12 22:35:41 - Mean class 1 mean_dice 0.790175 mean_hd95 3.440218
2026-01-12 22:35:41 - Mean class 2 mean_dice 0.882888 mean_hd95 1.238744
2026-01-12 22:35:41 - Mean class 3 mean_dice 0.897783 mean_hd95 1.354460
2026-01-12 22:35:41 - val epoch: 42, mean_dice: 0.8569488279581368, mean_hd95: 2.011140778877026, time(s): 21.87
2026-01-12 22:35:41 - train: epoch 43, iter:0, loss: 0.1038, lr: 0.0006281014941466035
2026-01-12 22:35:44 - train: epoch 43, iter:10, loss: 0.0894, lr: 0.0006281014941466035
2026-01-12 22:35:47 - train: epoch 43, iter:20, loss: 0.0870, lr: 0.0006281014941466035
2026-01-12 22:35:50 - train: epoch 43, iter:30, loss: 0.1147, lr: 0.0006281014941466035
2026-01-12 22:35:53 - train: epoch 43, iter:40, loss: 0.1125, lr: 0.0006281014941466035
2026-01-12 22:35:56 - train: epoch 43, iter:50, loss: 0.0989, lr: 0.0006281014941466035
2026-01-12 22:36:00 - train: epoch 43, iter:60, loss: 0.1042, lr: 0.0006281014941466035
2026-01-12 22:36:03 - train: epoch 43, iter:70, loss: 0.1028, lr: 0.0006281014941466035
2026-01-12 22:36:06 - train: epoch 43, iter:80, loss: 0.1560, lr: 0.0006281014941466035
2026-01-12 22:36:06 - Finish one epoch train: epoch 43, loss: 0.1121, time(s): 24.96
2026-01-12 22:36:07 - idx 0 case patient021_frame13 mean_dice 0.824561 mean_hd95 1.666667
2026-01-12 22:36:08 - idx 1 case patient021_frame01 mean_dice 0.939628 mean_hd95 1.000000
2026-01-12 22:36:09 - idx 2 case patient022_frame01 mean_dice 0.922722 mean_hd95 1.000000
2026-01-12 22:36:10 - idx 3 case patient022_frame11 mean_dice 0.869010 mean_hd95 1.412023
2026-01-12 22:36:11 - idx 4 case patient023_frame01 mean_dice 0.922015 mean_hd95 1.000000
2026-01-12 22:36:12 - idx 5 case patient023_frame09 mean_dice 0.800816 mean_hd95 1.666667
2026-01-12 22:36:13 - idx 6 case patient024_frame01 mean_dice 0.938390 mean_hd95 1.000000
2026-01-12 22:36:14 - idx 7 case patient024_frame09 mean_dice 0.904219 mean_hd95 1.000000
2026-01-12 22:36:15 - idx 8 case patient025_frame09 mean_dice 0.862236 mean_hd95 1.471405
2026-01-12 22:36:16 - idx 9 case patient025_frame01 mean_dice 0.888701 mean_hd95 1.138071
2026-01-12 22:36:17 - idx 10 case patient026_frame01 mean_dice 0.838030 mean_hd95 4.656542
2026-01-12 22:36:18 - idx 11 case patient026_frame12 mean_dice 0.805808 mean_hd95 2.804738
2026-01-12 22:36:20 - idx 12 case patient027_frame01 mean_dice 0.851882 mean_hd95 1.412023
2026-01-12 22:36:21 - idx 13 case patient027_frame11 mean_dice 0.559304 mean_hd95 8.319186
2026-01-12 22:36:22 - idx 14 case patient028_frame01 mean_dice 0.931745 mean_hd95 1.000000
2026-01-12 22:36:23 - idx 15 case patient028_frame09 mean_dice 0.774345 mean_hd95 2.483163
2026-01-12 22:36:24 - idx 16 case patient029_frame01 mean_dice 0.843651 mean_hd95 2.610317
2026-01-12 22:36:26 - idx 17 case patient029_frame12 mean_dice 0.262118 mean_hd95 2.529069
2026-01-12 22:36:27 - idx 18 case patient030_frame01 mean_dice 0.908720 mean_hd95 1.000000
2026-01-12 22:36:28 - idx 19 case patient030_frame12 mean_dice 0.752193 mean_hd95 2.776764
2026-01-12 22:36:28 - Mean class 1 mean_dice 0.724451 mean_hd95 3.536224
2026-01-12 22:36:28 - Mean class 2 mean_dice 0.875636 mean_hd95 1.257812
2026-01-12 22:36:28 - Mean class 3 mean_dice 0.859927 mean_hd95 1.497959
2026-01-12 22:36:28 - val epoch: 43, mean_dice: 0.820004645415744, mean_hd95: 2.0973316950524663, time(s): 21.94
2026-01-12 22:36:29 - train: epoch 44, iter:0, loss: 0.1157, lr: 0.000612980904491289
2026-01-12 22:36:32 - train: epoch 44, iter:10, loss: 0.1467, lr: 0.000612980904491289
2026-01-12 22:36:35 - train: epoch 44, iter:20, loss: 0.1338, lr: 0.000612980904491289
2026-01-12 22:36:38 - train: epoch 44, iter:30, loss: 0.1452, lr: 0.000612980904491289
2026-01-12 22:36:41 - train: epoch 44, iter:40, loss: 0.0823, lr: 0.000612980904491289
2026-01-12 22:36:44 - train: epoch 44, iter:50, loss: 0.1325, lr: 0.000612980904491289
2026-01-12 22:36:47 - train: epoch 44, iter:60, loss: 0.1563, lr: 0.000612980904491289
2026-01-12 22:36:50 - train: epoch 44, iter:70, loss: 0.1163, lr: 0.000612980904491289
2026-01-12 22:36:53 - train: epoch 44, iter:80, loss: 0.1075, lr: 0.000612980904491289
2026-01-12 22:36:53 - Finish one epoch train: epoch 44, loss: 0.1227, time(s): 24.85
2026-01-12 22:36:55 - idx 0 case patient021_frame13 mean_dice 0.837263 mean_hd95 1.412023
2026-01-12 22:36:56 - idx 1 case patient021_frame01 mean_dice 0.925378 mean_hd95 1.000000
2026-01-12 22:36:57 - idx 2 case patient022_frame01 mean_dice 0.897735 mean_hd95 3.051788
2026-01-12 22:36:57 - idx 3 case patient022_frame11 mean_dice 0.835899 mean_hd95 6.546605
2026-01-12 22:36:58 - idx 4 case patient023_frame01 mean_dice 0.881311 mean_hd95 1.138071
2026-01-12 22:36:59 - idx 5 case patient023_frame09 mean_dice 0.868060 mean_hd95 1.000000
2026-01-12 22:37:00 - idx 6 case patient024_frame01 mean_dice 0.935915 mean_hd95 1.000000
2026-01-12 22:37:01 - idx 7 case patient024_frame09 mean_dice 0.912779 mean_hd95 1.000000
2026-01-12 22:37:02 - idx 8 case patient025_frame09 mean_dice 0.848570 mean_hd95 1.471405
2026-01-12 22:37:03 - idx 9 case patient025_frame01 mean_dice 0.928669 mean_hd95 1.000000
2026-01-12 22:37:05 - idx 10 case patient026_frame01 mean_dice 0.900611 mean_hd95 8.649977
2026-01-12 22:37:06 - idx 11 case patient026_frame12 mean_dice 0.793124 mean_hd95 5.796990
2026-01-12 22:37:07 - idx 12 case patient027_frame01 mean_dice 0.906986 mean_hd95 1.138071
2026-01-12 22:37:08 - idx 13 case patient027_frame11 mean_dice 0.844658 mean_hd95 2.845773
2026-01-12 22:37:09 - idx 14 case patient028_frame01 mean_dice 0.931522 mean_hd95 1.000000
2026-01-12 22:37:11 - idx 15 case patient028_frame09 mean_dice 0.820278 mean_hd95 2.048755
2026-01-12 22:37:12 - idx 16 case patient029_frame01 mean_dice 0.926114 mean_hd95 1.483163
2026-01-12 22:37:13 - idx 17 case patient029_frame12 mean_dice 0.706497 mean_hd95 20.967918
2026-01-12 22:37:14 - idx 18 case patient030_frame01 mean_dice 0.879823 mean_hd95 1.471405
2026-01-12 22:37:15 - idx 19 case patient030_frame12 mean_dice 0.686186 mean_hd95 3.452828
2026-01-12 22:37:15 - Mean class 1 mean_dice 0.816147 mean_hd95 2.610385
2026-01-12 22:37:15 - Mean class 2 mean_dice 0.884884 mean_hd95 1.282843
2026-01-12 22:37:15 - Mean class 3 mean_dice 0.889075 mean_hd95 6.227988
2026-01-12 22:37:15 - val epoch: 44, mean_dice: 0.8633688409798658, mean_hd95: 3.37373858475696, time(s): 22.06
2026-01-12 22:37:16 - train: epoch 45, iter:0, loss: 0.0959, lr: 0.0005977537507199342
2026-01-12 22:37:19 - train: epoch 45, iter:10, loss: 0.1145, lr: 0.0005977537507199342
2026-01-12 22:37:22 - train: epoch 45, iter:20, loss: 0.0949, lr: 0.0005977537507199342
2026-01-12 22:37:25 - train: epoch 45, iter:30, loss: 0.1007, lr: 0.0005977537507199342
2026-01-12 22:37:29 - train: epoch 45, iter:40, loss: 0.0861, lr: 0.0005977537507199342
2026-01-12 22:37:32 - train: epoch 45, iter:50, loss: 0.1339, lr: 0.0005977537507199342
2026-01-12 22:37:35 - train: epoch 45, iter:60, loss: 0.0790, lr: 0.0005977537507199342
2026-01-12 22:37:38 - train: epoch 45, iter:70, loss: 0.1552, lr: 0.0005977537507199342
2026-01-12 22:37:41 - train: epoch 45, iter:80, loss: 0.0994, lr: 0.0005977537507199342
2026-01-12 22:37:41 - Finish one epoch train: epoch 45, loss: 0.1107, time(s): 25.31
2026-01-12 22:37:43 - idx 0 case patient021_frame13 mean_dice 0.844907 mean_hd95 1.333333
2026-01-12 22:37:44 - idx 1 case patient021_frame01 mean_dice 0.936866 mean_hd95 1.000000
2026-01-12 22:37:45 - idx 2 case patient022_frame01 mean_dice 0.878084 mean_hd95 7.060778
2026-01-12 22:37:45 - idx 3 case patient022_frame11 mean_dice 0.792879 mean_hd95 13.294782
2026-01-12 22:37:46 - idx 4 case patient023_frame01 mean_dice 0.888470 mean_hd95 1.000000
2026-01-12 22:37:47 - idx 5 case patient023_frame09 mean_dice 0.869642 mean_hd95 1.138071
2026-01-12 22:37:48 - idx 6 case patient024_frame01 mean_dice 0.936244 mean_hd95 1.000000
2026-01-12 22:37:49 - idx 7 case patient024_frame09 mean_dice 0.911598 mean_hd95 1.000000
2026-01-12 22:37:50 - idx 8 case patient025_frame09 mean_dice 0.857066 mean_hd95 1.412023
2026-01-12 22:37:51 - idx 9 case patient025_frame01 mean_dice 0.929514 mean_hd95 1.000000
2026-01-12 22:37:53 - idx 10 case patient026_frame01 mean_dice 0.919331 mean_hd95 1.138071
2026-01-12 22:37:54 - idx 11 case patient026_frame12 mean_dice 0.850796 mean_hd95 4.987001
2026-01-12 22:37:55 - idx 12 case patient027_frame01 mean_dice 0.917247 mean_hd95 1.138071
2026-01-12 22:37:56 - idx 13 case patient027_frame11 mean_dice 0.772459 mean_hd95 2.951315
2026-01-12 22:37:57 - idx 14 case patient028_frame01 mean_dice 0.929649 mean_hd95 1.000000
2026-01-12 22:37:59 - idx 15 case patient028_frame09 mean_dice 0.819744 mean_hd95 2.333333
2026-01-12 22:38:00 - idx 16 case patient029_frame01 mean_dice 0.939595 mean_hd95 1.000000
2026-01-12 22:38:01 - idx 17 case patient029_frame12 mean_dice 0.654071 mean_hd95 2.466115
2026-01-12 22:38:02 - idx 18 case patient030_frame01 mean_dice 0.896178 mean_hd95 1.000000
2026-01-12 22:38:04 - idx 19 case patient030_frame12 mean_dice 0.683261 mean_hd95 3.548018
2026-01-12 22:38:04 - Mean class 1 mean_dice 0.825508 mean_hd95 2.605785
2026-01-12 22:38:04 - Mean class 2 mean_dice 0.882402 mean_hd95 1.347141
2026-01-12 22:38:04 - Mean class 3 mean_dice 0.876230 mean_hd95 3.667211
2026-01-12 22:38:04 - val epoch: 45, mean_dice: 0.8613801592580052, mean_hd95: 2.5400455690461397, time(s): 22.10
2026-01-12 22:38:04 - train: epoch 46, iter:0, loss: 0.0983, lr: 0.0005824350601949147
2026-01-12 22:38:07 - train: epoch 46, iter:10, loss: 0.0752, lr: 0.0005824350601949147
2026-01-12 22:38:10 - train: epoch 46, iter:20, loss: 0.1497, lr: 0.0005824350601949147
2026-01-12 22:38:13 - train: epoch 46, iter:30, loss: 0.0916, lr: 0.0005824350601949147
2026-01-12 22:38:16 - train: epoch 46, iter:40, loss: 0.1380, lr: 0.0005824350601949147
2026-01-12 22:38:19 - train: epoch 46, iter:50, loss: 0.0987, lr: 0.0005824350601949147
2026-01-12 22:38:22 - train: epoch 46, iter:60, loss: 0.0934, lr: 0.0005824350601949147
2026-01-12 22:38:26 - train: epoch 46, iter:70, loss: 0.1695, lr: 0.0005824350601949147
2026-01-12 22:38:29 - train: epoch 46, iter:80, loss: 0.1134, lr: 0.0005824350601949147
2026-01-12 22:38:29 - Finish one epoch train: epoch 46, loss: 0.1217, time(s): 25.00
2026-01-12 22:38:30 - idx 0 case patient021_frame13 mean_dice 0.819566 mean_hd95 1.412023
2026-01-12 22:38:31 - idx 1 case patient021_frame01 mean_dice 0.921477 mean_hd95 1.000000
2026-01-12 22:38:32 - idx 2 case patient022_frame01 mean_dice 0.922851 mean_hd95 1.000000
2026-01-12 22:38:33 - idx 3 case patient022_frame11 mean_dice 0.846441 mean_hd95 1.333333
2026-01-12 22:38:34 - idx 4 case patient023_frame01 mean_dice 0.886691 mean_hd95 1.000000
2026-01-12 22:38:35 - idx 5 case patient023_frame09 mean_dice 0.835569 mean_hd95 1.954568
2026-01-12 22:38:36 - idx 6 case patient024_frame01 mean_dice 0.931862 mean_hd95 1.000000
2026-01-12 22:38:37 - idx 7 case patient024_frame09 mean_dice 0.925539 mean_hd95 1.000000
2026-01-12 22:38:38 - idx 8 case patient025_frame09 mean_dice 0.827373 mean_hd95 1.715421
2026-01-12 22:38:39 - idx 9 case patient025_frame01 mean_dice 0.914688 mean_hd95 1.138071
2026-01-12 22:38:40 - idx 10 case patient026_frame01 mean_dice 0.914308 mean_hd95 1.138071
2026-01-12 22:38:42 - idx 11 case patient026_frame12 mean_dice 0.801425 mean_hd95 2.243613
2026-01-12 22:38:43 - idx 12 case patient027_frame01 mean_dice 0.915752 mean_hd95 1.000000
2026-01-12 22:38:44 - idx 13 case patient027_frame11 mean_dice 0.845933 mean_hd95 2.179106
2026-01-12 22:38:45 - idx 14 case patient028_frame01 mean_dice 0.935552 mean_hd95 1.000000
2026-01-12 22:38:46 - idx 15 case patient028_frame09 mean_dice 0.836589 mean_hd95 1.794111
2026-01-12 22:38:48 - idx 16 case patient029_frame01 mean_dice 0.936118 mean_hd95 1.000000
2026-01-12 22:38:49 - idx 17 case patient029_frame12 mean_dice 0.790605 mean_hd95 1.883427
2026-01-12 22:38:50 - idx 18 case patient030_frame01 mean_dice 0.884922 mean_hd95 1.138071
2026-01-12 22:38:52 - idx 19 case patient030_frame12 mean_dice 0.740336 mean_hd95 3.192876
2026-01-12 22:38:52 - Mean class 1 mean_dice 0.834714 mean_hd95 1.691173
2026-01-12 22:38:52 - Mean class 2 mean_dice 0.885040 mean_hd95 1.236067
2026-01-12 22:38:52 - Mean class 3 mean_dice 0.895286 mean_hd95 1.441164
2026-01-12 22:38:52 - val epoch: 46, mean_dice: 0.8716799081240555, mean_hd95: 1.4561345888848887, time(s): 22.44
2026-01-12 22:38:53 - train: epoch 47, iter:0, loss: 0.1371, lr: 0.000567039950614331
2026-01-12 22:38:56 - train: epoch 47, iter:10, loss: 0.1319, lr: 0.000567039950614331
2026-01-12 22:38:59 - train: epoch 47, iter:20, loss: 0.1187, lr: 0.000567039950614331
2026-01-12 22:39:02 - train: epoch 47, iter:30, loss: 0.1124, lr: 0.000567039950614331
2026-01-12 22:39:05 - train: epoch 47, iter:40, loss: 0.0996, lr: 0.000567039950614331
2026-01-12 22:39:08 - train: epoch 47, iter:50, loss: 0.1370, lr: 0.000567039950614331
2026-01-12 22:39:11 - train: epoch 47, iter:60, loss: 0.1456, lr: 0.000567039950614331
2026-01-12 22:39:14 - train: epoch 47, iter:70, loss: 0.1125, lr: 0.000567039950614331
2026-01-12 22:39:17 - train: epoch 47, iter:80, loss: 0.1210, lr: 0.000567039950614331
2026-01-12 22:39:17 - Finish one epoch train: epoch 47, loss: 0.1107, time(s): 24.90
2026-01-12 22:39:18 - idx 0 case patient021_frame13 mean_dice 0.820264 mean_hd95 1.483163
2026-01-12 22:39:19 - idx 1 case patient021_frame01 mean_dice 0.937230 mean_hd95 1.000000
2026-01-12 22:39:20 - idx 2 case patient022_frame01 mean_dice 0.916799 mean_hd95 1.000000
2026-01-12 22:39:21 - idx 3 case patient022_frame11 mean_dice 0.887193 mean_hd95 1.000000
2026-01-12 22:39:22 - idx 4 case patient023_frame01 mean_dice 0.926548 mean_hd95 1.000000
2026-01-12 22:39:23 - idx 5 case patient023_frame09 mean_dice 0.818743 mean_hd95 2.102847
2026-01-12 22:39:24 - idx 6 case patient024_frame01 mean_dice 0.936289 mean_hd95 1.000000
2026-01-12 22:39:25 - idx 7 case patient024_frame09 mean_dice 0.919436 mean_hd95 1.000000
2026-01-12 22:39:26 - idx 8 case patient025_frame09 mean_dice 0.860634 mean_hd95 1.333333
2026-01-12 22:39:27 - idx 9 case patient025_frame01 mean_dice 0.911077 mean_hd95 1.138071
2026-01-12 22:39:28 - idx 10 case patient026_frame01 mean_dice 0.904354 mean_hd95 1.138071
2026-01-12 22:39:30 - idx 11 case patient026_frame12 mean_dice 0.801132 mean_hd95 1.962117
2026-01-12 22:39:31 - idx 12 case patient027_frame01 mean_dice 0.871956 mean_hd95 1.138071
2026-01-12 22:39:32 - idx 13 case patient027_frame11 mean_dice 0.717570 mean_hd95 3.627013
2026-01-12 22:39:33 - idx 14 case patient028_frame01 mean_dice 0.925778 mean_hd95 1.000000
2026-01-12 22:39:34 - idx 15 case patient028_frame09 mean_dice 0.693411 mean_hd95 3.552285
2026-01-12 22:39:36 - idx 16 case patient029_frame01 mean_dice 0.932861 mean_hd95 1.000000
2026-01-12 22:39:37 - idx 17 case patient029_frame12 mean_dice 0.441927 mean_hd95 1.745356
2026-01-12 22:39:38 - idx 18 case patient030_frame01 mean_dice 0.902643 mean_hd95 1.000000
2026-01-12 22:39:39 - idx 19 case patient030_frame12 mean_dice 0.711689 mean_hd95 3.259317
2026-01-12 22:39:39 - Mean class 1 mean_dice 0.762548 mean_hd95 2.017611
2026-01-12 22:39:39 - Mean class 2 mean_dice 0.875615 mean_hd95 1.282843
2026-01-12 22:39:39 - Mean class 3 mean_dice 0.887467 mean_hd95 1.421493
2026-01-12 22:39:39 - val epoch: 47, mean_dice: 0.841876729985016, mean_hd95: 1.5739822410660806, time(s): 22.24
2026-01-12 22:39:40 - train: epoch 48, iter:0, loss: 0.1042, lr: 0.0005515836150926649
2026-01-12 22:39:43 - train: epoch 48, iter:10, loss: 0.0803, lr: 0.0005515836150926649
2026-01-12 22:39:46 - train: epoch 48, iter:20, loss: 0.1133, lr: 0.0005515836150926649
2026-01-12 22:39:49 - train: epoch 48, iter:30, loss: 0.0864, lr: 0.0005515836150926649
2026-01-12 22:39:52 - train: epoch 48, iter:40, loss: 0.0976, lr: 0.0005515836150926649
2026-01-12 22:39:55 - train: epoch 48, iter:50, loss: 0.1068, lr: 0.0005515836150926649
2026-01-12 22:39:58 - train: epoch 48, iter:60, loss: 0.1400, lr: 0.0005515836150926649
2026-01-12 22:40:01 - train: epoch 48, iter:70, loss: 0.1265, lr: 0.0005515836150926649
2026-01-12 22:40:04 - train: epoch 48, iter:80, loss: 0.1247, lr: 0.0005515836150926649
2026-01-12 22:40:05 - Finish one epoch train: epoch 48, loss: 0.1088, time(s): 25.17
2026-01-12 22:40:06 - idx 0 case patient021_frame13 mean_dice 0.828763 mean_hd95 1.412023
2026-01-12 22:40:07 - idx 1 case patient021_frame01 mean_dice 0.946091 mean_hd95 1.000000
2026-01-12 22:40:08 - idx 2 case patient022_frame01 mean_dice 0.915063 mean_hd95 1.000000
2026-01-12 22:40:09 - idx 3 case patient022_frame11 mean_dice 0.846866 mean_hd95 2.801041
2026-01-12 22:40:10 - idx 4 case patient023_frame01 mean_dice 0.883430 mean_hd95 1.000000
2026-01-12 22:40:11 - idx 5 case patient023_frame09 mean_dice 0.824687 mean_hd95 1.727180
2026-01-12 22:40:12 - idx 6 case patient024_frame01 mean_dice 0.941785 mean_hd95 1.000000
2026-01-12 22:40:13 - idx 7 case patient024_frame09 mean_dice 0.904887 mean_hd95 1.000000
2026-01-12 22:40:14 - idx 8 case patient025_frame09 mean_dice 0.851734 mean_hd95 1.333333
2026-01-12 22:40:15 - idx 9 case patient025_frame01 mean_dice 0.922302 mean_hd95 1.000000
2026-01-12 22:40:16 - idx 10 case patient026_frame01 mean_dice 0.905238 mean_hd95 1.720759
2026-01-12 22:40:17 - idx 11 case patient026_frame12 mean_dice 0.856129 mean_hd95 1.883427
2026-01-12 22:40:19 - idx 12 case patient027_frame01 mean_dice 0.885012 mean_hd95 1.138071
2026-01-12 22:40:20 - idx 13 case patient027_frame11 mean_dice 0.775932 mean_hd95 2.965843
2026-01-12 22:40:21 - idx 14 case patient028_frame01 mean_dice 0.931761 mean_hd95 1.000000
2026-01-12 22:40:22 - idx 15 case patient028_frame09 mean_dice 0.791492 mean_hd95 2.666667
2026-01-12 22:40:23 - idx 16 case patient029_frame01 mean_dice 0.933485 mean_hd95 1.000000
2026-01-12 22:40:25 - idx 17 case patient029_frame12 mean_dice 0.644810 mean_hd95 3.610317
2026-01-12 22:40:26 - idx 18 case patient030_frame01 mean_dice 0.890642 mean_hd95 1.138071
2026-01-12 22:40:27 - idx 19 case patient030_frame12 mean_dice 0.669269 mean_hd95 3.860121
2026-01-12 22:40:27 - Mean class 1 mean_dice 0.805735 mean_hd95 2.322122
2026-01-12 22:40:27 - Mean class 2 mean_dice 0.880962 mean_hd95 1.312132
2026-01-12 22:40:27 - Mean class 3 mean_dice 0.885710 mean_hd95 1.504274
2026-01-12 22:40:27 - val epoch: 48, mean_dice: 0.8574688231494356, mean_hd95: 1.7128427233277141, time(s): 22.01
2026-01-12 22:40:28 - train: epoch 49, iter:0, loss: 0.1002, lr: 0.0005360813071670105
2026-01-12 22:40:31 - train: epoch 49, iter:10, loss: 0.1264, lr: 0.0005360813071670105
2026-01-12 22:40:34 - train: epoch 49, iter:20, loss: 0.1434, lr: 0.0005360813071670105
2026-01-12 22:40:37 - train: epoch 49, iter:30, loss: 0.0920, lr: 0.0005360813071670105
2026-01-12 22:40:40 - train: epoch 49, iter:40, loss: 0.1015, lr: 0.0005360813071670105
2026-01-12 22:40:43 - train: epoch 49, iter:50, loss: 0.0990, lr: 0.0005360813071670105
2026-01-12 22:40:46 - train: epoch 49, iter:60, loss: 0.1084, lr: 0.0005360813071670105
2026-01-12 22:40:49 - train: epoch 49, iter:70, loss: 0.1034, lr: 0.0005360813071670105
2026-01-12 22:40:52 - train: epoch 49, iter:80, loss: 0.1188, lr: 0.0005360813071670105
2026-01-12 22:40:53 - Finish one epoch train: epoch 49, loss: 0.1023, time(s): 25.24
2026-01-12 22:40:54 - idx 0 case patient021_frame13 mean_dice 0.835520 mean_hd95 1.138071
2026-01-12 22:40:55 - idx 1 case patient021_frame01 mean_dice 0.941501 mean_hd95 1.000000
2026-01-12 22:40:56 - idx 2 case patient022_frame01 mean_dice 0.916441 mean_hd95 1.000000
2026-01-12 22:40:57 - idx 3 case patient022_frame11 mean_dice 0.847549 mean_hd95 1.276142
2026-01-12 22:40:58 - idx 4 case patient023_frame01 mean_dice 0.921697 mean_hd95 1.000000
2026-01-12 22:40:59 - idx 5 case patient023_frame09 mean_dice 0.816692 mean_hd95 1.824045
2026-01-12 22:41:00 - idx 6 case patient024_frame01 mean_dice 0.929385 mean_hd95 1.000000
2026-01-12 22:41:01 - idx 7 case patient024_frame09 mean_dice 0.910288 mean_hd95 1.000000
2026-01-12 22:41:02 - idx 8 case patient025_frame09 mean_dice 0.869169 mean_hd95 1.281440
2026-01-12 22:41:03 - idx 9 case patient025_frame01 mean_dice 0.907305 mean_hd95 1.000000
2026-01-12 22:41:04 - idx 10 case patient026_frame01 mean_dice 0.919467 mean_hd95 1.000000
2026-01-12 22:41:05 - idx 11 case patient026_frame12 mean_dice 0.856325 mean_hd95 1.794111
2026-01-12 22:41:07 - idx 12 case patient027_frame01 mean_dice 0.842891 mean_hd95 1.276142
2026-01-12 22:41:08 - idx 13 case patient027_frame11 mean_dice 0.785155 mean_hd95 2.514704
2026-01-12 22:41:09 - idx 14 case patient028_frame01 mean_dice 0.930655 mean_hd95 1.000000
2026-01-12 22:41:10 - idx 15 case patient028_frame09 mean_dice 0.807283 mean_hd95 2.333333
2026-01-12 22:41:12 - idx 16 case patient029_frame01 mean_dice 0.917608 mean_hd95 1.333333
2026-01-12 22:41:13 - idx 17 case patient029_frame12 mean_dice 0.547993 mean_hd95 9.476435
2026-01-12 22:41:14 - idx 18 case patient030_frame01 mean_dice 0.904288 mean_hd95 1.000000
2026-01-12 22:41:15 - idx 19 case patient030_frame12 mean_dice 0.746976 mean_hd95 2.965488
2026-01-12 22:41:15 - Mean class 1 mean_dice 0.799297 mean_hd95 2.888436
2026-01-12 22:41:15 - Mean class 2 mean_dice 0.878322 mean_hd95 1.244646
2026-01-12 22:41:15 - Mean class 3 mean_dice 0.895509 mean_hd95 1.298904
2026-01-12 22:41:15 - val epoch: 49, mean_dice: 0.8577093531983294, mean_hd95: 1.8106622963382002, time(s): 22.37
2026-01-12 22:41:16 - train: epoch 50, iter:0, loss: 0.1012, lr: 0.0005205483257436738
2026-01-12 22:41:19 - train: epoch 50, iter:10, loss: 0.0849, lr: 0.0005205483257436738
2026-01-12 22:41:22 - train: epoch 50, iter:20, loss: 0.1065, lr: 0.0005205483257436738
2026-01-12 22:41:25 - train: epoch 50, iter:30, loss: 0.0869, lr: 0.0005205483257436738
2026-01-12 22:41:28 - train: epoch 50, iter:40, loss: 0.1088, lr: 0.0005205483257436738
2026-01-12 22:41:31 - train: epoch 50, iter:50, loss: 0.0921, lr: 0.0005205483257436738
2026-01-12 22:41:34 - train: epoch 50, iter:60, loss: 0.0764, lr: 0.0005205483257436738
2026-01-12 22:41:37 - train: epoch 50, iter:70, loss: 0.1005, lr: 0.0005205483257436738
2026-01-12 22:41:40 - train: epoch 50, iter:80, loss: 0.1052, lr: 0.0005205483257436738
2026-01-12 22:41:41 - Finish one epoch train: epoch 50, loss: 0.0979, time(s): 25.08
2026-01-12 22:41:42 - idx 0 case patient021_frame13 mean_dice 0.814463 mean_hd95 1.621234
2026-01-12 22:41:43 - idx 1 case patient021_frame01 mean_dice 0.943631 mean_hd95 1.000000
2026-01-12 22:41:44 - idx 2 case patient022_frame01 mean_dice 0.921115 mean_hd95 1.000000
2026-01-12 22:41:45 - idx 3 case patient022_frame11 mean_dice 0.850738 mean_hd95 2.080880
2026-01-12 22:41:46 - idx 4 case patient023_frame01 mean_dice 0.902427 mean_hd95 1.000000
2026-01-12 22:41:47 - idx 5 case patient023_frame09 mean_dice 0.817981 mean_hd95 1.138071
2026-01-12 22:41:48 - idx 6 case patient024_frame01 mean_dice 0.930191 mean_hd95 1.000000
2026-01-12 22:41:49 - idx 7 case patient024_frame09 mean_dice 0.893646 mean_hd95 1.138071
2026-01-12 22:41:50 - idx 8 case patient025_frame09 mean_dice 0.846532 mean_hd95 1.440144
2026-01-12 22:41:51 - idx 9 case patient025_frame01 mean_dice 0.930137 mean_hd95 1.000000
2026-01-12 22:41:52 - idx 10 case patient026_frame01 mean_dice 0.918590 mean_hd95 1.000000
2026-01-12 22:41:53 - idx 11 case patient026_frame12 mean_dice 0.860467 mean_hd95 2.048351
2026-01-12 22:41:54 - idx 12 case patient027_frame01 mean_dice 0.839940 mean_hd95 1.414214
2026-01-12 22:41:56 - idx 13 case patient027_frame11 mean_dice 0.808015 mean_hd95 2.322302
2026-01-12 22:41:57 - idx 14 case patient028_frame01 mean_dice 0.926812 mean_hd95 1.000000
2026-01-12 22:41:58 - idx 15 case patient028_frame09 mean_dice 0.831432 mean_hd95 1.883427
2026-01-12 22:41:59 - idx 16 case patient029_frame01 mean_dice 0.936874 mean_hd95 1.000000
2026-01-12 22:42:01 - idx 17 case patient029_frame12 mean_dice 0.697047 mean_hd95 2.591038
2026-01-12 22:42:02 - idx 18 case patient030_frame01 mean_dice 0.909026 mean_hd95 1.000000
2026-01-12 22:42:03 - idx 19 case patient030_frame12 mean_dice 0.734671 mean_hd95 3.134375
2026-01-12 22:42:03 - Mean class 1 mean_dice 0.820067 mean_hd95 1.991102
2026-01-12 22:42:03 - Mean class 2 mean_dice 0.888683 mean_hd95 1.173935
2026-01-12 22:42:03 - Mean class 3 mean_dice 0.888310 mean_hd95 1.306778
2026-01-12 22:42:03 - val epoch: 50, mean_dice: 0.8656867476783366, mean_hd95: 1.4906053279618756, time(s): 22.17
2026-01-12 22:42:04 - train: epoch 51, iter:0, loss: 0.0794, lr: 0.0005050000000000002
2026-01-12 22:42:07 - train: epoch 51, iter:10, loss: 0.0918, lr: 0.0005050000000000002
2026-01-12 22:42:10 - train: epoch 51, iter:20, loss: 0.0893, lr: 0.0005050000000000002
2026-01-12 22:42:13 - train: epoch 51, iter:30, loss: 0.1052, lr: 0.0005050000000000002
2026-01-12 22:42:16 - train: epoch 51, iter:40, loss: 0.0795, lr: 0.0005050000000000002
2026-01-12 22:42:19 - train: epoch 51, iter:50, loss: 0.0967, lr: 0.0005050000000000002
2026-01-12 22:42:22 - train: epoch 51, iter:60, loss: 0.0895, lr: 0.0005050000000000002
2026-01-12 22:42:25 - train: epoch 51, iter:70, loss: 0.0838, lr: 0.0005050000000000002
2026-01-12 22:42:28 - train: epoch 51, iter:80, loss: 0.0945, lr: 0.0005050000000000002
2026-01-12 22:42:29 - Finish one epoch train: epoch 51, loss: 0.1002, time(s): 25.08
2026-01-12 22:42:30 - idx 0 case patient021_frame13 mean_dice 0.842048 mean_hd95 1.138071
2026-01-12 22:42:31 - idx 1 case patient021_frame01 mean_dice 0.941423 mean_hd95 1.000000
2026-01-12 22:42:32 - idx 2 case patient022_frame01 mean_dice 0.920931 mean_hd95 1.000000
2026-01-12 22:42:33 - idx 3 case patient022_frame11 mean_dice 0.860605 mean_hd95 2.230139
2026-01-12 22:42:34 - idx 4 case patient023_frame01 mean_dice 0.918275 mean_hd95 1.000000
2026-01-12 22:42:35 - idx 5 case patient023_frame09 mean_dice 0.827101 mean_hd95 1.382088
2026-01-12 22:42:36 - idx 6 case patient024_frame01 mean_dice 0.929062 mean_hd95 1.000000
2026-01-12 22:42:36 - idx 7 case patient024_frame09 mean_dice 0.906236 mean_hd95 1.000000
2026-01-12 22:42:37 - idx 8 case patient025_frame09 mean_dice 0.820285 mean_hd95 2.080880
2026-01-12 22:42:39 - idx 9 case patient025_frame01 mean_dice 0.916189 mean_hd95 1.138071
2026-01-12 22:42:40 - idx 10 case patient026_frame01 mean_dice 0.925738 mean_hd95 1.000000
2026-01-12 22:42:41 - idx 11 case patient026_frame12 mean_dice 0.880403 mean_hd95 1.138071
2026-01-12 22:42:42 - idx 12 case patient027_frame01 mean_dice 0.850366 mean_hd95 1.138071
2026-01-12 22:42:43 - idx 13 case patient027_frame11 mean_dice 0.807035 mean_hd95 2.132950
2026-01-12 22:42:44 - idx 14 case patient028_frame01 mean_dice 0.932844 mean_hd95 1.000000
2026-01-12 22:42:46 - idx 15 case patient028_frame09 mean_dice 0.818669 mean_hd95 2.048755
2026-01-12 22:42:47 - idx 16 case patient029_frame01 mean_dice 0.937340 mean_hd95 1.000000
2026-01-12 22:42:48 - idx 17 case patient029_frame12 mean_dice 0.530994 mean_hd95 10.606718
2026-01-12 22:42:49 - idx 18 case patient030_frame01 mean_dice 0.912293 mean_hd95 1.000000
2026-01-12 22:42:51 - idx 19 case patient030_frame12 mean_dice 0.750094 mean_hd95 2.832325
2026-01-12 22:42:51 - Mean class 1 mean_dice 0.803226 mean_hd95 3.075139
2026-01-12 22:42:51 - Mean class 2 mean_dice 0.886774 mean_hd95 1.191421
2026-01-12 22:42:51 - Mean class 3 mean_dice 0.894189 mean_hd95 1.263361
2026-01-12 22:42:51 - val epoch: 51, mean_dice: 0.8613966314806021, mean_hd95: 1.8433069915754228, time(s): 21.91
2026-01-12 22:42:51 - train: epoch 52, iter:0, loss: 0.1163, lr: 0.0004894516742563267
2026-01-12 22:42:55 - train: epoch 52, iter:10, loss: 0.0806, lr: 0.0004894516742563267
2026-01-12 22:42:58 - train: epoch 52, iter:20, loss: 0.0855, lr: 0.0004894516742563267
2026-01-12 22:43:01 - train: epoch 52, iter:30, loss: 0.0866, lr: 0.0004894516742563267
2026-01-12 22:43:04 - train: epoch 52, iter:40, loss: 0.0827, lr: 0.0004894516742563267
2026-01-12 22:43:07 - train: epoch 52, iter:50, loss: 0.0951, lr: 0.0004894516742563267
2026-01-12 22:43:10 - train: epoch 52, iter:60, loss: 0.0967, lr: 0.0004894516742563267
2026-01-12 22:43:13 - train: epoch 52, iter:70, loss: 0.1513, lr: 0.0004894516742563267
2026-01-12 22:43:16 - train: epoch 52, iter:80, loss: 0.1066, lr: 0.0004894516742563267
2026-01-12 22:43:16 - Finish one epoch train: epoch 52, loss: 0.0973, time(s): 25.40
2026-01-12 22:43:18 - idx 0 case patient021_frame13 mean_dice 0.839485 mean_hd95 1.483163
2026-01-12 22:43:19 - idx 1 case patient021_frame01 mean_dice 0.942423 mean_hd95 1.000000
2026-01-12 22:43:20 - idx 2 case patient022_frame01 mean_dice 0.919131 mean_hd95 1.000000
2026-01-12 22:43:20 - idx 3 case patient022_frame11 mean_dice 0.834799 mean_hd95 2.051957
2026-01-12 22:43:21 - idx 4 case patient023_frame01 mean_dice 0.913899 mean_hd95 1.000000
2026-01-12 22:43:23 - idx 5 case patient023_frame09 mean_dice 0.817315 mean_hd95 1.550094
2026-01-12 22:43:23 - idx 6 case patient024_frame01 mean_dice 0.930868 mean_hd95 1.000000
2026-01-12 22:43:24 - idx 7 case patient024_frame09 mean_dice 0.907234 mean_hd95 1.000000
2026-01-12 22:43:25 - idx 8 case patient025_frame09 mean_dice 0.809423 mean_hd95 1.910279
2026-01-12 22:43:27 - idx 9 case patient025_frame01 mean_dice 0.916054 mean_hd95 1.138071
2026-01-12 22:43:28 - idx 10 case patient026_frame01 mean_dice 0.915369 mean_hd95 1.138071
2026-01-12 22:43:29 - idx 11 case patient026_frame12 mean_dice 0.837606 mean_hd95 2.149830
2026-01-12 22:43:30 - idx 12 case patient027_frame01 mean_dice 0.850661 mean_hd95 1.382088
2026-01-12 22:43:31 - idx 13 case patient027_frame11 mean_dice 0.796943 mean_hd95 2.576946
2026-01-12 22:43:32 - idx 14 case patient028_frame01 mean_dice 0.934024 mean_hd95 1.000000
2026-01-12 22:43:34 - idx 15 case patient028_frame09 mean_dice 0.824950 mean_hd95 2.048755
2026-01-12 22:43:35 - idx 16 case patient029_frame01 mean_dice 0.934923 mean_hd95 1.000000
2026-01-12 22:43:36 - idx 17 case patient029_frame12 mean_dice 0.622415 mean_hd95 3.190028
2026-01-12 22:43:37 - idx 18 case patient030_frame01 mean_dice 0.908798 mean_hd95 1.000000
2026-01-12 22:43:39 - idx 19 case patient030_frame12 mean_dice 0.771408 mean_hd95 2.599793
2026-01-12 22:43:39 - Mean class 1 mean_dice 0.827402 mean_hd95 1.815856
2026-01-12 22:43:39 - Mean class 2 mean_dice 0.874783 mean_hd95 1.344975
2026-01-12 22:43:39 - Mean class 3 mean_dice 0.881973 mean_hd95 1.522031
2026-01-12 22:43:39 - val epoch: 52, mean_dice: 0.861386366316171, mean_hd95: 1.5609537904283524, time(s): 22.16
2026-01-12 22:43:39 - train: epoch 53, iter:0, loss: 0.0801, lr: 0.0004739186928329901
2026-01-12 22:43:42 - train: epoch 53, iter:10, loss: 0.0938, lr: 0.0004739186928329901
2026-01-12 22:43:45 - train: epoch 53, iter:20, loss: 0.0778, lr: 0.0004739186928329901
2026-01-12 22:43:49 - train: epoch 53, iter:30, loss: 0.1085, lr: 0.0004739186928329901
2026-01-12 22:43:52 - train: epoch 53, iter:40, loss: 0.0969, lr: 0.0004739186928329901
2026-01-12 22:43:55 - train: epoch 53, iter:50, loss: 0.0856, lr: 0.0004739186928329901
2026-01-12 22:43:58 - train: epoch 53, iter:60, loss: 0.0742, lr: 0.0004739186928329901
2026-01-12 22:44:01 - train: epoch 53, iter:70, loss: 0.0829, lr: 0.0004739186928329901
2026-01-12 22:44:04 - train: epoch 53, iter:80, loss: 0.0853, lr: 0.0004739186928329901
2026-01-12 22:44:04 - Finish one epoch train: epoch 53, loss: 0.0942, time(s): 25.12
2026-01-12 22:44:05 - idx 0 case patient021_frame13 mean_dice 0.823769 mean_hd95 2.694254
2026-01-12 22:44:07 - idx 1 case patient021_frame01 mean_dice 0.941696 mean_hd95 1.000000
2026-01-12 22:44:07 - idx 2 case patient022_frame01 mean_dice 0.921388 mean_hd95 1.000000
2026-01-12 22:44:08 - idx 3 case patient022_frame11 mean_dice 0.876583 mean_hd95 1.000000
2026-01-12 22:44:09 - idx 4 case patient023_frame01 mean_dice 0.903484 mean_hd95 1.000000
2026-01-12 22:44:10 - idx 5 case patient023_frame09 mean_dice 0.874506 mean_hd95 1.138071
2026-01-12 22:44:11 - idx 6 case patient024_frame01 mean_dice 0.931778 mean_hd95 1.000000
2026-01-12 22:44:12 - idx 7 case patient024_frame09 mean_dice 0.917654 mean_hd95 1.000000
2026-01-12 22:44:13 - idx 8 case patient025_frame09 mean_dice 0.867025 mean_hd95 1.276142
2026-01-12 22:44:14 - idx 9 case patient025_frame01 mean_dice 0.917695 mean_hd95 1.000000
2026-01-12 22:44:16 - idx 10 case patient026_frame01 mean_dice 0.927646 mean_hd95 1.000000
2026-01-12 22:44:17 - idx 11 case patient026_frame12 mean_dice 0.833879 mean_hd95 1.954568
2026-01-12 22:44:18 - idx 12 case patient027_frame01 mean_dice 0.864521 mean_hd95 1.333333
2026-01-12 22:44:19 - idx 13 case patient027_frame11 mean_dice 0.783913 mean_hd95 3.545446
2026-01-12 22:44:20 - idx 14 case patient028_frame01 mean_dice 0.932307 mean_hd95 1.000000
2026-01-12 22:44:21 - idx 15 case patient028_frame09 mean_dice 0.840144 mean_hd95 1.688165
2026-01-12 22:44:23 - idx 16 case patient029_frame01 mean_dice 0.933113 mean_hd95 1.000000
2026-01-12 22:44:24 - idx 17 case patient029_frame12 mean_dice 0.691488 mean_hd95 2.707702
2026-01-12 22:44:25 - idx 18 case patient030_frame01 mean_dice 0.907951 mean_hd95 1.000000
2026-01-12 22:44:26 - idx 19 case patient030_frame12 mean_dice 0.710664 mean_hd95 3.284205
2026-01-12 22:44:26 - Mean class 1 mean_dice 0.826869 mean_hd95 2.000501
2026-01-12 22:44:26 - Mean class 2 mean_dice 0.892130 mean_hd95 1.153225
2026-01-12 22:44:26 - Mean class 3 mean_dice 0.891182 mean_hd95 1.439557
2026-01-12 22:44:26 - val epoch: 53, mean_dice: 0.870060068937856, mean_hd95: 1.53109433220395, time(s): 22.13
2026-01-12 22:44:27 - train: epoch 54, iter:0, loss: 0.0923, lr: 0.00045841638490733556
2026-01-12 22:44:30 - train: epoch 54, iter:10, loss: 0.0850, lr: 0.00045841638490733556
2026-01-12 22:44:33 - train: epoch 54, iter:20, loss: 0.0891, lr: 0.00045841638490733556
2026-01-12 22:44:36 - train: epoch 54, iter:30, loss: 0.0961, lr: 0.00045841638490733556
2026-01-12 22:44:39 - train: epoch 54, iter:40, loss: 0.1162, lr: 0.00045841638490733556
2026-01-12 22:44:43 - train: epoch 54, iter:50, loss: 0.0868, lr: 0.00045841638490733556
2026-01-12 22:44:46 - train: epoch 54, iter:60, loss: 0.0946, lr: 0.00045841638490733556
2026-01-12 22:44:49 - train: epoch 54, iter:70, loss: 0.1252, lr: 0.00045841638490733556
2026-01-12 22:44:52 - train: epoch 54, iter:80, loss: 0.0929, lr: 0.00045841638490733556
2026-01-12 22:44:52 - Finish one epoch train: epoch 54, loss: 0.0980, time(s): 25.28
2026-01-12 22:44:53 - idx 0 case patient021_frame13 mean_dice 0.847092 mean_hd95 1.483163
2026-01-12 22:44:55 - idx 1 case patient021_frame01 mean_dice 0.942204 mean_hd95 1.000000
2026-01-12 22:44:55 - idx 2 case patient022_frame01 mean_dice 0.923393 mean_hd95 1.000000
2026-01-12 22:44:56 - idx 3 case patient022_frame11 mean_dice 0.850068 mean_hd95 1.674781
2026-01-12 22:44:57 - idx 4 case patient023_frame01 mean_dice 0.898656 mean_hd95 1.000000
2026-01-12 22:44:58 - idx 5 case patient023_frame09 mean_dice 0.840514 mean_hd95 1.276142
2026-01-12 22:44:59 - idx 6 case patient024_frame01 mean_dice 0.933667 mean_hd95 1.000000
2026-01-12 22:45:00 - idx 7 case patient024_frame09 mean_dice 0.903991 mean_hd95 1.000000
2026-01-12 22:45:01 - idx 8 case patient025_frame09 mean_dice 0.826426 mean_hd95 1.577350
2026-01-12 22:45:02 - idx 9 case patient025_frame01 mean_dice 0.931770 mean_hd95 1.000000
2026-01-12 22:45:03 - idx 10 case patient026_frame01 mean_dice 0.926089 mean_hd95 1.000000
2026-01-12 22:45:05 - idx 11 case patient026_frame12 mean_dice 0.828687 mean_hd95 1.745356
2026-01-12 22:45:06 - idx 12 case patient027_frame01 mean_dice 0.915807 mean_hd95 1.276142
2026-01-12 22:45:07 - idx 13 case patient027_frame11 mean_dice 0.806472 mean_hd95 2.463980
2026-01-12 22:45:08 - idx 14 case patient028_frame01 mean_dice 0.926908 mean_hd95 1.000000
2026-01-12 22:45:09 - idx 15 case patient028_frame09 mean_dice 0.835575 mean_hd95 1.745356
2026-01-12 22:45:11 - idx 16 case patient029_frame01 mean_dice 0.935031 mean_hd95 1.000000
2026-01-12 22:45:12 - idx 17 case patient029_frame12 mean_dice 0.693906 mean_hd95 2.054093
2026-01-12 22:45:13 - idx 18 case patient030_frame01 mean_dice 0.898073 mean_hd95 1.138071
2026-01-12 22:45:14 - idx 19 case patient030_frame12 mean_dice 0.728385 mean_hd95 3.160247
2026-01-12 22:45:14 - Mean class 1 mean_dice 0.829940 mean_hd95 1.825439
2026-01-12 22:45:14 - Mean class 2 mean_dice 0.888971 mean_hd95 1.153225
2026-01-12 22:45:14 - Mean class 3 mean_dice 0.889996 mean_hd95 1.310538
2026-01-12 22:45:14 - val epoch: 54, mean_dice: 0.8696357145074444, mean_hd95: 1.4297340541910897, time(s): 22.03
2026-01-12 22:45:15 - train: epoch 55, iter:0, loss: 0.0968, lr: 0.0004429600493856696
2026-01-12 22:45:18 - train: epoch 55, iter:10, loss: 0.0946, lr: 0.0004429600493856696
2026-01-12 22:45:21 - train: epoch 55, iter:20, loss: 0.0783, lr: 0.0004429600493856696
2026-01-12 22:45:24 - train: epoch 55, iter:30, loss: 0.0874, lr: 0.0004429600493856696
2026-01-12 22:45:27 - train: epoch 55, iter:40, loss: 0.0936, lr: 0.0004429600493856696
2026-01-12 22:45:30 - train: epoch 55, iter:50, loss: 0.1024, lr: 0.0004429600493856696
2026-01-12 22:45:33 - train: epoch 55, iter:60, loss: 0.0816, lr: 0.0004429600493856696
2026-01-12 22:45:36 - train: epoch 55, iter:70, loss: 0.0828, lr: 0.0004429600493856696
2026-01-12 22:45:39 - train: epoch 55, iter:80, loss: 0.0863, lr: 0.0004429600493856696
2026-01-12 22:45:40 - Finish one epoch train: epoch 55, loss: 0.0941, time(s): 25.11
2026-01-12 22:45:41 - idx 0 case patient021_frame13 mean_dice 0.818794 mean_hd95 1.483163
2026-01-12 22:45:42 - idx 1 case patient021_frame01 mean_dice 0.940266 mean_hd95 1.000000
2026-01-12 22:45:43 - idx 2 case patient022_frame01 mean_dice 0.925510 mean_hd95 1.000000
2026-01-12 22:45:44 - idx 3 case patient022_frame11 mean_dice 0.893873 mean_hd95 1.000000
2026-01-12 22:45:45 - idx 4 case patient023_frame01 mean_dice 0.903502 mean_hd95 1.000000
2026-01-12 22:45:46 - idx 5 case patient023_frame09 mean_dice 0.871366 mean_hd95 1.382088
2026-01-12 22:45:47 - idx 6 case patient024_frame01 mean_dice 0.931403 mean_hd95 1.000000
2026-01-12 22:45:48 - idx 7 case patient024_frame09 mean_dice 0.914318 mean_hd95 1.000000
2026-01-12 22:45:49 - idx 8 case patient025_frame09 mean_dice 0.859325 mean_hd95 1.471405
2026-01-12 22:45:50 - idx 9 case patient025_frame01 mean_dice 0.918213 mean_hd95 1.000000
2026-01-12 22:45:51 - idx 10 case patient026_frame01 mean_dice 0.927123 mean_hd95 1.000000
2026-01-12 22:45:52 - idx 11 case patient026_frame12 mean_dice 0.823639 mean_hd95 1.656040
2026-01-12 22:45:54 - idx 12 case patient027_frame01 mean_dice 0.913735 mean_hd95 1.000000
2026-01-12 22:45:55 - idx 13 case patient027_frame11 mean_dice 0.795722 mean_hd95 2.924371
2026-01-12 22:45:56 - idx 14 case patient028_frame01 mean_dice 0.927715 mean_hd95 1.000000
2026-01-12 22:45:57 - idx 15 case patient028_frame09 mean_dice 0.860470 mean_hd95 2.609476
2026-01-12 22:45:58 - idx 16 case patient029_frame01 mean_dice 0.936678 mean_hd95 1.000000
2026-01-12 22:46:00 - idx 17 case patient029_frame12 mean_dice 0.655484 mean_hd95 3.483163
2026-01-12 22:46:01 - idx 18 case patient030_frame01 mean_dice 0.895865 mean_hd95 1.691722
2026-01-12 22:46:02 - idx 19 case patient030_frame12 mean_dice 0.693573 mean_hd95 3.441518
2026-01-12 22:46:02 - Mean class 1 mean_dice 0.821822 mean_hd95 1.962900
2026-01-12 22:46:02 - Mean class 2 mean_dice 0.902210 mean_hd95 1.112132
2026-01-12 22:46:02 - Mean class 3 mean_dice 0.886953 mean_hd95 1.596410
2026-01-12 22:46:02 - val epoch: 55, mean_dice: 0.8703286483536999, mean_hd95: 1.5571472890742832, time(s): 22.15
2026-01-12 22:46:03 - train: epoch 56, iter:0, loss: 0.0756, lr: 0.0004275649398050859
2026-01-12 22:46:06 - train: epoch 56, iter:10, loss: 0.0993, lr: 0.0004275649398050859
2026-01-12 22:46:09 - train: epoch 56, iter:20, loss: 0.0832, lr: 0.0004275649398050859
2026-01-12 22:46:12 - train: epoch 56, iter:30, loss: 0.0947, lr: 0.0004275649398050859
2026-01-12 22:46:15 - train: epoch 56, iter:40, loss: 0.0932, lr: 0.0004275649398050859
2026-01-12 22:46:18 - train: epoch 56, iter:50, loss: 0.0889, lr: 0.0004275649398050859
2026-01-12 22:46:21 - train: epoch 56, iter:60, loss: 0.0941, lr: 0.0004275649398050859
2026-01-12 22:46:24 - train: epoch 56, iter:70, loss: 0.0767, lr: 0.0004275649398050859
2026-01-12 22:46:27 - train: epoch 56, iter:80, loss: 0.0916, lr: 0.0004275649398050859
2026-01-12 22:46:27 - Finish one epoch train: epoch 56, loss: 0.0920, time(s): 24.95
2026-01-12 22:46:29 - idx 0 case patient021_frame13 mean_dice 0.817503 mean_hd95 1.468935
2026-01-12 22:46:30 - idx 1 case patient021_frame01 mean_dice 0.942562 mean_hd95 1.000000
2026-01-12 22:46:31 - idx 2 case patient022_frame01 mean_dice 0.918881 mean_hd95 1.000000
2026-01-12 22:46:31 - idx 3 case patient022_frame11 mean_dice 0.857571 mean_hd95 2.015605
2026-01-12 22:46:32 - idx 4 case patient023_frame01 mean_dice 0.924627 mean_hd95 1.000000
2026-01-12 22:46:33 - idx 5 case patient023_frame09 mean_dice 0.820486 mean_hd95 1.471405
2026-01-12 22:46:34 - idx 6 case patient024_frame01 mean_dice 0.920864 mean_hd95 1.000000
2026-01-12 22:46:35 - idx 7 case patient024_frame09 mean_dice 0.905850 mean_hd95 1.000000
2026-01-12 22:46:36 - idx 8 case patient025_frame09 mean_dice 0.877785 mean_hd95 1.138071
2026-01-12 22:46:37 - idx 9 case patient025_frame01 mean_dice 0.922788 mean_hd95 1.000000
2026-01-12 22:46:39 - idx 10 case patient026_frame01 mean_dice 0.898039 mean_hd95 8.706918
2026-01-12 22:46:40 - idx 11 case patient026_frame12 mean_dice 0.819318 mean_hd95 2.349559
2026-01-12 22:46:41 - idx 12 case patient027_frame01 mean_dice 0.894832 mean_hd95 1.138071
2026-01-12 22:46:42 - idx 13 case patient027_frame11 mean_dice 0.801568 mean_hd95 2.772716
2026-01-12 22:46:43 - idx 14 case patient028_frame01 mean_dice 0.928136 mean_hd95 1.000000
2026-01-12 22:46:45 - idx 15 case patient028_frame09 mean_dice 0.819061 mean_hd95 1.954568
2026-01-12 22:46:46 - idx 16 case patient029_frame01 mean_dice 0.931878 mean_hd95 1.000000
2026-01-12 22:46:47 - idx 17 case patient029_frame12 mean_dice 0.578639 mean_hd95 8.098352
2026-01-12 22:46:48 - idx 18 case patient030_frame01 mean_dice 0.900034 mean_hd95 1.276142
2026-01-12 22:46:50 - idx 19 case patient030_frame12 mean_dice 0.708665 mean_hd95 3.202062
2026-01-12 22:46:50 - Mean class 1 mean_dice 0.812702 mean_hd95 2.714209
2026-01-12 22:46:50 - Mean class 2 mean_dice 0.881489 mean_hd95 1.304052
2026-01-12 22:46:50 - Mean class 3 mean_dice 0.884172 mean_hd95 2.520599
2026-01-12 22:46:50 - val epoch: 56, mean_dice: 0.8594543229348749, mean_hd95: 2.179620184893873, time(s): 22.16
2026-01-12 22:46:50 - train: epoch 57, iter:0, loss: 0.0844, lr: 0.0004122462492800665
2026-01-12 22:46:54 - train: epoch 57, iter:10, loss: 0.1037, lr: 0.0004122462492800665
2026-01-12 22:46:57 - train: epoch 57, iter:20, loss: 0.0949, lr: 0.0004122462492800665
2026-01-12 22:47:00 - train: epoch 57, iter:30, loss: 0.0683, lr: 0.0004122462492800665
2026-01-12 22:47:03 - train: epoch 57, iter:40, loss: 0.0893, lr: 0.0004122462492800665
2026-01-12 22:47:06 - train: epoch 57, iter:50, loss: 0.0784, lr: 0.0004122462492800665
2026-01-12 22:47:09 - train: epoch 57, iter:60, loss: 0.1103, lr: 0.0004122462492800665
2026-01-12 22:47:12 - train: epoch 57, iter:70, loss: 0.0813, lr: 0.0004122462492800665
2026-01-12 22:47:15 - train: epoch 57, iter:80, loss: 0.0932, lr: 0.0004122462492800665
2026-01-12 22:47:15 - Finish one epoch train: epoch 57, loss: 0.0917, time(s): 25.12
2026-01-12 22:47:16 - idx 0 case patient021_frame13 mean_dice 0.813059 mean_hd95 1.720759
2026-01-12 22:47:18 - idx 1 case patient021_frame01 mean_dice 0.933160 mean_hd95 1.000000
2026-01-12 22:47:18 - idx 2 case patient022_frame01 mean_dice 0.920052 mean_hd95 1.000000
2026-01-12 22:47:19 - idx 3 case patient022_frame11 mean_dice 0.859149 mean_hd95 2.366340
2026-01-12 22:47:20 - idx 4 case patient023_frame01 mean_dice 0.906893 mean_hd95 1.000000
2026-01-12 22:47:21 - idx 5 case patient023_frame09 mean_dice 0.826061 mean_hd95 1.276142
2026-01-12 22:47:22 - idx 6 case patient024_frame01 mean_dice 0.938720 mean_hd95 1.000000
2026-01-12 22:47:23 - idx 7 case patient024_frame09 mean_dice 0.908370 mean_hd95 1.000000
2026-01-12 22:47:24 - idx 8 case patient025_frame09 mean_dice 0.854145 mean_hd95 1.333333
2026-01-12 22:47:25 - idx 9 case patient025_frame01 mean_dice 0.931435 mean_hd95 1.000000
2026-01-12 22:47:27 - idx 10 case patient026_frame01 mean_dice 0.913042 mean_hd95 8.530781
2026-01-12 22:47:28 - idx 11 case patient026_frame12 mean_dice 0.850774 mean_hd95 1.798577
2026-01-12 22:47:29 - idx 12 case patient027_frame01 mean_dice 0.921940 mean_hd95 1.138071
2026-01-12 22:47:30 - idx 13 case patient027_frame11 mean_dice 0.813986 mean_hd95 2.824165
2026-01-12 22:47:31 - idx 14 case patient028_frame01 mean_dice 0.929858 mean_hd95 1.000000
2026-01-12 22:47:33 - idx 15 case patient028_frame09 mean_dice 0.872893 mean_hd95 1.471405
2026-01-12 22:47:34 - idx 16 case patient029_frame01 mean_dice 0.940155 mean_hd95 1.000000
2026-01-12 22:47:35 - idx 17 case patient029_frame12 mean_dice 0.716673 mean_hd95 1.883427
2026-01-12 22:47:36 - idx 18 case patient030_frame01 mean_dice 0.906274 mean_hd95 1.138071
2026-01-12 22:47:37 - idx 19 case patient030_frame12 mean_dice 0.706827 mean_hd95 3.301022
2026-01-12 22:47:37 - Mean class 1 mean_dice 0.839475 mean_hd95 1.871361
2026-01-12 22:47:37 - Mean class 2 mean_dice 0.896815 mean_hd95 1.162132
2026-01-12 22:47:37 - Mean class 3 mean_dice 0.883230 mean_hd95 2.483821
2026-01-12 22:47:37 - val epoch: 57, mean_dice: 0.8731731694955331, mean_hd95: 1.8391046545598726, time(s): 22.16
2026-01-12 22:47:39 - train: epoch 58, iter:0, loss: 0.0810, lr: 0.00039701909550871175
2026-01-12 22:47:42 - train: epoch 58, iter:10, loss: 0.0834, lr: 0.00039701909550871175
2026-01-12 22:47:45 - train: epoch 58, iter:20, loss: 0.0831, lr: 0.00039701909550871175
2026-01-12 22:47:48 - train: epoch 58, iter:30, loss: 0.1033, lr: 0.00039701909550871175
2026-01-12 22:47:51 - train: epoch 58, iter:40, loss: 0.0762, lr: 0.00039701909550871175
2026-01-12 22:47:54 - train: epoch 58, iter:50, loss: 0.0895, lr: 0.00039701909550871175
2026-01-12 22:47:57 - train: epoch 58, iter:60, loss: 0.0770, lr: 0.00039701909550871175
2026-01-12 22:48:00 - train: epoch 58, iter:70, loss: 0.0875, lr: 0.00039701909550871175
2026-01-12 22:48:03 - train: epoch 58, iter:80, loss: 0.0897, lr: 0.00039701909550871175
2026-01-12 22:48:03 - Finish one epoch train: epoch 58, loss: 0.0910, time(s): 25.13
2026-01-12 22:48:05 - idx 0 case patient021_frame13 mean_dice 0.821128 mean_hd95 2.721471
2026-01-12 22:48:06 - idx 1 case patient021_frame01 mean_dice 0.935550 mean_hd95 1.000000
2026-01-12 22:48:07 - idx 2 case patient022_frame01 mean_dice 0.917104 mean_hd95 1.000000
2026-01-12 22:48:07 - idx 3 case patient022_frame11 mean_dice 0.857738 mean_hd95 2.533601
2026-01-12 22:48:08 - idx 4 case patient023_frame01 mean_dice 0.925758 mean_hd95 1.000000
2026-01-12 22:48:10 - idx 5 case patient023_frame09 mean_dice 0.833002 mean_hd95 1.276142
2026-01-12 22:48:10 - idx 6 case patient024_frame01 mean_dice 0.936706 mean_hd95 1.000000
2026-01-12 22:48:11 - idx 7 case patient024_frame09 mean_dice 0.904410 mean_hd95 1.138071
2026-01-12 22:48:12 - idx 8 case patient025_frame09 mean_dice 0.849076 mean_hd95 1.471405
2026-01-12 22:48:14 - idx 9 case patient025_frame01 mean_dice 0.927842 mean_hd95 1.000000
2026-01-12 22:48:15 - idx 10 case patient026_frame01 mean_dice 0.901984 mean_hd95 1.244017
2026-01-12 22:48:16 - idx 11 case patient026_frame12 mean_dice 0.820996 mean_hd95 2.385290
2026-01-12 22:48:17 - idx 12 case patient027_frame01 mean_dice 0.890045 mean_hd95 1.138071
2026-01-12 22:48:18 - idx 13 case patient027_frame11 mean_dice 0.784350 mean_hd95 2.865242
2026-01-12 22:48:19 - idx 14 case patient028_frame01 mean_dice 0.928821 mean_hd95 1.000000
2026-01-12 22:48:21 - idx 15 case patient028_frame09 mean_dice 0.822809 mean_hd95 1.989373
2026-01-12 22:48:22 - idx 16 case patient029_frame01 mean_dice 0.929245 mean_hd95 1.000000
2026-01-12 22:48:23 - idx 17 case patient029_frame12 mean_dice 0.503889 mean_hd95 9.636314
2026-01-12 22:48:24 - idx 18 case patient030_frame01 mean_dice 0.901262 mean_hd95 1.000000
2026-01-12 22:48:26 - idx 19 case patient030_frame12 mean_dice 0.691503 mean_hd95 3.315489
2026-01-12 22:48:26 - Mean class 1 mean_dice 0.794096 mean_hd95 3.403985
2026-01-12 22:48:26 - Mean class 2 mean_dice 0.883157 mean_hd95 1.206450
2026-01-12 22:48:26 - Mean class 3 mean_dice 0.885230 mean_hd95 1.346739
2026-01-12 22:48:26 - val epoch: 58, mean_dice: 0.8541608852119397, mean_hd95: 1.9857243640198678, time(s): 22.16
2026-01-12 22:48:26 - train: epoch 59, iter:0, loss: 0.0865, lr: 0.000381898505853397
2026-01-12 22:48:30 - train: epoch 59, iter:10, loss: 0.0974, lr: 0.000381898505853397
2026-01-12 22:48:33 - train: epoch 59, iter:20, loss: 0.0979, lr: 0.000381898505853397
2026-01-12 22:48:36 - train: epoch 59, iter:30, loss: 0.1067, lr: 0.000381898505853397
2026-01-12 22:48:39 - train: epoch 59, iter:40, loss: 0.0772, lr: 0.000381898505853397
2026-01-12 22:48:42 - train: epoch 59, iter:50, loss: 0.0936, lr: 0.000381898505853397
2026-01-12 22:48:45 - train: epoch 59, iter:60, loss: 0.0774, lr: 0.000381898505853397
2026-01-12 22:48:48 - train: epoch 59, iter:70, loss: 0.0766, lr: 0.000381898505853397
2026-01-12 22:48:51 - train: epoch 59, iter:80, loss: 0.0766, lr: 0.000381898505853397
2026-01-12 22:48:51 - Finish one epoch train: epoch 59, loss: 0.0883, time(s): 25.14
2026-01-12 22:48:53 - idx 0 case patient021_frame13 mean_dice 0.829068 mean_hd95 1.483163
2026-01-12 22:48:54 - idx 1 case patient021_frame01 mean_dice 0.940818 mean_hd95 1.000000
2026-01-12 22:48:55 - idx 2 case patient022_frame01 mean_dice 0.922965 mean_hd95 1.000000
2026-01-12 22:48:55 - idx 3 case patient022_frame11 mean_dice 0.889086 mean_hd95 1.458264
2026-01-12 22:48:56 - idx 4 case patient023_frame01 mean_dice 0.904844 mean_hd95 1.000000
2026-01-12 22:48:57 - idx 5 case patient023_frame09 mean_dice 0.813739 mean_hd95 1.621234
2026-01-12 22:48:58 - idx 6 case patient024_frame01 mean_dice 0.932787 mean_hd95 1.000000
2026-01-12 22:48:59 - idx 7 case patient024_frame09 mean_dice 0.920800 mean_hd95 1.000000
2026-01-12 22:49:00 - idx 8 case patient025_frame09 mean_dice 0.870352 mean_hd95 1.276142
2026-01-12 22:49:01 - idx 9 case patient025_frame01 mean_dice 0.923604 mean_hd95 1.000000
2026-01-12 22:49:03 - idx 10 case patient026_frame01 mean_dice 0.929765 mean_hd95 1.000000
2026-01-12 22:49:04 - idx 11 case patient026_frame12 mean_dice 0.874766 mean_hd95 1.520159
2026-01-12 22:49:05 - idx 12 case patient027_frame01 mean_dice 0.918616 mean_hd95 1.000000
2026-01-12 22:49:06 - idx 13 case patient027_frame11 mean_dice 0.788939 mean_hd95 2.630974
2026-01-12 22:49:07 - idx 14 case patient028_frame01 mean_dice 0.931165 mean_hd95 1.000000
2026-01-12 22:49:09 - idx 15 case patient028_frame09 mean_dice 0.872862 mean_hd95 1.471405
2026-01-12 22:49:10 - idx 16 case patient029_frame01 mean_dice 0.942378 mean_hd95 1.000000
2026-01-12 22:49:11 - idx 17 case patient029_frame12 mean_dice 0.618118 mean_hd95 3.412023
2026-01-12 22:49:12 - idx 18 case patient030_frame01 mean_dice 0.907931 mean_hd95 1.000000
2026-01-12 22:49:14 - idx 19 case patient030_frame12 mean_dice 0.718852 mean_hd95 3.186874
2026-01-12 22:49:14 - Mean class 1 mean_dice 0.830464 mean_hd95 1.983470
2026-01-12 22:49:14 - Mean class 2 mean_dice 0.891624 mean_hd95 1.123935
2026-01-12 22:49:14 - Mean class 3 mean_dice 0.895630 mean_hd95 1.251631
2026-01-12 22:49:14 - val epoch: 59, mean_dice: 0.8725728228593912, mean_hd95: 1.453011954910604, time(s): 22.33
2026-01-12 22:49:14 - train: epoch 60, iter:0, loss: 0.0924, lr: 0.00036689940251058173
2026-01-12 22:49:18 - train: epoch 60, iter:10, loss: 0.1021, lr: 0.00036689940251058173
2026-01-12 22:49:21 - train: epoch 60, iter:20, loss: 0.0981, lr: 0.00036689940251058173
2026-01-12 22:49:24 - train: epoch 60, iter:30, loss: 0.0866, lr: 0.00036689940251058173
2026-01-12 22:49:27 - train: epoch 60, iter:40, loss: 0.0873, lr: 0.00036689940251058173
2026-01-12 22:49:30 - train: epoch 60, iter:50, loss: 0.0902, lr: 0.00036689940251058173
2026-01-12 22:49:33 - train: epoch 60, iter:60, loss: 0.0922, lr: 0.00036689940251058173
2026-01-12 22:49:36 - train: epoch 60, iter:70, loss: 0.1015, lr: 0.00036689940251058173
2026-01-12 22:49:39 - train: epoch 60, iter:80, loss: 0.0920, lr: 0.00036689940251058173
2026-01-12 22:49:40 - Finish one epoch train: epoch 60, loss: 0.0899, time(s): 25.38
2026-01-12 22:49:41 - idx 0 case patient021_frame13 mean_dice 0.832486 mean_hd95 2.581521
2026-01-12 22:49:42 - idx 1 case patient021_frame01 mean_dice 0.933460 mean_hd95 1.000000
2026-01-12 22:49:43 - idx 2 case patient022_frame01 mean_dice 0.916671 mean_hd95 1.000000
2026-01-12 22:49:44 - idx 3 case patient022_frame11 mean_dice 0.856363 mean_hd95 2.610317
2026-01-12 22:49:45 - idx 4 case patient023_frame01 mean_dice 0.881259 mean_hd95 1.000000
2026-01-12 22:49:46 - idx 5 case patient023_frame09 mean_dice 0.835049 mean_hd95 1.244017
2026-01-12 22:49:47 - idx 6 case patient024_frame01 mean_dice 0.938983 mean_hd95 1.000000
2026-01-12 22:49:47 - idx 7 case patient024_frame09 mean_dice 0.916757 mean_hd95 1.000000
2026-01-12 22:49:49 - idx 8 case patient025_frame09 mean_dice 0.827333 mean_hd95 1.758985
2026-01-12 22:49:50 - idx 9 case patient025_frame01 mean_dice 0.933990 mean_hd95 1.000000
2026-01-12 22:49:51 - idx 10 case patient026_frame01 mean_dice 0.917359 mean_hd95 1.000000
2026-01-12 22:49:52 - idx 11 case patient026_frame12 mean_dice 0.845889 mean_hd95 2.211493
2026-01-12 22:49:53 - idx 12 case patient027_frame01 mean_dice 0.895046 mean_hd95 1.138071
2026-01-12 22:49:54 - idx 13 case patient027_frame11 mean_dice 0.828946 mean_hd95 2.718330
2026-01-12 22:49:56 - idx 14 case patient028_frame01 mean_dice 0.932269 mean_hd95 1.000000
2026-01-12 22:49:57 - idx 15 case patient028_frame09 mean_dice 0.817874 mean_hd95 2.387426
2026-01-12 22:49:58 - idx 16 case patient029_frame01 mean_dice 0.920713 mean_hd95 1.138071
2026-01-12 22:49:59 - idx 17 case patient029_frame12 mean_dice 0.801745 mean_hd95 1.688165
2026-01-12 22:50:01 - idx 18 case patient030_frame01 mean_dice 0.836353 mean_hd95 8.783864
2026-01-12 22:50:02 - idx 19 case patient030_frame12 mean_dice 0.655778 mean_hd95 21.425679
2026-01-12 22:50:02 - Mean class 1 mean_dice 0.808661 mean_hd95 6.026443
2026-01-12 22:50:02 - Mean class 2 mean_dice 0.895163 mean_hd95 1.132514
2026-01-12 22:50:02 - Mean class 3 mean_dice 0.894825 mean_hd95 1.493934
2026-01-12 22:50:02 - val epoch: 60, mean_dice: 0.8662161423110115, mean_hd95: 2.884296975168624, time(s): 22.15
2026-01-12 22:50:03 - train: epoch 61, iter:0, loss: 0.1548, lr: 0.00035203658778440135
2026-01-12 22:50:06 - train: epoch 61, iter:10, loss: 0.0787, lr: 0.00035203658778440135
2026-01-12 22:50:09 - train: epoch 61, iter:20, loss: 0.0941, lr: 0.00035203658778440135
2026-01-12 22:50:12 - train: epoch 61, iter:30, loss: 0.0929, lr: 0.00035203658778440135
2026-01-12 22:50:15 - train: epoch 61, iter:40, loss: 0.0855, lr: 0.00035203658778440135
2026-01-12 22:50:18 - train: epoch 61, iter:50, loss: 0.1076, lr: 0.00035203658778440135
2026-01-12 22:50:21 - train: epoch 61, iter:60, loss: 0.0941, lr: 0.00035203658778440135
2026-01-12 22:50:24 - train: epoch 61, iter:70, loss: 0.1126, lr: 0.00035203658778440135
2026-01-12 22:50:27 - train: epoch 61, iter:80, loss: 0.0816, lr: 0.00035203658778440135
2026-01-12 22:50:27 - Finish one epoch train: epoch 61, loss: 0.0922, time(s): 25.01
2026-01-12 22:50:28 - idx 0 case patient021_frame13 mean_dice 0.831906 mean_hd95 2.119633
2026-01-12 22:50:30 - idx 1 case patient021_frame01 mean_dice 0.941224 mean_hd95 1.000000
2026-01-12 22:50:30 - idx 2 case patient022_frame01 mean_dice 0.924696 mean_hd95 1.000000
2026-01-12 22:50:31 - idx 3 case patient022_frame11 mean_dice 0.835448 mean_hd95 1.471405
2026-01-12 22:50:32 - idx 4 case patient023_frame01 mean_dice 0.917234 mean_hd95 1.000000
2026-01-12 22:50:33 - idx 5 case patient023_frame09 mean_dice 0.844136 mean_hd95 1.550094
2026-01-12 22:50:34 - idx 6 case patient024_frame01 mean_dice 0.933896 mean_hd95 1.000000
2026-01-12 22:50:35 - idx 7 case patient024_frame09 mean_dice 0.913359 mean_hd95 1.000000
2026-01-12 22:50:36 - idx 8 case patient025_frame09 mean_dice 0.868501 mean_hd95 1.276142
2026-01-12 22:50:37 - idx 9 case patient025_frame01 mean_dice 0.931111 mean_hd95 1.000000
2026-01-12 22:50:39 - idx 10 case patient026_frame01 mean_dice 0.925702 mean_hd95 1.000000
2026-01-12 22:50:40 - idx 11 case patient026_frame12 mean_dice 0.854473 mean_hd95 1.804738
2026-01-12 22:50:41 - idx 12 case patient027_frame01 mean_dice 0.906979 mean_hd95 1.000000
2026-01-12 22:50:42 - idx 13 case patient027_frame11 mean_dice 0.770603 mean_hd95 3.325204
2026-01-12 22:50:43 - idx 14 case patient028_frame01 mean_dice 0.926691 mean_hd95 1.000000
2026-01-12 22:50:45 - idx 15 case patient028_frame09 mean_dice 0.845303 mean_hd95 1.804738
2026-01-12 22:50:46 - idx 16 case patient029_frame01 mean_dice 0.938618 mean_hd95 1.000000
2026-01-12 22:50:47 - idx 17 case patient029_frame12 mean_dice 0.603103 mean_hd95 3.643464
2026-01-12 22:50:48 - idx 18 case patient030_frame01 mean_dice 0.910552 mean_hd95 1.138071
2026-01-12 22:50:50 - idx 19 case patient030_frame12 mean_dice 0.693775 mean_hd95 3.258015
2026-01-12 22:50:50 - Mean class 1 mean_dice 0.826171 mean_hd95 2.138486
2026-01-12 22:50:50 - Mean class 2 mean_dice 0.885584 mean_hd95 1.153225
2026-01-12 22:50:50 - Mean class 3 mean_dice 0.885842 mean_hd95 1.417015
2026-01-12 22:50:50 - val epoch: 61, mean_dice: 0.865865485741895, mean_hd95: 1.5695751772715265, time(s): 22.34
2026-01-12 22:50:50 - train: epoch 62, iter:0, loss: 0.1002, lr: 0.00033732472947858096
2026-01-12 22:50:53 - train: epoch 62, iter:10, loss: 0.0888, lr: 0.00033732472947858096
2026-01-12 22:50:56 - train: epoch 62, iter:20, loss: 0.0714, lr: 0.00033732472947858096
2026-01-12 22:50:59 - train: epoch 62, iter:30, loss: 0.0763, lr: 0.00033732472947858096
2026-01-12 22:51:03 - train: epoch 62, iter:40, loss: 0.0906, lr: 0.00033732472947858096
2026-01-12 22:51:06 - train: epoch 62, iter:50, loss: 0.1408, lr: 0.00033732472947858096
2026-01-12 22:51:09 - train: epoch 62, iter:60, loss: 0.0753, lr: 0.00033732472947858096
2026-01-12 22:51:12 - train: epoch 62, iter:70, loss: 0.0949, lr: 0.00033732472947858096
2026-01-12 22:51:15 - train: epoch 62, iter:80, loss: 0.0839, lr: 0.00033732472947858096
2026-01-12 22:51:15 - Finish one epoch train: epoch 62, loss: 0.0891, time(s): 25.01
2026-01-12 22:51:16 - idx 0 case patient021_frame13 mean_dice 0.840295 mean_hd95 2.080880
2026-01-12 22:51:18 - idx 1 case patient021_frame01 mean_dice 0.941742 mean_hd95 1.000000
2026-01-12 22:51:18 - idx 2 case patient022_frame01 mean_dice 0.917662 mean_hd95 1.000000
2026-01-12 22:51:19 - idx 3 case patient022_frame11 mean_dice 0.872284 mean_hd95 1.138071
2026-01-12 22:51:20 - idx 4 case patient023_frame01 mean_dice 0.904318 mean_hd95 1.000000
2026-01-12 22:51:21 - idx 5 case patient023_frame09 mean_dice 0.837345 mean_hd95 1.138071
2026-01-12 22:51:22 - idx 6 case patient024_frame01 mean_dice 0.936317 mean_hd95 1.000000
2026-01-12 22:51:23 - idx 7 case patient024_frame09 mean_dice 0.909841 mean_hd95 1.000000
2026-01-12 22:51:24 - idx 8 case patient025_frame09 mean_dice 0.816187 mean_hd95 2.000000
2026-01-12 22:51:26 - idx 9 case patient025_frame01 mean_dice 0.917746 mean_hd95 1.000000
2026-01-12 22:51:27 - idx 10 case patient026_frame01 mean_dice 0.923129 mean_hd95 7.850703
2026-01-12 22:51:28 - idx 11 case patient026_frame12 mean_dice 0.861080 mean_hd95 1.599892
2026-01-12 22:51:29 - idx 12 case patient027_frame01 mean_dice 0.855158 mean_hd95 1.138071
2026-01-12 22:51:30 - idx 13 case patient027_frame11 mean_dice 0.812912 mean_hd95 2.682488
2026-01-12 22:51:31 - idx 14 case patient028_frame01 mean_dice 0.928217 mean_hd95 1.000000
2026-01-12 22:51:33 - idx 15 case patient028_frame09 mean_dice 0.823158 mean_hd95 2.080880
2026-01-12 22:51:34 - idx 16 case patient029_frame01 mean_dice 0.933127 mean_hd95 1.000000
2026-01-12 22:51:35 - idx 17 case patient029_frame12 mean_dice 0.681919 mean_hd95 2.132782
2026-01-12 22:51:36 - idx 18 case patient030_frame01 mean_dice 0.908727 mean_hd95 1.000000
2026-01-12 22:51:38 - idx 19 case patient030_frame12 mean_dice 0.716917 mean_hd95 3.121767
2026-01-12 22:51:38 - Mean class 1 mean_dice 0.820803 mean_hd95 1.828434
2026-01-12 22:51:38 - Mean class 2 mean_dice 0.883896 mean_hd95 1.194646
2026-01-12 22:51:38 - Mean class 3 mean_dice 0.896013 mean_hd95 2.371461
2026-01-12 22:51:38 - val epoch: 62, mean_dice: 0.8669039404101265, mean_hd95: 1.7981802851524122, time(s): 22.55
2026-01-12 22:51:38 - train: epoch 63, iter:0, loss: 0.0902, lr: 0.0003227783464210847
2026-01-12 22:51:42 - train: epoch 63, iter:10, loss: 0.0974, lr: 0.0003227783464210847
2026-01-12 22:51:45 - train: epoch 63, iter:20, loss: 0.0780, lr: 0.0003227783464210847
2026-01-12 22:51:48 - train: epoch 63, iter:30, loss: 0.0774, lr: 0.0003227783464210847
2026-01-12 22:51:51 - train: epoch 63, iter:40, loss: 0.0893, lr: 0.0003227783464210847
2026-01-12 22:51:54 - train: epoch 63, iter:50, loss: 0.0858, lr: 0.0003227783464210847
2026-01-12 22:51:57 - train: epoch 63, iter:60, loss: 0.0883, lr: 0.0003227783464210847
2026-01-12 22:52:00 - train: epoch 63, iter:70, loss: 0.1136, lr: 0.0003227783464210847
2026-01-12 22:52:03 - train: epoch 63, iter:80, loss: 0.1024, lr: 0.0003227783464210847
2026-01-12 22:52:03 - Finish one epoch train: epoch 63, loss: 0.0877, time(s): 25.18
2026-01-12 22:52:05 - idx 0 case patient021_frame13 mean_dice 0.844437 mean_hd95 1.666667
2026-01-12 22:52:06 - idx 1 case patient021_frame01 mean_dice 0.943283 mean_hd95 1.000000
2026-01-12 22:52:07 - idx 2 case patient022_frame01 mean_dice 0.922508 mean_hd95 1.000000
2026-01-12 22:52:07 - idx 3 case patient022_frame11 mean_dice 0.865926 mean_hd95 1.412023
2026-01-12 22:52:08 - idx 4 case patient023_frame01 mean_dice 0.927724 mean_hd95 1.000000
2026-01-12 22:52:09 - idx 5 case patient023_frame09 mean_dice 0.822335 mean_hd95 1.276142
2026-01-12 22:52:10 - idx 6 case patient024_frame01 mean_dice 0.931673 mean_hd95 1.000000
2026-01-12 22:52:11 - idx 7 case patient024_frame09 mean_dice 0.918765 mean_hd95 1.000000
2026-01-12 22:52:12 - idx 8 case patient025_frame09 mean_dice 0.876802 mean_hd95 1.138071
2026-01-12 22:52:14 - idx 9 case patient025_frame01 mean_dice 0.931132 mean_hd95 1.000000
2026-01-12 22:52:15 - idx 10 case patient026_frame01 mean_dice 0.911282 mean_hd95 8.613707
2026-01-12 22:52:16 - idx 11 case patient026_frame12 mean_dice 0.856628 mean_hd95 1.656040
2026-01-12 22:52:17 - idx 12 case patient027_frame01 mean_dice 0.859051 mean_hd95 1.276142
2026-01-12 22:52:18 - idx 13 case patient027_frame11 mean_dice 0.759925 mean_hd95 3.551423
2026-01-12 22:52:20 - idx 14 case patient028_frame01 mean_dice 0.932639 mean_hd95 1.000000
2026-01-12 22:52:21 - idx 15 case patient028_frame09 mean_dice 0.832739 mean_hd95 1.865251
2026-01-12 22:52:22 - idx 16 case patient029_frame01 mean_dice 0.941846 mean_hd95 1.000000
2026-01-12 22:52:23 - idx 17 case patient029_frame12 mean_dice 0.622165 mean_hd95 3.435712
2026-01-12 22:52:24 - idx 18 case patient030_frame01 mean_dice 0.906286 mean_hd95 1.138071
2026-01-12 22:52:26 - idx 19 case patient030_frame12 mean_dice 0.708222 mean_hd95 3.170521
2026-01-12 22:52:26 - Mean class 1 mean_dice 0.823556 mean_hd95 2.020158
2026-01-12 22:52:26 - Mean class 2 mean_dice 0.888232 mean_hd95 1.175699
2026-01-12 22:52:26 - Mean class 3 mean_dice 0.885517 mean_hd95 2.534108
2026-01-12 22:52:26 - val epoch: 63, mean_dice: 0.8657683879626124, mean_hd95: 1.9099885114767423, time(s): 22.23
2026-01-12 22:52:26 - train: epoch 64, iter:0, loss: 0.1077, lr: 0.0003084117941357837
2026-01-12 22:52:29 - train: epoch 64, iter:10, loss: 0.0740, lr: 0.0003084117941357837
2026-01-12 22:52:32 - train: epoch 64, iter:20, loss: 0.0938, lr: 0.0003084117941357837
2026-01-12 22:52:36 - train: epoch 64, iter:30, loss: 0.0884, lr: 0.0003084117941357837
2026-01-12 22:52:39 - train: epoch 64, iter:40, loss: 0.0790, lr: 0.0003084117941357837
2026-01-12 22:52:42 - train: epoch 64, iter:50, loss: 0.0833, lr: 0.0003084117941357837
2026-01-12 22:52:45 - train: epoch 64, iter:60, loss: 0.0794, lr: 0.0003084117941357837
2026-01-12 22:52:48 - train: epoch 64, iter:70, loss: 0.0779, lr: 0.0003084117941357837
2026-01-12 22:52:51 - train: epoch 64, iter:80, loss: 0.0900, lr: 0.0003084117941357837
2026-01-12 22:52:51 - Finish one epoch train: epoch 64, loss: 0.0894, time(s): 25.02
2026-01-12 22:52:52 - idx 0 case patient021_frame13 mean_dice 0.829293 mean_hd95 1.412023
2026-01-12 22:52:54 - idx 1 case patient021_frame01 mean_dice 0.945831 mean_hd95 1.000000
2026-01-12 22:52:54 - idx 2 case patient022_frame01 mean_dice 0.922953 mean_hd95 1.000000
2026-01-12 22:52:55 - idx 3 case patient022_frame11 mean_dice 0.849432 mean_hd95 1.666667
2026-01-12 22:52:56 - idx 4 case patient023_frame01 mean_dice 0.926530 mean_hd95 1.000000
2026-01-12 22:52:57 - idx 5 case patient023_frame09 mean_dice 0.853329 mean_hd95 1.276142
2026-01-12 22:52:58 - idx 6 case patient024_frame01 mean_dice 0.933584 mean_hd95 1.000000
2026-01-12 22:52:59 - idx 7 case patient024_frame09 mean_dice 0.905627 mean_hd95 1.000000
2026-01-12 22:53:00 - idx 8 case patient025_frame09 mean_dice 0.858652 mean_hd95 1.382088
2026-01-12 22:53:01 - idx 9 case patient025_frame01 mean_dice 0.922901 mean_hd95 1.000000
2026-01-12 22:53:02 - idx 10 case patient026_frame01 mean_dice 0.927298 mean_hd95 1.000000
2026-01-12 22:53:04 - idx 11 case patient026_frame12 mean_dice 0.812814 mean_hd95 2.138071
2026-01-12 22:53:05 - idx 12 case patient027_frame01 mean_dice 0.920876 mean_hd95 1.000000
2026-01-12 22:53:06 - idx 13 case patient027_frame11 mean_dice 0.778291 mean_hd95 3.246149
2026-01-12 22:53:07 - idx 14 case patient028_frame01 mean_dice 0.929650 mean_hd95 1.000000
2026-01-12 22:53:08 - idx 15 case patient028_frame09 mean_dice 0.851930 mean_hd95 1.471405
2026-01-12 22:53:10 - idx 16 case patient029_frame01 mean_dice 0.941532 mean_hd95 1.000000
2026-01-12 22:53:11 - idx 17 case patient029_frame12 mean_dice 0.602649 mean_hd95 7.206948
2026-01-12 22:53:12 - idx 18 case patient030_frame01 mean_dice 0.898976 mean_hd95 1.138071
2026-01-12 22:53:13 - idx 19 case patient030_frame12 mean_dice 0.706008 mean_hd95 3.204635
2026-01-12 22:53:13 - Mean class 1 mean_dice 0.813268 mean_hd95 2.583659
2026-01-12 22:53:13 - Mean class 2 mean_dice 0.890118 mean_hd95 1.153225
2026-01-12 22:53:13 - Mean class 3 mean_dice 0.894337 mean_hd95 1.384446
2026-01-12 22:53:13 - val epoch: 64, mean_dice: 0.8659077037003556, mean_hd95: 1.7071099139585382, time(s): 22.16
2026-01-12 22:53:14 - train: epoch 65, iter:0, loss: 0.0773, lr: 0.0002942392506752892
2026-01-12 22:53:17 - train: epoch 65, iter:10, loss: 0.0719, lr: 0.0002942392506752892
2026-01-12 22:53:20 - train: epoch 65, iter:20, loss: 0.0776, lr: 0.0002942392506752892
2026-01-12 22:53:23 - train: epoch 65, iter:30, loss: 0.1008, lr: 0.0002942392506752892
2026-01-12 22:53:26 - train: epoch 65, iter:40, loss: 0.0642, lr: 0.0002942392506752892
2026-01-12 22:53:30 - train: epoch 65, iter:50, loss: 0.0845, lr: 0.0002942392506752892
2026-01-12 22:53:33 - train: epoch 65, iter:60, loss: 0.0830, lr: 0.0002942392506752892
2026-01-12 22:53:36 - train: epoch 65, iter:70, loss: 0.0869, lr: 0.0002942392506752892
2026-01-12 22:53:39 - train: epoch 65, iter:80, loss: 0.0905, lr: 0.0002942392506752892
2026-01-12 22:53:39 - Finish one epoch train: epoch 65, loss: 0.0848, time(s): 25.29
2026-01-12 22:53:40 - idx 0 case patient021_frame13 mean_dice 0.832300 mean_hd95 1.720759
2026-01-12 22:53:42 - idx 1 case patient021_frame01 mean_dice 0.945910 mean_hd95 1.000000
2026-01-12 22:53:42 - idx 2 case patient022_frame01 mean_dice 0.920846 mean_hd95 1.000000
2026-01-12 22:53:43 - idx 3 case patient022_frame11 mean_dice 0.872315 mean_hd95 1.666667
2026-01-12 22:53:44 - idx 4 case patient023_frame01 mean_dice 0.928184 mean_hd95 1.000000
2026-01-12 22:53:45 - idx 5 case patient023_frame09 mean_dice 0.835087 mean_hd95 1.276142
2026-01-12 22:53:46 - idx 6 case patient024_frame01 mean_dice 0.936218 mean_hd95 1.000000
2026-01-12 22:53:47 - idx 7 case patient024_frame09 mean_dice 0.913828 mean_hd95 1.000000
2026-01-12 22:53:48 - idx 8 case patient025_frame09 mean_dice 0.871916 mean_hd95 1.138071
2026-01-12 22:53:49 - idx 9 case patient025_frame01 mean_dice 0.916416 mean_hd95 1.000000
2026-01-12 22:53:51 - idx 10 case patient026_frame01 mean_dice 0.918151 mean_hd95 7.078461
2026-01-12 22:53:52 - idx 11 case patient026_frame12 mean_dice 0.843518 mean_hd95 1.759306
2026-01-12 22:53:53 - idx 12 case patient027_frame01 mean_dice 0.875432 mean_hd95 1.138071
2026-01-12 22:53:54 - idx 13 case patient027_frame11 mean_dice 0.784858 mean_hd95 3.259987
2026-01-12 22:53:55 - idx 14 case patient028_frame01 mean_dice 0.928059 mean_hd95 1.000000
2026-01-12 22:53:57 - idx 15 case patient028_frame09 mean_dice 0.843254 mean_hd95 1.609476
2026-01-12 22:53:58 - idx 16 case patient029_frame01 mean_dice 0.944670 mean_hd95 1.000000
2026-01-12 22:53:59 - idx 17 case patient029_frame12 mean_dice 0.555390 mean_hd95 8.495599
2026-01-12 22:54:00 - idx 18 case patient030_frame01 mean_dice 0.911697 mean_hd95 1.000000
2026-01-12 22:54:01 - idx 19 case patient030_frame12 mean_dice 0.718310 mean_hd95 2.993544
2026-01-12 22:54:01 - Mean class 1 mean_dice 0.812852 mean_hd95 2.810444
2026-01-12 22:54:01 - Mean class 2 mean_dice 0.889664 mean_hd95 1.141421
2026-01-12 22:54:01 - Mean class 3 mean_dice 0.891938 mean_hd95 2.218547
2026-01-12 22:54:01 - val epoch: 65, mean_dice: 0.8648178922944062, mean_hd95: 2.0568041065192695, time(s): 22.33
2026-01-12 22:54:02 - train: epoch 66, iter:0, loss: 0.0808, lr: 0.0002802747026289245
2026-01-12 22:54:06 - train: epoch 66, iter:10, loss: 0.0959, lr: 0.0002802747026289245
2026-01-12 22:54:09 - train: epoch 66, iter:20, loss: 0.0815, lr: 0.0002802747026289245
2026-01-12 22:54:12 - train: epoch 66, iter:30, loss: 0.0756, lr: 0.0002802747026289245
2026-01-12 22:54:15 - train: epoch 66, iter:40, loss: 0.0906, lr: 0.0002802747026289245
2026-01-12 22:54:18 - train: epoch 66, iter:50, loss: 0.0889, lr: 0.0002802747026289245
2026-01-12 22:54:21 - train: epoch 66, iter:60, loss: 0.0734, lr: 0.0002802747026289245
2026-01-12 22:54:24 - train: epoch 66, iter:70, loss: 0.0829, lr: 0.0002802747026289245
2026-01-12 22:54:27 - train: epoch 66, iter:80, loss: 0.0803, lr: 0.0002802747026289245
2026-01-12 22:54:27 - Finish one epoch train: epoch 66, loss: 0.0853, time(s): 25.43
2026-01-12 22:54:29 - idx 0 case patient021_frame13 mean_dice 0.826228 mean_hd95 1.666667
2026-01-12 22:54:30 - idx 1 case patient021_frame01 mean_dice 0.943870 mean_hd95 1.000000
2026-01-12 22:54:31 - idx 2 case patient022_frame01 mean_dice 0.924723 mean_hd95 1.000000
2026-01-12 22:54:31 - idx 3 case patient022_frame11 mean_dice 0.872776 mean_hd95 1.138071
2026-01-12 22:54:32 - idx 4 case patient023_frame01 mean_dice 0.910886 mean_hd95 1.000000
2026-01-12 22:54:34 - idx 5 case patient023_frame09 mean_dice 0.826506 mean_hd95 1.276142
2026-01-12 22:54:34 - idx 6 case patient024_frame01 mean_dice 0.930566 mean_hd95 1.000000
2026-01-12 22:54:35 - idx 7 case patient024_frame09 mean_dice 0.908080 mean_hd95 1.000000
2026-01-12 22:54:36 - idx 8 case patient025_frame09 mean_dice 0.863115 mean_hd95 1.483163
2026-01-12 22:54:38 - idx 9 case patient025_frame01 mean_dice 0.932574 mean_hd95 1.000000
2026-01-12 22:54:39 - idx 10 case patient026_frame01 mean_dice 0.929224 mean_hd95 1.000000
2026-01-12 22:54:40 - idx 11 case patient026_frame12 mean_dice 0.810783 mean_hd95 1.942809
2026-01-12 22:54:41 - idx 12 case patient027_frame01 mean_dice 0.897796 mean_hd95 1.138071
2026-01-12 22:54:42 - idx 13 case patient027_frame11 mean_dice 0.799151 mean_hd95 2.779074
2026-01-12 22:54:44 - idx 14 case patient028_frame01 mean_dice 0.929772 mean_hd95 1.000000
2026-01-12 22:54:45 - idx 15 case patient028_frame09 mean_dice 0.844838 mean_hd95 1.550094
2026-01-12 22:54:46 - idx 16 case patient029_frame01 mean_dice 0.942793 mean_hd95 1.000000
2026-01-12 22:54:47 - idx 17 case patient029_frame12 mean_dice 0.577970 mean_hd95 5.757246
2026-01-12 22:54:48 - idx 18 case patient030_frame01 mean_dice 0.913618 mean_hd95 1.000000
2026-01-12 22:54:50 - idx 19 case patient030_frame12 mean_dice 0.746172 mean_hd95 3.054805
2026-01-12 22:54:50 - Mean class 1 mean_dice 0.813017 mean_hd95 2.289462
2026-01-12 22:54:50 - Mean class 2 mean_dice 0.890248 mean_hd95 1.185739
2026-01-12 22:54:50 - Mean class 3 mean_dice 0.896451 mean_hd95 1.292720
2026-01-12 22:54:50 - val epoch: 66, mean_dice: 0.8665720789214449, mean_hd95: 1.589307075103985, time(s): 22.26
2026-01-12 22:54:51 - train: epoch 67, iter:0, loss: 0.0808, lr: 0.000266531931319651
2026-01-12 22:54:54 - train: epoch 67, iter:10, loss: 0.0872, lr: 0.000266531931319651
2026-01-12 22:54:57 - train: epoch 67, iter:20, loss: 0.1040, lr: 0.000266531931319651
2026-01-12 22:55:00 - train: epoch 67, iter:30, loss: 0.0830, lr: 0.000266531931319651
2026-01-12 22:55:03 - train: epoch 67, iter:40, loss: 0.0771, lr: 0.000266531931319651
2026-01-12 22:55:06 - train: epoch 67, iter:50, loss: 0.0815, lr: 0.000266531931319651
2026-01-12 22:55:09 - train: epoch 67, iter:60, loss: 0.0792, lr: 0.000266531931319651
2026-01-12 22:55:12 - train: epoch 67, iter:70, loss: 0.0940, lr: 0.000266531931319651
2026-01-12 22:55:15 - train: epoch 67, iter:80, loss: 0.0775, lr: 0.000266531931319651
2026-01-12 22:55:16 - Finish one epoch train: epoch 67, loss: 0.0837, time(s): 25.30
2026-01-12 22:55:17 - idx 0 case patient021_frame13 mean_dice 0.826526 mean_hd95 2.080880
2026-01-12 22:55:18 - idx 1 case patient021_frame01 mean_dice 0.937870 mean_hd95 1.000000
2026-01-12 22:55:19 - idx 2 case patient022_frame01 mean_dice 0.922272 mean_hd95 1.000000
2026-01-12 22:55:19 - idx 3 case patient022_frame11 mean_dice 0.868553 mean_hd95 1.720759
2026-01-12 22:55:21 - idx 4 case patient023_frame01 mean_dice 0.904811 mean_hd95 1.000000
2026-01-12 22:55:22 - idx 5 case patient023_frame09 mean_dice 0.826355 mean_hd95 1.276142
2026-01-12 22:55:23 - idx 6 case patient024_frame01 mean_dice 0.938334 mean_hd95 1.000000
2026-01-12 22:55:23 - idx 7 case patient024_frame09 mean_dice 0.907208 mean_hd95 1.000000
2026-01-12 22:55:25 - idx 8 case patient025_frame09 mean_dice 0.858899 mean_hd95 1.666667
2026-01-12 22:55:26 - idx 9 case patient025_frame01 mean_dice 0.933579 mean_hd95 1.000000
2026-01-12 22:55:27 - idx 10 case patient026_frame01 mean_dice 0.922265 mean_hd95 1.000000
2026-01-12 22:55:28 - idx 11 case patient026_frame12 mean_dice 0.820850 mean_hd95 1.964776
2026-01-12 22:55:29 - idx 12 case patient027_frame01 mean_dice 0.918053 mean_hd95 1.000000
2026-01-12 22:55:30 - idx 13 case patient027_frame11 mean_dice 0.822761 mean_hd95 2.726738
2026-01-12 22:55:32 - idx 14 case patient028_frame01 mean_dice 0.925090 mean_hd95 1.000000
2026-01-12 22:55:33 - idx 15 case patient028_frame09 mean_dice 0.869642 mean_hd95 1.471405
2026-01-12 22:55:34 - idx 16 case patient029_frame01 mean_dice 0.945933 mean_hd95 1.000000
2026-01-12 22:55:35 - idx 17 case patient029_frame12 mean_dice 0.749439 mean_hd95 2.000000
2026-01-12 22:55:37 - idx 18 case patient030_frame01 mean_dice 0.904811 mean_hd95 1.000000
2026-01-12 22:55:38 - idx 19 case patient030_frame12 mean_dice 0.717611 mean_hd95 3.260777
2026-01-12 22:55:38 - Mean class 1 mean_dice 0.830571 mean_hd95 1.975270
2026-01-12 22:55:38 - Mean class 2 mean_dice 0.898472 mean_hd95 1.120711
2026-01-12 22:55:38 - Mean class 3 mean_dice 0.899087 mean_hd95 1.279241
2026-01-12 22:55:38 - val epoch: 67, mean_dice: 0.8760431213208251, mean_hd95: 1.458407168057363, time(s): 22.28
2026-01-12 22:55:39 - train: epoch 68, iter:0, loss: 0.0957, lr: 0.0002530244992035663
2026-01-12 22:55:42 - train: epoch 68, iter:10, loss: 0.0788, lr: 0.0002530244992035663
2026-01-12 22:55:45 - train: epoch 68, iter:20, loss: 0.0785, lr: 0.0002530244992035663
2026-01-12 22:55:48 - train: epoch 68, iter:30, loss: 0.0886, lr: 0.0002530244992035663
2026-01-12 22:55:51 - train: epoch 68, iter:40, loss: 0.0841, lr: 0.0002530244992035663
2026-01-12 22:55:54 - train: epoch 68, iter:50, loss: 0.0840, lr: 0.0002530244992035663
2026-01-12 22:55:57 - train: epoch 68, iter:60, loss: 0.0691, lr: 0.0002530244992035663
2026-01-12 22:56:00 - train: epoch 68, iter:70, loss: 0.0867, lr: 0.0002530244992035663
2026-01-12 22:56:03 - train: epoch 68, iter:80, loss: 0.1031, lr: 0.0002530244992035663
2026-01-12 22:56:04 - Finish one epoch train: epoch 68, loss: 0.0874, time(s): 25.19
2026-01-12 22:56:05 - idx 0 case patient021_frame13 mean_dice 0.820492 mean_hd95 1.772208
2026-01-12 22:56:06 - idx 1 case patient021_frame01 mean_dice 0.944362 mean_hd95 1.000000
2026-01-12 22:56:07 - idx 2 case patient022_frame01 mean_dice 0.920025 mean_hd95 1.000000
2026-01-12 22:56:08 - idx 3 case patient022_frame11 mean_dice 0.884428 mean_hd95 1.244017
2026-01-12 22:56:09 - idx 4 case patient023_frame01 mean_dice 0.924519 mean_hd95 1.000000
2026-01-12 22:56:10 - idx 5 case patient023_frame09 mean_dice 0.828541 mean_hd95 1.276142
2026-01-12 22:56:11 - idx 6 case patient024_frame01 mean_dice 0.933933 mean_hd95 1.000000
2026-01-12 22:56:11 - idx 7 case patient024_frame09 mean_dice 0.901232 mean_hd95 1.000000
2026-01-12 22:56:13 - idx 8 case patient025_frame09 mean_dice 0.868311 mean_hd95 1.471405
2026-01-12 22:56:14 - idx 9 case patient025_frame01 mean_dice 0.888131 mean_hd95 1.138071
2026-01-12 22:56:15 - idx 10 case patient026_frame01 mean_dice 0.909278 mean_hd95 1.138071
2026-01-12 22:56:16 - idx 11 case patient026_frame12 mean_dice 0.813935 mean_hd95 2.154296
2026-01-12 22:56:17 - idx 12 case patient027_frame01 mean_dice 0.846576 mean_hd95 1.276142
2026-01-12 22:56:18 - idx 13 case patient027_frame11 mean_dice 0.795115 mean_hd95 2.885618
2026-01-12 22:56:20 - idx 14 case patient028_frame01 mean_dice 0.928507 mean_hd95 1.000000
2026-01-12 22:56:21 - idx 15 case patient028_frame09 mean_dice 0.897184 mean_hd95 1.138071
2026-01-12 22:56:22 - idx 16 case patient029_frame01 mean_dice 0.926474 mean_hd95 1.138071
2026-01-12 22:56:23 - idx 17 case patient029_frame12 mean_dice 0.617019 mean_hd95 6.430365
2026-01-12 22:56:25 - idx 18 case patient030_frame01 mean_dice 0.907609 mean_hd95 1.000000
2026-01-12 22:56:26 - idx 19 case patient030_frame12 mean_dice 0.736346 mean_hd95 2.613595
2026-01-12 22:56:26 - Mean class 1 mean_dice 0.802526 mean_hd95 2.524653
2026-01-12 22:56:26 - Mean class 2 mean_dice 0.894474 mean_hd95 1.132843
2026-01-12 22:56:26 - Mean class 3 mean_dice 0.896802 mean_hd95 1.243916
2026-01-12 22:56:26 - val epoch: 68, mean_dice: 0.8646008124168786, mean_hd95: 1.63380366018208, time(s): 22.09
2026-01-12 22:56:27 - train: epoch 69, iter:0, loss: 0.0855, lr: 0.00023976573648539667
2026-01-12 22:56:30 - train: epoch 69, iter:10, loss: 0.1134, lr: 0.00023976573648539667
2026-01-12 22:56:33 - train: epoch 69, iter:20, loss: 0.0854, lr: 0.00023976573648539667
2026-01-12 22:56:36 - train: epoch 69, iter:30, loss: 0.0705, lr: 0.00023976573648539667
2026-01-12 22:56:39 - train: epoch 69, iter:40, loss: 0.0736, lr: 0.00023976573648539667
2026-01-12 22:56:42 - train: epoch 69, iter:50, loss: 0.0801, lr: 0.00023976573648539667
2026-01-12 22:56:45 - train: epoch 69, iter:60, loss: 0.0825, lr: 0.00023976573648539667
2026-01-12 22:56:48 - train: epoch 69, iter:70, loss: 0.1067, lr: 0.00023976573648539667
2026-01-12 22:56:51 - train: epoch 69, iter:80, loss: 0.0684, lr: 0.00023976573648539667
2026-01-12 22:56:52 - Finish one epoch train: epoch 69, loss: 0.0872, time(s): 25.22
2026-01-12 22:56:53 - idx 0 case patient021_frame13 mean_dice 0.830441 mean_hd95 2.194192
2026-01-12 22:56:54 - idx 1 case patient021_frame01 mean_dice 0.944151 mean_hd95 1.000000
2026-01-12 22:56:55 - idx 2 case patient022_frame01 mean_dice 0.927693 mean_hd95 1.000000
2026-01-12 22:56:56 - idx 3 case patient022_frame11 mean_dice 0.887540 mean_hd95 1.000000
2026-01-12 22:56:57 - idx 4 case patient023_frame01 mean_dice 0.923802 mean_hd95 1.000000
2026-01-12 22:56:58 - idx 5 case patient023_frame09 mean_dice 0.834057 mean_hd95 1.276142
2026-01-12 22:56:59 - idx 6 case patient024_frame01 mean_dice 0.939262 mean_hd95 1.000000
2026-01-12 22:57:00 - idx 7 case patient024_frame09 mean_dice 0.920478 mean_hd95 1.000000
2026-01-12 22:57:01 - idx 8 case patient025_frame09 mean_dice 0.857261 mean_hd95 1.550094
2026-01-12 22:57:02 - idx 9 case patient025_frame01 mean_dice 0.932206 mean_hd95 1.000000
2026-01-12 22:57:03 - idx 10 case patient026_frame01 mean_dice 0.929365 mean_hd95 1.000000
2026-01-12 22:57:04 - idx 11 case patient026_frame12 mean_dice 0.877448 mean_hd95 1.276142
2026-01-12 22:57:05 - idx 12 case patient027_frame01 mean_dice 0.842280 mean_hd95 1.382088
2026-01-12 22:57:07 - idx 13 case patient027_frame11 mean_dice 0.794047 mean_hd95 2.845773
2026-01-12 22:57:08 - idx 14 case patient028_frame01 mean_dice 0.932334 mean_hd95 1.000000
2026-01-12 22:57:09 - idx 15 case patient028_frame09 mean_dice 0.867077 mean_hd95 1.471405
2026-01-12 22:57:10 - idx 16 case patient029_frame01 mean_dice 0.916489 mean_hd95 1.333333
2026-01-12 22:57:12 - idx 17 case patient029_frame12 mean_dice 0.620468 mean_hd95 5.396969
2026-01-12 22:57:13 - idx 18 case patient030_frame01 mean_dice 0.915136 mean_hd95 1.000000
2026-01-12 22:57:14 - idx 19 case patient030_frame12 mean_dice 0.724453 mean_hd95 2.778362
2026-01-12 22:57:14 - Mean class 1 mean_dice 0.822872 mean_hd95 2.298515
2026-01-12 22:57:14 - Mean class 2 mean_dice 0.893460 mean_hd95 1.141421
2026-01-12 22:57:14 - Mean class 3 mean_dice 0.896067 mean_hd95 1.285739
2026-01-12 22:57:14 - val epoch: 69, mean_dice: 0.8707994473764558, mean_hd95: 1.575225034233207, time(s): 22.30
2026-01-12 22:57:15 - train: epoch 70, iter:0, loss: 0.0944, lr: 0.00022676872796319544
2026-01-12 22:57:18 - train: epoch 70, iter:10, loss: 0.0770, lr: 0.00022676872796319544
2026-01-12 22:57:21 - train: epoch 70, iter:20, loss: 0.0846, lr: 0.00022676872796319544
2026-01-12 22:57:24 - train: epoch 70, iter:30, loss: 0.0783, lr: 0.00022676872796319544
2026-01-12 22:57:27 - train: epoch 70, iter:40, loss: 0.0926, lr: 0.00022676872796319544
2026-01-12 22:57:30 - train: epoch 70, iter:50, loss: 0.0738, lr: 0.00022676872796319544
2026-01-12 22:57:33 - train: epoch 70, iter:60, loss: 0.0918, lr: 0.00022676872796319544
2026-01-12 22:57:36 - train: epoch 70, iter:70, loss: 0.0709, lr: 0.00022676872796319544
2026-01-12 22:57:39 - train: epoch 70, iter:80, loss: 0.0842, lr: 0.00022676872796319544
2026-01-12 22:57:39 - Finish one epoch train: epoch 70, loss: 0.0829, time(s): 24.96
2026-01-12 22:57:40 - idx 0 case patient021_frame13 mean_dice 0.831419 mean_hd95 1.412023
2026-01-12 22:57:42 - idx 1 case patient021_frame01 mean_dice 0.944209 mean_hd95 1.000000
2026-01-12 22:57:42 - idx 2 case patient022_frame01 mean_dice 0.928994 mean_hd95 1.000000
2026-01-12 22:57:43 - idx 3 case patient022_frame11 mean_dice 0.888624 mean_hd95 1.333333
2026-01-12 22:57:44 - idx 4 case patient023_frame01 mean_dice 0.915443 mean_hd95 1.000000
2026-01-12 22:57:45 - idx 5 case patient023_frame09 mean_dice 0.828208 mean_hd95 1.138071
2026-01-12 22:57:46 - idx 6 case patient024_frame01 mean_dice 0.935815 mean_hd95 1.000000
2026-01-12 22:57:47 - idx 7 case patient024_frame09 mean_dice 0.906823 mean_hd95 1.000000
2026-01-12 22:57:48 - idx 8 case patient025_frame09 mean_dice 0.871996 mean_hd95 1.471405
2026-01-12 22:57:49 - idx 9 case patient025_frame01 mean_dice 0.938019 mean_hd95 1.000000
2026-01-12 22:57:51 - idx 10 case patient026_frame01 mean_dice 0.917083 mean_hd95 8.568846
2026-01-12 22:57:52 - idx 11 case patient026_frame12 mean_dice 0.865964 mean_hd95 1.577350
2026-01-12 22:57:53 - idx 12 case patient027_frame01 mean_dice 0.870177 mean_hd95 1.138071
2026-01-12 22:57:54 - idx 13 case patient027_frame11 mean_dice 0.798184 mean_hd95 2.463980
2026-01-12 22:57:55 - idx 14 case patient028_frame01 mean_dice 0.929175 mean_hd95 1.000000
2026-01-12 22:57:57 - idx 15 case patient028_frame09 mean_dice 0.868846 mean_hd95 1.382088
2026-01-12 22:57:58 - idx 16 case patient029_frame01 mean_dice 0.934067 mean_hd95 1.000000
2026-01-12 22:57:59 - idx 17 case patient029_frame12 mean_dice 0.695697 mean_hd95 2.463980
2026-01-12 22:58:00 - idx 18 case patient030_frame01 mean_dice 0.906402 mean_hd95 1.000000
2026-01-12 22:58:01 - idx 19 case patient030_frame12 mean_dice 0.689483 mean_hd95 3.121857
2026-01-12 22:58:01 - Mean class 1 mean_dice 0.828900 mean_hd95 1.731773
2026-01-12 22:58:01 - Mean class 2 mean_dice 0.897319 mean_hd95 1.139827
2026-01-12 22:58:01 - Mean class 3 mean_dice 0.893474 mean_hd95 2.389050
2026-01-12 22:58:01 - val epoch: 70, mean_dice: 0.8732313398982215, mean_hd95: 1.7535501733927628, time(s): 22.14
2026-01-12 22:58:02 - train: epoch 71, iter:0, loss: 0.0711, lr: 0.00021404630011522598
2026-01-12 22:58:05 - train: epoch 71, iter:10, loss: 0.0704, lr: 0.00021404630011522598
2026-01-12 22:58:08 - train: epoch 71, iter:20, loss: 0.0813, lr: 0.00021404630011522598
2026-01-12 22:58:11 - train: epoch 71, iter:30, loss: 0.0808, lr: 0.00021404630011522598
2026-01-12 22:58:14 - train: epoch 71, iter:40, loss: 0.0916, lr: 0.00021404630011522598
2026-01-12 22:58:17 - train: epoch 71, iter:50, loss: 0.0788, lr: 0.00021404630011522598
2026-01-12 22:58:20 - train: epoch 71, iter:60, loss: 0.0721, lr: 0.00021404630011522598
2026-01-12 22:58:23 - train: epoch 71, iter:70, loss: 0.0908, lr: 0.00021404630011522598
2026-01-12 22:58:27 - train: epoch 71, iter:80, loss: 0.0804, lr: 0.00021404630011522598
2026-01-12 22:58:27 - Finish one epoch train: epoch 71, loss: 0.0808, time(s): 25.05
2026-01-12 22:58:28 - idx 0 case patient021_frame13 mean_dice 0.833020 mean_hd95 1.666667
2026-01-12 22:58:29 - idx 1 case patient021_frame01 mean_dice 0.943292 mean_hd95 1.000000
2026-01-12 22:58:30 - idx 2 case patient022_frame01 mean_dice 0.926219 mean_hd95 1.000000
2026-01-12 22:58:31 - idx 3 case patient022_frame11 mean_dice 0.891902 mean_hd95 1.000000
2026-01-12 22:58:32 - idx 4 case patient023_frame01 mean_dice 0.920182 mean_hd95 1.000000
2026-01-12 22:58:33 - idx 5 case patient023_frame09 mean_dice 0.824060 mean_hd95 1.276142
2026-01-12 22:58:34 - idx 6 case patient024_frame01 mean_dice 0.936429 mean_hd95 1.000000
2026-01-12 22:58:35 - idx 7 case patient024_frame09 mean_dice 0.914656 mean_hd95 1.000000
2026-01-12 22:58:36 - idx 8 case patient025_frame09 mean_dice 0.838346 mean_hd95 1.815556
2026-01-12 22:58:37 - idx 9 case patient025_frame01 mean_dice 0.933575 mean_hd95 1.000000
2026-01-12 22:58:38 - idx 10 case patient026_frame01 mean_dice 0.926385 mean_hd95 1.000000
2026-01-12 22:58:39 - idx 11 case patient026_frame12 mean_dice 0.865361 mean_hd95 2.006588
2026-01-12 22:58:41 - idx 12 case patient027_frame01 mean_dice 0.839812 mean_hd95 1.382088
2026-01-12 22:58:42 - idx 13 case patient027_frame11 mean_dice 0.782983 mean_hd95 2.677355
2026-01-12 22:58:43 - idx 14 case patient028_frame01 mean_dice 0.932030 mean_hd95 1.000000
2026-01-12 22:58:44 - idx 15 case patient028_frame09 mean_dice 0.845002 mean_hd95 1.609476
2026-01-12 22:58:46 - idx 16 case patient029_frame01 mean_dice 0.921603 mean_hd95 1.000000
2026-01-12 22:58:47 - idx 17 case patient029_frame12 mean_dice 0.575690 mean_hd95 3.639071
2026-01-12 22:58:48 - idx 18 case patient030_frame01 mean_dice 0.920888 mean_hd95 1.000000
2026-01-12 22:58:49 - idx 19 case patient030_frame12 mean_dice 0.762237 mean_hd95 2.632993
2026-01-12 22:58:49 - Mean class 1 mean_dice 0.812172 mean_hd95 2.021255
2026-01-12 22:58:49 - Mean class 2 mean_dice 0.891139 mean_hd95 1.148406
2026-01-12 22:58:49 - Mean class 3 mean_dice 0.896739 mean_hd95 1.286229
2026-01-12 22:58:49 - val epoch: 71, mean_dice: 0.8666835899949467, mean_hd95: 1.485296853339199, time(s): 22.15
2026-01-12 22:58:50 - train: epoch 72, iter:0, loss: 0.0725, lr: 0.00020161100844177672
2026-01-12 22:58:53 - train: epoch 72, iter:10, loss: 0.0726, lr: 0.00020161100844177672
2026-01-12 22:58:56 - train: epoch 72, iter:20, loss: 0.0759, lr: 0.00020161100844177672
2026-01-12 22:58:59 - train: epoch 72, iter:30, loss: 0.0764, lr: 0.00020161100844177672
2026-01-12 22:59:02 - train: epoch 72, iter:40, loss: 0.0834, lr: 0.00020161100844177672
2026-01-12 22:59:05 - train: epoch 72, iter:50, loss: 0.0886, lr: 0.00020161100844177672
2026-01-12 22:59:08 - train: epoch 72, iter:60, loss: 0.0803, lr: 0.00020161100844177672
2026-01-12 22:59:11 - train: epoch 72, iter:70, loss: 0.0876, lr: 0.00020161100844177672
2026-01-12 22:59:14 - train: epoch 72, iter:80, loss: 0.0928, lr: 0.00020161100844177672
2026-01-12 22:59:15 - Finish one epoch train: epoch 72, loss: 0.0813, time(s): 25.09
2026-01-12 22:59:16 - idx 0 case patient021_frame13 mean_dice 0.833138 mean_hd95 1.772208
2026-01-12 22:59:17 - idx 1 case patient021_frame01 mean_dice 0.944236 mean_hd95 1.000000
2026-01-12 22:59:18 - idx 2 case patient022_frame01 mean_dice 0.921515 mean_hd95 1.000000
2026-01-12 22:59:19 - idx 3 case patient022_frame11 mean_dice 0.877391 mean_hd95 1.412023
2026-01-12 22:59:20 - idx 4 case patient023_frame01 mean_dice 0.914092 mean_hd95 1.000000
2026-01-12 22:59:21 - idx 5 case patient023_frame09 mean_dice 0.833688 mean_hd95 1.276142
2026-01-12 22:59:22 - idx 6 case patient024_frame01 mean_dice 0.933653 mean_hd95 1.000000
2026-01-12 22:59:23 - idx 7 case patient024_frame09 mean_dice 0.913474 mean_hd95 1.000000
2026-01-12 22:59:24 - idx 8 case patient025_frame09 mean_dice 0.851068 mean_hd95 1.858830
2026-01-12 22:59:25 - idx 9 case patient025_frame01 mean_dice 0.933426 mean_hd95 1.000000
2026-01-12 22:59:26 - idx 10 case patient026_frame01 mean_dice 0.928492 mean_hd95 1.000000
2026-01-12 22:59:28 - idx 11 case patient026_frame12 mean_dice 0.845417 mean_hd95 1.910279
2026-01-12 22:59:29 - idx 12 case patient027_frame01 mean_dice 0.878060 mean_hd95 1.138071
2026-01-12 22:59:30 - idx 13 case patient027_frame11 mean_dice 0.792438 mean_hd95 2.924371
2026-01-12 22:59:31 - idx 14 case patient028_frame01 mean_dice 0.928903 mean_hd95 1.000000
2026-01-12 22:59:32 - idx 15 case patient028_frame09 mean_dice 0.842553 mean_hd95 1.794111
2026-01-12 22:59:34 - idx 16 case patient029_frame01 mean_dice 0.927731 mean_hd95 1.000000
2026-01-12 22:59:35 - idx 17 case patient029_frame12 mean_dice 0.613119 mean_hd95 4.760476
2026-01-12 22:59:36 - idx 18 case patient030_frame01 mean_dice 0.918542 mean_hd95 1.000000
2026-01-12 22:59:37 - idx 19 case patient030_frame12 mean_dice 0.743550 mean_hd95 2.859543
2026-01-12 22:59:37 - Mean class 1 mean_dice 0.818144 mean_hd95 2.284032
2026-01-12 22:59:37 - Mean class 2 mean_dice 0.889551 mean_hd95 1.165028
2026-01-12 22:59:37 - Mean class 3 mean_dice 0.898478 mean_hd95 1.306848
2026-01-12 22:59:37 - val epoch: 72, mean_dice: 0.8687243061415622, mean_hd95: 1.5853027407271518, time(s): 22.54
2026-01-12 22:59:38 - train: epoch 73, iter:0, loss: 0.0841, lr: 0.0001894751250743987
2026-01-12 22:59:41 - train: epoch 73, iter:10, loss: 0.0772, lr: 0.0001894751250743987
2026-01-12 22:59:44 - train: epoch 73, iter:20, loss: 0.0751, lr: 0.0001894751250743987
2026-01-12 22:59:47 - train: epoch 73, iter:30, loss: 0.0770, lr: 0.0001894751250743987
2026-01-12 22:59:50 - train: epoch 73, iter:40, loss: 0.0755, lr: 0.0001894751250743987
2026-01-12 22:59:53 - train: epoch 73, iter:50, loss: 0.0822, lr: 0.0001894751250743987
2026-01-12 22:59:57 - train: epoch 73, iter:60, loss: 0.0881, lr: 0.0001894751250743987
2026-01-12 23:00:00 - train: epoch 73, iter:70, loss: 0.0783, lr: 0.0001894751250743987
2026-01-12 23:00:03 - train: epoch 73, iter:80, loss: 0.0794, lr: 0.0001894751250743987
2026-01-12 23:00:03 - Finish one epoch train: epoch 73, loss: 0.0804, time(s): 25.27
2026-01-12 23:00:04 - idx 0 case patient021_frame13 mean_dice 0.819682 mean_hd95 1.720759
2026-01-12 23:00:06 - idx 1 case patient021_frame01 mean_dice 0.944845 mean_hd95 1.000000
2026-01-12 23:00:06 - idx 2 case patient022_frame01 mean_dice 0.924051 mean_hd95 1.000000
2026-01-12 23:00:07 - idx 3 case patient022_frame11 mean_dice 0.870237 mean_hd95 1.444036
2026-01-12 23:00:08 - idx 4 case patient023_frame01 mean_dice 0.928536 mean_hd95 1.000000
2026-01-12 23:00:09 - idx 5 case patient023_frame09 mean_dice 0.825854 mean_hd95 1.138071
2026-01-12 23:00:10 - idx 6 case patient024_frame01 mean_dice 0.933109 mean_hd95 1.000000
2026-01-12 23:00:11 - idx 7 case patient024_frame09 mean_dice 0.900699 mean_hd95 1.027614
2026-01-12 23:00:12 - idx 8 case patient025_frame09 mean_dice 0.880591 mean_hd95 1.333333
2026-01-12 23:00:13 - idx 9 case patient025_frame01 mean_dice 0.937740 mean_hd95 1.000000
2026-01-12 23:00:14 - idx 10 case patient026_frame01 mean_dice 0.918671 mean_hd95 8.419802
2026-01-12 23:00:16 - idx 11 case patient026_frame12 mean_dice 0.824008 mean_hd95 2.016225
2026-01-12 23:00:17 - idx 12 case patient027_frame01 mean_dice 0.879059 mean_hd95 1.138071
2026-01-12 23:00:18 - idx 13 case patient027_frame11 mean_dice 0.789292 mean_hd95 2.832600
2026-01-12 23:00:19 - idx 14 case patient028_frame01 mean_dice 0.926194 mean_hd95 1.000000
2026-01-12 23:00:21 - idx 15 case patient028_frame09 mean_dice 0.855613 mean_hd95 1.471405
2026-01-12 23:00:22 - idx 16 case patient029_frame01 mean_dice 0.941784 mean_hd95 1.000000
2026-01-12 23:00:23 - idx 17 case patient029_frame12 mean_dice 0.621623 mean_hd95 2.732051
2026-01-12 23:00:24 - idx 18 case patient030_frame01 mean_dice 0.903743 mean_hd95 1.000000
2026-01-12 23:00:26 - idx 19 case patient030_frame12 mean_dice 0.708439 mean_hd95 3.134375
2026-01-12 23:00:26 - Mean class 1 mean_dice 0.815525 mean_hd95 1.977267
2026-01-12 23:00:26 - Mean class 2 mean_dice 0.891933 mean_hd95 1.141421
2026-01-12 23:00:26 - Mean class 3 mean_dice 0.892607 mean_hd95 2.342563
2026-01-12 23:00:26 - val epoch: 73, mean_dice: 0.8666885462336702, mean_hd95: 1.8204171436749015, time(s): 22.37
2026-01-12 23:00:26 - train: epoch 74, iter:0, loss: 0.0907, lr: 0.00017765062666479255
2026-01-12 23:00:29 - train: epoch 74, iter:10, loss: 0.0847, lr: 0.00017765062666479255
2026-01-12 23:00:32 - train: epoch 74, iter:20, loss: 0.0943, lr: 0.00017765062666479255
2026-01-12 23:00:35 - train: epoch 74, iter:30, loss: 0.0786, lr: 0.00017765062666479255
2026-01-12 23:00:38 - train: epoch 74, iter:40, loss: 0.0721, lr: 0.00017765062666479255
2026-01-12 23:00:42 - train: epoch 74, iter:50, loss: 0.0794, lr: 0.00017765062666479255
2026-01-12 23:00:45 - train: epoch 74, iter:60, loss: 0.0765, lr: 0.00017765062666479255
2026-01-12 23:00:48 - train: epoch 74, iter:70, loss: 0.0807, lr: 0.00017765062666479255
2026-01-12 23:00:51 - train: epoch 74, iter:80, loss: 0.0796, lr: 0.00017765062666479255
2026-01-12 23:00:51 - Finish one epoch train: epoch 74, loss: 0.0802, time(s): 25.09
2026-01-12 23:00:52 - idx 0 case patient021_frame13 mean_dice 0.826317 mean_hd95 1.913886
2026-01-12 23:00:54 - idx 1 case patient021_frame01 mean_dice 0.945296 mean_hd95 1.000000
2026-01-12 23:00:54 - idx 2 case patient022_frame01 mean_dice 0.921349 mean_hd95 1.000000
2026-01-12 23:00:55 - idx 3 case patient022_frame11 mean_dice 0.877056 mean_hd95 1.913886
2026-01-12 23:00:56 - idx 4 case patient023_frame01 mean_dice 0.930480 mean_hd95 1.000000
2026-01-12 23:00:57 - idx 5 case patient023_frame09 mean_dice 0.826727 mean_hd95 1.276142
2026-01-12 23:00:58 - idx 6 case patient024_frame01 mean_dice 0.935137 mean_hd95 1.000000
2026-01-12 23:00:59 - idx 7 case patient024_frame09 mean_dice 0.900648 mean_hd95 1.000000
2026-01-12 23:01:00 - idx 8 case patient025_frame09 mean_dice 0.860351 mean_hd95 1.550094
2026-01-12 23:01:01 - idx 9 case patient025_frame01 mean_dice 0.920770 mean_hd95 1.000000
2026-01-12 23:01:02 - idx 10 case patient026_frame01 mean_dice 0.926979 mean_hd95 1.000000
2026-01-12 23:01:04 - idx 11 case patient026_frame12 mean_dice 0.841415 mean_hd95 1.996902
2026-01-12 23:01:05 - idx 12 case patient027_frame01 mean_dice 0.848785 mean_hd95 1.276142
2026-01-12 23:01:06 - idx 13 case patient027_frame11 mean_dice 0.785812 mean_hd95 2.669727
2026-01-12 23:01:07 - idx 14 case patient028_frame01 mean_dice 0.926266 mean_hd95 1.000000
2026-01-12 23:01:08 - idx 15 case patient028_frame09 mean_dice 0.881834 mean_hd95 1.382088
2026-01-12 23:01:10 - idx 16 case patient029_frame01 mean_dice 0.925364 mean_hd95 1.000000
2026-01-12 23:01:11 - idx 17 case patient029_frame12 mean_dice 0.560399 mean_hd95 8.951240
2026-01-12 23:01:12 - idx 18 case patient030_frame01 mean_dice 0.914486 mean_hd95 1.000000
2026-01-12 23:01:13 - idx 19 case patient030_frame12 mean_dice 0.737833 mean_hd95 2.976223
2026-01-12 23:01:13 - Mean class 1 mean_dice 0.802316 mean_hd95 3.001476
2026-01-12 23:01:13 - Mean class 2 mean_dice 0.895468 mean_hd95 1.148735
2026-01-12 23:01:13 - Mean class 3 mean_dice 0.896211 mean_hd95 1.235739
2026-01-12 23:01:13 - val epoch: 74, mean_dice: 0.8646652888230436, mean_hd95: 1.7953164816761837, time(s): 22.19
2026-01-12 23:01:14 - train: epoch 75, iter:0, loss: 0.0840, lr: 0.0001661491825652992
2026-01-12 23:01:17 - train: epoch 75, iter:10, loss: 0.0904, lr: 0.0001661491825652992
2026-01-12 23:01:20 - train: epoch 75, iter:20, loss: 0.0774, lr: 0.0001661491825652992
2026-01-12 23:01:23 - train: epoch 75, iter:30, loss: 0.0798, lr: 0.0001661491825652992
2026-01-12 23:01:26 - train: epoch 75, iter:40, loss: 0.0630, lr: 0.0001661491825652992
2026-01-12 23:01:29 - train: epoch 75, iter:50, loss: 0.0711, lr: 0.0001661491825652992
2026-01-12 23:01:32 - train: epoch 75, iter:60, loss: 0.0787, lr: 0.0001661491825652992
2026-01-12 23:01:35 - train: epoch 75, iter:70, loss: 0.0826, lr: 0.0001661491825652992
2026-01-12 23:01:39 - train: epoch 75, iter:80, loss: 0.0672, lr: 0.0001661491825652992
2026-01-12 23:01:39 - Finish one epoch train: epoch 75, loss: 0.0805, time(s): 25.29
2026-01-12 23:01:40 - idx 0 case patient021_frame13 mean_dice 0.822842 mean_hd95 1.720759
2026-01-12 23:01:42 - idx 1 case patient021_frame01 mean_dice 0.945191 mean_hd95 1.000000
2026-01-12 23:01:42 - idx 2 case patient022_frame01 mean_dice 0.923607 mean_hd95 1.000000
2026-01-12 23:01:43 - idx 3 case patient022_frame11 mean_dice 0.874448 mean_hd95 1.396285
2026-01-12 23:01:44 - idx 4 case patient023_frame01 mean_dice 0.926855 mean_hd95 1.000000
2026-01-12 23:01:45 - idx 5 case patient023_frame09 mean_dice 0.820009 mean_hd95 1.276142
2026-01-12 23:01:46 - idx 6 case patient024_frame01 mean_dice 0.935679 mean_hd95 1.000000
2026-01-12 23:01:47 - idx 7 case patient024_frame09 mean_dice 0.905162 mean_hd95 1.000000
2026-01-12 23:01:48 - idx 8 case patient025_frame09 mean_dice 0.876968 mean_hd95 1.276142
2026-01-12 23:01:49 - idx 9 case patient025_frame01 mean_dice 0.934953 mean_hd95 1.000000
2026-01-12 23:01:51 - idx 10 case patient026_frame01 mean_dice 0.919998 mean_hd95 8.722031
2026-01-12 23:01:52 - idx 11 case patient026_frame12 mean_dice 0.829627 mean_hd95 1.656040
2026-01-12 23:01:53 - idx 12 case patient027_frame01 mean_dice 0.887892 mean_hd95 1.138071
2026-01-12 23:01:54 - idx 13 case patient027_frame11 mean_dice 0.787170 mean_hd95 2.630974
2026-01-12 23:01:55 - idx 14 case patient028_frame01 mean_dice 0.929783 mean_hd95 1.000000
2026-01-12 23:01:57 - idx 15 case patient028_frame09 mean_dice 0.844152 mean_hd95 1.621234
2026-01-12 23:01:58 - idx 16 case patient029_frame01 mean_dice 0.942066 mean_hd95 1.000000
2026-01-12 23:01:59 - idx 17 case patient029_frame12 mean_dice 0.647695 mean_hd95 3.119752
2026-01-12 23:02:00 - idx 18 case patient030_frame01 mean_dice 0.915817 mean_hd95 1.000000
2026-01-12 23:02:01 - idx 19 case patient030_frame12 mean_dice 0.741274 mean_hd95 2.795055
2026-01-12 23:02:01 - Mean class 1 mean_dice 0.828554 mean_hd95 1.897976
2026-01-12 23:02:01 - Mean class 2 mean_dice 0.888065 mean_hd95 1.175699
2026-01-12 23:02:01 - Mean class 3 mean_dice 0.895060 mean_hd95 2.379198
2026-01-12 23:02:01 - val epoch: 75, mean_dice: 0.870559492958574, mean_hd95: 1.8176242577893387, time(s): 22.28
2026-01-12 23:02:02 - train: epoch 76, iter:0, loss: 0.0703, lr: 0.00015498214331265912
2026-01-12 23:02:05 - train: epoch 76, iter:10, loss: 0.0757, lr: 0.00015498214331265912
2026-01-12 23:02:08 - train: epoch 76, iter:20, loss: 0.0870, lr: 0.00015498214331265912
2026-01-12 23:02:11 - train: epoch 76, iter:30, loss: 0.0699, lr: 0.00015498214331265912
2026-01-12 23:02:14 - train: epoch 76, iter:40, loss: 0.0852, lr: 0.00015498214331265912
2026-01-12 23:02:17 - train: epoch 76, iter:50, loss: 0.0773, lr: 0.00015498214331265912
2026-01-12 23:02:20 - train: epoch 76, iter:60, loss: 0.0689, lr: 0.00015498214331265912
2026-01-12 23:02:24 - train: epoch 76, iter:70, loss: 0.0927, lr: 0.00015498214331265912
2026-01-12 23:02:27 - train: epoch 76, iter:80, loss: 0.0714, lr: 0.00015498214331265912
2026-01-12 23:02:27 - Finish one epoch train: epoch 76, loss: 0.0787, time(s): 25.12
2026-01-12 23:02:28 - idx 0 case patient021_frame13 mean_dice 0.839336 mean_hd95 1.720759
2026-01-12 23:02:30 - idx 1 case patient021_frame01 mean_dice 0.945017 mean_hd95 1.000000
2026-01-12 23:02:30 - idx 2 case patient022_frame01 mean_dice 0.922057 mean_hd95 1.000000
2026-01-12 23:02:31 - idx 3 case patient022_frame11 mean_dice 0.884061 mean_hd95 1.412023
2026-01-12 23:02:32 - idx 4 case patient023_frame01 mean_dice 0.914889 mean_hd95 1.000000
2026-01-12 23:02:33 - idx 5 case patient023_frame09 mean_dice 0.833592 mean_hd95 1.276142
2026-01-12 23:02:34 - idx 6 case patient024_frame01 mean_dice 0.934564 mean_hd95 1.000000
2026-01-12 23:02:35 - idx 7 case patient024_frame09 mean_dice 0.917806 mean_hd95 1.000000
2026-01-12 23:02:36 - idx 8 case patient025_frame09 mean_dice 0.843587 mean_hd95 1.720759
2026-01-12 23:02:37 - idx 9 case patient025_frame01 mean_dice 0.935833 mean_hd95 1.000000
2026-01-12 23:02:38 - idx 10 case patient026_frame01 mean_dice 0.931520 mean_hd95 1.000000
2026-01-12 23:02:40 - idx 11 case patient026_frame12 mean_dice 0.850351 mean_hd95 1.550094
2026-01-12 23:02:41 - idx 12 case patient027_frame01 mean_dice 0.848991 mean_hd95 1.276142
2026-01-12 23:02:42 - idx 13 case patient027_frame11 mean_dice 0.795666 mean_hd95 2.758862
2026-01-12 23:02:43 - idx 14 case patient028_frame01 mean_dice 0.929523 mean_hd95 1.000000
2026-01-12 23:02:44 - idx 15 case patient028_frame09 mean_dice 0.841826 mean_hd95 1.688165
2026-01-12 23:02:46 - idx 16 case patient029_frame01 mean_dice 0.928900 mean_hd95 1.000000
2026-01-12 23:02:47 - idx 17 case patient029_frame12 mean_dice 0.633789 mean_hd95 3.106277
2026-01-12 23:02:48 - idx 18 case patient030_frame01 mean_dice 0.920624 mean_hd95 1.000000
2026-01-12 23:02:49 - idx 19 case patient030_frame12 mean_dice 0.773289 mean_hd95 2.353831
2026-01-12 23:02:49 - Mean class 1 mean_dice 0.828696 mean_hd95 1.880355
2026-01-12 23:02:49 - Mean class 2 mean_dice 0.888240 mean_hd95 1.165028
2026-01-12 23:02:49 - Mean class 3 mean_dice 0.896848 mean_hd95 1.284075
2026-01-12 23:02:49 - val epoch: 76, mean_dice: 0.8712610593465806, mean_hd95: 1.4431527331927363, time(s): 22.26
2026-01-12 23:02:50 - train: epoch 77, iter:0, loss: 0.0872, lr: 0.00014416052942640148
2026-01-12 23:02:53 - train: epoch 77, iter:10, loss: 0.0748, lr: 0.00014416052942640148
2026-01-12 23:02:56 - train: epoch 77, iter:20, loss: 0.1056, lr: 0.00014416052942640148
2026-01-12 23:02:59 - train: epoch 77, iter:30, loss: 0.0718, lr: 0.00014416052942640148
2026-01-12 23:03:02 - train: epoch 77, iter:40, loss: 0.0771, lr: 0.00014416052942640148
2026-01-12 23:03:05 - train: epoch 77, iter:50, loss: 0.0741, lr: 0.00014416052942640148
2026-01-12 23:03:08 - train: epoch 77, iter:60, loss: 0.0821, lr: 0.00014416052942640148
2026-01-12 23:03:11 - train: epoch 77, iter:70, loss: 0.0741, lr: 0.00014416052942640148
2026-01-12 23:03:14 - train: epoch 77, iter:80, loss: 0.0673, lr: 0.00014416052942640148
2026-01-12 23:03:15 - Finish one epoch train: epoch 77, loss: 0.0782, time(s): 24.95
2026-01-12 23:03:16 - idx 0 case patient021_frame13 mean_dice 0.835766 mean_hd95 1.483163
2026-01-12 23:03:17 - idx 1 case patient021_frame01 mean_dice 0.943839 mean_hd95 1.000000
2026-01-12 23:03:18 - idx 2 case patient022_frame01 mean_dice 0.925509 mean_hd95 1.000000
2026-01-12 23:03:19 - idx 3 case patient022_frame11 mean_dice 0.896551 mean_hd95 1.138071
2026-01-12 23:03:20 - idx 4 case patient023_frame01 mean_dice 0.925146 mean_hd95 1.000000
2026-01-12 23:03:21 - idx 5 case patient023_frame09 mean_dice 0.831386 mean_hd95 1.286737
2026-01-12 23:03:22 - idx 6 case patient024_frame01 mean_dice 0.934332 mean_hd95 1.000000
2026-01-12 23:03:23 - idx 7 case patient024_frame09 mean_dice 0.917763 mean_hd95 1.000000
2026-01-12 23:03:24 - idx 8 case patient025_frame09 mean_dice 0.876668 mean_hd95 1.138071
2026-01-12 23:03:25 - idx 9 case patient025_frame01 mean_dice 0.938878 mean_hd95 1.000000
2026-01-12 23:03:26 - idx 10 case patient026_frame01 mean_dice 0.927259 mean_hd95 8.267836
2026-01-12 23:03:27 - idx 11 case patient026_frame12 mean_dice 0.869536 mean_hd95 1.276142
2026-01-12 23:03:29 - idx 12 case patient027_frame01 mean_dice 0.866760 mean_hd95 1.138071
2026-01-12 23:03:30 - idx 13 case patient027_frame11 mean_dice 0.794802 mean_hd95 2.924371
2026-01-12 23:03:31 - idx 14 case patient028_frame01 mean_dice 0.931218 mean_hd95 1.000000
2026-01-12 23:03:32 - idx 15 case patient028_frame09 mean_dice 0.879244 mean_hd95 1.276142
2026-01-12 23:03:33 - idx 16 case patient029_frame01 mean_dice 0.937639 mean_hd95 1.000000
2026-01-12 23:03:35 - idx 17 case patient029_frame12 mean_dice 0.573299 mean_hd95 7.890436
2026-01-12 23:03:36 - idx 18 case patient030_frame01 mean_dice 0.916986 mean_hd95 1.000000
2026-01-12 23:03:37 - idx 19 case patient030_frame12 mean_dice 0.752390 mean_hd95 2.452966
2026-01-12 23:03:37 - Mean class 1 mean_dice 0.818722 mean_hd95 2.455651
2026-01-12 23:03:37 - Mean class 2 mean_dice 0.902105 mean_hd95 1.091421
2026-01-12 23:03:37 - Mean class 3 mean_dice 0.900419 mean_hd95 2.343729
2026-01-12 23:03:37 - val epoch: 77, mean_dice: 0.8737484639860568, mean_hd95: 1.9636003857379383, time(s): 22.30
2026-01-12 23:03:38 - train: epoch 78, iter:0, loss: 0.0858, lr: 0.00013369502053292258
2026-01-12 23:03:41 - train: epoch 78, iter:10, loss: 0.0814, lr: 0.00013369502053292258
2026-01-12 23:03:44 - train: epoch 78, iter:20, loss: 0.0702, lr: 0.00013369502053292258
2026-01-12 23:03:47 - train: epoch 78, iter:30, loss: 0.0882, lr: 0.00013369502053292258
2026-01-12 23:03:50 - train: epoch 78, iter:40, loss: 0.0774, lr: 0.00013369502053292258
2026-01-12 23:03:53 - train: epoch 78, iter:50, loss: 0.0738, lr: 0.00013369502053292258
2026-01-12 23:03:56 - train: epoch 78, iter:60, loss: 0.0702, lr: 0.00013369502053292258
2026-01-12 23:03:59 - train: epoch 78, iter:70, loss: 0.0920, lr: 0.00013369502053292258
2026-01-12 23:04:02 - train: epoch 78, iter:80, loss: 0.0849, lr: 0.00013369502053292258
2026-01-12 23:04:03 - Finish one epoch train: epoch 78, loss: 0.0779, time(s): 25.13
2026-01-12 23:04:04 - idx 0 case patient021_frame13 mean_dice 0.834904 mean_hd95 1.913886
2026-01-12 23:04:05 - idx 1 case patient021_frame01 mean_dice 0.945652 mean_hd95 1.000000
2026-01-12 23:04:06 - idx 2 case patient022_frame01 mean_dice 0.927632 mean_hd95 1.000000
2026-01-12 23:04:07 - idx 3 case patient022_frame11 mean_dice 0.882170 mean_hd95 1.333333
2026-01-12 23:04:08 - idx 4 case patient023_frame01 mean_dice 0.924379 mean_hd95 1.000000
2026-01-12 23:04:09 - idx 5 case patient023_frame09 mean_dice 0.828631 mean_hd95 1.382088
2026-01-12 23:04:10 - idx 6 case patient024_frame01 mean_dice 0.937565 mean_hd95 1.000000
2026-01-12 23:04:11 - idx 7 case patient024_frame09 mean_dice 0.912748 mean_hd95 1.000000
2026-01-12 23:04:12 - idx 8 case patient025_frame09 mean_dice 0.876766 mean_hd95 1.382088
2026-01-12 23:04:13 - idx 9 case patient025_frame01 mean_dice 0.936484 mean_hd95 1.000000
2026-01-12 23:04:14 - idx 10 case patient026_frame01 mean_dice 0.926172 mean_hd95 7.698341
2026-01-12 23:04:15 - idx 11 case patient026_frame12 mean_dice 0.851276 mean_hd95 1.550094
2026-01-12 23:04:17 - idx 12 case patient027_frame01 mean_dice 0.859639 mean_hd95 1.276142
2026-01-12 23:04:18 - idx 13 case patient027_frame11 mean_dice 0.785079 mean_hd95 2.998930
2026-01-12 23:04:19 - idx 14 case patient028_frame01 mean_dice 0.928296 mean_hd95 1.000000
2026-01-12 23:04:20 - idx 15 case patient028_frame09 mean_dice 0.873105 mean_hd95 1.471405
2026-01-12 23:04:22 - idx 16 case patient029_frame01 mean_dice 0.940819 mean_hd95 1.000000
2026-01-12 23:04:23 - idx 17 case patient029_frame12 mean_dice 0.563051 mean_hd95 7.549562
2026-01-12 23:04:24 - idx 18 case patient030_frame01 mean_dice 0.915689 mean_hd95 1.000000
2026-01-12 23:04:25 - idx 19 case patient030_frame12 mean_dice 0.761222 mean_hd95 2.795055
2026-01-12 23:04:25 - Mean class 1 mean_dice 0.814555 mean_hd95 2.645928
2026-01-12 23:04:25 - Mean class 2 mean_dice 0.896277 mean_hd95 1.153225
2026-01-12 23:04:25 - Mean class 3 mean_dice 0.900860 mean_hd95 2.253486
2026-01-12 23:04:25 - val epoch: 78, mean_dice: 0.8705639830778749, mean_hd95: 2.0175461822105523, time(s): 22.34
2026-01-12 23:04:26 - train: epoch 79, iter:0, loss: 0.0676, lr: 0.00012359594482598446
2026-01-12 23:04:29 - train: epoch 79, iter:10, loss: 0.0803, lr: 0.00012359594482598446
2026-01-12 23:04:32 - train: epoch 79, iter:20, loss: 0.0918, lr: 0.00012359594482598446
2026-01-12 23:04:35 - train: epoch 79, iter:30, loss: 0.0992, lr: 0.00012359594482598446
2026-01-12 23:04:38 - train: epoch 79, iter:40, loss: 0.0784, lr: 0.00012359594482598446
2026-01-12 23:04:41 - train: epoch 79, iter:50, loss: 0.0771, lr: 0.00012359594482598446
2026-01-12 23:04:44 - train: epoch 79, iter:60, loss: 0.0773, lr: 0.00012359594482598446
2026-01-12 23:04:47 - train: epoch 79, iter:70, loss: 0.0893, lr: 0.00012359594482598446
2026-01-12 23:04:50 - train: epoch 79, iter:80, loss: 0.0804, lr: 0.00012359594482598446
2026-01-12 23:04:51 - Finish one epoch train: epoch 79, loss: 0.0784, time(s): 25.29
2026-01-12 23:04:52 - idx 0 case patient021_frame13 mean_dice 0.831689 mean_hd95 1.720759
2026-01-12 23:04:53 - idx 1 case patient021_frame01 mean_dice 0.944375 mean_hd95 1.000000
2026-01-12 23:04:54 - idx 2 case patient022_frame01 mean_dice 0.926500 mean_hd95 1.000000
2026-01-12 23:04:55 - idx 3 case patient022_frame11 mean_dice 0.888425 mean_hd95 1.000000
2026-01-12 23:04:56 - idx 4 case patient023_frame01 mean_dice 0.933322 mean_hd95 1.000000
2026-01-12 23:04:57 - idx 5 case patient023_frame09 mean_dice 0.824991 mean_hd95 1.471405
2026-01-12 23:04:58 - idx 6 case patient024_frame01 mean_dice 0.931172 mean_hd95 1.000000
2026-01-12 23:04:59 - idx 7 case patient024_frame09 mean_dice 0.910430 mean_hd95 1.000000
2026-01-12 23:05:00 - idx 8 case patient025_frame09 mean_dice 0.877480 mean_hd95 1.138071
2026-01-12 23:05:01 - idx 9 case patient025_frame01 mean_dice 0.924752 mean_hd95 1.000000
2026-01-12 23:05:02 - idx 10 case patient026_frame01 mean_dice 0.925402 mean_hd95 8.268567
2026-01-12 23:05:03 - idx 11 case patient026_frame12 mean_dice 0.846956 mean_hd95 1.577350
2026-01-12 23:05:05 - idx 12 case patient027_frame01 mean_dice 0.856500 mean_hd95 1.276142
2026-01-12 23:05:06 - idx 13 case patient027_frame11 mean_dice 0.766903 mean_hd95 3.426406
2026-01-12 23:05:07 - idx 14 case patient028_frame01 mean_dice 0.928994 mean_hd95 1.000000
2026-01-12 23:05:08 - idx 15 case patient028_frame09 mean_dice 0.865255 mean_hd95 1.471405
2026-01-12 23:05:09 - idx 16 case patient029_frame01 mean_dice 0.934693 mean_hd95 1.000000
2026-01-12 23:05:11 - idx 17 case patient029_frame12 mean_dice 0.567912 mean_hd95 9.662263
2026-01-12 23:05:12 - idx 18 case patient030_frame01 mean_dice 0.916419 mean_hd95 1.000000
2026-01-12 23:05:13 - idx 19 case patient030_frame12 mean_dice 0.752576 mean_hd95 2.699673
2026-01-12 23:05:13 - Mean class 1 mean_dice 0.806931 mean_hd95 2.935272
2026-01-12 23:05:13 - Mean class 2 mean_dice 0.896128 mean_hd95 1.153225
2026-01-12 23:05:13 - Mean class 3 mean_dice 0.900153 mean_hd95 2.318309
2026-01-12 23:05:13 - val epoch: 79, mean_dice: 0.8677373356966539, mean_hd95: 2.1356020228956987, time(s): 22.12
2026-01-12 23:05:14 - train: epoch 80, iter:0, loss: 0.0852, lr: 0.00011387326887403332
2026-01-12 23:05:17 - train: epoch 80, iter:10, loss: 0.0858, lr: 0.00011387326887403332
2026-01-12 23:05:20 - train: epoch 80, iter:20, loss: 0.0842, lr: 0.00011387326887403332
2026-01-12 23:05:23 - train: epoch 80, iter:30, loss: 0.0799, lr: 0.00011387326887403332
2026-01-12 23:05:26 - train: epoch 80, iter:40, loss: 0.0717, lr: 0.00011387326887403332
2026-01-12 23:05:29 - train: epoch 80, iter:50, loss: 0.0805, lr: 0.00011387326887403332
2026-01-12 23:05:32 - train: epoch 80, iter:60, loss: 0.0730, lr: 0.00011387326887403332
2026-01-12 23:05:35 - train: epoch 80, iter:70, loss: 0.0730, lr: 0.00011387326887403332
2026-01-12 23:05:38 - train: epoch 80, iter:80, loss: 0.0772, lr: 0.00011387326887403332
2026-01-12 23:05:39 - Finish one epoch train: epoch 80, loss: 0.0773, time(s): 25.21
2026-01-12 23:05:40 - idx 0 case patient021_frame13 mean_dice 0.832358 mean_hd95 1.483163
2026-01-12 23:05:41 - idx 1 case patient021_frame01 mean_dice 0.945091 mean_hd95 1.000000
2026-01-12 23:05:42 - idx 2 case patient022_frame01 mean_dice 0.924615 mean_hd95 1.000000
2026-01-12 23:05:43 - idx 3 case patient022_frame11 mean_dice 0.885637 mean_hd95 1.138071
2026-01-12 23:05:44 - idx 4 case patient023_frame01 mean_dice 0.929717 mean_hd95 1.000000
2026-01-12 23:05:45 - idx 5 case patient023_frame09 mean_dice 0.834088 mean_hd95 1.276142
2026-01-12 23:05:46 - idx 6 case patient024_frame01 mean_dice 0.935095 mean_hd95 1.000000
2026-01-12 23:05:47 - idx 7 case patient024_frame09 mean_dice 0.913466 mean_hd95 1.000000
2026-01-12 23:05:48 - idx 8 case patient025_frame09 mean_dice 0.886218 mean_hd95 1.138071
2026-01-12 23:05:49 - idx 9 case patient025_frame01 mean_dice 0.933865 mean_hd95 1.000000
2026-01-12 23:05:50 - idx 10 case patient026_frame01 mean_dice 0.932633 mean_hd95 1.000000
2026-01-12 23:05:51 - idx 11 case patient026_frame12 mean_dice 0.846249 mean_hd95 2.022268
2026-01-12 23:05:52 - idx 12 case patient027_frame01 mean_dice 0.857598 mean_hd95 1.276142
2026-01-12 23:05:54 - idx 13 case patient027_frame11 mean_dice 0.789838 mean_hd95 2.924371
2026-01-12 23:05:55 - idx 14 case patient028_frame01 mean_dice 0.929841 mean_hd95 1.000000
2026-01-12 23:05:56 - idx 15 case patient028_frame09 mean_dice 0.850984 mean_hd95 1.471405
2026-01-12 23:05:58 - idx 16 case patient029_frame01 mean_dice 0.940624 mean_hd95 1.000000
2026-01-12 23:05:59 - idx 17 case patient029_frame12 mean_dice 0.529388 mean_hd95 10.394148
2026-01-12 23:06:00 - idx 18 case patient030_frame01 mean_dice 0.916778 mean_hd95 1.000000
2026-01-12 23:06:01 - idx 19 case patient030_frame12 mean_dice 0.762328 mean_hd95 2.619288
2026-01-12 23:06:01 - Mean class 1 mean_dice 0.811056 mean_hd95 2.954821
2026-01-12 23:06:01 - Mean class 2 mean_dice 0.892985 mean_hd95 1.173935
2026-01-12 23:06:01 - Mean class 3 mean_dice 0.902421 mean_hd95 1.232704
2026-01-12 23:06:01 - val epoch: 80, mean_dice: 0.8688206149144487, mean_hd95: 1.7871535447803406, time(s): 22.46
2026-01-12 23:06:02 - train: epoch 81, iter:0, loss: 0.0714, lr: 0.00010453658778440112
2026-01-12 23:06:05 - train: epoch 81, iter:10, loss: 0.0767, lr: 0.00010453658778440112
2026-01-12 23:06:08 - train: epoch 81, iter:20, loss: 0.1076, lr: 0.00010453658778440112
2026-01-12 23:06:12 - train: epoch 81, iter:30, loss: 0.0750, lr: 0.00010453658778440112
2026-01-12 23:06:15 - train: epoch 81, iter:40, loss: 0.0730, lr: 0.00010453658778440112
2026-01-12 23:06:18 - train: epoch 81, iter:50, loss: 0.0750, lr: 0.00010453658778440112
2026-01-12 23:06:21 - train: epoch 81, iter:60, loss: 0.0792, lr: 0.00010453658778440112
2026-01-12 23:06:24 - train: epoch 81, iter:70, loss: 0.0734, lr: 0.00010453658778440112
2026-01-12 23:06:27 - train: epoch 81, iter:80, loss: 0.0786, lr: 0.00010453658778440112
2026-01-12 23:06:27 - Finish one epoch train: epoch 81, loss: 0.0775, time(s): 25.35
2026-01-12 23:06:28 - idx 0 case patient021_frame13 mean_dice 0.829375 mean_hd95 1.772208
2026-01-12 23:06:30 - idx 1 case patient021_frame01 mean_dice 0.945357 mean_hd95 1.000000
2026-01-12 23:06:30 - idx 2 case patient022_frame01 mean_dice 0.926022 mean_hd95 1.000000
2026-01-12 23:06:31 - idx 3 case patient022_frame11 mean_dice 0.881078 mean_hd95 1.333333
2026-01-12 23:06:32 - idx 4 case patient023_frame01 mean_dice 0.917809 mean_hd95 1.000000
2026-01-12 23:06:33 - idx 5 case patient023_frame09 mean_dice 0.835784 mean_hd95 1.276142
2026-01-12 23:06:34 - idx 6 case patient024_frame01 mean_dice 0.937234 mean_hd95 1.000000
2026-01-12 23:06:35 - idx 7 case patient024_frame09 mean_dice 0.915337 mean_hd95 1.000000
2026-01-12 23:06:36 - idx 8 case patient025_frame09 mean_dice 0.886662 mean_hd95 1.138071
2026-01-12 23:06:37 - idx 9 case patient025_frame01 mean_dice 0.938416 mean_hd95 1.000000
2026-01-12 23:06:39 - idx 10 case patient026_frame01 mean_dice 0.925837 mean_hd95 8.120227
2026-01-12 23:06:40 - idx 11 case patient026_frame12 mean_dice 0.844156 mean_hd95 1.953404
2026-01-12 23:06:41 - idx 12 case patient027_frame01 mean_dice 0.866813 mean_hd95 1.138071
2026-01-12 23:06:42 - idx 13 case patient027_frame11 mean_dice 0.779711 mean_hd95 3.225170
2026-01-12 23:06:43 - idx 14 case patient028_frame01 mean_dice 0.930111 mean_hd95 1.000000
2026-01-12 23:06:45 - idx 15 case patient028_frame09 mean_dice 0.884195 mean_hd95 1.138071
2026-01-12 23:06:46 - idx 16 case patient029_frame01 mean_dice 0.943717 mean_hd95 1.000000
2026-01-12 23:06:47 - idx 17 case patient029_frame12 mean_dice 0.575876 mean_hd95 7.350319
2026-01-12 23:06:48 - idx 18 case patient030_frame01 mean_dice 0.915449 mean_hd95 1.000000
2026-01-12 23:06:50 - idx 19 case patient030_frame12 mean_dice 0.722506 mean_hd95 2.873744
2026-01-12 23:06:50 - Mean class 1 mean_dice 0.814515 mean_hd95 2.642917
2026-01-12 23:06:50 - Mean class 2 mean_dice 0.896246 mean_hd95 1.123935
2026-01-12 23:06:50 - Mean class 3 mean_dice 0.899456 mean_hd95 2.280962
2026-01-12 23:06:50 - val epoch: 81, mean_dice: 0.8700721130842184, mean_hd95: 2.0159380407829937, time(s): 22.36
2026-01-12 23:06:50 - train: epoch 82, iter:0, loss: 0.0753, lr: 9.5595115734092e-05
2026-01-12 23:06:53 - train: epoch 82, iter:10, loss: 0.0778, lr: 9.5595115734092e-05
2026-01-12 23:06:56 - train: epoch 82, iter:20, loss: 0.0731, lr: 9.5595115734092e-05
2026-01-12 23:06:59 - train: epoch 82, iter:30, loss: 0.0685, lr: 9.5595115734092e-05
2026-01-12 23:07:02 - train: epoch 82, iter:40, loss: 0.0721, lr: 9.5595115734092e-05
2026-01-12 23:07:05 - train: epoch 82, iter:50, loss: 0.0907, lr: 9.5595115734092e-05
2026-01-12 23:07:08 - train: epoch 82, iter:60, loss: 0.0726, lr: 9.5595115734092e-05
2026-01-12 23:07:12 - train: epoch 82, iter:70, loss: 0.0887, lr: 9.5595115734092e-05
2026-01-12 23:07:15 - train: epoch 82, iter:80, loss: 0.0815, lr: 9.5595115734092e-05
2026-01-12 23:07:15 - Finish one epoch train: epoch 82, loss: 0.0772, time(s): 24.98
2026-01-12 23:07:16 - idx 0 case patient021_frame13 mean_dice 0.840889 mean_hd95 1.483163
2026-01-12 23:07:18 - idx 1 case patient021_frame01 mean_dice 0.945681 mean_hd95 1.000000
2026-01-12 23:07:18 - idx 2 case patient022_frame01 mean_dice 0.923625 mean_hd95 1.000000
2026-01-12 23:07:19 - idx 3 case patient022_frame11 mean_dice 0.880472 mean_hd95 1.412023
2026-01-12 23:07:20 - idx 4 case patient023_frame01 mean_dice 0.934200 mean_hd95 1.000000
2026-01-12 23:07:21 - idx 5 case patient023_frame09 mean_dice 0.823570 mean_hd95 1.382088
2026-01-12 23:07:22 - idx 6 case patient024_frame01 mean_dice 0.935952 mean_hd95 1.000000
2026-01-12 23:07:23 - idx 7 case patient024_frame09 mean_dice 0.909796 mean_hd95 1.000000
2026-01-12 23:07:24 - idx 8 case patient025_frame09 mean_dice 0.863785 mean_hd95 1.412023
2026-01-12 23:07:25 - idx 9 case patient025_frame01 mean_dice 0.929517 mean_hd95 1.000000
2026-01-12 23:07:26 - idx 10 case patient026_frame01 mean_dice 0.930116 mean_hd95 1.000000
2026-01-12 23:07:28 - idx 11 case patient026_frame12 mean_dice 0.852950 mean_hd95 1.956332
2026-01-12 23:07:29 - idx 12 case patient027_frame01 mean_dice 0.850948 mean_hd95 1.276142
2026-01-12 23:07:30 - idx 13 case patient027_frame11 mean_dice 0.770243 mean_hd95 3.263309
2026-01-12 23:07:31 - idx 14 case patient028_frame01 mean_dice 0.928422 mean_hd95 1.000000
2026-01-12 23:07:33 - idx 15 case patient028_frame09 mean_dice 0.867223 mean_hd95 1.471405
2026-01-12 23:07:34 - idx 16 case patient029_frame01 mean_dice 0.937066 mean_hd95 1.000000
2026-01-12 23:07:35 - idx 17 case patient029_frame12 mean_dice 0.506210 mean_hd95 10.683396
2026-01-12 23:07:36 - idx 18 case patient030_frame01 mean_dice 0.920384 mean_hd95 1.000000
2026-01-12 23:07:37 - idx 19 case patient030_frame12 mean_dice 0.769214 mean_hd95 2.646463
2026-01-12 23:07:37 - Mean class 1 mean_dice 0.808053 mean_hd95 3.089410
2026-01-12 23:07:37 - Mean class 2 mean_dice 0.889685 mean_hd95 1.184607
2026-01-12 23:07:37 - Mean class 3 mean_dice 0.900302 mean_hd95 1.273935
2026-01-12 23:07:37 - val epoch: 82, mean_dice: 0.8660131197420927, mean_hd95: 1.8493171961865273, time(s): 22.37
2026-01-12 23:07:38 - train: epoch 83, iter:0, loss: 0.0739, lr: 8.705767687650269e-05
2026-01-12 23:07:41 - train: epoch 83, iter:10, loss: 0.0743, lr: 8.705767687650269e-05
2026-01-12 23:07:44 - train: epoch 83, iter:20, loss: 0.0695, lr: 8.705767687650269e-05
2026-01-12 23:07:48 - train: epoch 83, iter:30, loss: 0.0853, lr: 8.705767687650269e-05
2026-01-12 23:07:51 - train: epoch 83, iter:40, loss: 0.0776, lr: 8.705767687650269e-05
2026-01-12 23:07:54 - train: epoch 83, iter:50, loss: 0.0734, lr: 8.705767687650269e-05
2026-01-12 23:07:57 - train: epoch 83, iter:60, loss: 0.0820, lr: 8.705767687650269e-05
2026-01-12 23:08:00 - train: epoch 83, iter:70, loss: 0.0821, lr: 8.705767687650269e-05
2026-01-12 23:08:03 - train: epoch 83, iter:80, loss: 0.0712, lr: 8.705767687650269e-05
2026-01-12 23:08:03 - Finish one epoch train: epoch 83, loss: 0.0770, time(s): 25.45
2026-01-12 23:08:05 - idx 0 case patient021_frame13 mean_dice 0.839401 mean_hd95 1.483163
2026-01-12 23:08:06 - idx 1 case patient021_frame01 mean_dice 0.945398 mean_hd95 1.000000
2026-01-12 23:08:07 - idx 2 case patient022_frame01 mean_dice 0.926144 mean_hd95 1.000000
2026-01-12 23:08:07 - idx 3 case patient022_frame11 mean_dice 0.886551 mean_hd95 1.138071
2026-01-12 23:08:08 - idx 4 case patient023_frame01 mean_dice 0.933234 mean_hd95 1.000000
2026-01-12 23:08:09 - idx 5 case patient023_frame09 mean_dice 0.829911 mean_hd95 1.276142
2026-01-12 23:08:10 - idx 6 case patient024_frame01 mean_dice 0.937143 mean_hd95 1.000000
2026-01-12 23:08:11 - idx 7 case patient024_frame09 mean_dice 0.915747 mean_hd95 1.000000
2026-01-12 23:08:12 - idx 8 case patient025_frame09 mean_dice 0.866221 mean_hd95 1.412023
2026-01-12 23:08:13 - idx 9 case patient025_frame01 mean_dice 0.925040 mean_hd95 1.000000
2026-01-12 23:08:15 - idx 10 case patient026_frame01 mean_dice 0.932602 mean_hd95 1.000000
2026-01-12 23:08:16 - idx 11 case patient026_frame12 mean_dice 0.859450 mean_hd95 1.621234
2026-01-12 23:08:17 - idx 12 case patient027_frame01 mean_dice 0.851065 mean_hd95 1.276142
2026-01-12 23:08:18 - idx 13 case patient027_frame11 mean_dice 0.778165 mean_hd95 3.171078
2026-01-12 23:08:19 - idx 14 case patient028_frame01 mean_dice 0.928403 mean_hd95 1.000000
2026-01-12 23:08:21 - idx 15 case patient028_frame09 mean_dice 0.888909 mean_hd95 1.276142
2026-01-12 23:08:22 - idx 16 case patient029_frame01 mean_dice 0.938736 mean_hd95 1.000000
2026-01-12 23:08:23 - idx 17 case patient029_frame12 mean_dice 0.578449 mean_hd95 6.999431
2026-01-12 23:08:24 - idx 18 case patient030_frame01 mean_dice 0.925621 mean_hd95 1.000000
2026-01-12 23:08:26 - idx 19 case patient030_frame12 mean_dice 0.778111 mean_hd95 2.474156
2026-01-12 23:08:26 - Mean class 1 mean_dice 0.816906 mean_hd95 2.425757
2026-01-12 23:08:26 - Mean class 2 mean_dice 0.899531 mean_hd95 1.112132
2026-01-12 23:08:26 - Mean class 3 mean_dice 0.903208 mean_hd95 1.281249
2026-01-12 23:08:26 - val epoch: 83, mean_dice: 0.8732150560082004, mean_hd95: 1.606379153418526, time(s): 22.16
2026-01-12 23:08:26 - train: epoch 84, iter:0, loss: 0.0827, lr: 7.893269663304787e-05
2026-01-12 23:08:30 - train: epoch 84, iter:10, loss: 0.0902, lr: 7.893269663304787e-05
2026-01-12 23:08:33 - train: epoch 84, iter:20, loss: 0.0803, lr: 7.893269663304787e-05
2026-01-12 23:08:36 - train: epoch 84, iter:30, loss: 0.0753, lr: 7.893269663304787e-05
2026-01-12 23:08:39 - train: epoch 84, iter:40, loss: 0.0653, lr: 7.893269663304787e-05
2026-01-12 23:08:42 - train: epoch 84, iter:50, loss: 0.0707, lr: 7.893269663304787e-05
2026-01-12 23:08:45 - train: epoch 84, iter:60, loss: 0.0766, lr: 7.893269663304787e-05
2026-01-12 23:08:48 - train: epoch 84, iter:70, loss: 0.0775, lr: 7.893269663304787e-05
2026-01-12 23:08:51 - train: epoch 84, iter:80, loss: 0.1306, lr: 7.893269663304787e-05
2026-01-12 23:08:51 - Finish one epoch train: epoch 84, loss: 0.0775, time(s): 25.24
2026-01-12 23:08:53 - idx 0 case patient021_frame13 mean_dice 0.828991 mean_hd95 1.483163
2026-01-12 23:08:54 - idx 1 case patient021_frame01 mean_dice 0.944645 mean_hd95 1.000000
2026-01-12 23:08:55 - idx 2 case patient022_frame01 mean_dice 0.927264 mean_hd95 1.000000
2026-01-12 23:08:55 - idx 3 case patient022_frame11 mean_dice 0.885838 mean_hd95 1.333333
2026-01-12 23:08:56 - idx 4 case patient023_frame01 mean_dice 0.927691 mean_hd95 1.000000
2026-01-12 23:08:58 - idx 5 case patient023_frame09 mean_dice 0.832551 mean_hd95 1.276142
2026-01-12 23:08:58 - idx 6 case patient024_frame01 mean_dice 0.938442 mean_hd95 1.000000
2026-01-12 23:08:59 - idx 7 case patient024_frame09 mean_dice 0.910946 mean_hd95 1.000000
2026-01-12 23:09:00 - idx 8 case patient025_frame09 mean_dice 0.880770 mean_hd95 1.138071
2026-01-12 23:09:02 - idx 9 case patient025_frame01 mean_dice 0.935036 mean_hd95 1.000000
2026-01-12 23:09:03 - idx 10 case patient026_frame01 mean_dice 0.921548 mean_hd95 8.694396
2026-01-12 23:09:04 - idx 11 case patient026_frame12 mean_dice 0.845737 mean_hd95 1.666667
2026-01-12 23:09:05 - idx 12 case patient027_frame01 mean_dice 0.907497 mean_hd95 1.000000
2026-01-12 23:09:06 - idx 13 case patient027_frame11 mean_dice 0.792557 mean_hd95 3.092992
2026-01-12 23:09:08 - idx 14 case patient028_frame01 mean_dice 0.929279 mean_hd95 1.000000
2026-01-12 23:09:09 - idx 15 case patient028_frame09 mean_dice 0.894545 mean_hd95 1.138071
2026-01-12 23:09:10 - idx 16 case patient029_frame01 mean_dice 0.945155 mean_hd95 1.000000
2026-01-12 23:09:11 - idx 17 case patient029_frame12 mean_dice 0.681869 mean_hd95 3.247187
2026-01-12 23:09:13 - idx 18 case patient030_frame01 mean_dice 0.914401 mean_hd95 1.000000
2026-01-12 23:09:14 - idx 19 case patient030_frame12 mean_dice 0.750921 mean_hd95 2.830197
2026-01-12 23:09:14 - Mean class 1 mean_dice 0.834009 mean_hd95 1.860948
2026-01-12 23:09:14 - Mean class 2 mean_dice 0.902242 mean_hd95 1.091421
2026-01-12 23:09:14 - Mean class 3 mean_dice 0.903101 mean_hd95 2.432664
2026-01-12 23:09:14 - val epoch: 84, mean_dice: 0.8797841396509837, mean_hd95: 1.7950110468088638, time(s): 22.40
2026-01-12 23:09:15 - train: epoch 85, iter:0, loss: 0.0808, lr: 7.122819337828756e-05
2026-01-12 23:09:18 - train: epoch 85, iter:10, loss: 0.0715, lr: 7.122819337828756e-05
2026-01-12 23:09:21 - train: epoch 85, iter:20, loss: 0.0711, lr: 7.122819337828756e-05
2026-01-12 23:09:24 - train: epoch 85, iter:30, loss: 0.0792, lr: 7.122819337828756e-05
2026-01-12 23:09:27 - train: epoch 85, iter:40, loss: 0.0735, lr: 7.122819337828756e-05
2026-01-12 23:09:30 - train: epoch 85, iter:50, loss: 0.0823, lr: 7.122819337828756e-05
2026-01-12 23:09:33 - train: epoch 85, iter:60, loss: 0.0755, lr: 7.122819337828756e-05
2026-01-12 23:09:36 - train: epoch 85, iter:70, loss: 0.0745, lr: 7.122819337828756e-05
2026-01-12 23:09:39 - train: epoch 85, iter:80, loss: 0.0797, lr: 7.122819337828756e-05
2026-01-12 23:09:40 - Finish one epoch train: epoch 85, loss: 0.0761, time(s): 25.19
2026-01-12 23:09:41 - idx 0 case patient021_frame13 mean_dice 0.833996 mean_hd95 1.483163
2026-01-12 23:09:42 - idx 1 case patient021_frame01 mean_dice 0.945376 mean_hd95 1.000000
2026-01-12 23:09:43 - idx 2 case patient022_frame01 mean_dice 0.925913 mean_hd95 1.000000
2026-01-12 23:09:44 - idx 3 case patient022_frame11 mean_dice 0.895314 mean_hd95 1.000000
2026-01-12 23:09:45 - idx 4 case patient023_frame01 mean_dice 0.933039 mean_hd95 1.000000
2026-01-12 23:09:46 - idx 5 case patient023_frame09 mean_dice 0.827987 mean_hd95 1.382088
2026-01-12 23:09:47 - idx 6 case patient024_frame01 mean_dice 0.937403 mean_hd95 1.000000
2026-01-12 23:09:48 - idx 7 case patient024_frame09 mean_dice 0.913948 mean_hd95 1.000000
2026-01-12 23:09:49 - idx 8 case patient025_frame09 mean_dice 0.874650 mean_hd95 1.276142
2026-01-12 23:09:50 - idx 9 case patient025_frame01 mean_dice 0.924000 mean_hd95 1.000000
2026-01-12 23:09:51 - idx 10 case patient026_frame01 mean_dice 0.927999 mean_hd95 1.138071
2026-01-12 23:09:52 - idx 11 case patient026_frame12 mean_dice 0.849807 mean_hd95 1.577350
2026-01-12 23:09:53 - idx 12 case patient027_frame01 mean_dice 0.870824 mean_hd95 1.138071
2026-01-12 23:09:55 - idx 13 case patient027_frame11 mean_dice 0.778712 mean_hd95 2.998930
2026-01-12 23:09:56 - idx 14 case patient028_frame01 mean_dice 0.929570 mean_hd95 1.000000
2026-01-12 23:09:57 - idx 15 case patient028_frame09 mean_dice 0.887387 mean_hd95 1.276142
2026-01-12 23:09:58 - idx 16 case patient029_frame01 mean_dice 0.945661 mean_hd95 1.000000
2026-01-12 23:10:00 - idx 17 case patient029_frame12 mean_dice 0.605410 mean_hd95 7.480741
2026-01-12 23:10:01 - idx 18 case patient030_frame01 mean_dice 0.919101 mean_hd95 1.000000
2026-01-12 23:10:02 - idx 19 case patient030_frame12 mean_dice 0.766424 mean_hd95 2.705739
2026-01-12 23:10:02 - Mean class 1 mean_dice 0.814230 mean_hd95 2.520997
2026-01-12 23:10:02 - Mean class 2 mean_dice 0.903809 mean_hd95 1.091421
2026-01-12 23:10:02 - Mean class 3 mean_dice 0.905840 mean_hd95 1.256048
2026-01-12 23:10:02 - val epoch: 85, mean_dice: 0.8746259842273071, mean_hd95: 1.6228218876964748, time(s): 22.27
2026-01-12 23:10:03 - train: epoch 86, iter:0, loss: 0.0755, lr: 6.395177052675798e-05
2026-01-12 23:10:06 - train: epoch 86, iter:10, loss: 0.0612, lr: 6.395177052675798e-05
2026-01-12 23:10:09 - train: epoch 86, iter:20, loss: 0.0779, lr: 6.395177052675798e-05
2026-01-12 23:10:12 - train: epoch 86, iter:30, loss: 0.0788, lr: 6.395177052675798e-05
2026-01-12 23:10:15 - train: epoch 86, iter:40, loss: 0.0845, lr: 6.395177052675798e-05
2026-01-12 23:10:18 - train: epoch 86, iter:50, loss: 0.0744, lr: 6.395177052675798e-05
2026-01-12 23:10:21 - train: epoch 86, iter:60, loss: 0.0935, lr: 6.395177052675798e-05
2026-01-12 23:10:25 - train: epoch 86, iter:70, loss: 0.0785, lr: 6.395177052675798e-05
2026-01-12 23:10:27 - train: epoch 86, iter:80, loss: 0.0788, lr: 6.395177052675798e-05
2026-01-12 23:10:28 - Finish one epoch train: epoch 86, loss: 0.0767, time(s): 25.48
2026-01-12 23:10:29 - idx 0 case patient021_frame13 mean_dice 0.838523 mean_hd95 1.527373
2026-01-12 23:10:30 - idx 1 case patient021_frame01 mean_dice 0.944663 mean_hd95 1.000000
2026-01-12 23:10:31 - idx 2 case patient022_frame01 mean_dice 0.925509 mean_hd95 1.000000
2026-01-12 23:10:32 - idx 3 case patient022_frame11 mean_dice 0.881311 mean_hd95 1.372678
2026-01-12 23:10:33 - idx 4 case patient023_frame01 mean_dice 0.930644 mean_hd95 1.000000
2026-01-12 23:10:34 - idx 5 case patient023_frame09 mean_dice 0.835779 mean_hd95 1.276142
2026-01-12 23:10:35 - idx 6 case patient024_frame01 mean_dice 0.937805 mean_hd95 1.000000
2026-01-12 23:10:36 - idx 7 case patient024_frame09 mean_dice 0.906701 mean_hd95 1.000000
2026-01-12 23:10:37 - idx 8 case patient025_frame09 mean_dice 0.839736 mean_hd95 1.720759
2026-01-12 23:10:38 - idx 9 case patient025_frame01 mean_dice 0.936132 mean_hd95 1.000000
2026-01-12 23:10:39 - idx 10 case patient026_frame01 mean_dice 0.932456 mean_hd95 1.000000
2026-01-12 23:10:40 - idx 11 case patient026_frame12 mean_dice 0.874392 mean_hd95 1.471405
2026-01-12 23:10:41 - idx 12 case patient027_frame01 mean_dice 0.849683 mean_hd95 1.276142
2026-01-12 23:10:42 - idx 13 case patient027_frame11 mean_dice 0.791232 mean_hd95 2.962117
2026-01-12 23:10:44 - idx 14 case patient028_frame01 mean_dice 0.929902 mean_hd95 1.000000
2026-01-12 23:10:45 - idx 15 case patient028_frame09 mean_dice 0.890640 mean_hd95 1.138071
2026-01-12 23:10:46 - idx 16 case patient029_frame01 mean_dice 0.933301 mean_hd95 1.000000
2026-01-12 23:10:47 - idx 17 case patient029_frame12 mean_dice 0.677115 mean_hd95 3.380476
2026-01-12 23:10:48 - idx 18 case patient030_frame01 mean_dice 0.926476 mean_hd95 1.000000
2026-01-12 23:10:50 - idx 19 case patient030_frame12 mean_dice 0.752240 mean_hd95 2.938271
2026-01-12 23:10:50 - Mean class 1 mean_dice 0.826916 mean_hd95 1.961245
2026-01-12 23:10:50 - Mean class 2 mean_dice 0.902315 mean_hd95 1.112132
2026-01-12 23:10:50 - Mean class 3 mean_dice 0.900905 mean_hd95 1.286138
2026-01-12 23:10:50 - val epoch: 86, mean_dice: 0.8767118727839859, mean_hd95: 1.4531717022234945, time(s): 21.65
2026-01-12 23:10:51 - train: epoch 87, iter:0, loss: 0.0869, lr: 5.711060902932045e-05
2026-01-12 23:10:54 - train: epoch 87, iter:10, loss: 0.0833, lr: 5.711060902932045e-05
2026-01-12 23:10:57 - train: epoch 87, iter:20, loss: 0.0705, lr: 5.711060902932045e-05
2026-01-12 23:11:00 - train: epoch 87, iter:30, loss: 0.0658, lr: 5.711060902932045e-05
2026-01-12 23:11:03 - train: epoch 87, iter:40, loss: 0.0803, lr: 5.711060902932045e-05
2026-01-12 23:11:06 - train: epoch 87, iter:50, loss: 0.0684, lr: 5.711060902932045e-05
2026-01-12 23:11:09 - train: epoch 87, iter:60, loss: 0.0762, lr: 5.711060902932045e-05
2026-01-12 23:11:12 - train: epoch 87, iter:70, loss: 0.0736, lr: 5.711060902932045e-05
2026-01-12 23:11:15 - train: epoch 87, iter:80, loss: 0.0740, lr: 5.711060902932045e-05
2026-01-12 23:11:16 - Finish one epoch train: epoch 87, loss: 0.0752, time(s): 25.38
2026-01-12 23:11:17 - idx 0 case patient021_frame13 mean_dice 0.830576 mean_hd95 1.571582
2026-01-12 23:11:18 - idx 1 case patient021_frame01 mean_dice 0.945827 mean_hd95 1.000000
2026-01-12 23:11:19 - idx 2 case patient022_frame01 mean_dice 0.923917 mean_hd95 1.000000
2026-01-12 23:11:20 - idx 3 case patient022_frame11 mean_dice 0.882786 mean_hd95 1.333333
2026-01-12 23:11:21 - idx 4 case patient023_frame01 mean_dice 0.930537 mean_hd95 1.000000
2026-01-12 23:11:22 - idx 5 case patient023_frame09 mean_dice 0.837285 mean_hd95 1.276142
2026-01-12 23:11:22 - idx 6 case patient024_frame01 mean_dice 0.936298 mean_hd95 1.000000
2026-01-12 23:11:23 - idx 7 case patient024_frame09 mean_dice 0.915561 mean_hd95 1.000000
2026-01-12 23:11:24 - idx 8 case patient025_frame09 mean_dice 0.882042 mean_hd95 1.138071
2026-01-12 23:11:26 - idx 9 case patient025_frame01 mean_dice 0.932113 mean_hd95 1.000000
2026-01-12 23:11:27 - idx 10 case patient026_frame01 mean_dice 0.926533 mean_hd95 8.174015
2026-01-12 23:11:28 - idx 11 case patient026_frame12 mean_dice 0.854553 mean_hd95 1.577350
2026-01-12 23:11:29 - idx 12 case patient027_frame01 mean_dice 0.872022 mean_hd95 1.138071
2026-01-12 23:11:30 - idx 13 case patient027_frame11 mean_dice 0.786444 mean_hd95 2.949399
2026-01-12 23:11:31 - idx 14 case patient028_frame01 mean_dice 0.929760 mean_hd95 1.000000
2026-01-12 23:11:33 - idx 15 case patient028_frame09 mean_dice 0.887945 mean_hd95 1.276142
2026-01-12 23:11:34 - idx 16 case patient029_frame01 mean_dice 0.944617 mean_hd95 1.000000
2026-01-12 23:11:35 - idx 17 case patient029_frame12 mean_dice 0.681976 mean_hd95 3.134375
2026-01-12 23:11:36 - idx 18 case patient030_frame01 mean_dice 0.916717 mean_hd95 1.000000
2026-01-12 23:11:37 - idx 19 case patient030_frame12 mean_dice 0.765304 mean_hd95 2.910684
2026-01-12 23:11:37 - Mean class 1 mean_dice 0.830487 mean_hd95 1.910900
2026-01-12 23:11:37 - Mean class 2 mean_dice 0.902481 mean_hd95 1.091421
2026-01-12 23:11:37 - Mean class 3 mean_dice 0.904453 mean_hd95 2.319553
2026-01-12 23:11:37 - val epoch: 87, mean_dice: 0.8791406726374525, mean_hd95: 1.7739582570965498, time(s): 21.75
2026-01-12 23:11:38 - train: epoch 88, iter:0, loss: 0.0683, lr: 5.071146028642948e-05
2026-01-12 23:11:41 - train: epoch 88, iter:10, loss: 0.0731, lr: 5.071146028642948e-05
2026-01-12 23:11:44 - train: epoch 88, iter:20, loss: 0.0762, lr: 5.071146028642948e-05
2026-01-12 23:11:47 - train: epoch 88, iter:30, loss: 0.0730, lr: 5.071146028642948e-05
2026-01-12 23:11:50 - train: epoch 88, iter:40, loss: 0.0711, lr: 5.071146028642948e-05
2026-01-12 23:11:53 - train: epoch 88, iter:50, loss: 0.0753, lr: 5.071146028642948e-05
2026-01-12 23:11:56 - train: epoch 88, iter:60, loss: 0.0719, lr: 5.071146028642948e-05
2026-01-12 23:11:59 - train: epoch 88, iter:70, loss: 0.0766, lr: 5.071146028642948e-05
2026-01-12 23:12:02 - train: epoch 88, iter:80, loss: 0.0829, lr: 5.071146028642948e-05
2026-01-12 23:12:03 - Finish one epoch train: epoch 88, loss: 0.0765, time(s): 24.99
2026-01-12 23:12:04 - idx 0 case patient021_frame13 mean_dice 0.827422 mean_hd95 1.720759
2026-01-12 23:12:05 - idx 1 case patient021_frame01 mean_dice 0.942320 mean_hd95 1.000000
2026-01-12 23:12:06 - idx 2 case patient022_frame01 mean_dice 0.924652 mean_hd95 1.000000
2026-01-12 23:12:07 - idx 3 case patient022_frame11 mean_dice 0.865712 mean_hd95 1.244017
2026-01-12 23:12:08 - idx 4 case patient023_frame01 mean_dice 0.909852 mean_hd95 1.000000
2026-01-12 23:12:09 - idx 5 case patient023_frame09 mean_dice 0.834725 mean_hd95 1.276142
2026-01-12 23:12:10 - idx 6 case patient024_frame01 mean_dice 0.934771 mean_hd95 1.000000
2026-01-12 23:12:11 - idx 7 case patient024_frame09 mean_dice 0.908998 mean_hd95 1.027614
2026-01-12 23:12:12 - idx 8 case patient025_frame09 mean_dice 0.880384 mean_hd95 1.138071
2026-01-12 23:12:13 - idx 9 case patient025_frame01 mean_dice 0.936096 mean_hd95 1.000000
2026-01-12 23:12:14 - idx 10 case patient026_frame01 mean_dice 0.925010 mean_hd95 1.333333
2026-01-12 23:12:15 - idx 11 case patient026_frame12 mean_dice 0.826726 mean_hd95 1.727180
2026-01-12 23:12:16 - idx 12 case patient027_frame01 mean_dice 0.901707 mean_hd95 1.138071
2026-01-12 23:12:18 - idx 13 case patient027_frame11 mean_dice 0.802220 mean_hd95 2.718624
2026-01-12 23:12:19 - idx 14 case patient028_frame01 mean_dice 0.926395 mean_hd95 1.000000
2026-01-12 23:12:20 - idx 15 case patient028_frame09 mean_dice 0.881869 mean_hd95 1.382088
2026-01-12 23:12:21 - idx 16 case patient029_frame01 mean_dice 0.943824 mean_hd95 1.000000
2026-01-12 23:12:23 - idx 17 case patient029_frame12 mean_dice 0.745405 mean_hd95 2.105542
2026-01-12 23:12:24 - idx 18 case patient030_frame01 mean_dice 0.912825 mean_hd95 1.000000
2026-01-12 23:12:25 - idx 19 case patient030_frame12 mean_dice 0.754113 mean_hd95 3.054805
2026-01-12 23:12:25 - Mean class 1 mean_dice 0.841384 mean_hd95 1.749036
2026-01-12 23:12:25 - Mean class 2 mean_dice 0.896976 mean_hd95 1.112132
2026-01-12 23:12:25 - Mean class 3 mean_dice 0.899394 mean_hd95 1.318769
2026-01-12 23:12:25 - val epoch: 88, mean_dice: 0.8792513846875033, mean_hd95: 1.3933123348744954, time(s): 22.04
2026-01-12 23:12:26 - train: epoch 89, iter:0, loss: 0.0761, lr: 4.476063948531561e-05
2026-01-12 23:12:29 - train: epoch 89, iter:10, loss: 0.0646, lr: 4.476063948531561e-05
2026-01-12 23:12:32 - train: epoch 89, iter:20, loss: 0.0847, lr: 4.476063948531561e-05
2026-01-12 23:12:35 - train: epoch 89, iter:30, loss: 0.0724, lr: 4.476063948531561e-05
2026-01-12 23:12:38 - train: epoch 89, iter:40, loss: 0.0743, lr: 4.476063948531561e-05
2026-01-12 23:12:41 - train: epoch 89, iter:50, loss: 0.0695, lr: 4.476063948531561e-05
2026-01-12 23:12:44 - train: epoch 89, iter:60, loss: 0.0728, lr: 4.476063948531561e-05
2026-01-12 23:12:47 - train: epoch 89, iter:70, loss: 0.0869, lr: 4.476063948531561e-05
2026-01-12 23:12:50 - train: epoch 89, iter:80, loss: 0.0798, lr: 4.476063948531561e-05
2026-01-12 23:12:50 - Finish one epoch train: epoch 89, loss: 0.0764, time(s): 25.06
2026-01-12 23:12:52 - idx 0 case patient021_frame13 mean_dice 0.831050 mean_hd95 1.720759
2026-01-12 23:12:53 - idx 1 case patient021_frame01 mean_dice 0.945097 mean_hd95 1.000000
2026-01-12 23:12:54 - idx 2 case patient022_frame01 mean_dice 0.923570 mean_hd95 1.000000
2026-01-12 23:12:55 - idx 3 case patient022_frame11 mean_dice 0.880384 mean_hd95 1.138071
2026-01-12 23:12:56 - idx 4 case patient023_frame01 mean_dice 0.931182 mean_hd95 1.000000
2026-01-12 23:12:57 - idx 5 case patient023_frame09 mean_dice 0.830471 mean_hd95 1.276142
2026-01-12 23:12:57 - idx 6 case patient024_frame01 mean_dice 0.934749 mean_hd95 1.000000
2026-01-12 23:12:58 - idx 7 case patient024_frame09 mean_dice 0.908822 mean_hd95 1.000000
2026-01-12 23:12:59 - idx 8 case patient025_frame09 mean_dice 0.876708 mean_hd95 1.412023
2026-01-12 23:13:00 - idx 9 case patient025_frame01 mean_dice 0.929284 mean_hd95 1.000000
2026-01-12 23:13:02 - idx 10 case patient026_frame01 mean_dice 0.925036 mean_hd95 1.138071
2026-01-12 23:13:03 - idx 11 case patient026_frame12 mean_dice 0.842690 mean_hd95 1.688165
2026-01-12 23:13:04 - idx 12 case patient027_frame01 mean_dice 0.856172 mean_hd95 1.276142
2026-01-12 23:13:05 - idx 13 case patient027_frame11 mean_dice 0.786136 mean_hd95 2.885618
2026-01-12 23:13:06 - idx 14 case patient028_frame01 mean_dice 0.926847 mean_hd95 1.000000
2026-01-12 23:13:07 - idx 15 case patient028_frame09 mean_dice 0.879723 mean_hd95 1.276142
2026-01-12 23:13:09 - idx 16 case patient029_frame01 mean_dice 0.939122 mean_hd95 1.000000
2026-01-12 23:13:10 - idx 17 case patient029_frame12 mean_dice 0.695356 mean_hd95 2.825742
2026-01-12 23:13:11 - idx 18 case patient030_frame01 mean_dice 0.915134 mean_hd95 1.000000
2026-01-12 23:13:12 - idx 19 case patient030_frame12 mean_dice 0.766321 mean_hd95 2.788755
2026-01-12 23:13:12 - Mean class 1 mean_dice 0.834766 mean_hd95 1.836356
2026-01-12 23:13:12 - Mean class 2 mean_dice 0.894630 mean_hd95 1.132843
2026-01-12 23:13:12 - Mean class 3 mean_dice 0.899183 mean_hd95 1.294646
2026-01-12 23:13:12 - val epoch: 89, mean_dice: 0.8761926290838348, mean_hd95: 1.421281543868911, time(s): 21.69
2026-01-12 23:13:13 - train: epoch 90, iter:0, loss: 0.0803, lr: 3.9264019367658426e-05
2026-01-12 23:13:16 - train: epoch 90, iter:10, loss: 0.0824, lr: 3.9264019367658426e-05
2026-01-12 23:13:19 - train: epoch 90, iter:20, loss: 0.0765, lr: 3.9264019367658426e-05
2026-01-12 23:13:22 - train: epoch 90, iter:30, loss: 0.0609, lr: 3.9264019367658426e-05
2026-01-12 23:13:25 - train: epoch 90, iter:40, loss: 0.0746, lr: 3.9264019367658426e-05
2026-01-12 23:13:28 - train: epoch 90, iter:50, loss: 0.0801, lr: 3.9264019367658426e-05
2026-01-12 23:13:31 - train: epoch 90, iter:60, loss: 0.0794, lr: 3.9264019367658426e-05
2026-01-12 23:13:34 - train: epoch 90, iter:70, loss: 0.0649, lr: 3.9264019367658426e-05
2026-01-12 23:13:37 - train: epoch 90, iter:80, loss: 0.0712, lr: 3.9264019367658426e-05
2026-01-12 23:13:38 - Finish one epoch train: epoch 90, loss: 0.0750, time(s): 25.19
2026-01-12 23:13:39 - idx 0 case patient021_frame13 mean_dice 0.832577 mean_hd95 1.483163
2026-01-12 23:13:40 - idx 1 case patient021_frame01 mean_dice 0.944696 mean_hd95 1.000000
2026-01-12 23:13:41 - idx 2 case patient022_frame01 mean_dice 0.925259 mean_hd95 1.000000
2026-01-12 23:13:42 - idx 3 case patient022_frame11 mean_dice 0.888141 mean_hd95 1.138071
2026-01-12 23:13:43 - idx 4 case patient023_frame01 mean_dice 0.928467 mean_hd95 1.000000
2026-01-12 23:13:44 - idx 5 case patient023_frame09 mean_dice 0.834537 mean_hd95 1.382088
2026-01-12 23:13:45 - idx 6 case patient024_frame01 mean_dice 0.935956 mean_hd95 1.000000
2026-01-12 23:13:46 - idx 7 case patient024_frame09 mean_dice 0.916463 mean_hd95 1.000000
2026-01-12 23:13:47 - idx 8 case patient025_frame09 mean_dice 0.875585 mean_hd95 1.333333
2026-01-12 23:13:48 - idx 9 case patient025_frame01 mean_dice 0.929397 mean_hd95 1.000000
2026-01-12 23:13:49 - idx 10 case patient026_frame01 mean_dice 0.927194 mean_hd95 7.927503
2026-01-12 23:13:50 - idx 11 case patient026_frame12 mean_dice 0.846826 mean_hd95 1.550094
2026-01-12 23:13:51 - idx 12 case patient027_frame01 mean_dice 0.862027 mean_hd95 1.276142
2026-01-12 23:13:53 - idx 13 case patient027_frame11 mean_dice 0.792471 mean_hd95 2.845773
2026-01-12 23:13:54 - idx 14 case patient028_frame01 mean_dice 0.931133 mean_hd95 1.000000
2026-01-12 23:13:55 - idx 15 case patient028_frame09 mean_dice 0.884125 mean_hd95 1.276142
2026-01-12 23:13:56 - idx 16 case patient029_frame01 mean_dice 0.944069 mean_hd95 1.000000
2026-01-12 23:13:58 - idx 17 case patient029_frame12 mean_dice 0.705368 mean_hd95 2.825742
2026-01-12 23:13:59 - idx 18 case patient030_frame01 mean_dice 0.917367 mean_hd95 1.000000
2026-01-12 23:14:00 - idx 19 case patient030_frame12 mean_dice 0.774204 mean_hd95 2.705739
2026-01-12 23:14:00 - Mean class 1 mean_dice 0.834919 mean_hd95 1.811577
2026-01-12 23:14:00 - Mean class 2 mean_dice 0.901563 mean_hd95 1.112132
2026-01-12 23:14:00 - Mean class 3 mean_dice 0.902897 mean_hd95 2.287860
2026-01-12 23:14:00 - val epoch: 90, mean_dice: 0.8797929541371644, mean_hd95: 1.737189562805532, time(s): 22.24
2026-01-12 23:14:01 - train: epoch 91, iter:0, loss: 0.0735, lr: 3.4227024433899026e-05
2026-01-12 23:14:04 - train: epoch 91, iter:10, loss: 0.0678, lr: 3.4227024433899026e-05
2026-01-12 23:14:07 - train: epoch 91, iter:20, loss: 0.0684, lr: 3.4227024433899026e-05
2026-01-12 23:14:11 - train: epoch 91, iter:30, loss: 0.0739, lr: 3.4227024433899026e-05
2026-01-12 23:14:14 - train: epoch 91, iter:40, loss: 0.0685, lr: 3.4227024433899026e-05
2026-01-12 23:14:17 - train: epoch 91, iter:50, loss: 0.0918, lr: 3.4227024433899026e-05
2026-01-12 23:14:20 - train: epoch 91, iter:60, loss: 0.0783, lr: 3.4227024433899026e-05
2026-01-12 23:14:23 - train: epoch 91, iter:70, loss: 0.0718, lr: 3.4227024433899026e-05
2026-01-12 23:14:26 - train: epoch 91, iter:80, loss: 0.0859, lr: 3.4227024433899026e-05
2026-01-12 23:14:26 - Finish one epoch train: epoch 91, loss: 0.0752, time(s): 25.56
2026-01-12 23:14:28 - idx 0 case patient021_frame13 mean_dice 0.837904 mean_hd95 1.483163
2026-01-12 23:14:29 - idx 1 case patient021_frame01 mean_dice 0.944739 mean_hd95 1.000000
2026-01-12 23:14:30 - idx 2 case patient022_frame01 mean_dice 0.927027 mean_hd95 1.000000
2026-01-12 23:14:30 - idx 3 case patient022_frame11 mean_dice 0.885883 mean_hd95 1.138071
2026-01-12 23:14:31 - idx 4 case patient023_frame01 mean_dice 0.928779 mean_hd95 1.000000
2026-01-12 23:14:32 - idx 5 case patient023_frame09 mean_dice 0.835286 mean_hd95 1.276142
2026-01-12 23:14:33 - idx 6 case patient024_frame01 mean_dice 0.936821 mean_hd95 1.000000
2026-01-12 23:14:34 - idx 7 case patient024_frame09 mean_dice 0.916099 mean_hd95 1.000000
2026-01-12 23:14:35 - idx 8 case patient025_frame09 mean_dice 0.870724 mean_hd95 1.333333
2026-01-12 23:14:36 - idx 9 case patient025_frame01 mean_dice 0.934637 mean_hd95 1.000000
2026-01-12 23:14:38 - idx 10 case patient026_frame01 mean_dice 0.928477 mean_hd95 1.333333
2026-01-12 23:14:39 - idx 11 case patient026_frame12 mean_dice 0.852342 mean_hd95 1.550094
2026-01-12 23:14:40 - idx 12 case patient027_frame01 mean_dice 0.859543 mean_hd95 1.276142
2026-01-12 23:14:41 - idx 13 case patient027_frame11 mean_dice 0.795389 mean_hd95 2.845773
2026-01-12 23:14:42 - idx 14 case patient028_frame01 mean_dice 0.930049 mean_hd95 1.000000
2026-01-12 23:14:43 - idx 15 case patient028_frame09 mean_dice 0.884846 mean_hd95 1.276142
2026-01-12 23:14:45 - idx 16 case patient029_frame01 mean_dice 0.942903 mean_hd95 1.000000
2026-01-12 23:14:46 - idx 17 case patient029_frame12 mean_dice 0.699654 mean_hd95 2.914854
2026-01-12 23:14:47 - idx 18 case patient030_frame01 mean_dice 0.919668 mean_hd95 1.000000
2026-01-12 23:14:48 - idx 19 case patient030_frame12 mean_dice 0.774209 mean_hd95 2.713410
2026-01-12 23:14:48 - Mean class 1 mean_dice 0.835620 mean_hd95 1.810202
2026-01-12 23:14:48 - Mean class 2 mean_dice 0.901927 mean_hd95 1.112132
2026-01-12 23:14:48 - Mean class 3 mean_dice 0.903200 mean_hd95 1.298735
2026-01-12 23:14:48 - val epoch: 91, mean_dice: 0.8802489750401232, mean_hd95: 1.4070229810079864, time(s): 21.73
2026-01-12 23:14:49 - train: epoch 92, iter:0, loss: 0.0808, lr: 2.9654625589913258e-05
2026-01-12 23:14:52 - train: epoch 92, iter:10, loss: 0.0721, lr: 2.9654625589913258e-05
2026-01-12 23:14:55 - train: epoch 92, iter:20, loss: 0.0676, lr: 2.9654625589913258e-05
2026-01-12 23:14:58 - train: epoch 92, iter:30, loss: 0.0883, lr: 2.9654625589913258e-05
2026-01-12 23:15:01 - train: epoch 92, iter:40, loss: 0.0841, lr: 2.9654625589913258e-05
2026-01-12 23:15:04 - train: epoch 92, iter:50, loss: 0.0625, lr: 2.9654625589913258e-05
2026-01-12 23:15:07 - train: epoch 92, iter:60, loss: 0.0685, lr: 2.9654625589913258e-05
2026-01-12 23:15:11 - train: epoch 92, iter:70, loss: 0.0692, lr: 2.9654625589913258e-05
2026-01-12 23:15:14 - train: epoch 92, iter:80, loss: 0.1067, lr: 2.9654625589913258e-05
2026-01-12 23:15:14 - Finish one epoch train: epoch 92, loss: 0.0747, time(s): 25.28
2026-01-12 23:15:15 - idx 0 case patient021_frame13 mean_dice 0.833398 mean_hd95 1.720759
2026-01-12 23:15:17 - idx 1 case patient021_frame01 mean_dice 0.944607 mean_hd95 1.000000
2026-01-12 23:15:17 - idx 2 case patient022_frame01 mean_dice 0.922315 mean_hd95 1.000000
2026-01-12 23:15:18 - idx 3 case patient022_frame11 mean_dice 0.879913 mean_hd95 1.609476
2026-01-12 23:15:19 - idx 4 case patient023_frame01 mean_dice 0.922604 mean_hd95 1.000000
2026-01-12 23:15:20 - idx 5 case patient023_frame09 mean_dice 0.837749 mean_hd95 1.276142
2026-01-12 23:15:21 - idx 6 case patient024_frame01 mean_dice 0.936651 mean_hd95 1.000000
2026-01-12 23:15:22 - idx 7 case patient024_frame09 mean_dice 0.914062 mean_hd95 1.000000
2026-01-12 23:15:23 - idx 8 case patient025_frame09 mean_dice 0.875818 mean_hd95 1.333333
2026-01-12 23:15:24 - idx 9 case patient025_frame01 mean_dice 0.935977 mean_hd95 1.000000
2026-01-12 23:15:25 - idx 10 case patient026_frame01 mean_dice 0.926365 mean_hd95 7.869717
2026-01-12 23:15:26 - idx 11 case patient026_frame12 mean_dice 0.850696 mean_hd95 1.577350
2026-01-12 23:15:27 - idx 12 case patient027_frame01 mean_dice 0.896152 mean_hd95 1.000000
2026-01-12 23:15:28 - idx 13 case patient027_frame11 mean_dice 0.793573 mean_hd95 2.939711
2026-01-12 23:15:30 - idx 14 case patient028_frame01 mean_dice 0.930299 mean_hd95 1.000000
2026-01-12 23:15:31 - idx 15 case patient028_frame09 mean_dice 0.882730 mean_hd95 1.276142
2026-01-12 23:15:32 - idx 16 case patient029_frame01 mean_dice 0.942999 mean_hd95 1.000000
2026-01-12 23:15:33 - idx 17 case patient029_frame12 mean_dice 0.720071 mean_hd95 2.527525
2026-01-12 23:15:34 - idx 18 case patient030_frame01 mean_dice 0.915464 mean_hd95 1.000000
2026-01-12 23:15:36 - idx 19 case patient030_frame12 mean_dice 0.763417 mean_hd95 2.736425
2026-01-12 23:15:36 - Mean class 1 mean_dice 0.839429 mean_hd95 1.835368
2026-01-12 23:15:36 - Mean class 2 mean_dice 0.900776 mean_hd95 1.091421
2026-01-12 23:15:36 - Mean class 3 mean_dice 0.903525 mean_hd95 2.303198
2026-01-12 23:15:36 - val epoch: 92, mean_dice: 0.8812430839325414, mean_hd95: 1.7433290812759956, time(s): 21.56
2026-01-12 23:15:37 - train: epoch 93, iter:0, loss: 0.0978, lr: 2.5551335241327692e-05
2026-01-12 23:15:40 - train: epoch 93, iter:10, loss: 0.0864, lr: 2.5551335241327692e-05
2026-01-12 23:15:43 - train: epoch 93, iter:20, loss: 0.0745, lr: 2.5551335241327692e-05
2026-01-12 23:15:46 - train: epoch 93, iter:30, loss: 0.0857, lr: 2.5551335241327692e-05
2026-01-12 23:15:49 - train: epoch 93, iter:40, loss: 0.0739, lr: 2.5551335241327692e-05
2026-01-12 23:15:52 - train: epoch 93, iter:50, loss: 0.0697, lr: 2.5551335241327692e-05
2026-01-12 23:15:55 - train: epoch 93, iter:60, loss: 0.0705, lr: 2.5551335241327692e-05
2026-01-12 23:15:58 - train: epoch 93, iter:70, loss: 0.0873, lr: 2.5551335241327692e-05
2026-01-12 23:16:01 - train: epoch 93, iter:80, loss: 0.0756, lr: 2.5551335241327692e-05
2026-01-12 23:16:02 - Finish one epoch train: epoch 93, loss: 0.0745, time(s): 25.20
2026-01-12 23:16:03 - idx 0 case patient021_frame13 mean_dice 0.833810 mean_hd95 1.533688
2026-01-12 23:16:04 - idx 1 case patient021_frame01 mean_dice 0.944428 mean_hd95 1.000000
2026-01-12 23:16:05 - idx 2 case patient022_frame01 mean_dice 0.926031 mean_hd95 1.000000
2026-01-12 23:16:05 - idx 3 case patient022_frame11 mean_dice 0.880297 mean_hd95 1.333333
2026-01-12 23:16:07 - idx 4 case patient023_frame01 mean_dice 0.927049 mean_hd95 1.000000
2026-01-12 23:16:08 - idx 5 case patient023_frame09 mean_dice 0.833696 mean_hd95 1.276142
2026-01-12 23:16:08 - idx 6 case patient024_frame01 mean_dice 0.935838 mean_hd95 1.000000
2026-01-12 23:16:09 - idx 7 case patient024_frame09 mean_dice 0.912404 mean_hd95 1.000000
2026-01-12 23:16:10 - idx 8 case patient025_frame09 mean_dice 0.874242 mean_hd95 1.333333
2026-01-12 23:16:12 - idx 9 case patient025_frame01 mean_dice 0.931907 mean_hd95 1.000000
2026-01-12 23:16:13 - idx 10 case patient026_frame01 mean_dice 0.926721 mean_hd95 1.138071
2026-01-12 23:16:14 - idx 11 case patient026_frame12 mean_dice 0.849892 mean_hd95 1.550094
2026-01-12 23:16:15 - idx 12 case patient027_frame01 mean_dice 0.867887 mean_hd95 1.138071
2026-01-12 23:16:16 - idx 13 case patient027_frame11 mean_dice 0.787340 mean_hd95 2.885618
2026-01-12 23:16:17 - idx 14 case patient028_frame01 mean_dice 0.929992 mean_hd95 1.000000
2026-01-12 23:16:18 - idx 15 case patient028_frame09 mean_dice 0.878829 mean_hd95 1.276142
2026-01-12 23:16:20 - idx 16 case patient029_frame01 mean_dice 0.943794 mean_hd95 1.000000
2026-01-12 23:16:21 - idx 17 case patient029_frame12 mean_dice 0.694018 mean_hd95 2.972027
2026-01-12 23:16:22 - idx 18 case patient030_frame01 mean_dice 0.916003 mean_hd95 1.000000
2026-01-12 23:16:23 - idx 19 case patient030_frame12 mean_dice 0.773562 mean_hd95 2.610357
2026-01-12 23:16:23 - Mean class 1 mean_dice 0.833668 mean_hd95 1.846165
2026-01-12 23:16:23 - Mean class 2 mean_dice 0.899813 mean_hd95 1.091421
2026-01-12 23:16:23 - Mean class 3 mean_dice 0.901680 mean_hd95 1.269445
2026-01-12 23:16:23 - val epoch: 93, mean_dice: 0.8783869240704826, mean_hd95: 1.4023438660572258, time(s): 21.63
2026-01-12 23:16:24 - train: epoch 94, iter:0, loss: 0.0685, lr: 2.192120284032009e-05
2026-01-12 23:16:27 - train: epoch 94, iter:10, loss: 0.0692, lr: 2.192120284032009e-05
2026-01-12 23:16:30 - train: epoch 94, iter:20, loss: 0.0727, lr: 2.192120284032009e-05
2026-01-12 23:16:33 - train: epoch 94, iter:30, loss: 0.0824, lr: 2.192120284032009e-05
2026-01-12 23:16:36 - train: epoch 94, iter:40, loss: 0.0779, lr: 2.192120284032009e-05
2026-01-12 23:16:39 - train: epoch 94, iter:50, loss: 0.0765, lr: 2.192120284032009e-05
2026-01-12 23:16:42 - train: epoch 94, iter:60, loss: 0.0806, lr: 2.192120284032009e-05
2026-01-12 23:16:45 - train: epoch 94, iter:70, loss: 0.0734, lr: 2.192120284032009e-05
2026-01-12 23:16:48 - train: epoch 94, iter:80, loss: 0.0756, lr: 2.192120284032009e-05
2026-01-12 23:16:49 - Finish one epoch train: epoch 94, loss: 0.0752, time(s): 25.06
2026-01-12 23:16:50 - idx 0 case patient021_frame13 mean_dice 0.834665 mean_hd95 1.483163
2026-01-12 23:16:51 - idx 1 case patient021_frame01 mean_dice 0.944562 mean_hd95 1.000000
2026-01-12 23:16:52 - idx 2 case patient022_frame01 mean_dice 0.925881 mean_hd95 1.000000
2026-01-12 23:16:53 - idx 3 case patient022_frame11 mean_dice 0.883935 mean_hd95 1.138071
2026-01-12 23:16:54 - idx 4 case patient023_frame01 mean_dice 0.928755 mean_hd95 1.000000
2026-01-12 23:16:55 - idx 5 case patient023_frame09 mean_dice 0.832110 mean_hd95 1.382088
2026-01-12 23:16:56 - idx 6 case patient024_frame01 mean_dice 0.934626 mean_hd95 1.000000
2026-01-12 23:16:57 - idx 7 case patient024_frame09 mean_dice 0.915202 mean_hd95 1.000000
2026-01-12 23:16:58 - idx 8 case patient025_frame09 mean_dice 0.871622 mean_hd95 1.333333
2026-01-12 23:16:59 - idx 9 case patient025_frame01 mean_dice 0.931164 mean_hd95 1.000000
2026-01-12 23:17:00 - idx 10 case patient026_frame01 mean_dice 0.925019 mean_hd95 1.333333
2026-01-12 23:17:01 - idx 11 case patient026_frame12 mean_dice 0.852048 mean_hd95 1.550094
2026-01-12 23:17:02 - idx 12 case patient027_frame01 mean_dice 0.859277 mean_hd95 1.276142
2026-01-12 23:17:04 - idx 13 case patient027_frame11 mean_dice 0.784377 mean_hd95 2.939469
2026-01-12 23:17:05 - idx 14 case patient028_frame01 mean_dice 0.929664 mean_hd95 1.000000
2026-01-12 23:17:06 - idx 15 case patient028_frame09 mean_dice 0.880054 mean_hd95 1.276142
2026-01-12 23:17:07 - idx 16 case patient029_frame01 mean_dice 0.942147 mean_hd95 1.000000
2026-01-12 23:17:08 - idx 17 case patient029_frame12 mean_dice 0.662703 mean_hd95 3.518547
2026-01-12 23:17:10 - idx 18 case patient030_frame01 mean_dice 0.916734 mean_hd95 1.000000
2026-01-12 23:17:11 - idx 19 case patient030_frame12 mean_dice 0.772015 mean_hd95 2.474156
2026-01-12 23:17:11 - Mean class 1 mean_dice 0.827950 mean_hd95 1.874104
2026-01-12 23:17:11 - Mean class 2 mean_dice 0.899094 mean_hd95 1.112132
2026-01-12 23:17:11 - Mean class 3 mean_dice 0.901941 mean_hd95 1.319445
2026-01-12 23:17:11 - val epoch: 94, mean_dice: 0.8763280129744452, mean_hd95: 1.4352269888878177, time(s): 22.01
2026-01-12 23:17:12 - train: epoch 95, iter:0, loss: 0.0724, lr: 1.8767810889299096e-05
2026-01-12 23:17:15 - train: epoch 95, iter:10, loss: 0.0775, lr: 1.8767810889299096e-05
2026-01-12 23:17:18 - train: epoch 95, iter:20, loss: 0.0639, lr: 1.8767810889299096e-05
2026-01-12 23:17:21 - train: epoch 95, iter:30, loss: 0.0800, lr: 1.8767810889299096e-05
2026-01-12 23:17:24 - train: epoch 95, iter:40, loss: 0.0758, lr: 1.8767810889299096e-05
2026-01-12 23:17:27 - train: epoch 95, iter:50, loss: 0.0699, lr: 1.8767810889299096e-05
2026-01-12 23:17:30 - train: epoch 95, iter:60, loss: 0.0780, lr: 1.8767810889299096e-05
2026-01-12 23:17:33 - train: epoch 95, iter:70, loss: 0.0646, lr: 1.8767810889299096e-05
2026-01-12 23:17:36 - train: epoch 95, iter:80, loss: 0.0722, lr: 1.8767810889299096e-05
2026-01-12 23:17:37 - Finish one epoch train: epoch 95, loss: 0.0743, time(s): 25.48
2026-01-12 23:17:38 - idx 0 case patient021_frame13 mean_dice 0.836548 mean_hd95 1.483163
2026-01-12 23:17:39 - idx 1 case patient021_frame01 mean_dice 0.945025 mean_hd95 1.000000
2026-01-12 23:17:40 - idx 2 case patient022_frame01 mean_dice 0.925406 mean_hd95 1.000000
2026-01-12 23:17:41 - idx 3 case patient022_frame11 mean_dice 0.879592 mean_hd95 1.333333
2026-01-12 23:17:42 - idx 4 case patient023_frame01 mean_dice 0.929642 mean_hd95 1.000000
2026-01-12 23:17:43 - idx 5 case patient023_frame09 mean_dice 0.833042 mean_hd95 1.276142
2026-01-12 23:17:44 - idx 6 case patient024_frame01 mean_dice 0.935864 mean_hd95 1.000000
2026-01-12 23:17:45 - idx 7 case patient024_frame09 mean_dice 0.913760 mean_hd95 1.000000
2026-01-12 23:17:46 - idx 8 case patient025_frame09 mean_dice 0.874737 mean_hd95 1.333333
2026-01-12 23:17:47 - idx 9 case patient025_frame01 mean_dice 0.936855 mean_hd95 1.000000
2026-01-12 23:17:48 - idx 10 case patient026_frame01 mean_dice 0.927416 mean_hd95 1.138071
2026-01-12 23:17:49 - idx 11 case patient026_frame12 mean_dice 0.855027 mean_hd95 1.550864
2026-01-12 23:17:50 - idx 12 case patient027_frame01 mean_dice 0.863768 mean_hd95 1.276142
2026-01-12 23:17:51 - idx 13 case patient027_frame11 mean_dice 0.788818 mean_hd95 2.924371
2026-01-12 23:17:53 - idx 14 case patient028_frame01 mean_dice 0.931218 mean_hd95 1.000000
2026-01-12 23:17:54 - idx 15 case patient028_frame09 mean_dice 0.878971 mean_hd95 1.276142
2026-01-12 23:17:55 - idx 16 case patient029_frame01 mean_dice 0.942762 mean_hd95 1.000000
2026-01-12 23:17:56 - idx 17 case patient029_frame12 mean_dice 0.696150 mean_hd95 3.027588
2026-01-12 23:17:57 - idx 18 case patient030_frame01 mean_dice 0.916601 mean_hd95 1.000000
2026-01-12 23:17:58 - idx 19 case patient030_frame12 mean_dice 0.773538 mean_hd95 2.610357
2026-01-12 23:17:58 - Mean class 1 mean_dice 0.834116 mean_hd95 1.840930
2026-01-12 23:17:58 - Mean class 2 mean_dice 0.900159 mean_hd95 1.112132
2026-01-12 23:17:58 - Mean class 3 mean_dice 0.903436 mean_hd95 1.281364
2026-01-12 23:17:58 - val epoch: 95, mean_dice: 0.8792371177950997, mean_hd95: 1.4114753588839737, time(s): 21.65
2026-01-12 23:17:59 - train: epoch 96, iter:0, loss: 0.0723, lr: 1.609427140540687e-05
2026-01-12 23:18:02 - train: epoch 96, iter:10, loss: 0.0735, lr: 1.609427140540687e-05
2026-01-12 23:18:05 - train: epoch 96, iter:20, loss: 0.0702, lr: 1.609427140540687e-05
2026-01-12 23:18:08 - train: epoch 96, iter:30, loss: 0.0794, lr: 1.609427140540687e-05
2026-01-12 23:18:11 - train: epoch 96, iter:40, loss: 0.0704, lr: 1.609427140540687e-05
2026-01-12 23:18:15 - train: epoch 96, iter:50, loss: 0.0771, lr: 1.609427140540687e-05
2026-01-12 23:18:18 - train: epoch 96, iter:60, loss: 0.0718, lr: 1.609427140540687e-05
2026-01-12 23:18:21 - train: epoch 96, iter:70, loss: 0.0694, lr: 1.609427140540687e-05
2026-01-12 23:18:24 - train: epoch 96, iter:80, loss: 0.0663, lr: 1.609427140540687e-05
2026-01-12 23:18:24 - Finish one epoch train: epoch 96, loss: 0.0737, time(s): 25.36
2026-01-12 23:18:26 - idx 0 case patient021_frame13 mean_dice 0.833878 mean_hd95 1.483163
2026-01-12 23:18:27 - idx 1 case patient021_frame01 mean_dice 0.945139 mean_hd95 1.000000
2026-01-12 23:18:28 - idx 2 case patient022_frame01 mean_dice 0.925651 mean_hd95 1.000000
2026-01-12 23:18:28 - idx 3 case patient022_frame11 mean_dice 0.881347 mean_hd95 1.333333
2026-01-12 23:18:29 - idx 4 case patient023_frame01 mean_dice 0.929118 mean_hd95 1.000000
2026-01-12 23:18:30 - idx 5 case patient023_frame09 mean_dice 0.833201 mean_hd95 1.286737
2026-01-12 23:18:31 - idx 6 case patient024_frame01 mean_dice 0.936356 mean_hd95 1.000000
2026-01-12 23:18:32 - idx 7 case patient024_frame09 mean_dice 0.913720 mean_hd95 1.000000
2026-01-12 23:18:33 - idx 8 case patient025_frame09 mean_dice 0.881450 mean_hd95 1.138071
2026-01-12 23:18:34 - idx 9 case patient025_frame01 mean_dice 0.935718 mean_hd95 1.000000
2026-01-12 23:18:35 - idx 10 case patient026_frame01 mean_dice 0.925004 mean_hd95 8.596909
2026-01-12 23:18:37 - idx 11 case patient026_frame12 mean_dice 0.849725 mean_hd95 1.577350
2026-01-12 23:18:38 - idx 12 case patient027_frame01 mean_dice 0.871118 mean_hd95 1.138071
2026-01-12 23:18:39 - idx 13 case patient027_frame11 mean_dice 0.788851 mean_hd95 2.939711
2026-01-12 23:18:40 - idx 14 case patient028_frame01 mean_dice 0.930036 mean_hd95 1.000000
2026-01-12 23:18:41 - idx 15 case patient028_frame09 mean_dice 0.879381 mean_hd95 1.276142
2026-01-12 23:18:42 - idx 16 case patient029_frame01 mean_dice 0.942402 mean_hd95 1.000000
2026-01-12 23:18:44 - idx 17 case patient029_frame12 mean_dice 0.691401 mean_hd95 3.165659
2026-01-12 23:18:45 - idx 18 case patient030_frame01 mean_dice 0.914879 mean_hd95 1.000000
2026-01-12 23:18:46 - idx 19 case patient030_frame12 mean_dice 0.771249 mean_hd95 2.649035
2026-01-12 23:18:46 - Mean class 1 mean_dice 0.834958 mean_hd95 1.821797
2026-01-12 23:18:46 - Mean class 2 mean_dice 0.899024 mean_hd95 1.112132
2026-01-12 23:18:46 - Mean class 3 mean_dice 0.902961 mean_hd95 2.403698
2026-01-12 23:18:46 - val epoch: 96, mean_dice: 0.8789813207219552, mean_hd95: 1.7792090804517644, time(s): 21.46
2026-01-12 23:18:47 - train: epoch 97, iter:0, loss: 0.0726, lr: 1.3903222849333514e-05
2026-01-12 23:18:50 - train: epoch 97, iter:10, loss: 0.0697, lr: 1.3903222849333514e-05
2026-01-12 23:18:53 - train: epoch 97, iter:20, loss: 0.0689, lr: 1.3903222849333514e-05
2026-01-12 23:18:56 - train: epoch 97, iter:30, loss: 0.0773, lr: 1.3903222849333514e-05
2026-01-12 23:18:59 - train: epoch 97, iter:40, loss: 0.0716, lr: 1.3903222849333514e-05
2026-01-12 23:19:02 - train: epoch 97, iter:50, loss: 0.0578, lr: 1.3903222849333514e-05
2026-01-12 23:19:05 - train: epoch 97, iter:60, loss: 0.0688, lr: 1.3903222849333514e-05
2026-01-12 23:19:08 - train: epoch 97, iter:70, loss: 0.0712, lr: 1.3903222849333514e-05
2026-01-12 23:19:11 - train: epoch 97, iter:80, loss: 0.0688, lr: 1.3903222849333514e-05
2026-01-12 23:19:11 - Finish one epoch train: epoch 97, loss: 0.0740, time(s): 25.09
2026-01-12 23:19:13 - idx 0 case patient021_frame13 mean_dice 0.835704 mean_hd95 1.412023
2026-01-12 23:19:14 - idx 1 case patient021_frame01 mean_dice 0.944977 mean_hd95 1.000000
2026-01-12 23:19:15 - idx 2 case patient022_frame01 mean_dice 0.926497 mean_hd95 1.000000
2026-01-12 23:19:15 - idx 3 case patient022_frame11 mean_dice 0.884765 mean_hd95 1.138071
2026-01-12 23:19:16 - idx 4 case patient023_frame01 mean_dice 0.929521 mean_hd95 1.000000
2026-01-12 23:19:17 - idx 5 case patient023_frame09 mean_dice 0.829983 mean_hd95 1.395486
2026-01-12 23:19:18 - idx 6 case patient024_frame01 mean_dice 0.935519 mean_hd95 1.000000
2026-01-12 23:19:19 - idx 7 case patient024_frame09 mean_dice 0.915626 mean_hd95 1.000000
2026-01-12 23:19:20 - idx 8 case patient025_frame09 mean_dice 0.879000 mean_hd95 1.138071
2026-01-12 23:19:21 - idx 9 case patient025_frame01 mean_dice 0.935554 mean_hd95 1.000000
2026-01-12 23:19:23 - idx 10 case patient026_frame01 mean_dice 0.927231 mean_hd95 1.138071
2026-01-12 23:19:24 - idx 11 case patient026_frame12 mean_dice 0.857235 mean_hd95 1.471405
2026-01-12 23:19:25 - idx 12 case patient027_frame01 mean_dice 0.860279 mean_hd95 1.276142
2026-01-12 23:19:26 - idx 13 case patient027_frame11 mean_dice 0.786332 mean_hd95 2.906932
2026-01-12 23:19:27 - idx 14 case patient028_frame01 mean_dice 0.929757 mean_hd95 1.000000
2026-01-12 23:19:29 - idx 15 case patient028_frame09 mean_dice 0.879768 mean_hd95 1.276142
2026-01-12 23:19:30 - idx 16 case patient029_frame01 mean_dice 0.942798 mean_hd95 1.000000
2026-01-12 23:19:31 - idx 17 case patient029_frame12 mean_dice 0.677606 mean_hd95 3.357023
2026-01-12 23:19:32 - idx 18 case patient030_frame01 mean_dice 0.916562 mean_hd95 1.000000
2026-01-12 23:19:33 - idx 19 case patient030_frame12 mean_dice 0.778638 mean_hd95 2.610357
2026-01-12 23:19:33 - Mean class 1 mean_dice 0.832744 mean_hd95 1.865670
2026-01-12 23:19:33 - Mean class 2 mean_dice 0.900173 mean_hd95 1.112132
2026-01-12 23:19:33 - Mean class 3 mean_dice 0.903086 mean_hd95 1.240156
2026-01-12 23:19:33 - val epoch: 97, mean_dice: 0.8786675970785178, mean_hd95: 1.405986127480708, time(s): 22.03
2026-01-12 23:19:34 - train: epoch 98, iter:0, loss: 0.0675, lr: 1.2196827521475406e-05
2026-01-12 23:19:37 - train: epoch 98, iter:10, loss: 0.0669, lr: 1.2196827521475406e-05
2026-01-12 23:19:40 - train: epoch 98, iter:20, loss: 0.0693, lr: 1.2196827521475406e-05
2026-01-12 23:19:43 - train: epoch 98, iter:30, loss: 0.0949, lr: 1.2196827521475406e-05
2026-01-12 23:19:46 - train: epoch 98, iter:40, loss: 0.0718, lr: 1.2196827521475406e-05
2026-01-12 23:19:49 - train: epoch 98, iter:50, loss: 0.0685, lr: 1.2196827521475406e-05
2026-01-12 23:19:53 - train: epoch 98, iter:60, loss: 0.0730, lr: 1.2196827521475406e-05
2026-01-12 23:19:56 - train: epoch 98, iter:70, loss: 0.0667, lr: 1.2196827521475406e-05
2026-01-12 23:19:59 - train: epoch 98, iter:80, loss: 0.0794, lr: 1.2196827521475406e-05
2026-01-12 23:19:59 - Finish one epoch train: epoch 98, loss: 0.0747, time(s): 25.27
2026-01-12 23:20:00 - idx 0 case patient021_frame13 mean_dice 0.837378 mean_hd95 1.483163
2026-01-12 23:20:02 - idx 1 case patient021_frame01 mean_dice 0.945032 mean_hd95 1.000000
2026-01-12 23:20:02 - idx 2 case patient022_frame01 mean_dice 0.925343 mean_hd95 1.000000
2026-01-12 23:20:03 - idx 3 case patient022_frame11 mean_dice 0.882607 mean_hd95 1.333333
2026-01-12 23:20:04 - idx 4 case patient023_frame01 mean_dice 0.930318 mean_hd95 1.000000
2026-01-12 23:20:05 - idx 5 case patient023_frame09 mean_dice 0.833096 mean_hd95 1.276142
2026-01-12 23:20:06 - idx 6 case patient024_frame01 mean_dice 0.935988 mean_hd95 1.000000
2026-01-12 23:20:07 - idx 7 case patient024_frame09 mean_dice 0.913605 mean_hd95 1.000000
2026-01-12 23:20:08 - idx 8 case patient025_frame09 mean_dice 0.873921 mean_hd95 1.333333
2026-01-12 23:20:09 - idx 9 case patient025_frame01 mean_dice 0.934640 mean_hd95 1.000000
2026-01-12 23:20:10 - idx 10 case patient026_frame01 mean_dice 0.928156 mean_hd95 1.000000
2026-01-12 23:20:11 - idx 11 case patient026_frame12 mean_dice 0.858485 mean_hd95 1.550094
2026-01-12 23:20:13 - idx 12 case patient027_frame01 mean_dice 0.851998 mean_hd95 1.276142
2026-01-12 23:20:14 - idx 13 case patient027_frame11 mean_dice 0.788582 mean_hd95 2.885618
2026-01-12 23:20:15 - idx 14 case patient028_frame01 mean_dice 0.929827 mean_hd95 1.000000
2026-01-12 23:20:16 - idx 15 case patient028_frame09 mean_dice 0.879233 mean_hd95 1.276142
2026-01-12 23:20:17 - idx 16 case patient029_frame01 mean_dice 0.941454 mean_hd95 1.000000
2026-01-12 23:20:18 - idx 17 case patient029_frame12 mean_dice 0.671801 mean_hd95 3.357023
2026-01-12 23:20:20 - idx 18 case patient030_frame01 mean_dice 0.917289 mean_hd95 1.000000
2026-01-12 23:20:21 - idx 19 case patient030_frame12 mean_dice 0.774158 mean_hd95 2.629783
2026-01-12 23:20:21 - Mean class 1 mean_dice 0.831168 mean_hd95 1.899250
2026-01-12 23:20:21 - Mean class 2 mean_dice 0.898093 mean_hd95 1.112132
2026-01-12 23:20:21 - Mean class 3 mean_dice 0.903676 mean_hd95 1.248735
2026-01-12 23:20:21 - val epoch: 98, mean_dice: 0.8776456199726622, mean_hd95: 1.4200387464147077, time(s): 21.33
2026-01-12 23:20:21 - train: epoch 99, iter:0, loss: 0.0685, lr: 1.097676942800558e-05
2026-01-12 23:20:24 - train: epoch 99, iter:10, loss: 0.0769, lr: 1.097676942800558e-05
2026-01-12 23:20:28 - train: epoch 99, iter:20, loss: 0.0575, lr: 1.097676942800558e-05
2026-01-12 23:20:31 - train: epoch 99, iter:30, loss: 0.0735, lr: 1.097676942800558e-05
2026-01-12 23:20:34 - train: epoch 99, iter:40, loss: 0.0715, lr: 1.097676942800558e-05
2026-01-12 23:20:37 - train: epoch 99, iter:50, loss: 0.1030, lr: 1.097676942800558e-05
2026-01-12 23:20:40 - train: epoch 99, iter:60, loss: 0.0709, lr: 1.097676942800558e-05
2026-01-12 23:20:43 - train: epoch 99, iter:70, loss: 0.0764, lr: 1.097676942800558e-05
2026-01-12 23:20:46 - train: epoch 99, iter:80, loss: 0.0768, lr: 1.097676942800558e-05
2026-01-12 23:20:46 - Finish one epoch train: epoch 99, loss: 0.0742, time(s): 25.13
2026-01-12 23:20:47 - idx 0 case patient021_frame13 mean_dice 0.833708 mean_hd95 1.483163
2026-01-12 23:20:49 - idx 1 case patient021_frame01 mean_dice 0.944914 mean_hd95 1.000000
2026-01-12 23:20:49 - idx 2 case patient022_frame01 mean_dice 0.924900 mean_hd95 1.000000
2026-01-12 23:20:50 - idx 3 case patient022_frame11 mean_dice 0.883608 mean_hd95 1.372678
2026-01-12 23:20:51 - idx 4 case patient023_frame01 mean_dice 0.928034 mean_hd95 1.000000
2026-01-12 23:20:52 - idx 5 case patient023_frame09 mean_dice 0.832934 mean_hd95 1.276142
2026-01-12 23:20:53 - idx 6 case patient024_frame01 mean_dice 0.936543 mean_hd95 1.000000
2026-01-12 23:20:54 - idx 7 case patient024_frame09 mean_dice 0.914165 mean_hd95 1.000000
2026-01-12 23:20:55 - idx 8 case patient025_frame09 mean_dice 0.884264 mean_hd95 1.138071
2026-01-12 23:20:56 - idx 9 case patient025_frame01 mean_dice 0.935427 mean_hd95 1.000000
2026-01-12 23:20:57 - idx 10 case patient026_frame01 mean_dice 0.924897 mean_hd95 8.568846
2026-01-12 23:20:59 - idx 11 case patient026_frame12 mean_dice 0.849251 mean_hd95 1.656040
2026-01-12 23:21:00 - idx 12 case patient027_frame01 mean_dice 0.864950 mean_hd95 1.138071
2026-01-12 23:21:01 - idx 13 case patient027_frame11 mean_dice 0.790301 mean_hd95 2.885618
2026-01-12 23:21:02 - idx 14 case patient028_frame01 mean_dice 0.929696 mean_hd95 1.000000
2026-01-12 23:21:03 - idx 15 case patient028_frame09 mean_dice 0.881388 mean_hd95 1.276142
2026-01-12 23:21:05 - idx 16 case patient029_frame01 mean_dice 0.942864 mean_hd95 1.000000
2026-01-12 23:21:06 - idx 17 case patient029_frame12 mean_dice 0.703446 mean_hd95 3.000000
2026-01-12 23:21:07 - idx 18 case patient030_frame01 mean_dice 0.915722 mean_hd95 1.000000
2026-01-12 23:21:08 - idx 19 case patient030_frame12 mean_dice 0.771675 mean_hd95 2.705739
2026-01-12 23:21:08 - Mean class 1 mean_dice 0.835915 mean_hd95 1.842281
2026-01-12 23:21:08 - Mean class 2 mean_dice 0.899934 mean_hd95 1.112132
2026-01-12 23:21:08 - Mean class 3 mean_dice 0.903054 mean_hd95 2.370664
2026-01-12 23:21:08 - val epoch: 99, mean_dice: 0.87963426784173, mean_hd95: 1.7750255489549245, time(s): 21.91
2026-01-12 23:21:09 - train: epoch 100, iter:0, loss: 0.0691, lr: 1.024425261896286e-05
2026-01-12 23:21:12 - train: epoch 100, iter:10, loss: 0.0761, lr: 1.024425261896286e-05
2026-01-12 23:21:15 - train: epoch 100, iter:20, loss: 0.0747, lr: 1.024425261896286e-05
2026-01-12 23:21:18 - train: epoch 100, iter:30, loss: 0.0780, lr: 1.024425261896286e-05
2026-01-12 23:21:21 - train: epoch 100, iter:40, loss: 0.0765, lr: 1.024425261896286e-05
2026-01-12 23:21:24 - train: epoch 100, iter:50, loss: 0.0814, lr: 1.024425261896286e-05
2026-01-12 23:21:27 - train: epoch 100, iter:60, loss: 0.0695, lr: 1.024425261896286e-05
2026-01-12 23:21:30 - train: epoch 100, iter:70, loss: 0.0754, lr: 1.024425261896286e-05
2026-01-12 23:21:33 - train: epoch 100, iter:80, loss: 0.0697, lr: 1.024425261896286e-05
2026-01-12 23:21:34 - Finish one epoch train: epoch 100, loss: 0.0744, time(s): 25.13
2026-01-12 23:21:35 - idx 0 case patient021_frame13 mean_dice 0.834776 mean_hd95 1.483163
2026-01-12 23:21:36 - idx 1 case patient021_frame01 mean_dice 0.944848 mean_hd95 1.000000
2026-01-12 23:21:37 - idx 2 case patient022_frame01 mean_dice 0.925706 mean_hd95 1.000000
2026-01-12 23:21:38 - idx 3 case patient022_frame11 mean_dice 0.880316 mean_hd95 1.412023
2026-01-12 23:21:39 - idx 4 case patient023_frame01 mean_dice 0.927628 mean_hd95 1.000000
2026-01-12 23:21:40 - idx 5 case patient023_frame09 mean_dice 0.830190 mean_hd95 1.276142
2026-01-12 23:21:41 - idx 6 case patient024_frame01 mean_dice 0.935928 mean_hd95 1.000000
2026-01-12 23:21:42 - idx 7 case patient024_frame09 mean_dice 0.912616 mean_hd95 1.000000
2026-01-12 23:21:43 - idx 8 case patient025_frame09 mean_dice 0.878265 mean_hd95 1.196341
2026-01-12 23:21:44 - idx 9 case patient025_frame01 mean_dice 0.936682 mean_hd95 1.000000
2026-01-12 23:21:45 - idx 10 case patient026_frame01 mean_dice 0.925824 mean_hd95 8.307859
2026-01-12 23:21:46 - idx 11 case patient026_frame12 mean_dice 0.852227 mean_hd95 1.471405
2026-01-12 23:21:47 - idx 12 case patient027_frame01 mean_dice 0.859305 mean_hd95 1.276142
2026-01-12 23:21:48 - idx 13 case patient027_frame11 mean_dice 0.787173 mean_hd95 2.885618
2026-01-12 23:21:49 - idx 14 case patient028_frame01 mean_dice 0.929472 mean_hd95 1.000000
2026-01-12 23:21:51 - idx 15 case patient028_frame09 mean_dice 0.881663 mean_hd95 1.276142
2026-01-12 23:21:52 - idx 16 case patient029_frame01 mean_dice 0.943566 mean_hd95 1.000000
2026-01-12 23:21:53 - idx 17 case patient029_frame12 mean_dice 0.703708 mean_hd95 3.000000
2026-01-12 23:21:54 - idx 18 case patient030_frame01 mean_dice 0.916117 mean_hd95 1.000000
2026-01-12 23:21:55 - idx 19 case patient030_frame12 mean_dice 0.772594 mean_hd95 2.592203
2026-01-12 23:21:55 - Mean class 1 mean_dice 0.834366 mean_hd95 1.840059
2026-01-12 23:21:55 - Mean class 2 mean_dice 0.900328 mean_hd95 1.112132
2026-01-12 23:21:55 - Mean class 3 mean_dice 0.902097 mean_hd95 2.324365
2026-01-12 23:21:55 - val epoch: 100, mean_dice: 0.8789301858768238, mean_hd95: 1.758851953100633, time(s): 21.62
2026-01-12 23:21:57 - idx 0 case patient001_frame01 mean_dice 0.906765 mean_hd95 1.138071
2026-01-12 23:21:59 - idx 1 case patient001_frame12 mean_dice 0.915777 mean_hd95 1.000000
2026-01-12 23:22:00 - idx 2 case patient002_frame01 mean_dice 0.927386 mean_hd95 1.000000
2026-01-12 23:22:01 - idx 3 case patient002_frame12 mean_dice 0.892878 mean_hd95 1.138071
2026-01-12 23:22:02 - idx 4 case patient003_frame01 mean_dice 0.942994 mean_hd95 1.000000
2026-01-12 23:22:04 - idx 5 case patient003_frame15 mean_dice 0.945542 mean_hd95 1.000000
2026-01-12 23:22:05 - idx 6 case patient004_frame01 mean_dice 0.923191 mean_hd95 1.000000
2026-01-12 23:22:07 - idx 7 case patient004_frame15 mean_dice 0.919706 mean_hd95 1.000000
2026-01-12 23:22:08 - idx 8 case patient005_frame01 mean_dice 0.924276 mean_hd95 1.000000
2026-01-12 23:22:09 - idx 9 case patient005_frame13 mean_dice 0.892469 mean_hd95 1.138071
2026-01-12 23:22:11 - idx 10 case patient006_frame01 mean_dice 0.885542 mean_hd95 1.550094
2026-01-12 23:22:12 - idx 11 case patient006_frame16 mean_dice 0.856501 mean_hd95 1.609476
2026-01-12 23:22:13 - idx 12 case patient007_frame01 mean_dice 0.943376 mean_hd95 1.000000
2026-01-12 23:22:15 - idx 13 case patient007_frame07 mean_dice 0.914629 mean_hd95 1.000000
2026-01-12 23:22:16 - idx 14 case patient008_frame01 mean_dice 0.938083 mean_hd95 1.000000
2026-01-12 23:22:17 - idx 15 case patient008_frame13 mean_dice 0.900333 mean_hd95 1.138071
2026-01-12 23:22:18 - idx 16 case patient009_frame01 mean_dice 0.909412 mean_hd95 14.815869
2026-01-12 23:22:20 - idx 17 case patient009_frame13 mean_dice 0.829252 mean_hd95 19.452004
2026-01-12 23:22:21 - idx 18 case patient010_frame01 mean_dice 0.940695 mean_hd95 1.000000
2026-01-12 23:22:22 - idx 19 case patient010_frame13 mean_dice 0.923299 mean_hd95 1.000000
2026-01-12 23:22:24 - idx 20 case patient011_frame01 mean_dice 0.925316 mean_hd95 1.000000
2026-01-12 23:22:25 - idx 21 case patient011_frame08 mean_dice 0.909223 mean_hd95 1.333333
2026-01-12 23:22:26 - idx 22 case patient012_frame01 mean_dice 0.926812 mean_hd95 1.000000
2026-01-12 23:22:27 - idx 23 case patient012_frame13 mean_dice 0.874509 mean_hd95 1.222828
2026-01-12 23:22:29 - idx 24 case patient013_frame01 mean_dice 0.929378 mean_hd95 1.000000
2026-01-12 23:22:30 - idx 25 case patient013_frame14 mean_dice 0.917248 mean_hd95 1.000000
2026-01-12 23:22:31 - idx 26 case patient014_frame01 mean_dice 0.883391 mean_hd95 1.333333
2026-01-12 23:22:33 - idx 27 case patient014_frame13 mean_dice 0.914321 mean_hd95 1.000000
2026-01-12 23:22:34 - idx 28 case patient015_frame01 mean_dice 0.940188 mean_hd95 1.000000
2026-01-12 23:22:35 - idx 29 case patient015_frame10 mean_dice 0.883914 mean_hd95 1.772208
2026-01-12 23:22:36 - idx 30 case patient016_frame01 mean_dice 0.807279 mean_hd95 12.929950
2026-01-12 23:22:37 - idx 31 case patient016_frame12 mean_dice 0.865654 mean_hd95 12.776267
2026-01-12 23:22:39 - idx 32 case patient017_frame01 mean_dice 0.881048 mean_hd95 1.471405
2026-01-12 23:22:40 - idx 33 case patient017_frame09 mean_dice 0.925455 mean_hd95 1.000000
2026-01-12 23:22:41 - idx 34 case patient018_frame01 mean_dice 0.926490 mean_hd95 1.000000
2026-01-12 23:22:42 - idx 35 case patient018_frame10 mean_dice 0.942589 mean_hd95 1.000000
2026-01-12 23:22:43 - idx 36 case patient019_frame01 mean_dice 0.954521 mean_hd95 1.000000
2026-01-12 23:22:45 - idx 37 case patient019_frame11 mean_dice 0.952398 mean_hd95 1.000000
2026-01-12 23:22:46 - idx 38 case patient020_frame01 mean_dice 0.917267 mean_hd95 1.000000
2026-01-12 23:22:47 - idx 39 case patient020_frame11 mean_dice 0.870861 mean_hd95 2.159570
2026-01-12 23:22:47 - Mean class 1 mean_dice 0.894519 mean_hd95 5.327302
2026-01-12 23:22:47 - Mean class 2 mean_dice 0.871386 mean_hd95 1.138580
2026-01-12 23:22:47 - Mean class 3 mean_dice 0.962593 mean_hd95 1.107514
2026-01-12 23:22:47 - val epoch: 100, mean_dice: 0.9094991750232446, mean_hd95: 2.5244655289213425, time(s): 50.75
